"ONTOLOGY","ID","Description","GeneRatio","BgRatio","RichFactor","FoldEnrichment","zScore","pvalue","p.adjust","qvalue","geneID","Count","Category","GeneRatioNum","BgRatioNum"
"BP","GO:0046434","organophosphate catabolic process","3/19","242/18805",0.012396694214876,12.269464984776,5.6114056085693,0.00175128590655532,0.144371592992971,0.109452148062903,"TREX1/ABHD16B/PGAM2",3,"BP",0.157894736842105,0.0128689178409997
"BP","GO:0006096","glycolytic process","2/19","97/18805",0.0206185567010309,20.4069451980467,6.09416387927997,0.00425287286810467,0.144371592992971,0.109452148062903,"TREX1/PGAM2",2,"BP",0.105263157894737,0.00515820260568998
"BP","GO:0046032","ADP catabolic process","2/19","99/18805",0.0202020202020202,19.9946836788942,6.02620582081742,0.00442566804697341,0.144371592992971,0.109452148062903,"TREX1/PGAM2",2,"BP",0.105263157894737,0.0052645572985908
"BP","GO:0019364","pyridine nucleotide catabolic process","2/19","101/18805",0.0198019801980198,19.5987493486191,5.96021524930104,0.00460168738139299,0.144371592992971,0.109452148062903,"TREX1/PGAM2",2,"BP",0.105263157894737,0.00537091199149162
"BP","GO:0009137","purine nucleoside diphosphate catabolic process","2/19","102/18805",0.0196078431372549,19.406604747162,5.92792770250219,0.00469090225557867,0.144371592992971,0.109452148062903,"TREX1/PGAM2",2,"BP",0.105263157894737,0.00542408933794204
"BP","GO:0009181","purine ribonucleoside diphosphate catabolic process","2/19","102/18805",0.0196078431372549,19.406604747162,5.92792770250219,0.00469090225557867,0.144371592992971,0.109452148062903,"TREX1/PGAM2",2,"BP",0.105263157894737,0.00542408933794204
"BP","GO:0072526","pyridine-containing compound catabolic process","2/19","104/18805",0.0192307692307692,19.0334008097166,5.86471149663184,0.0048717347327653,0.144371592992971,0.109452148062903,"TREX1/PGAM2",2,"BP",0.105263157894737,0.00553044403084286
"BP","GO:0009191","ribonucleoside diphosphate catabolic process","2/19","105/18805",0.019047619047619,18.8521303258145,5.83376133406567,0.00496334926772694,0.144371592992971,0.109452148062903,"TREX1/PGAM2",2,"BP",0.105263157894737,0.00558362137729327
"BP","GO:0046031","ADP metabolic process","2/19","105/18805",0.019047619047619,18.8521303258145,5.83376133406567,0.00496334926772694,0.144371592992971,0.109452148062903,"TREX1/PGAM2",2,"BP",0.105263157894737,0.00558362137729327
"BP","GO:0009134","nucleoside diphosphate catabolic process","2/19","108/18805",0.0185185185185185,18.3284600389864,5.74342091852272,0.00524296769187457,0.144371592992971,0.109452148062903,"TREX1/PGAM2",2,"BP",0.105263157894737,0.00574315341664451
"BP","GO:0009135","purine nucleoside diphosphate metabolic process","2/19","117/18805",0.0170940170940171,16.9185784975259,5.49288572852779,0.00612443994657908,0.144371592992971,0.109452148062903,"TREX1/PGAM2",2,"BP",0.105263157894737,0.00622174953469822
"BP","GO:0009179","purine ribonucleoside diphosphate metabolic process","2/19","117/18805",0.0170940170940171,16.9185784975259,5.49288572852779,0.00612443994657908,0.144371592992971,0.109452148062903,"TREX1/PGAM2",2,"BP",0.105263157894737,0.00622174953469822
"BP","GO:0006090","pyruvate metabolic process","2/19","127/18805",0.015748031496063,15.5864069622876,5.24529313540431,0.0071777747790019,0.144371592992971,0.109452148062903,"TREX1/PGAM2",2,"BP",0.105263157894737,0.00675352299920234
"BP","GO:0009185","ribonucleoside diphosphate metabolic process","2/19","128/18805",0.015625,15.4646381578947,5.22208290257274,0.00728733290108121,0.144371592992971,0.109452148062903,"TREX1/PGAM2",2,"BP",0.105263157894737,0.00680670034565275
"BP","GO:0009154","purine ribonucleotide catabolic process","2/19","130/18805",0.0153846153846154,15.2267206477733,5.17643705673257,0.00750873413029921,0.144371592992971,0.109452148062903,"TREX1/PGAM2",2,"BP",0.105263157894737,0.00691305503855358
"BP","GO:0009132","nucleoside diphosphate metabolic process","2/19","134/18805",0.0149253731343284,14.7721916732129,5.08810928538061,0.00796063505544076,0.144371592992971,0.109452148062903,"TREX1/PGAM2",2,"BP",0.105263157894737,0.00712576442435522
"BP","GO:0009261","ribonucleotide catabolic process","2/19","136/18805",0.0147058823529412,14.5549535603715,5.04535492698274,0.00819111112217393,0.144371592992971,0.109452148062903,"TREX1/PGAM2",2,"BP",0.105263157894737,0.00723211911725605
"BP","GO:0006195","purine nucleotide catabolic process","2/19","139/18805",0.0143884892086331,14.2408178720182,4.98289050472751,0.00854244911887789,0.144371592992971,0.109452148062903,"TREX1/PGAM2",2,"BP",0.105263157894737,0.00739165115660729
"BP","GO:0072523","purine-containing compound catabolic process","2/19","156/18805",0.0128205128205128,12.6889338731444,4.66223530941576,0.0106590205756454,0.144371592992971,0.109452148062903,"TREX1/PGAM2",2,"BP",0.105263157894737,0.00829566604626429
"BP","GO:0044571","[2Fe-2S] cluster assembly","1/19","11/18805",0.0909090909090909,89.9760765550239,9.38738750144759,0.01106101512922,0.144371592992971,0.109452148062903,"BOLA2",1,"BP",0.0526315789473684,0.000584950810954533
"BP","GO:0046689","response to mercury ion","1/19","11/18805",0.0909090909090909,89.9760765550239,9.38738750144759,0.01106101512922,0.144371592992971,0.109452148062903,"PGAM2",1,"BP",0.0526315789473684,0.000584950810954533
"BP","GO:0072711","cellular response to hydroxyurea","1/19","11/18805",0.0909090909090909,89.9760765550239,9.38738750144759,0.01106101512922,0.144371592992971,0.109452148062903,"TREX1",1,"BP",0.0526315789473684,0.000584950810954533
"BP","GO:0009166","nucleotide catabolic process","2/19","162/18805",0.0123456790123457,12.2189733593242,4.56076281352201,0.01145618295314,0.144371592992971,0.109452148062903,"TREX1/PGAM2",2,"BP",0.105263157894737,0.00861473012496676
"BP","GO:0072710","response to hydroxyurea","1/19","12/18805",0.0833333333333333,82.4780701754386,8.9787951432374,0.0120607938198949,0.144371592992971,0.109452148062903,"TREX1",1,"BP",0.0526315789473684,0.000638128157404945
"BP","GO:0010572","positive regulation of platelet activation","1/19","13/18805",0.0769230769230769,76.1336032388664,8.61795365278689,0.013059614919103,0.144371592992971,0.109452148062903,"GP1BB",1,"BP",0.0526315789473684,0.000691305503855358
"BP","GO:0031571","mitotic G1 DNA damage checkpoint signaling","1/19","13/18805",0.0769230769230769,76.1336032388664,8.61795365278689,0.013059614919103,0.144371592992971,0.109452148062903,"TREX1",1,"BP",0.0526315789473684,0.000691305503855358
"BP","GO:0070914","UV-damage excision repair","1/19","13/18805",0.0769230769230769,76.1336032388664,8.61795365278689,0.013059614919103,0.144371592992971,0.109452148062903,"TREX1",1,"BP",0.0526315789473684,0.000691305503855358
"BP","GO:1905671","regulation of lysosome organization","1/19","13/18805",0.0769230769230769,76.1336032388664,8.61795365278689,0.013059614919103,0.144371592992971,0.109452148062903,"TREX1",1,"BP",0.0526315789473684,0.000691305503855358
"BP","GO:0016052","carbohydrate catabolic process","2/19","179/18805",0.0111731843575419,11.0585122022934,4.30016604932424,0.0138531499393263,0.144371592992971,0.109452148062903,"TREX1/PGAM2",2,"BP",0.105263157894737,0.00951874501462377
"BP","GO:0019362","pyridine nucleotide metabolic process","2/19","180/18805",0.0111111111111111,10.9970760233918,4.28593785226994,0.0140004153727218,0.144371592992971,0.109452148062903,"TREX1/PGAM2",2,"BP",0.105263157894737,0.00957192236107418
"BP","GO:0046496","nicotinamide nucleotide metabolic process","2/19","180/18805",0.0111111111111111,10.9970760233918,4.28593785226994,0.0140004153727218,0.144371592992971,0.109452148062903,"TREX1/PGAM2",2,"BP",0.105263157894737,0.00957192236107418
"BP","GO:0007008","outer mitochondrial membrane organization","1/19","14/18805",0.0714285714285714,70.6954887218045,8.29618641582532,0.0140574792931208,0.144371592992971,0.109452148062903,"TOMM6",1,"BP",0.0526315789473684,0.00074448285030577
"BP","GO:0044819","mitotic G1/S transition checkpoint signaling","1/19","14/18805",0.0714285714285714,70.6954887218045,8.29618641582532,0.0140574792931208,0.144371592992971,0.109452148062903,"TREX1",1,"BP",0.0526315789473684,0.00074448285030577
"BP","GO:0045040","protein insertion into mitochondrial outer membrane","1/19","14/18805",0.0714285714285714,70.6954887218045,8.29618641582532,0.0140574792931208,0.144371592992971,0.109452148062903,"TOMM6",1,"BP",0.0526315789473684,0.00074448285030577
"BP","GO:1901292","nucleoside phosphate catabolic process","2/19","184/18805",0.0108695652173913,10.7580091533181,4.23012689348057,0.0145963387067113,0.144371592992971,0.109452148062903,"TREX1/PGAM2",2,"BP",0.105263157894737,0.00978463174687583
"BP","GO:0072524","pyridine-containing compound metabolic process","2/19","187/18805",0.0106951871657754,10.5854207711793,4.1893846284278,0.0150504472079563,0.144371592992971,0.109452148062903,"TREX1/PGAM2",2,"BP",0.105263157894737,0.00994416378622707
"BP","GO:0046462","monoacylglycerol metabolic process","1/19","16/18805",0.0625,61.8585526315789,7.74487727591491,0.0160503413269987,0.144371592992971,0.109452148062903,"ABHD16B",1,"BP",0.0526315789473684,0.000850837543206594
"BP","GO:0061635","regulation of protein complex stability","1/19","16/18805",0.0625,61.8585526315789,7.74487727591491,0.0160503413269987,0.144371592992971,0.109452148062903,"TREX1",1,"BP",0.0526315789473684,0.000850837543206594
"BP","GO:0072378","blood coagulation, fibrin clot formation","1/19","16/18805",0.0625,61.8585526315789,7.74487727591491,0.0160503413269987,0.144371592992971,0.109452148062903,"GP1BB",1,"BP",0.0526315789473684,0.000850837543206594
"BP","GO:0160049","negative regulation of cGAS/STING signaling pathway","1/19","16/18805",0.0625,61.8585526315789,7.74487727591491,0.0160503413269987,0.144371592992971,0.109452148062903,"TREX1",1,"BP",0.0526315789473684,0.000850837543206594
"BP","GO:0002281","macrophage activation involved in immune response","1/19","19/18805",0.0526315789473684,52.0914127423823,7.08585589514446,0.0190324805533999,0.144371592992971,0.109452148062903,"TREX1",1,"BP",0.0526315789473684,0.00101036958255783
"BP","GO:0060965","negative regulation of miRNA-mediated gene silencing","1/19","19/18805",0.0526315789473684,52.0914127423823,7.08585589514446,0.0190324805533999,0.144371592992971,0.109452148062903,"DND1",1,"BP",0.0526315789473684,0.00101036958255783
"BP","GO:0061158","3'-UTR-mediated mRNA destabilization","1/19","19/18805",0.0526315789473684,52.0914127423823,7.08585589514446,0.0190324805533999,0.144371592992971,0.109452148062903,"DND1",1,"BP",0.0526315789473684,0.00101036958255783
"BP","GO:0061621","canonical glycolysis","1/19","19/18805",0.0526315789473684,52.0914127423823,7.08585589514446,0.0190324805533999,0.144371592992971,0.109452148062903,"PGAM2",1,"BP",0.0526315789473684,0.00101036958255783
"BP","GO:0061718","glucose catabolic process to pyruvate","1/19","19/18805",0.0526315789473684,52.0914127423823,7.08585589514446,0.0190324805533999,0.144371592992971,0.109452148062903,"PGAM2",1,"BP",0.0526315789473684,0.00101036958255783
"BP","GO:0060149","negative regulation of post-transcriptional gene silencing","1/19","20/18805",0.05,49.4868421052632,6.89950701871724,0.0200246227267992,0.144371592992971,0.109452148062903,"DND1",1,"BP",0.0526315789473684,0.00106354692900824
"BP","GO:0060967","negative regulation of gene silencing by regulatory ncRNA","1/19","20/18805",0.05,49.4868421052632,6.89950701871724,0.0200246227267992,0.144371592992971,0.109452148062903,"DND1",1,"BP",0.0526315789473684,0.00106354692900824
"BP","GO:0072376","protein activation cascade","1/19","20/18805",0.05,49.4868421052632,6.89950701871724,0.0200246227267992,0.144371592992971,0.109452148062903,"GP1BB",1,"BP",0.0526315789473684,0.00106354692900824
"BP","GO:1900369","negative regulation of post-transcriptional gene silencing by regulatory ncRNA","1/19","20/18805",0.05,49.4868421052632,6.89950701871724,0.0200246227267992,0.144371592992971,0.109452148062903,"DND1",1,"BP",0.0526315789473684,0.00106354692900824
"BP","GO:0061620","glycolytic process through glucose-6-phosphate","1/19","21/18805",0.0476190476190476,47.1303258145363,6.7264650861337,0.0210158142183186,0.144371592992971,0.109452148062903,"PGAM2",1,"BP",0.0526315789473684,0.00111672427545865
"BP","GO:0003228","atrial cardiac muscle tissue development","1/19","22/18805",0.0454545454545455,44.988038277512,6.56520389056421,0.0220060558883491,0.144371592992971,0.109452148062903,"TREX1",1,"BP",0.0526315789473684,0.00116990162190907
"BP","GO:0031630","regulation of synaptic vesicle fusion to presynaptic active zone membrane","1/19","22/18805",0.0454545454545455,44.988038277512,6.56520389056421,0.0220060558883491,0.144371592992971,0.109452148062903,"CPLX3",1,"BP",0.0526315789473684,0.00116990162190907
"BP","GO:1901632","regulation of synaptic vesicle membrane organization","1/19","22/18805",0.0454545454545455,44.988038277512,6.56520389056421,0.0220060558883491,0.144371592992971,0.109452148062903,"CPLX3",1,"BP",0.0526315789473684,0.00116990162190907
"BP","GO:0046034","ATP metabolic process","2/19","230/18805",0.00869565217391304,8.60640732265446,3.69116830191555,0.0222119166584724,0.144371592992971,0.109452148062903,"TREX1/PGAM2",2,"BP",0.105263157894737,0.0122307896835948
"BP","GO:0050821","protein stabilization","2/19","234/18805",0.00854700854700855,8.45928924876293,3.65151000181641,0.0229380348678351,0.144371592992971,0.109452148062903,"PYURF/TREX1",2,"BP",0.105263157894737,0.0124434990693964
"BP","GO:0006658","phosphatidylserine metabolic process","1/19","23/18805",0.0434782608695652,43.0320366132723,6.41443186539367,0.0229953485965495,0.144371592992971,0.109452148062903,"ABHD16B",1,"BP",0.0526315789473684,0.00122307896835948
"BP","GO:0035855","megakaryocyte development","1/19","23/18805",0.0434782608695652,43.0320366132723,6.41443186539367,0.0229953485965495,0.144371592992971,0.109452148062903,"GP1BB",1,"BP",0.0526315789473684,0.00122307896835948
"BP","GO:0002320","lymphoid progenitor cell differentiation","1/19","24/18805",0.0416666666666667,41.2390350877193,6.27304763274766,0.0239836932018448,0.144371592992971,0.109452148062903,"TREX1",1,"BP",0.0526315789473684,0.00127625631480989
"BP","GO:0060339","negative regulation of type I interferon-mediated signaling pathway","1/19","24/18805",0.0416666666666667,41.2390350877193,6.27304763274766,0.0239836932018448,0.144371592992971,0.109452148062903,"TREX1",1,"BP",0.0526315789473684,0.00127625631480989
"BP","GO:0061615","glycolytic process through fructose-6-phosphate","1/19","25/18805",0.04,39.5894736842105,6.14010543128132,0.0249710905624306,0.144371592992971,0.109452148062903,"PGAM2",1,"BP",0.0526315789473684,0.0013294336612603
"BP","GO:0140896","cGAS/STING signaling pathway","1/19","25/18805",0.04,39.5894736842105,6.14010543128132,0.0249710905624306,0.144371592992971,0.109452148062903,"TREX1",1,"BP",0.0526315789473684,0.0013294336612603
"BP","GO:0009205","purine ribonucleoside triphosphate metabolic process","2/19","254/18805",0.0078740157480315,7.7932034811438,3.46651099336832,0.0267146672806421,0.144371592992971,0.109452148062903,"TREX1/PGAM2",2,"BP",0.105263157894737,0.0135070459984047
"BP","GO:1901136","carbohydrate derivative catabolic process","2/19","258/18805",0.00775193798449612,7.67237862097103,3.43193032239779,0.0274986321191539,0.144371592992971,0.109452148062903,"TREX1/PGAM2",2,"BP",0.105263157894737,0.0137197553842063
"BP","GO:0006007","glucose catabolic process","1/19","28/18805",0.0357142857142857,35.3477443609023,5.78427453236636,0.0279276077469104,0.144371592992971,0.109452148062903,"PGAM2",1,"BP",0.0526315789473684,0.00148896570061154
"BP","GO:0035458","cellular response to interferon-beta","1/19","28/18805",0.0357142857142857,35.3477443609023,5.78427453236636,0.0279276077469104,0.144371592992971,0.109452148062903,"TREX1",1,"BP",0.0526315789473684,0.00148896570061154
"BP","GO:0009144","purine nucleoside triphosphate metabolic process","2/19","261/18805",0.00766283524904215,7.58419036095987,3.40647876270448,0.0280927514250424,0.144371592992971,0.109452148062903,"TREX1/PGAM2",2,"BP",0.105263157894737,0.0138792874235576
"BP","GO:0009199","ribonucleoside triphosphate metabolic process","2/19","261/18805",0.00766283524904215,7.58419036095987,3.40647876270448,0.0280927514250424,0.144371592992971,0.109452148062903,"TREX1/PGAM2",2,"BP",0.105263157894737,0.0138792874235576
"BP","GO:0016226","iron-sulfur cluster assembly","1/19","29/18805",0.0344827586206897,34.1288566243194,5.67791217609461,0.0289112246959867,0.144371592992971,0.109452148062903,"BOLA2",1,"BP",0.0526315789473684,0.00154214304706195
"BP","GO:0031163","metallo-sulfur cluster assembly","1/19","29/18805",0.0344827586206897,34.1288566243194,5.67791217609461,0.0289112246959867,0.144371592992971,0.109452148062903,"BOLA2",1,"BP",0.0526315789473684,0.00154214304706195
"BP","GO:0043392","negative regulation of DNA binding","1/19","29/18805",0.0344827586206897,34.1288566243194,5.67791217609461,0.0289112246959867,0.144371592992971,0.109452148062903,"ZNF593",1,"BP",0.0526315789473684,0.00154214304706195
"BP","GO:0071480","cellular response to gamma radiation","1/19","29/18805",0.0344827586206897,34.1288566243194,5.67791217609461,0.0289112246959867,0.144371592992971,0.109452148062903,"TREX1",1,"BP",0.0526315789473684,0.00154214304706195
"BP","GO:0006304","DNA modification","1/19","30/18805",0.0333333333333333,32.9912280701754,5.57681617339618,0.0298938986803696,0.144371592992971,0.109452148062903,"TREX1",1,"BP",0.0526315789473684,0.00159532039351236
"BP","GO:0031629","synaptic vesicle fusion to presynaptic active zone membrane","1/19","31/18805",0.032258064516129,31.9269949066214,5.4805598615839,0.0308756305538758,0.144371592992971,0.109452148062903,"CPLX3",1,"BP",0.0526315789473684,0.00164849773996278
"BP","GO:0060964","regulation of miRNA-mediated gene silencing","1/19","31/18805",0.032258064516129,31.9269949066214,5.4805598615839,0.0308756305538758,0.144371592992971,0.109452148062903,"DND1",1,"BP",0.0526315789473684,0.00164849773996278
"BP","GO:0009141","nucleoside triphosphate metabolic process","2/19","277/18805",0.0072202166064982,7.1461143834315,3.27726088626039,0.0313489079304017,0.144371592992971,0.109452148062903,"TREX1/PGAM2",2,"BP",0.105263157894737,0.0147301249667642
"BP","GO:0042219","modified amino acid catabolic process","1/19","32/18805",0.03125,30.9292763157895,5.38876354670701,0.0318564211695929,0.144371592992971,0.109452148062903,"ABHD16B",1,"BP",0.0526315789473684,0.00170167508641319
"BP","GO:0099500","vesicle fusion to plasma membrane","1/19","32/18805",0.03125,30.9292763157895,5.38876354670701,0.0318564211695929,0.144371592992971,0.109452148062903,"CPLX3",1,"BP",0.0526315789473684,0.00170167508641319
"BP","GO:1900368","regulation of post-transcriptional gene silencing by regulatory ncRNA","1/19","32/18805",0.03125,30.9292763157895,5.38876354670701,0.0318564211695929,0.144371592992971,0.109452148062903,"DND1",1,"BP",0.0526315789473684,0.00170167508641319
"BP","GO:0006308","DNA catabolic process","1/19","33/18805",0.0303030303030303,29.9920255183413,5.30108805402134,0.0328362713798828,0.144371592992971,0.109452148062903,"TREX1",1,"BP",0.0526315789473684,0.0017548524328636
"BP","GO:0060147","regulation of post-transcriptional gene silencing","1/19","33/18805",0.0303030303030303,29.9920255183413,5.30108805402134,0.0328362713798828,0.144371592992971,0.109452148062903,"DND1",1,"BP",0.0526315789473684,0.0017548524328636
"BP","GO:0046475","glycerophospholipid catabolic process","1/19","34/18805",0.0294117647058824,29.109907120743,5.21722932917769,0.0338151820363809,0.144371592992971,0.109452148062903,"ABHD16B",1,"BP",0.0526315789473684,0.00180802977931401
"BP","GO:0060966","regulation of gene silencing by regulatory ncRNA","1/19","34/18805",0.0294117647058824,29.109907120743,5.21722932917769,0.0338151820363809,0.144371592992971,0.109452148062903,"DND1",1,"BP",0.0526315789473684,0.00180802977931401
"BP","GO:0090151","establishment of protein localization to mitochondrial membrane","1/19","34/18805",0.0294117647058824,29.109907120743,5.21722932917769,0.0338151820363809,0.144371592992971,0.109452148062903,"TOMM6",1,"BP",0.0526315789473684,0.00180802977931401
"BP","GO:2000677","regulation of transcription regulatory region DNA binding","1/19","34/18805",0.0294117647058824,29.109907120743,5.21722932917769,0.0338151820363809,0.144371592992971,0.109452148062903,"ZNF593",1,"BP",0.0526315789473684,0.00180802977931401
"BP","GO:0006298","mismatch repair","1/19","35/18805",0.0285714285714286,28.2781954887218,5.13691389361143,0.0347931539899958,0.144371592992971,0.109452148062903,"TREX1",1,"BP",0.0526315789473684,0.00186120712576442
"BP","GO:0031338","regulation of vesicle fusion","1/19","35/18805",0.0285714285714286,28.2781954887218,5.13691389361143,0.0347931539899958,0.144371592992971,0.109452148062903,"CPLX3",1,"BP",0.0526315789473684,0.00186120712576442
"BP","GO:0035456","response to interferon-beta","1/19","35/18805",0.0285714285714286,28.2781954887218,5.13691389361143,0.0347931539899958,0.144371592992971,0.109452148062903,"TREX1",1,"BP",0.0526315789473684,0.00186120712576442
"BP","GO:0048499","synaptic vesicle membrane organization","1/19","36/18805",0.0277777777777778,27.4926900584795,5.05989499884437,0.0357701880909117,0.146739067054763,0.111246996454989,"CPLX3",1,"BP",0.0526315789473684,0.00191438447221484
"BP","GO:0008340","determination of adult lifespan","1/19","37/18805",0.027027027027027,26.7496443812233,4.98594935610185,0.0367462851885875,0.149049538798653,0.112998629793409,"TREX1",1,"BP",0.0526315789473684,0.00196756181866525
"BP","GO:0006734","NADH metabolic process","1/19","40/18805",0.025,24.7434210526316,4.78061498150771,0.0396689629459033,0.159107514218752,0.120623862653085,"PGAM2",1,"BP",0.0526315789473684,0.00212709385801649
"BP","GO:0042254","ribosome biogenesis","2/19","317/18805",0.00630914826498423,6.24439648015939,2.99478014288357,0.0401074343321507,0.159107514218752,0.120623862653085,"UTP14C/ZNF593",2,"BP",0.105263157894737,0.0168572188247806
"BP","GO:0045454","cell redox homeostasis","1/19","42/18805",0.0238095238095238,23.5651629072682,4.65582600651302,0.0416127453087664,0.159810649536858,0.121156929230451,"BOLA2",1,"BP",0.0526315789473684,0.00223344855091731
"BP","GO:0046461","neutral lipid catabolic process","1/19","42/18805",0.0238095238095238,23.5651629072682,4.65582600651302,0.0416127453087664,0.159810649536858,0.121156929230451,"ABHD16B",1,"BP",0.0526315789473684,0.00223344855091731
"BP","GO:0046464","acylglycerol catabolic process","1/19","42/18805",0.0238095238095238,23.5651629072682,4.65582600651302,0.0416127453087664,0.159810649536858,0.121156929230451,"ABHD16B",1,"BP",0.0526315789473684,0.00223344855091731
"BP","GO:0032197","retrotransposition","1/19","43/18805",0.0232558139534884,23.0171358629131,4.59663740794371,0.0425832381851257,0.160130718591983,0.121399582545314,"TREX1",1,"BP",0.0526315789473684,0.00228662589736772
"BP","GO:0043277","apoptotic cell clearance","1/19","43/18805",0.0232558139534884,23.0171358629131,4.59663740794371,0.0425832381851257,0.160130718591983,0.121399582545314,"TREX1",1,"BP",0.0526315789473684,0.00228662589736772
"BP","GO:0002251","organ or tissue specific immune response","1/19","44/18805",0.0227272727272727,22.494019138756,4.53942390648551,0.0435527999842135,0.162088255611351,0.122883646184433,"TREX1",1,"BP",0.0526315789473684,0.00233980324381813
"BP","GO:0032196","transposition","1/19","45/18805",0.0222222222222222,21.9941520467836,4.48407575222744,0.0445214315497109,0.162345826156016,0.123078917628122,"TREX1",1,"BP",0.0526315789473684,0.00239298059026855
"BP","GO:0060338","regulation of type I interferon-mediated signaling pathway","1/19","45/18805",0.0222222222222222,21.9941520467836,4.48407575222744,0.0445214315497109,0.162345826156016,0.123078917628122,"TREX1",1,"BP",0.0526315789473684,0.00239298059026855
"BP","GO:0000731","DNA synthesis involved in DNA repair","1/19","47/18805",0.0212765957446809,21.0582306830907,4.37857756634232,0.0464559073510656,0.167705825537347,0.127142483276601,"TREX1",1,"BP",0.0526315789473684,0.00249933528316937
"BP","GO:0009150","purine ribonucleotide metabolic process","2/19","350/18805",0.00571428571428571,5.65563909774436,2.79602510699011,0.0479559311240412,0.171406842928504,0.129948328215224,"TREX1/PGAM2",2,"BP",0.105263157894737,0.0186120712576442
"BP","GO:0019320","hexose catabolic process","1/19","51/18805",0.0196078431372549,19.406604747162,4.18597453070864,0.050313733192892,0.176131475429775,0.133530204437211,"PGAM2",1,"BP",0.0526315789473684,0.00271204466897102
"BP","GO:0043457","regulation of cellular respiration","1/19","52/18805",0.0192307692307692,19.0334008097166,4.14122372249746,0.0512758766859781,0.176131475429775,0.133530204437211,"TREX1",1,"BP",0.0526315789473684,0.00276522201542143
"BP","GO:0009395","phospholipid catabolic process","1/19","54/18805",0.0185185185185185,18.3284600389864,4.05535982918651,0.0531973939794013,0.176131475429775,0.133530204437211,"ABHD16B",1,"BP",0.0526315789473684,0.00287157670832225
"BP","GO:0010543","regulation of platelet activation","1/19","54/18805",0.0185185185185185,18.3284600389864,4.05535982918651,0.0531973939794013,0.176131475429775,0.133530204437211,"GP1BB",1,"BP",0.0526315789473684,0.00287157670832225
"BP","GO:0009259","ribonucleotide metabolic process","2/19","371/18805",0.00539083557951483,5.3355085827777,2.68226681334654,0.0532234266221138,0.176131475429775,0.133530204437211,"TREX1/PGAM2",2,"BP",0.105263157894737,0.0197287955331029
"BP","GO:0006110","regulation of glycolytic process","1/19","55/18805",0.0181818181818182,17.9952153110048,4.01413655486192,0.0541567694534765,0.176131475429775,0.133530204437211,"TREX1",1,"BP",0.0526315789473684,0.00292475405477267
"BP","GO:0010332","response to gamma radiation","1/19","55/18805",0.0181818181818182,17.9952153110048,4.01413655486192,0.0541567694534765,0.176131475429775,0.133530204437211,"TREX1",1,"BP",0.0526315789473684,0.00292475405477267
"BP","GO:0030811","regulation of nucleotide catabolic process","1/19","55/18805",0.0181818181818182,17.9952153110048,4.01413655486192,0.0541567694534765,0.176131475429775,0.133530204437211,"TREX1",1,"BP",0.0526315789473684,0.00292475405477267
"BP","GO:0033121","regulation of purine nucleotide catabolic process","1/19","55/18805",0.0181818181818182,17.9952153110048,4.01413655486192,0.0541567694534765,0.176131475429775,0.133530204437211,"TREX1",1,"BP",0.0526315789473684,0.00292475405477267
"BP","GO:0046365","monosaccharide catabolic process","1/19","55/18805",0.0181818181818182,17.9952153110048,4.01413655486192,0.0541567694534765,0.176131475429775,0.133530204437211,"PGAM2",1,"BP",0.0526315789473684,0.00292475405477267
"BP","GO:0019693","ribose phosphate metabolic process","2/19","379/18805",0.00527704485488127,5.22288571031801,2.64118098529997,0.0552833204965846,0.178189988386313,0.135090820762331,"TREX1/PGAM2",2,"BP",0.105263157894737,0.0201542143047062
"BP","GO:0006644","phospholipid metabolic process","2/19","383/18805",0.00522193211488251,5.16833860107187,2.6210707922406,0.056323998106467,0.179937728464023,0.136415831464196,"SERINC4/ABHD16B",2,"BP",0.105263157894737,0.0203669236905078
"BP","GO:0031647","regulation of protein stability","2/19","386/18805",0.00518134715025907,5.12817016634851,2.60617144511759,0.0571091455649947,0.180845627622483,0.137104135243755,"PYURF/TREX1",2,"BP",0.105263157894737,0.0205264557298591
"BP","GO:0039532","negative regulation of cytoplasmic pattern recognition receptor signaling pathway","1/19","59/18805",0.0169491525423729,16.7752007136485,3.85950276009866,0.0579850696925146,0.182022697034763,0.137996504531385,"TREX1",1,"BP",0.0526315789473684,0.00313746344057432
"BP","GO:0044088","regulation of vacuole organization","1/19","61/18805",0.0163934426229508,16.2251941328732,3.78775064980876,0.0598937104914143,0.186393357650005,0.141310024752883,"TREX1",1,"BP",0.0526315789473684,0.00324381813347514
"BP","GO:0043470","regulation of carbohydrate catabolic process","1/19","66/18805",0.0151515151515152,14.9960127591707,3.62232868162858,0.0646492970046337,0.199473471954468,0.151226425741833,"TREX1",1,"BP",0.0526315789473684,0.0035097048657272
"BP","GO:0030219","megakaryocyte differentiation","1/19","67/18805",0.0149253731343284,14.7721916732129,3.59139856765497,0.0655976754323462,0.200684413822686,0.152144474686976,"GP1BB",1,"BP",0.0526315789473684,0.00356288221217761
"BP","GO:0046503","glycerolipid catabolic process","1/19","69/18805",0.0144927536231884,14.3440122044241,3.53148446181255,0.0674917000352999,0.203101253195552,0.153976748303961,"ABHD16B",1,"BP",0.0526315789473684,0.00366923690507844
"BP","GO:0044773","mitotic DNA damage checkpoint signaling","1/19","70/18805",0.0142857142857143,14.1390977443609,3.50245430124015,0.0684373478629757,0.203101253195552,0.153976748303961,"TREX1",1,"BP",0.0526315789473684,0.00372241425152885
"BP","GO:0045600","positive regulation of fat cell differentiation","1/19","71/18805",0.0140845070422535,13.9399555226093,3.47401318753852,0.0693820871418978,0.203101253195552,0.153976748303961,"ADIRF",1,"BP",0.0526315789473684,0.00377559159797926
"BP","GO:0006879","intracellular iron ion homeostasis","1/19","72/18805",0.0138888888888889,13.7463450292398,3.44614077605809,0.0703259186965206,0.203101253195552,0.153976748303961,"BOLA2",1,"BP",0.0526315789473684,0.00382876894442967
"BP","GO:0048255","mRNA stabilization","1/19","72/18805",0.0138888888888889,13.7463450292398,3.44614077605809,0.0703259186965206,0.203101253195552,0.153976748303961,"DND1",1,"BP",0.0526315789473684,0.00382876894442967
"BP","GO:0051101","regulation of DNA binding","1/19","72/18805",0.0138888888888889,13.7463450292398,3.44614077605809,0.0703259186965206,0.203101253195552,0.153976748303961,"ZNF593",1,"BP",0.0526315789473684,0.00382876894442967
"BP","GO:2000134","negative regulation of G1/S transition of mitotic cell cycle","1/19","72/18805",0.0138888888888889,13.7463450292398,3.44614077605809,0.0703259186965206,0.203101253195552,0.153976748303961,"TREX1",1,"BP",0.0526315789473684,0.00382876894442967
"BP","GO:0044774","mitotic DNA integrity checkpoint signaling","1/19","74/18805",0.0135135135135135,13.3748221906117,3.39202549714448,0.072210861927166,0.20598714902976,0.156164626761154,"TREX1",1,"BP",0.0526315789473684,0.0039351236373305
"BP","GO:0141188","nucleic acid catabolic process","2/19","444/18805",0.0045045045045045,4.45827406353722,2.34524106498176,0.0730308262915442,0.20598714902976,0.156164626761154,"TREX1/DND1",2,"BP",0.105263157894737,0.023610741823983
"BP","GO:0071479","cellular response to ionizing radiation","1/19","75/18805",0.0133333333333333,13.1964912280702,3.36574658264305,0.0731519752485785,0.20598714902976,0.156164626761154,"TREX1",1,"BP",0.0526315789473684,0.00398830098378091
"BP","GO:1903578","regulation of ATP metabolic process","1/19","76/18805",0.0131578947368421,13.0228531855956,3.33996417019792,0.0740921841364736,0.20598714902976,0.156164626761154,"TREX1",1,"BP",0.0526315789473684,0.00404147833023132
"BP","GO:0006163","purine nucleotide metabolic process","2/19","448/18805",0.00446428571428571,4.41846804511278,2.32891930227443,0.0741781977115479,0.20598714902976,0.156164626761154,"TREX1/PGAM2",2,"BP",0.105263157894737,0.0238234512097846
"BP","GO:0002637","regulation of immunoglobulin production","1/19","78/18805",0.0128205128205128,12.6889338731444,3.28982548489474,0.0759698918947669,0.209352144839777,0.158715724328159,"TREX1",1,"BP",0.0526315789473684,0.00414783302313215
"BP","GO:0002437","inflammatory response to antigenic stimulus","1/19","80/18805",0.0125,12.3717105263158,3.24148964797743,0.0778439917611446,0.212234838597977,0.160901175201849,"TREX1",1,"BP",0.0526315789473684,0.00425418771603297
"BP","GO:1902373","negative regulation of mRNA catabolic process","1/19","81/18805",0.0123456790123457,12.2189733593242,3.21796319559254,0.0787796907815207,0.212234838597977,0.160901175201849,"DND1",1,"BP",0.0526315789473684,0.00430736506248338
"BP","GO:1902807","negative regulation of cell cycle G1/S phase transition","1/19","81/18805",0.0123456790123457,12.2189733593242,3.21796319559254,0.0787796907815207,0.212234838597977,0.160901175201849,"TREX1",1,"BP",0.0526315789473684,0.00430736506248338
"BP","GO:0043489","RNA stabilization","1/19","82/18805",0.0121951219512195,12.0699614890886,3.19484711409066,0.0797144902835046,0.213162451795149,0.161604424746286,"DND1",1,"BP",0.0526315789473684,0.00436054240893379
"BP","GO:0046928","regulation of neurotransmitter secretion","1/19","85/18805",0.0117647058823529,11.6439628482972,3.12784089408641,0.0825134998430119,0.217120013498101,0.164604763112717,"CPLX3",1,"BP",0.0526315789473684,0.00452007444828503
"BP","GO:0060337","type I interferon-mediated signaling pathway","1/19","85/18805",0.0117647058823529,11.6439628482972,3.12784089408641,0.0825134998430119,0.217120013498101,0.164604763112717,"TREX1",1,"BP",0.0526315789473684,0.00452007444828503
"BP","GO:0071357","cellular response to type I interferon","1/19","86/18805",0.0116279069767442,11.5085679314565,3.10624854203575,0.0834447094318462,0.217120013498101,0.164604763112717,"TREX1",1,"BP",0.0526315789473684,0.00457325179473544
"BP","GO:1900542","regulation of purine nucleotide metabolic process","1/19","87/18805",0.0114942528735632,11.3762855414398,3.08501004181118,0.0843750235790122,0.217120013498101,0.164604763112717,"TREX1",1,"BP",0.0526315789473684,0.00462642914118586
"BP","GO:0006091","generation of precursor metabolites and energy","2/19","484/18805",0.00413223140495868,4.089821661592,2.19011172243926,0.0847681491396361,0.217120013498101,0.164604763112717,"TREX1/PGAM2",2,"BP",0.105263157894737,0.0257378356819995
"BP","GO:0006140","regulation of nucleotide metabolic process","1/19","88/18805",0.0113636363636364,11.247009569378,3.06411542010519,0.0853044430977641,0.217120013498101,0.164604763112717,"TREX1",1,"BP",0.0526315789473684,0.00467960648763627
"BP","GO:0006094","gluconeogenesis","1/19","89/18805",0.0112359550561798,11.12063867534,3.04355509508793,0.086232968800662,0.217120013498101,0.164604763112717,"PGAM2",1,"BP",0.0526315789473684,0.00473278383408668
"BP","GO:0061515","myeloid cell development","1/19","90/18805",0.0111111111111111,10.9970760233918,3.02331985682973,0.0871606014995714,0.217120013498101,0.164604763112717,"GP1BB",1,"BP",0.0526315789473684,0.00478596118053709
"BP","GO:0022613","ribonucleoprotein complex biogenesis","2/19","494/18805",0.00404858299595142,4.00703174941402,2.15392322660268,0.0877904370943845,0.217120013498101,0.164604763112717,"UTP14C/ZNF593",2,"BP",0.105263157894737,0.0262696091465036
"BP","GO:0034644","cellular response to UV","1/19","91/18805",0.010989010989011,10.8762290341238,3.00340084890817,0.088087342005663,0.217120013498101,0.164604763112717,"TREX1",1,"BP",0.0526315789473684,0.0048391385269875
"BP","GO:0140029","exocytic process","1/19","91/18805",0.010989010989011,10.8762290341238,3.00340084890817,0.088087342005663,0.217120013498101,0.164604763112717,"CPLX3",1,"BP",0.0526315789473684,0.0048391385269875
"BP","GO:0019319","hexose biosynthetic process","1/19","92/18805",0.0108695652173913,10.7580091533181,2.98378955111594,0.0890131911294152,0.217120013498101,0.164604763112717,"PGAM2",1,"BP",0.0526315789473684,0.00489231587343792
"BP","GO:0034340","response to type I interferon","1/19","92/18805",0.0108695652173913,10.7580091533181,2.98378955111594,0.0890131911294152,0.217120013498101,0.164604763112717,"TREX1",1,"BP",0.0526315789473684,0.00489231587343792
"BP","GO:0046364","monosaccharide biosynthetic process","1/19","94/18805",0.0106382978723404,10.5291153415454,2.94545758950742,0.0908622184683451,0.218675072447151,0.165783696854524,"PGAM2",1,"BP",0.0526315789473684,0.00499867056633874
"BP","GO:1902369","negative regulation of RNA catabolic process","1/19","94/18805",0.0106382978723404,10.5291153415454,2.94545758950742,0.0908622184683451,0.218675072447151,0.165783696854524,"DND1",1,"BP",0.0526315789473684,0.00499867056633874
"BP","GO:0051100","negative regulation of binding","1/19","97/18805",0.0103092783505155,10.2034725990233,2.89007206979469,0.0936290943313142,0.22384174207685,0.169700693803706,"ZNF593",1,"BP",0.0526315789473684,0.00515820260568998
"BP","GO:0002275","myeloid cell activation involved in immune response","1/19","98/18805",0.0102040816326531,10.0993555316864,2.87214500138787,0.0945496121422884,0.224555328837935,0.170241683912708,"TREX1",1,"BP",0.0526315789473684,0.00521137995214039
"BP","GO:0045824","negative regulation of innate immune response","1/19","100/18805",0.01,9.89736842105263,2.83705320599881,0.0963879913840793,0.227425260716684,0.172417459648164,"TREX1",1,"BP",0.0526315789473684,0.00531773464504121
"BP","GO:0016079","synaptic vesicle exocytosis","1/19","102/18805",0.00980392156862745,9.70330237358101,2.80293666063312,0.0982228341485469,0.22941765526323,0.173927949754891,"CPLX3",1,"BP",0.0526315789473684,0.00542408933794204
"BP","GO:0051588","regulation of neurotransmitter transport","1/19","103/18805",0.00970873786407767,9.60909555442003,2.78622944104721,0.0991389313602876,0.22941765526323,0.173927949754891,"CPLX3",1,"BP",0.0526315789473684,0.00547726668439245
"BP","GO:1903312","negative regulation of mRNA metabolic process","1/19","103/18805",0.00970873786407767,9.60909555442003,2.78622944104721,0.0991389313602876,0.22941765526323,0.173927949754891,"DND1",1,"BP",0.0526315789473684,0.00547726668439245
"BP","GO:0001960","negative regulation of cytokine-mediated signaling pathway","1/19","104/18805",0.00961538461538462,9.5167004048583,2.76974882911874,0.100054146861526,0.230060809025546,0.174415542634909,"TREX1",1,"BP",0.0526315789473684,0.00553044403084286
"BP","GO:0032526","response to retinoic acid","1/19","106/18805",0.00943396226415094,9.33714001986097,2.73744624652305,0.101881935937858,0.231697832225898,0.175656615771202,"OVCA2",1,"BP",0.0526315789473684,0.00563679872374368
"BP","GO:0002377","immunoglobulin production","1/19","108/18805",0.00925925925925926,9.16423001949318,2.70598826278225,0.103706207781416,0.231697832225898,0.175656615771202,"TREX1",1,"BP",0.0526315789473684,0.00574315341664451
"BP","GO:0006626","protein targeting to mitochondrion","1/19","108/18805",0.00925925925925926,9.16423001949318,2.70598826278225,0.103706207781416,0.231697832225898,0.175656615771202,"TOMM6",1,"BP",0.0526315789473684,0.00574315341664451
"BP","GO:0019217","regulation of fatty acid metabolic process","1/19","109/18805",0.00917431192660551,9.08015451472719,2.69056400478558,0.104617026739118,0.231697832225898,0.175656615771202,"TREX1",1,"BP",0.0526315789473684,0.00579633076309492
"BP","GO:0060079","excitatory postsynaptic potential","1/19","109/18805",0.00917431192660551,9.08015451472719,2.69056400478558,0.104617026739118,0.231697832225898,0.175656615771202,"NPFF",1,"BP",0.0526315789473684,0.00579633076309492
"BP","GO:0060761","negative regulation of response to cytokine stimulus","1/19","109/18805",0.00917431192660551,9.08015451472719,2.69056400478558,0.104617026739118,0.231697832225898,0.175656615771202,"TREX1",1,"BP",0.0526315789473684,0.00579633076309492
"BP","GO:0007040","lysosome organization","1/19","111/18805",0.00900900900900901,8.91654812707444,2.66030229597843,0.106436034716812,0.232869142622843,0.176544618988014,"TREX1",1,"BP",0.0526315789473684,0.00590268545599575
"BP","GO:0080171","lytic vacuole organization","1/19","111/18805",0.00900900900900901,8.91654812707444,2.66030229597843,0.106436034716812,0.232869142622843,0.176544618988014,"TREX1",1,"BP",0.0526315789473684,0.00590268545599575
"BP","GO:0140888","interferon-mediated signaling pathway","1/19","112/18805",0.00892857142857143,8.83693609022556,2.64545620468508,0.107344225330933,0.233171787858963,0.1767740628177,"TREX1",1,"BP",0.0526315789473684,0.00595586280244616
"BP","GO:0042116","macrophage activation","1/19","113/18805",0.00884955752212389,8.75873311597578,2.63079441743637,0.108251541423519,0.233171787858963,0.1767740628177,"TREX1",1,"BP",0.0526315789473684,0.00600904014889657
"BP","GO:0000077","DNA damage checkpoint signaling","1/19","114/18805",0.0087719298245614,8.68190212373038,2.61631293953969,0.10915798378993,0.233171787858963,0.1767740628177,"TREX1",1,"BP",0.0526315789473684,0.00606221749534698
"BP","GO:0007218","neuropeptide signaling pathway","1/19","114/18805",0.0087719298245614,8.68190212373038,2.61631293953969,0.10915798378993,0.233171787858963,0.1767740628177,"NPFF",1,"BP",0.0526315789473684,0.00606221749534698
"BP","GO:0019882","antigen processing and presentation","1/19","117/18805",0.00854700854700855,8.45928924876293,2.57391220364676,0.1118720764755,0.237563644750916,0.180103652530217,"TREX1",1,"BP",0.0526315789473684,0.00622174953469822
"BP","GO:0099565","chemical synaptic transmission, postsynaptic","1/19","118/18805",0.00847457627118644,8.38760035682426,2.56011436921908,0.1127750318772,0.238080622851867,0.180495588107554,"NPFF",1,"BP",0.0526315789473684,0.00627492688114863
"BP","GO:0007006","mitochondrial membrane organization","1/19","120/18805",0.00833333333333333,8.24780701754386,2.53300155161773,0.114578334193149,0.240481271184459,0.182315586843444,"TOMM6",1,"BP",0.0526315789473684,0.00638128157404945
"BP","GO:0071482","cellular response to light stimulus","1/19","122/18805",0.00819672131147541,8.11259706643658,2.50651078412608,0.116378163797663,0.242846919832118,0.184109051337952,"TREX1",1,"BP",0.0526315789473684,0.00648763626695028
"BP","GO:0031570","DNA integrity checkpoint signaling","1/19","123/18805",0.00813008130081301,8.04664099272571,2.49349085933126,0.11727677830753,0.243315614764473,0.184464382092909,"TREX1",1,"BP",0.0526315789473684,0.00654081361340069
"BP","GO:0072655","establishment of protein localization to mitochondrion","1/19","127/18805",0.0078740157480315,7.7932034811438,2.44284584128043,0.120862586123294,0.246940138707047,0.187212235205809,"TOMM6",1,"BP",0.0526315789473684,0.00675352299920234
"BP","GO:0006906","vesicle fusion","1/19","128/18805",0.0078125,7.73231907894737,2.43052940371322,0.121756879455753,0.246940138707047,0.187212235205809,"CPLX3",1,"BP",0.0526315789473684,0.00680670034565275
"BP","GO:0032479","regulation of type I interferon production","1/19","129/18805",0.00775193798449612,7.67237862097103,2.41834561375596,0.122650310911037,0.246940138707047,0.187212235205809,"TREX1",1,"BP",0.0526315789473684,0.00685987769210316
"BP","GO:0032606","type I interferon production","1/19","129/18805",0.00775193798449612,7.67237862097103,2.41834561375596,0.122650310911037,0.246940138707047,0.187212235205809,"TREX1",1,"BP",0.0526315789473684,0.00685987769210316
"BP","GO:0039531","regulation of cytoplasmic pattern recognition receptor signaling pathway","1/19","129/18805",0.00775193798449612,7.67237862097103,2.41834561375596,0.122650310911037,0.246940138707047,0.187212235205809,"TREX1",1,"BP",0.0526315789473684,0.00685987769210316
"BP","GO:0090174","organelle membrane fusion","1/19","130/18805",0.00769230769230769,7.61336032388664,2.40629195565528,0.123542881273678,0.246940138707047,0.187212235205809,"CPLX3",1,"BP",0.0526315789473684,0.00691305503855358
"BP","GO:0051209","release of sequestered calcium ion into cytosol","1/19","131/18805",0.00763358778625954,7.55524306950583,2.39436598053499,0.124434591327536,0.246940138707047,0.187212235205809,"GP1BB",1,"BP",0.0526315789473684,0.00696623238500399
"BP","GO:0051283","negative regulation of sequestering of calcium ion","1/19","132/18805",0.00757575757575758,7.49800637958533,2.3825653041207,0.125325441855799,0.246940138707047,0.187212235205809,"GP1BB",1,"BP",0.0526315789473684,0.0070194097314544
"BP","GO:0051282","regulation of sequestering of calcium ion","1/19","134/18805",0.00746268656716418,7.38609583660644,2.35933062032293,0.127104567464934,0.246940138707047,0.187212235205809,"GP1BB",1,"BP",0.0526315789473684,0.00712576442435522
"BP","GO:0002244","hematopoietic progenitor cell differentiation","1/19","135/18805",0.00740740740740741,7.33138401559454,2.34789214821069,0.127992844108829,0.246940138707047,0.187212235205809,"TREX1",1,"BP",0.0526315789473684,0.00717894177080564
"BP","GO:0002832","negative regulation of response to biotic stimulus","1/19","135/18805",0.00740740740740741,7.33138401559454,2.34789214821069,0.127992844108829,0.246940138707047,0.187212235205809,"TREX1",1,"BP",0.0526315789473684,0.00717894177080564
"BP","GO:0070585","protein localization to mitochondrion","1/19","135/18805",0.00740740740740741,7.33138401559454,2.34789214821069,0.127992844108829,0.246940138707047,0.187212235205809,"TOMM6",1,"BP",0.0526315789473684,0.00717894177080564
"BP","GO:0002456","T cell mediated immunity","1/19","137/18805",0.0072992700729927,7.22435651171725,2.32536220767541,0.129766828977809,0.246940138707047,0.187212235205809,"TREX1",1,"BP",0.0526315789473684,0.00728529646370646
"BP","GO:0006639","acylglycerol metabolic process","1/19","137/18805",0.0072992700729927,7.22435651171725,2.32536220767541,0.129766828977809,0.246940138707047,0.187212235205809,"ABHD16B",1,"BP",0.0526315789473684,0.00728529646370646
"BP","GO:0007093","mitotic cell cycle checkpoint signaling","1/19","137/18805",0.0072992700729927,7.22435651171725,2.32536220767541,0.129766828977809,0.246940138707047,0.187212235205809,"TREX1",1,"BP",0.0526315789473684,0.00728529646370646
"BP","GO:0006638","neutral lipid metabolic process","1/19","138/18805",0.0072463768115942,7.17200610221205,2.31426660750722,0.1306525387619,0.246940138707047,0.187212235205809,"ABHD16B",1,"BP",0.0526315789473684,0.00733847381015687
"BP","GO:0051208","sequestering of calcium ion","1/19","138/18805",0.0072463768115942,7.17200610221205,2.31426660750722,0.1306525387619,0.246940138707047,0.187212235205809,"GP1BB",1,"BP",0.0526315789473684,0.00733847381015687
"BP","GO:0030168","platelet activation","1/19","140/18805",0.00714285714285714,7.06954887218045,2.29240420364535,0.132421396921796,0.248979814004001,0.188758570173612,"GP1BB",1,"BP",0.0526315789473684,0.0074448285030577
"BP","GO:0010565","regulation of ketone metabolic process","1/19","142/18805",0.00704225352112676,6.96997776130467,2.27096750627988,0.134186845052869,0.25004950522941,0.189569533050435,"TREX1",1,"BP",0.0526315789473684,0.00755118319595852
"BP","GO:0010212","response to ionizing radiation","1/19","143/18805",0.00699300699300699,6.92123665807876,2.26040421308112,0.135068292298435,0.25004950522941,0.189569533050435,"TREX1",1,"BP",0.0526315789473684,0.00760436054240893
"BP","GO:0043467","regulation of generation of precursor metabolites and energy","1/19","143/18805",0.00699300699300699,6.92123665807876,2.26040421308112,0.135068292298435,0.25004950522941,0.189569533050435,"TREX1",1,"BP",0.0526315789473684,0.00760436054240893
"BP","GO:0045598","regulation of fat cell differentiation","1/19","147/18805",0.00680272108843537,6.73290368779091,2.21914424018426,0.138585587227119,0.254273069010879,0.192771535042509,"ADIRF",1,"BP",0.0526315789473684,0.00781706992821058
"BP","GO:0007269","neurotransmitter secretion","1/19","148/18805",0.00675675675675676,6.68741109530583,2.2090692764228,0.139462791313446,0.254273069010879,0.192771535042509,"CPLX3",1,"BP",0.0526315789473684,0.00787024727466099
"BP","GO:0099643","signal release from synapse","1/19","148/18805",0.00675675675675676,6.68741109530583,2.2090692764228,0.139462791313446,0.254273069010879,0.192771535042509,"CPLX3",1,"BP",0.0526315789473684,0.00787024727466099
"BP","GO:0034614","cellular response to reactive oxygen species","1/19","149/18805",0.00671140939597315,6.64252914164606,2.19908715154594,0.140339149086135,0.254585089548214,0.193008086550621,"TREX1",1,"BP",0.0526315789473684,0.00792342462111141
"BP","GO:0060078","regulation of postsynaptic membrane potential","1/19","150/18805",0.00666666666666667,6.59824561403509,2.18919634351479,0.141214661316375,0.254892463676056,0.193241115485565,"NPFF",1,"BP",0.0526315789473684,0.00797660196756182
"BP","GO:0009411","response to UV","1/19","157/18805",0.00636942675159236,6.3040563191418,2.12239681623166,0.147319636380759,0.2645889986739,0.200592330238268,"TREX1",1,"BP",0.0526315789473684,0.0083488433927147
"BP","GO:0042770","signal transduction in response to DNA damage","1/19","171/18805",0.00584795321637427,5.78793474915359,2.00022105955741,0.159406456618662,0.284879855640283,0.215975397190475,"TREX1",1,"BP",0.0526315789473684,0.00909332624302047
"BP","GO:0048284","organelle fusion","1/19","174/18805",0.00574712643678161,5.6881427707199,1.97579614158829,0.161975285637984,0.287379313460427,0.217870306166237,"CPLX3",1,"BP",0.0526315789473684,0.00925285828237171
"BP","GO:0071897","DNA biosynthetic process","1/19","175/18805",0.00571428571428571,5.65563909774436,1.96778056245525,0.16282990801858,0.287379313460427,0.217870306166237,"TREX1",1,"BP",0.0526315789473684,0.00930603562882212
"BP","GO:2000045","regulation of G1/S transition of mitotic cell cycle","1/19","176/18805",0.00568181818181818,5.623504784689,1.95982654945451,0.163683704677069,0.287379313460427,0.217870306166237,"TREX1",1,"BP",0.0526315789473684,0.00935921297527253
"BP","GO:0006839","mitochondrial transport","1/19","183/18805",0.00546448087431694,5.40839804429106,1.90580274215335,0.169637224281478,0.287379313460427,0.217870306166237,"TOMM6",1,"BP",0.0526315789473684,0.00973145440042542
"BP","GO:0006109","regulation of carbohydrate metabolic process","1/19","184/18805",0.00543478260869565,5.37900457665904,1.89831191335798,0.170484442235438,0.287379313460427,0.217870306166237,"TREX1",1,"BP",0.0526315789473684,0.00978463174687583
"BP","GO:0006575","modified amino acid metabolic process","1/19","184/18805",0.00543478260869565,5.37900457665904,1.89831191335798,0.170484442235438,0.287379313460427,0.217870306166237,"ABHD16B",1,"BP",0.0526315789473684,0.00978463174687583
"BP","GO:0071478","cellular response to radiation","1/19","185/18805",0.00540540540540541,5.34992887624466,1.89087554321018,0.171330841225693,0.287379313460427,0.217870306166237,"TREX1",1,"BP",0.0526315789473684,0.00983780909332624
"BP","GO:0000075","cell cycle checkpoint signaling","1/19","186/18805",0.00537634408602151,5.32116581777023,1.88349291487051,0.172176421999952,0.287379313460427,0.217870306166237,"TREX1",1,"BP",0.0526315789473684,0.00989098643977666
"BP","GO:0002753","cytoplasmic pattern recognition receptor signaling pathway","1/19","186/18805",0.00537634408602151,5.32116581777023,1.88349291487051,0.172176421999952,0.287379313460427,0.217870306166237,"TREX1",1,"BP",0.0526315789473684,0.00989098643977666
"BP","GO:0007219","Notch signaling pathway","1/19","187/18805",0.0053475935828877,5.29271038558964,1.87616332480197,0.173021185305285,0.287379313460427,0.217870306166237,"PGAM2",1,"BP",0.0526315789473684,0.00994416378622707
"BP","GO:0001959","regulation of cytokine-mediated signaling pathway","1/19","189/18805",0.00529100529100529,5.23670286828182,1.86166050994946,0.174708262494239,0.287379313460427,0.217870306166237,"TREX1",1,"BP",0.0526315789473684,0.0100505184791279
"BP","GO:0032640","tumor necrosis factor production","1/19","191/18805",0.00523560209424084,5.18186828327363,1.84736172458496,0.176392078756271,0.287379313460427,0.217870306166237,"TREX1",1,"BP",0.0526315789473684,0.0101568731720287
"BP","GO:0032680","regulation of tumor necrosis factor production","1/19","191/18805",0.00523560209424084,5.18186828327363,1.84736172458496,0.176392078756271,0.287379313460427,0.217870306166237,"TREX1",1,"BP",0.0526315789473684,0.0101568731720287
"BP","GO:0062207","regulation of pattern recognition receptor signaling pathway","1/19","191/18805",0.00523560209424084,5.18186828327363,1.84736172458496,0.176392078756271,0.287379313460427,0.217870306166237,"TREX1",1,"BP",0.0526315789473684,0.0101568731720287
"BP","GO:0097553","calcium ion transmembrane import into cytosol","1/19","191/18805",0.00523560209424084,5.18186828327363,1.84736172458496,0.176392078756271,0.287379313460427,0.217870306166237,"GP1BB",1,"BP",0.0526315789473684,0.0101568731720287
"BP","GO:1901991","negative regulation of mitotic cell cycle phase transition","1/19","192/18805",0.00520833333333333,5.15487938596491,1.84028721671541,0.177232765900551,0.287379313460427,0.217870306166237,"TREX1",1,"BP",0.0526315789473684,0.0102100505184791
"BP","GO:0006006","glucose metabolic process","1/19","193/18805",0.00518134715025907,5.12817016634851,1.83326178811807,0.178072640044853,0.287379313460427,0.217870306166237,"PGAM2",1,"BP",0.0526315789473684,0.0102632278649295
"BP","GO:0061025","membrane fusion","1/19","193/18805",0.00518134715025907,5.12817016634851,1.83326178811807,0.178072640044853,0.287379313460427,0.217870306166237,"CPLX3",1,"BP",0.0526315789473684,0.0102632278649295
"BP","GO:0006941","striated muscle contraction","1/19","194/18805",0.00515463917525773,5.10173629951167,1.82628481998945,0.178911701931761,0.287379313460427,0.217870306166237,"PGAM2",1,"BP",0.0526315789473684,0.01031640521138
"BP","GO:0061157","mRNA destabilization","1/19","194/18805",0.00515463917525773,5.10173629951167,1.82628481998945,0.178911701931761,0.287379313460427,0.217870306166237,"DND1",1,"BP",0.0526315789473684,0.01031640521138
"BP","GO:0071706","tumor necrosis factor superfamily cytokine production","1/19","196/18805",0.00510204081632653,5.04967776584318,1.81247384470751,0.180587391900551,0.287379313460427,0.217870306166237,"TREX1",1,"BP",0.0526315789473684,0.0104227599042808
"BP","GO:1903555","regulation of tumor necrosis factor superfamily cytokine production","1/19","196/18805",0.00510204081632653,5.04967776584318,1.81247384470751,0.180587391900551,0.287379313460427,0.217870306166237,"TREX1",1,"BP",0.0526315789473684,0.0104227599042808
"BP","GO:0002700","regulation of production of molecular mediator of immune response","1/19","197/18805",0.0050761421319797,5.02404488378306,1.80563865398253,0.181424021464412,0.287379313460427,0.217870306166237,"TREX1",1,"BP",0.0526315789473684,0.0104759372507312
"BP","GO:0030317","flagellated sperm motility","1/19","198/18805",0.00505050505050505,4.99867091972355,1.79884955610061,0.182259841734843,0.287379313460427,0.217870306166237,"CFAP126",1,"BP",0.0526315789473684,0.0105291145971816
"BP","GO:0050779","RNA destabilization","1/19","198/18805",0.00505050505050505,4.99867091972355,1.79884955610061,0.182259841734843,0.287379313460427,0.217870306166237,"DND1",1,"BP",0.0526315789473684,0.0105291145971816
"BP","GO:0097722","sperm motility","1/19","198/18805",0.00505050505050505,4.99867091972355,1.79884955610061,0.182259841734843,0.287379313460427,0.217870306166237,"CFAP126",1,"BP",0.0526315789473684,0.0105291145971816
"BP","GO:0046890","regulation of lipid biosynthetic process","1/19","199/18805",0.0050251256281407,4.97355197037821,1.79210598484604,0.183094853451242,0.287379313460427,0.217870306166237,"TREX1",1,"BP",0.0526315789473684,0.010582291943632
"BP","GO:0061014","positive regulation of mRNA catabolic process","1/19","199/18805",0.0050251256281407,4.97355197037821,1.79210598484604,0.183094853451242,0.287379313460427,0.217870306166237,"DND1",1,"BP",0.0526315789473684,0.010582291943632
"BP","GO:0000302","response to reactive oxygen species","1/19","201/18805",0.00497512437810945,4.92406389107096,1.77875320622175,0.18476245417636,0.287496749817526,0.217959337957594,"TREX1",1,"BP",0.0526315789473684,0.0106886466365328
"BP","GO:0060759","regulation of response to cytokine stimulus","1/19","201/18805",0.00497512437810945,4.92406389107096,1.77875320622175,0.18476245417636,0.287496749817526,0.217959337957594,"TREX1",1,"BP",0.0526315789473684,0.0106886466365328
"BP","GO:0016064","immunoglobulin mediated immune response","1/19","205/18805",0.0048780487804878,4.82798459563543,1.75257011826855,0.188087985441237,0.290169926257635,0.219985947884488,"TREX1",1,"BP",0.0526315789473684,0.0109013560223345
"BP","GO:1902806","regulation of cell cycle G1/S phase transition","1/19","205/18805",0.0048780487804878,4.82798459563543,1.75257011826855,0.188087985441237,0.290169926257635,0.219985947884488,"TREX1",1,"BP",0.0526315789473684,0.0109013560223345
"BP","GO:0016051","carbohydrate biosynthetic process","1/19","207/18805",0.00483091787439614,4.7813374014747,1.73973156869598,0.189745927755527,0.290246948812479,0.220044340840486,"PGAM2",1,"BP",0.0526315789473684,0.0110077107152353
"BP","GO:0030073","insulin secretion","1/19","207/18805",0.00483091787439614,4.7813374014747,1.73973156869598,0.189745927755527,0.290246948812479,0.220044340840486,"CPLX3",1,"BP",0.0526315789473684,0.0110077107152353
"BP","GO:0019724","B cell mediated immunity","1/19","208/18805",0.00480769230769231,4.75835020242915,1.7333738076352,0.19057369565383,0.290283139793386,0.220071778236712,"TREX1",1,"BP",0.0526315789473684,0.0110608880616857
"BP","GO:0051098","regulation of binding","1/19","209/18805",0.00478468899521531,4.73558297658021,1.72705641675428,0.1914006623572,0.290317811390543,0.220098063745564,"ZNF593",1,"BP",0.0526315789473684,0.0111140654081361
"BP","GO:0006836","neurotransmitter transport","1/19","211/18805",0.004739336492891,4.69069593414817,1.71454087587684,0.193052195108241,0.291597667088181,0.221068358194859,"CPLX3",1,"BP",0.0526315789473684,0.011220420101037
"BP","GO:0051651","maintenance of location in cell","1/19","212/18805",0.00471698113207547,4.66857000993049,1.70834181016039,0.193876762618887,0.291622963772576,0.221087536319784,"GP1BB",1,"BP",0.0526315789473684,0.0112735974474874
"BP","GO:0050777","negative regulation of immune response","1/19","214/18805",0.00467289719626168,4.62493851451058,1.69605885451512,0.195523503563145,0.292879604922387,0.222040231170202,"TREX1",1,"BP",0.0526315789473684,0.0113799521403882
"BP","GO:0060294","cilium movement involved in cell motility","1/19","217/18805",0.00460829493087558,4.56099927237448,1.67791587384151,0.19798764072625,0.29534519959577,0.223909467545998,"CFAP126",1,"BP",0.0526315789473684,0.0115394841797394
"BP","GO:0001539","cilium or flagellum-dependent cell motility","1/19","220/18805",0.00454545454545455,4.4988038277512,1.66010062627594,0.200444626254422,0.29534572384945,0.223909864997396,"CFAP126",1,"BP",0.0526315789473684,0.0116990162190907
"BP","GO:0060285","cilium-dependent cell motility","1/19","220/18805",0.00454545454545455,4.4988038277512,1.66010062627594,0.200444626254422,0.29534572384945,0.223909864997396,"CFAP126",1,"BP",0.0526315789473684,0.0116990162190907
"BP","GO:0006364","rRNA processing","1/19","222/18805",0.0045045045045045,4.45827406353722,1.64840052459066,0.20207865316015,0.29534572384945,0.223909864997396,"UTP14C",1,"BP",0.0526315789473684,0.0118053709119915
"BP","GO:0007601","visual perception","1/19","222/18805",0.0045045045045045,4.45827406353722,1.64840052459066,0.20207865316015,0.29534572384945,0.223909864997396,"CPLX3",1,"BP",0.0526315789473684,0.0118053709119915
"BP","GO:0099504","synaptic vesicle cycle","1/19","222/18805",0.0045045045045045,4.45827406353722,1.64840052459066,0.20207865316015,0.29534572384945,0.223909864997396,"CPLX3",1,"BP",0.0526315789473684,0.0118053709119915
"BP","GO:0051235","maintenance of location","1/19","224/18805",0.00446428571428571,4.41846804511278,1.63683821099831,0.203709516073079,0.296528771380571,0.224806766464349,"GP1BB",1,"BP",0.0526315789473684,0.0119117256048923
"BP","GO:0050953","sensory perception of light stimulus","1/19","226/18805",0.00442477876106195,4.37936655798789,1.62541070967635,0.20533722077996,0.297662151688401,0.225666013818295,"CPLX3",1,"BP",0.0526315789473684,0.0120180802977931
"BP","GO:0042180","ketone metabolic process","1/19","227/18805",0.00440528634361234,4.36007419429631,1.61974660851296,0.20614989061177,0.297662151688401,0.225666013818295,"TREX1",1,"BP",0.0526315789473684,0.0120712576442436
"BP","GO:0045055","regulated exocytosis","1/19","228/18805",0.0043859649122807,4.34095106186519,1.61411513529159,0.206961773057586,0.297662151688401,0.225666013818295,"CPLX3",1,"BP",0.0526315789473684,0.012124434990694
"BP","GO:0002440","production of molecular mediator of immune response","1/19","231/18805",0.00432900432900433,4.28457507404876,1.59741303823912,0.209392703281425,0.299963356684898,0.227410621775983,"TREX1",1,"BP",0.0526315789473684,0.0122839670300452
"BP","GO:1903313","positive regulation of mRNA metabolic process","1/19","234/18805",0.00427350427350427,4.22964462438147,1.58099240489934,0.211816572933734,0.302236295767107,0.229133800552406,"DND1",1,"BP",0.0526315789473684,0.0124434990693964
"BP","GO:0019318","hexose metabolic process","1/19","237/18805",0.00421940928270042,4.17610481900955,1.56484453949993,0.214233401385589,0.303236403395367,0.229892010155403,"PGAM2",1,"BP",0.0526315789473684,0.0126030311087477
"BP","GO:0006909","phagocytosis","1/19","238/18805",0.00420168067226891,4.15855816010615,1.55952108453418,0.215037449499207,0.303236403395367,0.229892010155403,"TREX1",1,"BP",0.0526315789473684,0.0126562084551981
"BP","GO:0007033","vacuole organization","1/19","238/18805",0.00420168067226891,4.15855816010615,1.55952108453418,0.215037449499207,0.303236403395367,0.229892010155403,"TREX1",1,"BP",0.0526315789473684,0.0126562084551981
"BP","GO:0000082","G1/S transition of mitotic cell cycle","1/19","240/18805",0.00416666666666667,4.12390350877193,1.54896112327113,0.216643207958038,0.304254325668895,0.230663725539912,"TREX1",1,"BP",0.0526315789473684,0.0127625631480989
"BP","GO:0007596","blood coagulation","1/19","241/18805",0.004149377593361,4.10679187595545,1.54372403154153,0.217444919730125,0.304254325668895,0.230663725539912,"GP1BB",1,"BP",0.0526315789473684,0.0128157404945493
"BP","GO:0045333","cellular respiration","1/19","245/18805",0.00408163265306122,4.03974221267454,1.52305495376693,0.220644000387827,0.305852991187748,0.231875718643576,"TREX1",1,"BP",0.0526315789473684,0.013028449880351
"BP","GO:0045930","negative regulation of mitotic cell cycle","1/19","246/18805",0.0040650406504065,4.02332049636286,1.51795612446157,0.221441832499499,0.305852991187748,0.231875718643576,"TREX1",1,"BP",0.0526315789473684,0.0130816272268014
"BP","GO:0050817","coagulation","1/19","246/18805",0.0040650406504065,4.02332049636286,1.51795612446157,0.221441832499499,0.305852991187748,0.231875718643576,"GP1BB",1,"BP",0.0526315789473684,0.0130816272268014
"BP","GO:0007599","hemostasis","1/19","248/18805",0.00403225806451613,3.99087436332767,1.50783871304025,0.223035176027833,0.305852991187748,0.231875718643576,"GP1BB",1,"BP",0.0526315789473684,0.0131879819197022
"BP","GO:0030072","peptide hormone secretion","1/19","250/18805",0.004,3.95894736842105,1.49782656228152,0.224625430018686,0.305852991187748,0.231875718643576,"CPLX3",1,"BP",0.0526315789473684,0.013294336612603
"BP","GO:0002274","myeloid leukocyte activation","1/19","251/18805",0.00398406374501992,3.94317466974208,1.49285932226096,0.225419400206217,0.305852991187748,0.231875718643576,"TREX1",1,"BP",0.0526315789473684,0.0133475139590534
"BP","GO:0008654","phospholipid biosynthetic process","1/19","251/18805",0.00398406374501992,3.94317466974208,1.49285932226096,0.225419400206217,0.305852991187748,0.231875718643576,"SERINC4",1,"BP",0.0526315789473684,0.0133475139590534
"BP","GO:0048738","cardiac muscle tissue development","1/19","251/18805",0.00398406374501992,3.94317466974208,1.49285932226096,0.225419400206217,0.305852991187748,0.231875718643576,"TREX1",1,"BP",0.0526315789473684,0.0133475139590534
"BP","GO:0045444","fat cell differentiation","1/19","252/18805",0.00396825396825397,3.92752715121136,1.48791763953692,0.22621260013055,0.305852991187748,0.231875718643576,"ADIRF",1,"BP",0.0526315789473684,0.0134006913055039
"BP","GO:0034599","cellular response to oxidative stress","1/19","254/18805",0.00393700787401575,3.8966017405719,1.47810996755417,0.227796692012164,0.306845544091012,0.232628200797968,"TREX1",1,"BP",0.0526315789473684,0.0135070459984047
"BP","GO:0002790","peptide secretion","1/19","257/18805",0.00389105058365759,3.8511161171411,1.46358411062112,0.230167070485513,0.308615919914314,0.233970372292526,"CPLX3",1,"BP",0.0526315789473684,0.0136665780377559
"BP","GO:0099003","vesicle-mediated transport in synapse","1/19","258/18805",0.00387596899224806,3.83618931048552,1.45879073230697,0.230955663630908,0.308615919914314,0.233970372292526,"CPLX3",1,"BP",0.0526315789473684,0.0137197553842063
"BP","GO:0003341","cilium movement","1/19","260/18805",0.00384615384615385,3.80668016194332,1.4492754744942,0.232530554616879,0.308615919914314,0.233970372292526,"CFAP126",1,"BP",0.0526315789473684,0.0138261100771072
"BP","GO:0005996","monosaccharide metabolic process","1/19","260/18805",0.00384615384615385,3.80668016194332,1.4492754744942,0.232530554616879,0.308615919914314,0.233970372292526,"PGAM2",1,"BP",0.0526315789473684,0.0138261100771072
"BP","GO:0003015","heart process","1/19","263/18805",0.00380228136882129,3.76325795477286,1.43517803018401,0.23488716334777,0.310601706844487,0.235475852980221,"TREX1",1,"BP",0.0526315789473684,0.0139856421164584
"BP","GO:0016072","rRNA metabolic process","1/19","265/18805",0.00377358490566038,3.73485600794439,1.42589419242848,0.236454425499753,0.311533020457703,0.236181907913698,"UTP14C",1,"BP",0.0526315789473684,0.0140919968093592
"BP","GO:0044843","cell cycle G1/S phase transition","1/19","271/18805",0.003690036900369,3.65216546902311,1.398573983324,0.241137983749487,0.316160091235849,0.239689819860973,"TREX1",1,"BP",0.0526315789473684,0.0144110608880617
"BP","GO:0003007","heart morphogenesis","1/19","272/18805",0.00367647058823529,3.63873839009288,1.3940960201929,0.241915925818591,0.316160091235849,0.239689819860973,"TREX1",1,"BP",0.0526315789473684,0.0144642382345121
"BP","GO:1901988","negative regulation of cell cycle phase transition","1/19","273/18805",0.00366300366300366,3.62540967804126,1.3896390906217,0.242693112318858,0.316160091235849,0.239689819860973,"TREX1",1,"BP",0.0526315789473684,0.0145174155809625
"BP","GO:0043488","regulation of mRNA stability","1/19","274/18805",0.00364963503649635,3.61217825585862,1.38520300851686,0.243469543943396,0.316160091235849,0.239689819860973,"DND1",1,"BP",0.0526315789473684,0.0145705929274129
"BP","GO:0090150","establishment of protein localization to membrane","1/19","279/18805",0.003584229390681,3.54744387851349,1.36332895818968,0.247340403147059,0.319887669764575,0.242515801541885,"TOMM6",1,"BP",0.0526315789473684,0.014836479659665
"BP","GO:0006260","DNA replication","1/19","280/18805",0.00357142857142857,3.53477443609023,1.35901418117052,0.248112320039005,0.319887669764575,0.242515801541885,"TREX1",1,"BP",0.0526315789473684,0.0148896570061154
"BP","GO:0015833","peptide transport","1/19","283/18805",0.00353356890459364,3.49730332899386,1.34618682753821,0.250423573223357,0.321718540689082,0.243903836066952,"CPLX3",1,"BP",0.0526315789473684,0.0150491890454666
"BP","GO:0043487","regulation of RNA stability","1/19","287/18805",0.00348432055749129,3.44856042545388,1.32935048149557,0.25349477564799,0.324339635459471,0.24589096142138,"DND1",1,"BP",0.0526315789473684,0.0152618984312683
"BP","GO:0002221","pattern recognition receptor signaling pathway","1/19","288/18805",0.00347222222222222,3.43658625730994,1.325187966969,0.254260711454377,0.324339635459471,0.24589096142138,"TREX1",1,"BP",0.0526315789473684,0.0153150757777187
"BP","GO:0061013","regulation of mRNA catabolic process","1/19","290/18805",0.00344827586206897,3.41288566243194,1.31691773479924,0.255790350098772,0.325141959104426,0.246499225447297,"DND1",1,"BP",0.0526315789473684,0.0154214304706195
"BP","GO:0051321","meiotic cell cycle","1/19","293/18805",0.00341296928327645,3.3779414406323,1.30464711293808,0.258079235889413,0.326900365459923,0.247832322553084,"UTP14C",1,"BP",0.0526315789473684,0.0155809625099708
"BP","GO:0006650","glycerophospholipid metabolic process","1/19","302/18805",0.0033112582781457,3.27727431160683,1.26876884826428,0.264905945153572,0.334374287414125,0.253498512108682,"ABHD16B",1,"BP",0.0526315789473684,0.0160595586280245
"BP","GO:0002758","innate immune response-activating signaling pathway","1/19","305/18805",0.00327868852459016,3.24503882657463,1.25710824401661,0.267168259918725,0.335831403298128,0.254603192469786,"TREX1",1,"BP",0.0526315789473684,0.0162190906673757
"BP","GO:0006874","intracellular calcium ion homeostasis","1/19","306/18805",0.00326797385620915,3.234434124527,1.25325343929109,0.267920897922052,0.335831403298128,0.254603192469786,"GP1BB",1,"BP",0.0526315789473684,0.0162722680138261
"BP","GO:0031348","negative regulation of defense response","1/19","308/18805",0.00324675324675325,3.21343130553657,1.24559116977373,0.269423977593671,0.336546906267527,0.255145635309978,"TREX1",1,"BP",0.0526315789473684,0.0163786227067269
"BP","GO:0010948","negative regulation of cell cycle process","1/19","315/18805",0.00317460317460317,3.14202172096909,1.21925755263679,0.274661765472513,0.34146586631339,0.258874836686052,"TREX1",1,"BP",0.0526315789473684,0.0167508641318798
"BP","GO:0002366","leukocyte activation involved in immune response","1/19","319/18805",0.00313479623824451,3.10262332948358,1.20453689972875,0.277638793788526,0.34146586631339,0.258874836686052,"TREX1",1,"BP",0.0526315789473684,0.0169635735176815
"BP","GO:0046879","hormone secretion","1/19","320/18805",0.003125,3.09292763157895,1.20089278665193,0.278381240121861,0.34146586631339,0.258874836686052,"CPLX3",1,"BP",0.0526315789473684,0.0170167508641319
"BP","GO:0051607","defense response to virus","1/19","321/18805",0.00311526479750779,3.08329234300705,1.19726287677719,0.27912296348879,0.34146586631339,0.258874836686052,"TREX1",1,"BP",0.0526315789473684,0.0170699282105823
"BP","GO:0002263","cell activation involved in immune response","1/19","323/18805",0.00309597523219814,3.0642007495519,1.19004524217449,0.280604243982547,0.34146586631339,0.258874836686052,"TREX1",1,"BP",0.0526315789473684,0.0171762829034831
"BP","GO:0062197","cellular response to chemical stress","1/19","323/18805",0.00309597523219814,3.0642007495519,1.19004524217449,0.280604243982547,0.34146586631339,0.258874836686052,"TREX1",1,"BP",0.0526315789473684,0.0171762829034831
"BP","GO:0001822","kidney development","1/19","325/18805",0.00307692307692308,3.04534412955466,1.18288315825447,0.282082640582275,0.34146586631339,0.258874836686052,"TREX1",1,"BP",0.0526315789473684,0.0172826375963839
"BP","GO:0002218","activation of innate immune response","1/19","325/18805",0.00307692307692308,3.04534412955466,1.18288315825447,0.282082640582275,0.34146586631339,0.258874836686052,"TREX1",1,"BP",0.0526315789473684,0.0172826375963839
"BP","GO:0009101","glycoprotein biosynthetic process","1/19","326/18805",0.00306748466257669,3.03600258314498,1.17932269087201,0.282820759079511,0.34146586631339,0.258874836686052,"TREX1",1,"BP",0.0526315789473684,0.0173358149428344
"BP","GO:0009416","response to light stimulus","1/19","326/18805",0.00306748466257669,3.03600258314498,1.17932269087201,0.282820759079511,0.34146586631339,0.258874836686052,"TREX1",1,"BP",0.0526315789473684,0.0173358149428344
"BP","GO:0042886","amide transport","1/19","328/18805",0.00304878048780488,3.01749037227214,1.1722424008525,0.284294839778978,0.342101457200704,0.259356695938717,"CPLX3",1,"BP",0.0526315789473684,0.0174421696357352
"BP","GO:0009914","hormone transport","1/19","331/18805",0.00302114803625378,2.99014151693433,1.16172209597442,0.286500580004211,0.342472547620928,0.259638029979418,"CPLX3",1,"BP",0.0526315789473684,0.0176017016750864
"BP","GO:0055074","calcium ion homeostasis","1/19","331/18805",0.00302114803625378,2.99014151693433,1.16172209597442,0.286500580004211,0.342472547620928,0.259638029979418,"GP1BB",1,"BP",0.0526315789473684,0.0176017016750864
"BP","GO:0072001","renal system development","1/19","336/18805",0.00297619047619048,2.94564536340852,1.14444886880292,0.29016250880442,0.345705167255431,0.262088769460307,"TREX1",1,"BP",0.0526315789473684,0.0178675884073385
"BP","GO:0006605","protein targeting","1/19","339/18805",0.00294985250737463,2.91957770532526,1.13423721712571,0.292351112068423,0.347166945581252,0.263196984549134,"TOMM6",1,"BP",0.0526315789473684,0.0180271204466897
"BP","GO:0019216","regulation of lipid metabolic process","1/19","343/18805",0.00291545189504373,2.88553015191039,1.1207943452424,0.295259306767523,0.348037909665644,0.263857286814601,"TREX1",1,"BP",0.0526315789473684,0.0182398298324914
"BP","GO:0071214","cellular response to abiotic stimulus","1/19","344/18805",0.00290697674418605,2.87714198286414,1.1174638840175,0.295984584265704,0.348037909665644,0.263857286814601,"TREX1",1,"BP",0.0526315789473684,0.0182930071789418
"BP","GO:0104004","cellular response to environmental stimulus","1/19","344/18805",0.00290697674418605,2.87714198286414,1.1174638840175,0.295984584265704,0.348037909665644,0.263857286814601,"TREX1",1,"BP",0.0526315789473684,0.0182930071789418
"BP","GO:0010038","response to metal ion","1/19","347/18805",0.00288184438040346,2.85226755649932,1.10754377174908,0.29815617636751,0.348037909665644,0.263857286814601,"PGAM2",1,"BP",0.0526315789473684,0.018452539218293
"BP","GO:0062012","regulation of small molecule metabolic process","1/19","347/18805",0.00288184438040346,2.85226755649932,1.10754377174908,0.29815617636751,0.348037909665644,0.263857286814601,"TREX1",1,"BP",0.0526315789473684,0.018452539218293
"BP","GO:0016042","lipid catabolic process","1/19","350/18805",0.00285714285714286,2.82781954887218,1.09772884933672,0.300321421538404,0.348037909665644,0.263857286814601,"ABHD16B",1,"BP",0.0526315789473684,0.0186120712576442
"BP","GO:0070588","calcium ion transmembrane transport","1/19","350/18805",0.00285714285714286,2.82781954887218,1.09772884933672,0.300321421538404,0.348037909665644,0.263857286814601,"GP1BB",1,"BP",0.0526315789473684,0.0186120712576442
"BP","GO:0006310","DNA recombination","1/19","352/18805",0.00284090909090909,2.8117523923445,1.09124294021819,0.301761400901237,0.348037909665644,0.263857286814601,"TREX1",1,"BP",0.0526315789473684,0.0187184259505451
"BP","GO:0015980","energy derivation by oxidation of organic compounds","1/19","352/18805",0.00284090909090909,2.8117523923445,1.09124294021819,0.301761400901237,0.348037909665644,0.263857286814601,"TREX1",1,"BP",0.0526315789473684,0.0187184259505451
"BP","GO:0006402","mRNA catabolic process","1/19","357/18805",0.00280112044817927,2.77237210673743,1.07522445234708,0.305349076105038,0.349360597530549,0.264860053529502,"DND1",1,"BP",0.0526315789473684,0.0189843126827971
"BP","GO:0006887","exocytosis","1/19","358/18805",0.00279329608938547,2.76462805057336,1.0720538002887,0.306064512334114,0.349360597530549,0.264860053529502,"CPLX3",1,"BP",0.0526315789473684,0.0190374900292475
"BP","GO:1901990","regulation of mitotic cell cycle phase transition","1/19","358/18805",0.00279329608938547,2.76462805057336,1.0720538002887,0.306064512334114,0.349360597530549,0.264860053529502,"TREX1",1,"BP",0.0526315789473684,0.0190374900292475
"BP","GO:0006936","muscle contraction","1/19","359/18805",0.00278551532033426,2.75692713678346,1.06889399122635,0.306779250463113,0.349360597530549,0.264860053529502,"PGAM2",1,"BP",0.0526315789473684,0.019090667375698
"BP","GO:0009895","negative regulation of catabolic process","1/19","368/18805",0.00271739130434783,2.68950228832952,1.04093192541421,0.313180585093604,0.355528903203745,0.269536418816078,"DND1",1,"BP",0.0526315789473684,0.0195692634937517
"BP","GO:0044282","small molecule catabolic process","1/19","370/18805",0.0027027027027027,2.67496443812233,1.03483151077428,0.314595478883906,0.356015573282414,0.269905377032884,"PGAM2",1,"BP",0.0526315789473684,0.0196756181866525
"BP","GO:0009306","protein secretion","1/19","372/18805",0.00268817204301075,2.66058290888512,1.02877116923645,0.316007611008425,0.356496086168879,0.270269667309837,"CPLX3",1,"BP",0.0526315789473684,0.0197819728795533
"BP","GO:0035592","establishment of protein localization to extracellular region","1/19","375/18805",0.00266666666666667,2.63929824561404,1.01975467052801,0.318120642206999,0.357761843728121,0.271229273565568,"CPLX3",1,"BP",0.0526315789473684,0.0199415049189045
"BP","GO:0071692","protein localization to extracellular region","1/19","383/18805",0.00261096605744125,2.58416930053593,0.996133059471519,0.323725199998108,0.361804237371832,0.274293925402176,"CPLX3",1,"BP",0.0526315789473684,0.0203669236905078
"BP","GO:0002449","lymphocyte mediated immunity","1/19","384/18805",0.00260416666666667,2.57743969298246,0.993222475037618,0.324422693277885,0.361804237371832,0.274293925402176,"TREX1",1,"BP",0.0526315789473684,0.0204201010369583
"BP","GO:0050878","regulation of body fluid levels","1/19","388/18805",0.00257731958762887,2.55086814975583,0.981671219115797,0.327205857159138,0.361804237371832,0.274293925402176,"GP1BB",1,"BP",0.0526315789473684,0.0206328104227599
"BP","GO:0016050","vesicle organization","1/19","389/18805",0.0025706940874036,2.54431064808551,0.978805894773975,0.32789994896095,0.361804237371832,0.274293925402176,"CPLX3",1,"BP",0.0526315789473684,0.0206859877692103
"BP","GO:0007281","germ cell development","1/19","391/18805",0.00255754475703325,2.53129627136896,0.973101847424511,0.329286097952083,0.361804237371832,0.274293925402176,"DND1",1,"BP",0.0526315789473684,0.0207923424621111
"BP","GO:0050867","positive regulation of cell activation","1/19","392/18805",0.00255102040816327,2.52483888292159,0.970263015998318,0.329978156393427,0.361804237371832,0.274293925402176,"GP1BB",1,"BP",0.0526315789473684,0.0208455198085616
"BP","GO:0030522","intracellular receptor signaling pathway","1/19","393/18805",0.00254452926208651,2.51841435650194,0.967432907914647,0.330669538299065,0.361804237371832,0.274293925402176,"TREX1",1,"BP",0.0526315789473684,0.020898697155012
"BP","GO:0045089","positive regulation of innate immune response","1/19","395/18805",0.00253164556962025,2.50566289140573,0.961798650101609,0.332050275001295,0.361804237371832,0.274293925402176,"TREX1",1,"BP",0.0526315789473684,0.0210050518479128
"BP","GO:0046486","glycerolipid metabolic process","1/19","395/18805",0.00253164556962025,2.50566289140573,0.961798650101609,0.332050275001295,0.361804237371832,0.274293925402176,"ABHD16B",1,"BP",0.0526315789473684,0.0210050518479128
"BP","GO:0050863","regulation of T cell activation","1/19","395/18805",0.00253164556962025,2.50566289140573,0.961798650101609,0.332050275001295,0.361804237371832,0.274293925402176,"TREX1",1,"BP",0.0526315789473684,0.0210050518479128
"BP","GO:0002460","adaptive immune response based on somatic recombination of immune receptors built from immunoglobulin superfamily domains","1/19","396/18805",0.00252525252525253,2.49933545986178,0.958994395682382,0.332739631045563,0.361804237371832,0.274293925402176,"TREX1",1,"BP",0.0526315789473684,0.0210582291943632
"BP","GO:0009100","glycoprotein metabolic process","1/19","400/18805",0.0025,2.47434210526316,0.947862007516252,0.335490321041274,0.363699717405105,0.275730941902106,"TREX1",1,"BP",0.0526315789473684,0.0212709385801648
"BP","GO:1903311","regulation of mRNA metabolic process","1/19","404/18805",0.00247524752475248,2.44984366857738,0.936862614928357,0.338230266167657,0.365217318611413,0.276881477880062,"DND1",1,"BP",0.0526315789473684,0.0214836479659665
"BP","GO:0045786","negative regulation of cell cycle","1/19","405/18805",0.00246913580246914,2.44379467186485,0.934133178510459,0.338913578212807,0.365217318611413,0.276881477880062,"TREX1",1,"BP",0.0526315789473684,0.0215368253124169
"BP","GO:0006979","response to oxidative stress","1/19","408/18805",0.00245098039215686,2.42582559339525,0.92599309043926,0.340959506073629,0.366328516942203,0.277723908455964,"TREX1",1,"BP",0.0526315789473684,0.0216963573517681
"BP","GO:0006631","fatty acid metabolic process","1/19","413/18805",0.00242130750605327,2.39645724480693,0.912584215895177,0.344356061919641,0.368145494751203,0.279101410221061,"TREX1",1,"BP",0.0526315789473684,0.0219622440840202
"BP","GO:0002697","regulation of immune effector process","1/19","414/18805",0.00241545893719807,2.39066870073735,0.90992572076951,0.345033380037493,0.368145494751203,0.279101410221061,"TREX1",1,"BP",0.0526315789473684,0.0220154214304706
"BP","GO:0006401","RNA catabolic process","1/19","415/18805",0.00240963855421687,2.38490805326569,0.907274881205084,0.345710035237279,0.368145494751203,0.279101410221061,"DND1",1,"BP",0.0526315789473684,0.022068598776921
"BP","GO:0014706","striated muscle tissue development","1/19","423/18805",0.00236406619385343,2.3398034092323,0.886338560961477,0.351099485210803,0.370935668594961,0.281216719156407,"TREX1",1,"BP",0.0526315789473684,0.0224940175485243
"BP","GO:0002833","positive regulation of response to biotic stimulus","1/19","425/18805",0.00235294117647059,2.32879256965944,0.881178039424236,0.352440261296598,0.370935668594961,0.281216719156407,"TREX1",1,"BP",0.0526315789473684,0.0226003722414252
"BP","GO:0009615","response to virus","1/19","425/18805",0.00235294117647059,2.32879256965944,0.881178039424236,0.352440261296598,0.370935668594961,0.281216719156407,"TREX1",1,"BP",0.0526315789473684,0.0226003722414252
"BP","GO:0044782","cilium organization","1/19","425/18805",0.00235294117647059,2.32879256965944,0.881178039424236,0.352440261296598,0.370935668594961,0.281216719156407,"CFAP126",1,"BP",0.0526315789473684,0.0226003722414252
"BP","GO:0022412","cellular process involved in reproduction in multicellular organism","1/19","429/18805",0.00233100233100233,2.30707888602625,0.870942968064046,0.355113943843571,0.372663179440492,0.282526393510797,"DND1",1,"BP",0.0526315789473684,0.0228130816272268
"BP","GO:0009314","response to radiation","1/19","442/18805",0.00226244343891403,2.23922362467254,0.83844342728206,0.363731369204651,0.379227140504198,0.287502716230038,"TREX1",1,"BP",0.0526315789473684,0.0235043871310822
"BP","GO:0050727","regulation of inflammatory response","1/19","442/18805",0.00226244343891403,2.23922362467254,0.83844342728206,0.363731369204651,0.379227140504198,0.287502716230038,"TREX1",1,"BP",0.0526315789473684,0.0235043871310822
"BP","GO:0007005","mitochondrion organization","1/19","445/18805",0.00224719101123596,2.22412773506801,0.831103607944138,0.365704454790464,0.379227140504198,0.287502716230038,"TOMM6",1,"BP",0.0526315789473684,0.0236639191704334
"BP","GO:0060537","muscle tissue development","1/19","446/18805",0.00224215246636771,2.21914090158131,0.828669936094965,0.366360860855768,0.379227140504198,0.287502716230038,"TREX1",1,"BP",0.0526315789473684,0.0237170965168838
"BP","GO:0006816","calcium ion transport","1/19","447/18805",0.00223713646532438,2.21417638054869,0.826242674045972,0.367016623350661,0.379227140504198,0.287502716230038,"GP1BB",1,"BP",0.0526315789473684,0.0237702738633342
"BP","GO:0032102","negative regulation of response to external stimulus","1/19","448/18805",0.00223214285714286,2.20923402255639,0.823821787693682,0.367671742871106,0.379227140504198,0.287502716230038,"TREX1",1,"BP",0.0526315789473684,0.0238234512097846
"BP","GO:0042060","wound healing","1/19","450/18805",0.00222222222222222,2.19941520467836,0.818999006962659,0.368980055369912,0.379492307659653,0.287703746877124,"GP1BB",1,"BP",0.0526315789473684,0.0239298059026855
"BP","GO:0030099","myeloid cell differentiation","1/19","455/18805",0.0021978021978022,2.17524580682475,0.807051291999347,0.372239626181647,0.381757116623791,0.289420761983338,"GP1BB",1,"BP",0.0526315789473684,0.0241956926349375
"BP","GO:0044772","mitotic cell cycle phase transition","1/19","457/18805",0.00218818380743982,2.16572613152136,0.802315216487854,0.373538982782156,0.382004455479769,0.289608276497273,"TREX1",1,"BP",0.0526315789473684,0.0243020473278383
"BP","GO:0042391","regulation of membrane potential","1/19","463/18805",0.00215982721382289,2.13766056610208,0.788251159763098,0.377421782413363,0.384884925003458,0.291792041116486,"NPFF",1,"BP",0.0526315789473684,0.0246211114065408
"BP","GO:0003012","muscle system process","1/19","467/18805",0.00214132762312634,2.11935083962583,0.778992808158461,0.379997637457351,0.384904896038658,0.2918071817176,"PGAM2",1,"BP",0.0526315789473684,0.0248338207923425
"BP","GO:0072594","establishment of protein localization to organelle","1/19","467/18805",0.00214132762312634,2.11935083962583,0.778992808158461,0.379997637457351,0.384904896038658,0.2918071817176,"TOMM6",1,"BP",0.0526315789473684,0.0248338207923425
"BP","GO:1901987","regulation of cell cycle phase transition","1/19","468/18805",0.00213675213675214,2.11482231219073,0.776692656388712,0.380640021844324,0.384904896038658,0.2918071817176,"TREX1",1,"BP",0.0526315789473684,0.0248869981387929
"BP","GO:0007018","microtubule-based movement","1/19","481/18805",0.00207900207900208,2.05766495240179,0.747300500023294,0.388933848523107,0.391284334814361,0.296643612922391,"CFAP126",1,"BP",0.0526315789473684,0.0255783036426482
"BP","GO:0045088","regulation of innate immune response","1/19","482/18805",0.0020746887966805,2.05339593797772,0.745077811728632,0.389567457826646,0.391284334814361,0.296643612922391,"TREX1",1,"BP",0.0526315789473684,0.0256314809890986
"BP","GO:0002443","leukocyte mediated immunity","1/19","483/18805",0.0020703933747412,2.04914460063201,0.742860452641184,0.390200444690222,0.391284334814361,0.296643612922391,"TREX1",1,"BP",0.0526315789473684,0.0256846583355491
"BP","GO:0023061","signal release","1/19","497/18805",0.00201207243460765,1.99142221751562,0.712362668869452,0.398997227083926,0.398997227083926,0.302490972566907,"CPLX3",1,"BP",0.0526315789473684,0.0264291411858548
"CC","GO:0043679","axon terminus","2/21","115/19880",0.0173913043478261,16.463768115942,5.4080919355752,0.00648342228417704,0.144172111858007,0.109604529482695,"NPFF/CPLX3",2,"CC",0.0952380952380952,0.00578470824949698
"CC","GO:0044306","neuron projection terminus","2/21","131/19880",0.0152671755725191,14.4529262086514,5.02351934792408,0.0083370057293435,0.144172111858007,0.109604529482695,"NPFF/CPLX3",2,"CC",0.0952380952380952,0.00658953722334004
"CC","GO:0160112","axonemal B tubule inner sheath","1/21","13/19880",0.0769230769230769,72.8205128205128,8.42329980214932,0.013649788349384,0.144172111858007,0.109604529482695,"CFAP126",1,"CC",0.0476190476190476,0.000653923541247485
"CC","GO:0008250","oligosaccharyltransferase complex","1/21","14/19880",0.0714285714285714,67.6190476190476,8.10840529069165,0.0146923893683935,0.144172111858007,0.109604529482695,"TREX1",1,"CC",0.0476190476190476,0.000704225352112676
"CC","GO:0097470","ribbon synapse","1/21","14/19880",0.0714285714285714,67.6190476190476,8.10840529069165,0.0146923893683935,0.144172111858007,0.109604529482695,"CPLX3",1,"CC",0.0476190476190476,0.000704225352112676
"CC","GO:1990229","iron-sulfur cluster assembly complex","1/21","19/19880",0.0526315789473684,49.8245614035088,6.92377301463087,0.0198896700249098,0.144172111858007,0.109604529482695,"BOLA2",1,"CC",0.0476190476190476,0.000955734406438632
"CC","GO:0005742","mitochondrial outer membrane translocase complex","1/21","22/19880",0.0454545454545455,43.030303030303,6.41407944401805,0.022995494927629,0.144172111858007,0.109604529482695,"TOMM6",1,"CC",0.0476190476190476,0.00110663983903421
"CC","GO:0090665","glycoprotein complex","1/21","23/19880",0.0434782608695652,41.1594202898551,6.26646706501833,0.0240286853096678,0.144172111858007,0.109604529482695,"GP1BB",1,"CC",0.0476190476190476,0.0011569416498994
"CC","GO:0098799","outer mitochondrial membrane protein complex","1/21","23/19880",0.0434782608695652,41.1594202898551,6.26646706501833,0.0240286853096678,0.144172111858007,0.109604529482695,"TOMM6",1,"CC",0.0476190476190476,0.0011569416498994
"CC","GO:0150034","distal axon","2/21","277/19880",0.0072202166064982,6.83513838748496,3.18022612729195,0.0341293275218563,0.160504742040643,0.122021148919787,"NPFF/CPLX3",2,"CC",0.0952380952380952,0.0139336016096579
"CC","GO:0048787","presynaptic active zone membrane","1/21","33/19880",0.0303030303030303,28.6868686868687,5.17620660211141,0.0343035184352608,0.160504742040643,0.122021148919787,"CPLX3",1,"CC",0.0476190476190476,0.00165995975855131
"CC","GO:0043596","nuclear replication fork","1/21","41/19880",0.024390243902439,23.0894308943089,4.60410047820287,0.0424491257136818,0.160504742040643,0.122021148919787,"TREX1",1,"CC",0.0476190476190476,0.00206237424547284
"CC","GO:0043195","terminal bouton","1/21","44/19880",0.0227272727272727,21.5151515151515,4.42998487618416,0.0454868244970806,0.160504742040643,0.122021148919787,"CPLX3",1,"CC",0.0476190476190476,0.00221327967806841
"CC","GO:0097649","A axonemal microtubule","1/21","45/19880",0.0222222222222222,21.037037037037,4.37574375607691,0.04649734963751,0.160504742040643,0.122021148919787,"CFAP126",1,"CC",0.0476190476190476,0.0022635814889336
"CC","GO:0160110","axonemal microtubule doublet inner sheath","1/21","46/19880",0.0217391304347826,20.5797101449275,4.32322905393669,0.0475068558466161,0.160504742040643,0.122021148919787,"CFAP126",1,"CC",0.0476190476190476,0.00231388329979879
"CC","GO:0031201","SNARE complex","1/21","49/19880",0.0204081632653061,19.3197278911565,4.17515860224167,0.0505292706424245,0.160504742040643,0.122021148919787,"CPLX3",1,"CC",0.0476190476190476,0.00246478873239437
"CC","GO:0097545","axonemal doublet microtubule","1/21","49/19880",0.0204081632653061,19.3197278911565,4.17515860224167,0.0505292706424245,0.160504742040643,0.122021148919787,"CFAP126",1,"CC",0.0476190476190476,0.00246478873239437
"CC","GO:0005879","axonemal microtubule","1/21","57/19880",0.0175438596491228,16.6081871345029,3.83736780062322,0.0585444532076551,0.175633359622965,0.133522437140266,"CFAP126",1,"CC",0.0476190476190476,0.0028672032193159
"CC","GO:0005657","replication fork","1/21","74/19880",0.0135135135135135,12.7927927927928,3.30493077040183,0.0753632823248205,0.203480862277015,0.154693053193053,"TREX1",1,"CC",0.0476190476190476,0.00372233400402415
"CC","GO:0032040","small-subunit processome","1/21","74/19880",0.0135135135135135,12.7927927927928,3.30493077040183,0.0753632823248205,0.203480862277015,0.154693053193053,"UTP14C",1,"CC",0.0476190476190476,0.00372233400402415
"CC","GO:0048786","presynaptic active zone","1/21","85/19880",0.0117647058823529,11.1372549019608,3.04565217056943,0.0860931475026104,0.216076699224669,0.164268835667877,"CPLX3",1,"CC",0.0476190476190476,0.00427565392354125
"CC","GO:0005758","mitochondrial intermembrane space","1/21","87/19880",0.0114942528735632,10.8812260536398,3.00360539065248,0.0880312478322726,0.216076699224669,0.164268835667877,"CMC4",1,"CC",0.0476190476190476,0.00437625754527163
"CC","GO:0031970","organelle envelope lumen","1/21","97/19880",0.0103092783505155,9.75945017182131,2.81219132652653,0.0976631781315359,0.229296157352302,0.174318716115785,"CMC4",1,"CC",0.0476190476190476,0.00487927565392354
"CC","GO:0030684","preribosome","1/21","106/19880",0.00943396226415094,8.93081761006289,2.6622685164277,0.106249010348875,0.239060273284969,0.181741728228339,"UTP14C",1,"CC",0.0476190476190476,0.00533199195171026
"CC","GO:0140534","endoplasmic reticulum protein-containing complex","1/21","118/19880",0.00847457627118644,8.0225988700565,2.48800726848421,0.117575818009172,0.251974267613231,0.191559384735205,"TREX1",1,"CC",0.0476190476190476,0.00593561368209256
"CC","GO:0005881","cytoplasmic microtubule","1/21","122/19880",0.00819672131147541,7.75956284153005,2.43531565752262,0.12132094366563,0.251974267613231,0.191559384735205,"CFAP126",1,"CC",0.0476190476190476,0.00613682092555332
"CC","GO:0030672","synaptic vesicle membrane","1/21","143/19880",0.00699300699300699,6.62004662004662,2.19328764740801,0.140735794571108,0.271419032387136,0.206341954446361,"CPLX3",1,"CC",0.0476190476190476,0.00719315895372233
"CC","GO:0099501","exocytic vesicle membrane","1/21","143/19880",0.00699300699300699,6.62004662004662,2.19328764740801,0.140735794571108,0.271419032387136,0.206341954446361,"CPLX3",1,"CC",0.0476190476190476,0.00719315895372233
"CC","GO:0043204","perikaryon","1/21","152/19880",0.00657894736842105,6.2280701754386,2.10402017117279,0.148930764343904,0.277319354295546,0.210827579289012,"NPFF",1,"CC",0.0476190476190476,0.00764587525150905
"CC","GO:0098798","mitochondrial protein-containing complex","1/21","178/19880",0.00561797752808989,5.31835205992509,1.88191981936293,0.17218907798795,0.28464802932638,0.216399086622394,"TOMM6",1,"CC",0.0476190476190476,0.00895372233400402
"CC","GO:0042734","presynaptic membrane","1/21","181/19880",0.00552486187845304,5.23020257826888,1.85911643121253,0.17483343701306,0.28464802932638,0.216399086622394,"CPLX3",1,"CC",0.0476190476190476,0.0091046277665996
"CC","GO:0036064","ciliary basal body","1/21","184/19880",0.00543478260869565,5.14492753623188,1.83681349900276,0.177469749918811,0.28464802932638,0.216399086622394,"CFAP126",1,"CC",0.0476190476190476,0.00925553319919517
"CC","GO:0005930","axoneme","1/21","185/19880",0.00540540540540541,5.11711711711712,1.82948696383131,0.178346736883256,0.28464802932638,0.216399086622394,"CFAP126",1,"CC",0.0476190476190476,0.00930583501006036
"CC","GO:0097014","ciliary plasm","1/21","186/19880",0.00537634408602151,5.08960573476703,1.82221313481609,0.179222833279573,0.28464802932638,0.216399086622394,"CFAP126",1,"CC",0.0476190476190476,0.00935613682092555
"CC","GO:0036126","sperm flagellum","1/21","213/19880",0.00469483568075117,4.44444444444444,1.64349411589277,0.202543922118588,0.295563500900825,0.224697398345657,"CFAP126",1,"CC",0.0476190476190476,0.0107142857142857
"CC","GO:0008021","synaptic vesicle","1/21","226/19880",0.00442477876106195,4.18879056047198,1.56777222378135,0.2135461993865,0.295563500900825,0.224697398345657,"CPLX3",1,"CC",0.0476190476190476,0.0113682092555332
"CC","GO:0005741","mitochondrial outer membrane","1/21","228/19880",0.0043859649122807,4.15204678362573,1.55662831822525,0.215225972078683,0.295563500900825,0.224697398345657,"TOMM6",1,"CC",0.0476190476190476,0.0114688128772636
"CC","GO:0097729","9+2 motile cilium","1/21","232/19880",0.00431034482758621,4.08045977011494,1.53471799525179,0.218575272177828,0.295563500900825,0.224697398345657,"CFAP126",1,"CC",0.0476190476190476,0.0116700201207243
"CC","GO:0000228","nuclear chromosome","1/21","236/19880",0.00423728813559322,4.01129943502825,1.51329364311114,0.221910955870547,0.295563500900825,0.224697398345657,"TREX1",1,"CC",0.0476190476190476,0.0118712273641851
"CC","GO:0032993","protein-DNA complex","1/21","240/19880",0.00416666666666667,3.94444444444444,1.49233549912678,0.225233075756493,0.295563500900825,0.224697398345657,"TREX1",1,"CC",0.0476190476190476,0.0120724346076459
"CC","GO:0070382","exocytic vesicle","1/21","243/19880",0.00411522633744856,3.8957475994513,1.47691158807104,0.227715795956134,0.295563500900825,0.224697398345657,"CPLX3",1,"CC",0.0476190476190476,0.0122233400402414
"CC","GO:0030658","transport vesicle membrane","1/21","254/19880",0.00393700787401575,3.72703412073491,1.42239350081032,0.236754435277189,0.295563500900825,0.224697398345657,"CPLX3",1,"CC",0.0476190476190476,0.0127766599597586
"CC","GO:0031968","organelle outer membrane","1/21","257/19880",0.00389105058365759,3.68352788586252,1.40805039473713,0.239201978490806,0.295563500900825,0.224697398345657,"TOMM6",1,"CC",0.0476190476190476,0.0129275653923541
"CC","GO:0019867","outer membrane","1/21","259/19880",0.00386100386100386,3.65508365508365,1.39860716456025,0.240829519252524,0.295563500900825,0.224697398345657,"TOMM6",1,"CC",0.0476190476190476,0.0130281690140845
"CC","GO:0032838","plasma membrane bounded cell projection cytoplasm","1/21","272/19880",0.00367647058823529,3.48039215686274,1.33941876377311,0.25132798652842,0.301593583834104,0.229281671920664,"CFAP126",1,"CC",0.0476190476190476,0.013682092555332
"CC","GO:0099568","cytoplasmic region","1/21","307/19880",0.00325732899022801,3.08360477741585,1.196421091543,0.278910235914216,0.327416363899297,0.2489130251866,"CFAP126",1,"CC",0.0476190476190476,0.0154426559356137
"CC","GO:0031514","motile cilium","1/21","318/19880",0.00314465408805031,2.9769392033543,1.15565571870925,0.287377161682485,0.330159784976319,0.250998666941061,"CFAP126",1,"CC",0.0476190476190476,0.0159959758551308
"CC","GO:0098802","plasma membrane signaling receptor complex","1/21","326/19880",0.00306748466257669,2.9038854805726,1.12709375327265,0.293475364423395,0.330159784976319,0.250998666941061,"GP1BB",1,"CC",0.0476190476190476,0.0163983903420523
"CC","GO:0016324","apical plasma membrane","1/21","413/19880",0.00242130750605327,2.29217110573043,0.862926414781344,0.356663444619641,0.393057673662461,0.298815775298947,"CFAP126",1,"CC",0.0476190476190476,0.0207746478873239
"CC","GO:0030133","transport vesicle","1/21","444/19880",0.00225225225225225,2.13213213213213,0.784536914124821,0.37784894270468,0.405748939695201,0.30846410620103,"CPLX3",1,"CC",0.0476190476190476,0.0223340040241449
"CC","GO:0097060","synaptic membrane","1/21","452/19880",0.00221238938053097,2.09439528023599,0.765345631663759,0.383207331934356,0.405748939695201,0.30846410620103,"CPLX3",1,"CC",0.0476190476190476,0.0227364185110664
"CC","GO:0045177","apical part of cell","1/21","479/19880",0.00208768267223382,1.97633959638135,0.703371598766052,0.400969268614325,0.411901634799642,0.31314159370733,"CFAP126",1,"CC",0.0476190476190476,0.0240945674044266
"CC","GO:0005874","microtubule","1/21","486/19880",0.00205761316872428,1.94787379972565,0.687959994529169,0.405494067275863,0.411901634799642,0.31314159370733,"CFAP126",1,"CC",0.0476190476190476,0.0244466800804829
"CC","GO:0005635","nuclear envelope","1/21","496/19880",0.00201612903225806,1.90860215053763,0.6663787268194,0.411901634799642,0.411901634799642,0.31314159370733,"TREX1",1,"CC",0.0476190476190476,0.0249496981891348
"MF","GO:0016868","intramolecular phosphotransferase activity","1/17","10/18639",0.1,109.641176470588,10.3827080376043,0.00908550270011788,0.0708944469276119,0.0443090293297574,"PGAM2",1,"MF",0.0588235294117647,0.000536509469392135
"MF","GO:0032404","mismatch repair complex binding","1/17","11/18639",0.0909090909090909,99.6737967914438,9.89067702841803,0.00998976736564428,0.0708944469276119,0.0443090293297574,"TREX1",1,"MF",0.0588235294117647,0.000590160416331348
"MF","GO:0047372","monoacylglycerol lipase activity","1/17","15/18639",0.0666666666666667,73.0941176470588,8.43956246979385,0.0135990653513457,0.0708944469276119,0.0443090293297574,"ABHD16B",1,"MF",0.0588235294117647,0.000804764204088202
"MF","GO:0008296","3'-5'-DNA exonuclease activity","1/17","16/18639",0.0625,68.5257352941176,8.16423402046059,0.0144994528024321,0.0708944469276119,0.0443090293297574,"TREX1",1,"MF",0.0588235294117647,0.000858415151027416
"MF","GO:0008301","DNA binding, bending","1/17","19/18639",0.0526315789473684,57.7058823529412,7.47181358169501,0.017195976226016,0.0708944469276119,0.0443090293297574,"TREX1",1,"MF",0.0588235294117647,0.00101936799184506
"MF","GO:0005326","neurotransmitter transmembrane transporter activity","1/17","20/18639",0.05,54.8205882352941,7.27605905347251,0.0180932731327915,0.0708944469276119,0.0443090293297574,"CPLX3",1,"MF",0.0588235294117647,0.00107301893878427
"MF","GO:0050699","WW domain binding","1/17","24/18639",0.0416666666666667,45.6838235294118,6.61813134145042,0.0216747561634991,0.0708944469276119,0.0443090293297574,"TREX1",1,"MF",0.0588235294117647,0.00128762272654112
"MF","GO:0016895","DNA exonuclease activity, producing 5'-phosphomonoesters","1/17","25/18639",0.04,43.8564705882353,6.47854537657424,0.0225682038747655,0.0708944469276119,0.0443090293297574,"TREX1",1,"MF",0.0588235294117647,0.00134127367348034
"MF","GO:0004529","DNA exonuclease activity","1/17","26/18639",0.0384615384615385,42.1696832579185,6.3469775808454,0.0234608836069093,0.0708944469276119,0.0443090293297574,"TREX1",1,"MF",0.0588235294117647,0.00139492462041955
"MF","GO:0016866","intramolecular transferase activity","1/17","28/18639",0.0357142857142857,39.1575630252101,6.10500107232898,0.0252439416089874,0.0708944469276119,0.0443090293297574,"PGAM2",1,"MF",0.0588235294117647,0.00150222651429798
"MF","GO:0051537","2 iron, 2 sulfur cluster binding","1/17","28/18639",0.0357142857142857,39.1575630252101,6.10500107232898,0.0252439416089874,0.0708944469276119,0.0443090293297574,"BOLA2",1,"MF",0.0588235294117647,0.00150222651429798
"MF","GO:0005184","neuropeptide hormone activity","1/17","31/18639",0.032258064516129,35.3681214421252,5.78625735397098,0.0279127842262,0.0708944469276119,0.0443090293297574,"NPFF",1,"MF",0.0588235294117647,0.00166317935511562
"MF","GO:0160041","neuropeptide activity","1/17","32/18639",0.03125,34.2628676470588,5.68993691467319,0.0288008690643423,0.0708944469276119,0.0443090293297574,"NPFF",1,"MF",0.0588235294117647,0.00171683030205483
"MF","GO:0008408","3'-5' exonuclease activity","1/17","58/18639",0.0172413793103448,18.9036511156187,4.12602651570492,0.0516248240893281,0.106954754544523,0.0668467215903271,"TREX1",1,"MF",0.0588235294117647,0.00311175492247438
"MF","GO:0016796","exonuclease activity, active with either ribo- or deoxyribonucleic acids and producing 5'-phosphomonoesters","1/17","60/18639",0.0166666666666667,18.2735294117647,4.04908128103672,0.0533594386063116,0.106954754544523,0.0668467215903271,"TREX1",1,"MF",0.0588235294117647,0.00321905681635281
"MF","GO:0019905","syntaxin binding","1/17","61/18639",0.0163934426229508,17.9739633558341,4.01198824363009,0.0542256256747055,0.106954754544523,0.0668467215903271,"CPLX3",1,"MF",0.0588235294117647,0.00327270776329202
"MF","GO:0004536","DNA nuclease activity","1/17","64/18639",0.015625,17.1314338235294,3.90579549235313,0.056819713351778,0.106954754544523,0.0668467215903271,"TREX1",1,"MF",0.0588235294117647,0.00343366060410966
"MF","GO:0051536","iron-sulfur cluster binding","1/17","76/18639",0.0131578947368421,14.4264705882353,3.54368844006952,0.0671292494503258,0.114498648782904,0.0715616554893147,"BOLA2",1,"MF",0.0588235294117647,0.00407747196738022
"MF","GO:0051540","metal cluster binding","1/17","77/18639",0.012987012987013,14.2391138273491,3.51724683746753,0.067983572714849,0.114498648782904,0.0715616554893147,"BOLA2",1,"MF",0.0588235294117647,0.00413112291431944
"MF","GO:0004527","exonuclease activity","1/17","84/18639",0.0119047619047619,13.0525210084034,3.34501457232768,0.0739432494879149,0.118309199180664,0.0739432494879149,"TREX1",1,"MF",0.0588235294117647,0.00450667954289393
"MF","GO:0000149","SNARE binding","1/17","106/18639",0.00943396226415094,10.3435072142064,2.91474756557938,0.0924410146259544,0.138089197668015,0.0863057485425092,"CPLX3",1,"MF",0.0588235294117647,0.00568700037555663
"MF","GO:0004620","phospholipase activity","1/17","109/18639",0.00917431192660551,10.0588235294118,2.86588191578963,0.0949363233967602,0.138089197668015,0.0863057485425092,"ABHD16B",1,"MF",0.0588235294117647,0.00584795321637427
"MF","GO:0003697","single-stranded DNA binding","1/17","121/18639",0.00826446280991736,9.06125425376762,2.68787592648604,0.104853132501833,0.145732633387835,0.0910828958673967,"TREX1",1,"MF",0.0588235294117647,0.00649176457964483
"MF","GO:0016298","lipase activity","1/17","130/18639",0.00769230769230769,8.43393665158371,2.56986321298357,0.112223528908449,0.145732633387835,0.0910828958673967,"ABHD16B",1,"MF",0.0588235294117647,0.00697462310209775
"MF","GO:0005179","hormone activity","1/17","132/18639",0.00757575757575758,8.30614973262032,2.54517984105394,0.113853619834246,0.145732633387835,0.0910828958673967,"NPFF",1,"MF",0.0588235294117647,0.00708192499597618
"MF","GO:0043021","ribonucleoprotein complex binding","1/17","177/18639",0.00564971751412429,6.19441674975075,2.0979493712551,0.149794416940955,0.180315278408639,0.1126970490054,"ZNF593",1,"MF",0.0588235294117647,0.00949621760824079
"MF","GO:0016853","isomerase activity","1/17","180/18639",0.00555555555555556,6.09117647058824,2.07377326710982,0.152141016157289,0.180315278408639,0.1126970490054,"PGAM2",1,"MF",0.0588235294117647,0.00965717044905843
"MF","GO:0004518","nuclease activity","1/17","209/18639",0.00478468899521531,5.24598930481283,1.86509228047605,0.174512691812846,0.199443076357538,0.124651922723462,"TREX1",1,"MF",0.0588235294117647,0.0112130479102956
"MF","GO:0000287","magnesium ion binding","1/17","230/18639",0.00434782608695652,4.76700767263427,1.7368258613932,0.190364756205233,0.210057662019568,0.13128603876223,"TREX1",1,"MF",0.0588235294117647,0.0123397177960191
"MF","GO:0003730","mRNA 3'-UTR binding","1/17","262/18639",0.00381679389312977,4.18477772788505,1.56856824501632,0.21397037604068,0.228235067776726,0.142646917360454,"DND1",1,"MF",0.0588235294117647,0.0140565480980739
"MF","GO:0001664","G protein-coupled receptor binding","1/17","297/18639",0.00336700336700337,3.69162210338681,1.41279750533265,0.239046652855551,0.246757835205731,0.154223647003582,"NPFF",1,"MF",0.0588235294117647,0.0159343312409464
"MF","GO:0140097","catalytic activity, acting on DNA","1/17","336/18639",0.00297619047619048,3.26313025210084,1.26482080916631,0.266101151483813,0.266101151483813,0.166313219677383,"TREX1",1,"MF",0.0588235294117647,0.0180267181715757
