"ONTOLOGY","ID","Description","GeneRatio","BgRatio","RichFactor","FoldEnrichment","zScore","pvalue","p.adjust","qvalue","geneID","Count","Category","GeneRatioNum","BgRatioNum"
"BP","GO:0016236","macroautophagy","14/156","374/18805",0.0374331550802139,4.51237488002194,6.27511746674009,2.94037576002963e-06,0.00698339243007038,0.00664834435004595,"TBC1D14/SQSTM1/HK2/EXOC7/HGS/TBC1D5/TRIM32/FYCO1/ATG9A/SMCR8/RNF31/SPG11/KAT5/STX17",14,"BP",0.0897435897435897,0.0198883275724541
"BP","GO:0010506","regulation of autophagy","12/156","359/18805",0.0334261838440111,4.02935504606814,5.30036703824054,4.67165605861537e-05,0.0381176004402393,0.0362888003304749,"TBC1D14/ACER2/SQSTM1/HK2/RAB8A/EXOC7/TRIM32/FYCO1/SMCR8/RNF31/KAT5/EP300",12,"BP",0.0769230769230769,0.019090667375698
"BP","GO:0007030","Golgi organization","8/156","156/18805",0.0512820512820513,6.18178829717291,5.94393205679461,4.81485479245128e-05,0.0381176004402393,0.0362888003304749,"BHLHA15/PRMT5/RAB8A/ZFP69B/CSNK1A1/MYO18A/STX17/EHD3",8,"BP",0.0512820512820513,0.00829566604626429
"BP","GO:0007163","establishment or maintenance of cell polarity","9/156","228/18805",0.0394736842105263,4.75835020242915,5.22199587043051,0.000123313740025174,0.0458949825749645,0.043693040474692,"DLG5/CAP1/CDC42BPB/SIPA1L3/PKD1/FERMT1/MYO18A/KAT5/SAPCD2",9,"BP",0.0576923076923077,0.012124434990694
"BP","GO:0006913","nucleocytoplasmic transport","11/156","340/18805",0.0323529411764706,3.89998114630468,4.93536893220404,0.000129787912336296,0.0458949825749645,0.043693040474692,"SQSTM1/FAM53C/SDAD1/POM121/SMG6/PKD1/FERMT1/NEMF/SPG11/EP300/KPNB1",11,"BP",0.0705128205128205,0.0180802977931401
"BP","GO:0051169","nuclear transport","11/156","340/18805",0.0323529411764706,3.89998114630468,4.93536893220404,0.000129787912336296,0.0458949825749645,0.043693040474692,"SQSTM1/FAM53C/SDAD1/POM121/SMG6/PKD1/FERMT1/NEMF/SPG11/EP300/KPNB1",11,"BP",0.0705128205128205,0.0180802977931401
"BP","GO:0016239","positive regulation of macroautophagy","6/156","96/18805",0.0625,7.53405448717949,5.87019768350229,0.000148352694955601,0.0458949825749645,0.043693040474692,"HK2/TRIM32/FYCO1/SMCR8/RNF31/KAT5",6,"BP",0.0384615384615385,0.00510502525923956
"BP","GO:0090162","establishment of epithelial cell polarity","4/156","33/18805",0.121212121212121,14.6114996114996,7.15759825127542,0.00015459362551567,0.0458949825749645,0.043693040474692,"SIPA1L3/PKD1/FERMT1/MYO18A",4,"BP",0.0256410256410256,0.0017548524328636
"BP","GO:0098698","postsynaptic specialization assembly","4/156","36/18805",0.111111111111111,13.3938746438746,6.80765327663872,0.00021827973385081,0.0576015964328526,0.0548379962937473,"SLITRK3/PTPRS/CASKIN1/SPTBN2",4,"BP",0.0256410256410256,0.00191438447221484
"BP","GO:0010508","positive regulation of autophagy","7/156","156/18805",0.0448717948717949,5.4090647600263,5.05755539683123,0.000327594088699779,0.0778035960661975,0.0740707476344342,"SQSTM1/HK2/TRIM32/FYCO1/SMCR8/RNF31/KAT5",7,"BP",0.0448717948717949,0.00829566604626429
"BP","GO:0006606","protein import into nucleus","7/156","167/18805",0.0419161676646707,5.05277905727008,4.81139659010334,0.000493834683760861,0.105442469338684,0.100383567485648,"SQSTM1/FAM53C/POM121/FERMT1/SPG11/EP300/KPNB1",7,"BP",0.0448717948717949,0.00888061685721882
"BP","GO:0072594","establishment of protein localization to organelle","12/156","467/18805",0.0256959314775161,3.09751276560698,4.19804137614813,0.000532761950342822,0.105442469338684,0.100383567485648,"SQSTM1/HK2/FAM53C/POM121/PEX10/HGS/FERMT1/RNF31/SPG11/HSPA4/EP300/KPNB1",12,"BP",0.0769230769230769,0.0248338207923425
"BP","GO:0051170","import into nucleus","7/156","172/18805",0.0406976744186047,4.90589594514013,4.706555093056,0.000588805300350219,0.105668523139497,0.100598775713524,"SQSTM1/FAM53C/POM121/FERMT1/SPG11/EP300/KPNB1",7,"BP",0.0448717948717949,0.00914650358947089
"BP","GO:1905037","autophagosome organization","6/156","126/18805",0.0476190476190476,5.74023199023199,4.88278615342356,0.000643011138537066,0.105668523139497,0.100598775713524,"TBC1D14/TRIM32/ATG9A/SMCR8/SPG11/STX17",6,"BP",0.0384615384615385,0.00670034565275193
"BP","GO:0099150","regulation of postsynaptic specialization assembly","3/156","21/18805",0.142857142857143,17.220695970696,6.80212702473781,0.000667380146144191,0.105668523139497,0.100598775713524,"PTPRS/CASKIN1/SPTBN2",3,"BP",0.0192307692307692,0.00111672427545865
"BP","GO:0016197","endosomal transport","9/156","293/18805",0.0307167235494881,3.70274350223156,4.26453435325069,0.000775130277667416,0.115058400591257,0.109538147133527,"TBC1D14/VPS52/SQSTM1/RAB8A/ZFYVE9/RGP1/HGS/TBC1D5/EHD3",9,"BP",0.0576923076923077,0.0155809625099708
"BP","GO:0046835","carbohydrate phosphorylation","3/156","24/18805",0.125,15.068108974359,6.30727307455851,0.000997270202459452,0.139324513578894,0.132640024450954,"HK2/POMK/PFKFB3",3,"BP",0.0192307692307692,0.00127625631480989
"BP","GO:0016241","regulation of macroautophagy","7/156","191/18805",0.0366492146596859,4.41787488253457,4.34222811855436,0.00108960141980833,0.139821156327236,0.133112839353309,"HK2/EXOC7/TRIM32/FYCO1/SMCR8/RNF31/KAT5",7,"BP",0.0448717948717949,0.0101568731720287
"BP","GO:0099084","postsynaptic specialization organization","4/156","55/18805",0.0727272727272727,8.76689976689977,5.27579674048438,0.00111856925061789,0.139821156327236,0.133112839353309,"SLITRK3/PTPRS/CASKIN1/SPTBN2",4,"BP",0.0256410256410256,0.00292475405477267
"BP","GO:0060998","regulation of dendritic spine development","4/156","60/18805",0.0666666666666667,8.03632478632479,4.99273397504085,0.00154889467901636,0.172306078042308,0.164039204713519,"DLG5/GRIN3A/PTPRS/IL1RAPL1",4,"BP",0.0256410256410256,0.00319064078702473
"BP","GO:0042147","retrograde transport, endosome to Golgi","5/156","102/18805",0.0490196078431373,5.90906234288587,4.54676640453949,0.0016076913528869,0.172306078042308,0.164039204713519,"TBC1D14/VPS52/RGP1/TBC1D5/EHD3",5,"BP",0.032051282051282,0.00542408933794204
"BP","GO:0000209","protein polyubiquitination","8/156","264/18805",0.0303030303030303,3.6528749028749,3.97019468491325,0.00164928089583345,0.172306078042308,0.164039204713519,"UBE4A/RNF123/PEX10/NT5C2/TRIM32/RNF31/TTC3/DDX3X",8,"BP",0.0512820512820513,0.0140388194629088
"BP","GO:0061744","motor behavior","3/156","29/18805",0.103448275862069,12.4701591511936,5.65361916483404,0.00174659539016371,0.172306078042308,0.164039204713519,"GRPR/SPG11/PFKFB3",3,"BP",0.0192307692307692,0.00154214304706195
"BP","GO:0097107","postsynaptic density assembly","3/156","29/18805",0.103448275862069,12.4701591511936,5.65361916483404,0.00174659539016371,0.172306078042308,0.164039204713519,"SLITRK3/PTPRS/CASKIN1",3,"BP",0.0192307692307692,0.00154214304706195
"BP","GO:1903531","negative regulation of secretion by cell","6/156","154/18805",0.038961038961039,4.69655344655345,4.21275240452342,0.00181374818991904,0.172306078042308,0.164039204713519,"ADRA2A/CYP51A1/RAB11FIP1/SMCR8/IRS1/IL1RAPL1",6,"BP",0.0384615384615385,0.00818931135336347
"BP","GO:0030010","establishment of cell polarity","6/156","162/18805",0.037037037037037,4.46462488129155,4.05056376559938,0.00234019531969623,0.213767841703021,0.203511722538765,"SIPA1L3/PKD1/FERMT1/MYO18A/KAT5/SAPCD2",6,"BP",0.0384615384615385,0.00861473012496676
"BP","GO:0099560","synaptic membrane adhesion","3/156","33/18805",0.0909090909090909,10.9586247086247,5.23673635044151,0.00254550319561628,0.223910003318098,0.213167285153363,"SLITRK3/PTPRS/IL1RAPL1",3,"BP",0.0192307692307692,0.0017548524328636
"BP","GO:0072205","metanephric collecting duct development","2/156","10/18805",0.2,24.1089743589744,6.68527307408651,0.00294554811385068,0.249657427853142,0.23767940389077,"DLG5/PKD1",2,"BP",0.0128205128205128,0.000531773464504121
"BP","GO:0000045","autophagosome assembly","5/156","119/18805",0.0420168067226891,5.06491057961646,4.06842159416665,0.00315109572471453,0.249657427853142,0.23767940389077,"TBC1D14/TRIM32/ATG9A/SMCR8/STX17",5,"BP",0.032051282051282,0.00632810422759904
"BP","GO:0051048","negative regulation of secretion","6/156","175/18805",0.0342857142857143,4.13296703296703,3.80827294882013,0.00343104453203398,0.249657427853142,0.23767940389077,"ADRA2A/CYP51A1/RAB11FIP1/SMCR8/IRS1/IL1RAPL1",6,"BP",0.0384615384615385,0.00930603562882212
"BP","GO:0045920","negative regulation of exocytosis","3/156","37/18805",0.0810810810810811,9.77390852390852,4.88590043628915,0.00353844356103062,0.249657427853142,0.23767940389077,"ADRA2A/SMCR8/IL1RAPL1",3,"BP",0.0192307692307692,0.00196756181866525
"BP","GO:0090161","Golgi ribbon formation","2/156","11/18805",0.181818181818182,21.9172494172494,6.34674357797471,0.00358055944366526,0.249657427853142,0.23767940389077,"PRMT5/MYO18A",2,"BP",0.0128205128205128,0.000584950810954533
"BP","GO:1902115","regulation of organelle assembly","7/156","236/18805",0.0296610169491525,3.57548348544111,3.64149869596026,0.00359740127034121,0.249657427853142,0.23767940389077,"TBC1D14/CNOT1/TRIM32/SMCR8/PTPRS/CASKIN1/SPTBN2",7,"BP",0.0448717948717949,0.0125498537622973
"BP","GO:0051224","negative regulation of protein transport","5/156","123/18805",0.040650406504065,4.90019804044194,3.96905555307992,0.00363099965065375,0.249657427853142,0.23767940389077,"ADRA2A/CYP51A1/RAB11FIP1/FERMT1/IRS1",5,"BP",0.032051282051282,0.00654081361340069
"BP","GO:0050709","negative regulation of protein secretion","4/156","76/18805",0.0526315789473684,6.3444669365722,4.26985907883921,0.00367916209467788,0.249657427853142,0.23767940389077,"ADRA2A/CYP51A1/RAB11FIP1/IRS1",4,"BP",0.0256410256410256,0.00404147833023132
"BP","GO:0042176","regulation of protein catabolic process","9/156","375/18805",0.024,2.89307692307692,3.38673233017598,0.00414461454140247,0.256830146530541,0.244507991023868,"ADRA2A/ADAM9/RGP1/LDLR/CYP51A1/HGS/PKD1/TRIM32/CSNK1A1",9,"BP",0.0576923076923077,0.0199415049189045
"BP","GO:0071609","chemokine (C-C motif) ligand 5 production","2/156","12/18805",0.166666666666667,20.090811965812,6.0502958598271,0.00427334822234557,0.256830146530541,0.244507991023868,"OAS3/DDX3X",2,"BP",0.0128205128205128,0.000638128157404945
"BP","GO:0071649","regulation of chemokine (C-C motif) ligand 5 production","2/156","12/18805",0.166666666666667,20.090811965812,6.0502958598271,0.00427334822234557,0.256830146530541,0.244507991023868,"OAS3/DDX3X",2,"BP",0.0128205128205128,0.000638128157404945
"BP","GO:0072697","protein localization to cell cortex","2/156","12/18805",0.166666666666667,20.090811965812,6.0502958598271,0.00427334822234557,0.256830146530541,0.244507991023868,"EPB41/SAPCD2",2,"BP",0.0128205128205128,0.000638128157404945
"BP","GO:0051223","regulation of protein transport","10/156","449/18805",0.022271714922049,2.68474101993033,3.30466120516589,0.00432556036261963,0.256830146530541,0.244507991023868,"ADRA2A/RAB8A/ADAM9/CYP51A1/RAB11FIP1/FERMT1/MYO18A/IRS1/TM9SF4/EP300",10,"BP",0.0641025641025641,0.023876628556235
"BP","GO:0009154","purine ribonucleotide catabolic process","5/156","130/18805",0.0384615384615385,4.63634122287968,3.80509624501343,0.00459367407585782,0.266096973906398,0.253330216044739,"HK2/PFKP/NT5C2/PFKFB3/EP300",5,"BP",0.032051282051282,0.00691305503855358
"BP","GO:1904861","excitatory synapse assembly","3/156","41/18805",0.0731707317073171,8.8203564727955,4.58474739053963,0.00473867571110597,0.267960828901826,0.255104647304652,"SLITRK3/PTPRS/CASKIN1",3,"BP",0.0192307692307692,0.0021802712044669
"BP","GO:0006002","fructose 6-phosphate metabolic process","2/156","13/18805",0.153846153846154,18.5453648915187,5.78771616695206,0.00502292461466704,0.27379930599131,0.260663006878376,"HK2/PFKP",2,"BP",0.0128205128205128,0.000691305503855358
"BP","GO:0040001","establishment of mitotic spindle localization","3/156","42/18805",0.0714285714285714,8.61034798534799,4.51583086247478,0.00507249240573375,0.27379930599131,0.260663006878376,"KAT5/KPNB1/SAPCD2",3,"BP",0.0192307692307692,0.00223344855091731
"BP","GO:0099068","postsynapse assembly","4/156","84/18805",0.0476190476190476,5.74023199023199,3.98230358014916,0.00525832657813294,0.276844774809242,0.26356236068266,"SLITRK3/PTPRS/CASKIN1/SPTBN2",4,"BP",0.0256410256410256,0.00446689710183462
"BP","GO:0034504","protein localization to nucleus","8/156","322/18805",0.0248447204968944,2.99490364707756,3.30235132485887,0.00551883112410912,0.276844774809242,0.26356236068266,"SQSTM1/HEATR1/FAM53C/POM121/FERMT1/SPG11/EP300/KPNB1",8,"BP",0.0512820512820513,0.0171231055570327
"BP","GO:0009261","ribonucleotide catabolic process","5/156","136/18805",0.0367647058823529,4.4317967571644,3.67358532770421,0.00555290605668845,0.276844774809242,0.26356236068266,"HK2/PFKP/NT5C2/PFKFB3/EP300",5,"BP",0.032051282051282,0.00723211911725605
"BP","GO:0050892","intestinal absorption","3/156","44/18805",0.0681818181818182,8.21896853146853,4.38463191954317,0.00578177635336783,0.276844774809242,0.26356236068266,"ADRA2A/EPB41/LDLR",3,"BP",0.0192307692307692,0.00233980324381813
"BP","GO:0010867","positive regulation of triglyceride biosynthetic process","2/156","14/18805",0.142857142857143,17.220695970696,5.55287889390226,0.00582831104861561,0.276844774809242,0.26356236068266,"LDLR/KAT5",2,"BP",0.0128205128205128,0.00074448285030577
"BP","GO:0061000","negative regulation of dendritic spine development","2/156","14/18805",0.142857142857143,17.220695970696,5.55287889390226,0.00582831104861561,0.276844774809242,0.26356236068266,"GRIN3A/PTPRS",2,"BP",0.0128205128205128,0.00074448285030577
"BP","GO:0006195","purine nucleotide catabolic process","5/156","139/18805",0.0359712230215827,4.33614646744143,3.61065941707916,0.00608203734227136,0.277785359382586,0.264457818040463,"HK2/PFKP/NT5C2/PFKFB3/EP300",5,"BP",0.032051282051282,0.00739165115660729
"BP","GO:1904950","negative regulation of establishment of protein localization","5/156","139/18805",0.0359712230215827,4.33614646744143,3.61065941707916,0.00608203734227136,0.277785359382586,0.264457818040463,"ADRA2A/CYP51A1/RAB11FIP1/FERMT1/IRS1",5,"BP",0.032051282051282,0.00739165115660729
"BP","GO:0016482","cytosolic transport","5/156","141/18805",0.0354609929078014,4.27464084378978,3.56969009151713,0.00645390828111159,0.284273489796126,0.270634661975437,"TBC1D14/VPS52/RGP1/TBC1D5/EHD3",5,"BP",0.032051282051282,0.00749800584950811
"BP","GO:0097106","postsynaptic density organization","3/156","46/18805",0.0652173913043478,7.8616220735786,4.26148058609528,0.00654757792279062,0.284273489796126,0.270634661975437,"SLITRK3/PTPRS/CASKIN1",3,"BP",0.0192307692307692,0.00244615793671896
"BP","GO:0072044","collecting duct development","2/156","15/18805",0.133333333333333,16.0726495726496,5.34110957387069,0.0066885420821832,0.284273489796126,0.270634661975437,"DLG5/PKD1",2,"BP",0.0128205128205128,0.000797660196756182
"BP","GO:0032456","endocytic recycling","4/156","90/18805",0.0444444444444444,5.35754985754986,3.78990522676859,0.00670286965414024,0.284273489796126,0.270634661975437,"VPS52/RAB8A/HGS/EHD3",4,"BP",0.0256410256410256,0.00478596118053709
"BP","GO:0031333","negative regulation of protein-containing complex assembly","5/156","145/18805",0.0344827586206897,4.15671971706454,3.48998732972898,0.00724503307879545,0.291131146543049,0.27716330316874,"AIDA/CSNK1A1/SPTBN2/EP300/DDX3X",5,"BP",0.032051282051282,0.00771071523530976
"BP","GO:0001881","receptor recycling","3/156","48/18805",0.0625,7.53405448717949,4.1455420730932,0.00737098573442593,0.291131146543049,0.27716330316874,"LDLR/PEX10/EHD3",3,"BP",0.0192307692307692,0.00255251262961978
"BP","GO:0034497","protein localization to phagophore assembly site","2/156","16/18805",0.125,15.068108974359,5.14877042577983,0.00760266427150687,0.291131146543049,0.27716330316874,"ATG9A/STX17",2,"BP",0.0128205128205128,0.000850837543206594
"BP","GO:1900034","regulation of cellular response to heat","2/156","16/18805",0.125,15.068108974359,5.14877042577983,0.00760266427150687,0.291131146543049,0.27716330316874,"DNAJB1/EP300",2,"BP",0.0128205128205128,0.000850837543206594
"BP","GO:1901985","positive regulation of protein acetylation","2/156","16/18805",0.125,15.068108974359,5.14877042577983,0.00760266427150687,0.291131146543049,0.27716330316874,"KAT5/DDX3X",2,"BP",0.0128205128205128,0.000850837543206594
"BP","GO:0033628","regulation of cell adhesion mediated by integrin","3/156","49/18805",0.0612244897959184,7.38029827315542,4.0900494237322,0.00780460439603943,0.291131146543049,0.27716330316874,"ACER2/ADAM9/FERMT1",3,"BP",0.0192307692307692,0.00260568997607019
"BP","GO:2000785","regulation of autophagosome assembly","3/156","49/18805",0.0612244897959184,7.38029827315542,4.0900494237322,0.00780460439603943,0.291131146543049,0.27716330316874,"TBC1D14/TRIM32/SMCR8",3,"BP",0.0192307692307692,0.00260568997607019
"BP","GO:0007416","synapse assembly","7/156","273/18805",0.0256410256410256,3.09089414858646,3.1828184797439,0.007845218264739,0.291131146543049,0.27716330316874,"DLG5/PLXNB3/SLITRK3/PTPRS/CASKIN1/SPTBN2/IL1RAPL1",7,"BP",0.0448717948717949,0.0145174155809625
"BP","GO:0051044","positive regulation of membrane protein ectodomain proteolysis","2/156","17/18805",0.117647058823529,14.1817496229261,4.97298202185374,0.0085697360403388,0.30083069927279,0.28639749231599,"ADRA2A/ADAM9",2,"BP",0.0128205128205128,0.000904014889657006
"BP","GO:0099151","regulation of postsynaptic density assembly","2/156","17/18805",0.117647058823529,14.1817496229261,4.97298202185374,0.0085697360403388,0.30083069927279,0.28639749231599,"PTPRS/CASKIN1",2,"BP",0.0128205128205128,0.000904014889657006
"BP","GO:1901096","regulation of autophagosome maturation","2/156","17/18805",0.117647058823529,14.1817496229261,4.97298202185374,0.0085697360403388,0.30083069927279,0.28639749231599,"FYCO1/SMCR8",2,"BP",0.0128205128205128,0.000904014889657006
"BP","GO:0006096","glycolytic process","4/156","97/18805",0.0412371134020619,4.97092254824214,3.58610704294398,0.00869419030697652,0.30083069927279,0.28639749231599,"HK2/PFKP/PFKFB3/EP300",4,"BP",0.0256410256410256,0.00515820260568998
"BP","GO:0007611","learning or memory","7/156","282/18805",0.024822695035461,2.99224859065285,3.08298963779359,0.00928402903061129,0.30083069927279,0.28639749231599,"GRPR/ITPR3/BCHE/LDLR/POMK/SPG11/EP300",7,"BP",0.0448717948717949,0.0149960116990162
"BP","GO:0046032","ADP catabolic process","4/156","99/18805",0.0404040404040404,4.87049987049987,3.53145629244407,0.00932682621597356,0.30083069927279,0.28639749231599,"HK2/PFKP/PFKFB3/EP300",4,"BP",0.0256410256410256,0.0052645572985908
"BP","GO:0060996","dendritic spine development","4/156","99/18805",0.0404040404040404,4.87049987049987,3.53145629244407,0.00932682621597356,0.30083069927279,0.28639749231599,"DLG5/GRIN3A/PTPRS/IL1RAPL1",4,"BP",0.0256410256410256,0.0052645572985908
"BP","GO:0035973","aggrephagy","2/156","18/18805",0.111111111111111,13.3938746438746,4.81143119970341,0.00958882755083432,0.30083069927279,0.28639749231599,"SQSTM1/KAT5",2,"BP",0.0128205128205128,0.000957192236107418
"BP","GO:0046460","neutral lipid biosynthetic process","3/156","53/18805",0.0566037735849057,6.8232946298984,3.88277788538307,0.00968777366507724,0.30083069927279,0.28639749231599,"LDLR/DAGLA/KAT5",3,"BP",0.0192307692307692,0.00281839936187184
"BP","GO:0046463","acylglycerol biosynthetic process","3/156","53/18805",0.0566037735849057,6.8232946298984,3.88277788538307,0.00968777366507724,0.30083069927279,0.28639749231599,"LDLR/DAGLA/KAT5",3,"BP",0.0192307692307692,0.00281839936187184
"BP","GO:0072523","purine-containing compound catabolic process","5/156","156/18805",0.032051282051282,3.86361768573307,3.28480207690446,0.00976538656091971,0.30083069927279,0.28639749231599,"HK2/PFKP/NT5C2/PFKFB3/EP300",5,"BP",0.032051282051282,0.00829566604626429
"BP","GO:0019364","pyridine nucleotide catabolic process","4/156","101/18805",0.0396039603960396,4.77405432850977,3.47825352232206,0.00998872999544781,0.30083069927279,0.28639749231599,"HK2/PFKP/PFKFB3/EP300",4,"BP",0.0256410256410256,0.00537091199149162
"BP","GO:0006887","exocytosis","8/156","358/18805",0.0223463687150838,2.69374015184071,2.95927325028629,0.0101489128504481,0.30083069927279,0.28639749231599,"ADRA2A/RAB8A/EXOC7/HGS/RAB11FIP1/SMCR8/STX17/IL1RAPL1",8,"BP",0.0512820512820513,0.0190374900292475
"BP","GO:0009137","purine nucleoside diphosphate catabolic process","4/156","102/18805",0.0392156862745098,4.7272498743087,3.45217341441793,0.0103308132053482,0.30083069927279,0.28639749231599,"HK2/PFKP/PFKFB3/EP300",4,"BP",0.0256410256410256,0.00542408933794204
"BP","GO:0009181","purine ribonucleoside diphosphate catabolic process","4/156","102/18805",0.0392156862745098,4.7272498743087,3.45217341441793,0.0103308132053482,0.30083069927279,0.28639749231599,"HK2/PFKP/PFKFB3/EP300",4,"BP",0.0256410256410256,0.00542408933794204
"BP","GO:0006896","Golgi to vacuole transport","2/156","19/18805",0.105263157894737,12.6889338731444,4.66223530941576,0.0106590205756454,0.30083069927279,0.28639749231599,"VPS52/EHD3",2,"BP",0.0128205128205128,0.00101036958255783
"BP","GO:0061621","canonical glycolysis","2/156","19/18805",0.105263157894737,12.6889338731444,4.66223530941576,0.0106590205756454,0.30083069927279,0.28639749231599,"HK2/PFKP",2,"BP",0.0128205128205128,0.00101036958255783
"BP","GO:0061718","glucose catabolic process to pyruvate","2/156","19/18805",0.105263157894737,12.6889338731444,4.66223530941576,0.0106590205756454,0.30083069927279,0.28639749231599,"HK2/PFKP",2,"BP",0.0128205128205128,0.00101036958255783
"BP","GO:1990778","protein localization to cell periphery","8/156","362/18805",0.0220994475138122,2.66397506728998,2.92378182920713,0.0108014609597822,0.30083069927279,0.28639749231599,"SQSTM1/RAB8A/EPB41/DENND4C/TUB/EHD3/PRKG2/SAPCD2",8,"BP",0.0512820512820513,0.0192501994150492
"BP","GO:0072526","pyridine-containing compound catabolic process","4/156","104/18805",0.0384615384615385,4.63634122287968,3.40101486237121,0.0110375442718125,0.30083069927279,0.28639749231599,"HK2/PFKP/PFKFB3/EP300",4,"BP",0.0256410256410256,0.00553044403084286
"BP","GO:0006473","protein acetylation","3/156","56/18805",0.0535714285714286,6.45776098901099,3.74092600222324,0.0112589886063411,0.30083069927279,0.28639749231599,"KAT5/EP300/DDX3X",3,"BP",0.0192307692307692,0.00297793140122308
"BP","GO:0009166","nucleotide catabolic process","5/156","162/18805",0.0308641975308642,3.72052073440962,3.18061639800194,0.0113672400729229,0.30083069927279,0.28639749231599,"HK2/PFKP/NT5C2/PFKFB3/EP300",5,"BP",0.032051282051282,0.00861473012496676
"BP","GO:0009191","ribonucleoside diphosphate catabolic process","4/156","105/18805",0.0380952380952381,4.59218559218559,3.37592087343946,0.0114023095656022,0.30083069927279,0.28639749231599,"HK2/PFKP/PFKFB3/EP300",4,"BP",0.0256410256410256,0.00558362137729327
"BP","GO:0046031","ADP metabolic process","4/156","105/18805",0.0380952380952381,4.59218559218559,3.37592087343946,0.0114023095656022,0.30083069927279,0.28639749231599,"HK2/PFKP/PFKFB3/EP300",4,"BP",0.0256410256410256,0.00558362137729327
"BP","GO:1990830","cellular response to leukemia inhibitory factor","4/156","105/18805",0.0380952380952381,4.59218559218559,3.37592087343946,0.0114023095656022,0.30083069927279,0.28639749231599,"HK2/PFKP/RNMT/KDM3A",4,"BP",0.0256410256410256,0.00558362137729327
"BP","GO:1903828","negative regulation of protein localization","6/156","226/18805",0.0265486725663717,3.2003063308373,3.04358788346673,0.0115331901290523,0.30083069927279,0.28639749231599,"ADRA2A/CYP51A1/RAB11FIP1/FERMT1/IRS1/SAPCD2",6,"BP",0.0384615384615385,0.0120180802977931
"BP","GO:0048311","mitochondrion distribution","2/156","20/18805",0.1,12.0544871794872,4.52384425121208,0.0117794083713068,0.30083069927279,0.28639749231599,"BHLHA15/PKD1",2,"BP",0.0128205128205128,0.00106354692900824
"BP","GO:0051546","keratinocyte migration","2/156","20/18805",0.1,12.0544871794872,4.52384425121208,0.0117794083713068,0.30083069927279,0.28639749231599,"ADAM9/FERMT1",2,"BP",0.0128205128205128,0.00106354692900824
"BP","GO:1990823","response to leukemia inhibitory factor","4/156","107/18805",0.0373831775700935,4.50635034747184,3.32666650020115,0.0121549247910818,0.30083069927279,0.28639749231599,"HK2/PFKP/RNMT/KDM3A",4,"BP",0.0256410256410256,0.0056899760701941
"BP","GO:0009134","nucleoside diphosphate catabolic process","4/156","108/18805",0.037037037037037,4.46462488129155,3.30249204101783,0.0125428853597451,0.30083069927279,0.28639749231599,"HK2/PFKP/PFKFB3/EP300",4,"BP",0.0256410256410256,0.00574315341664451
"BP","GO:0043405","regulation of MAP kinase activity","4/156","109/18805",0.036697247706422,4.42366501999529,3.27861039014348,0.012938686420039,0.30083069927279,0.28639749231599,"ADRA2A/ADAM9/HGS/AIDA",4,"BP",0.0256410256410256,0.00579633076309492
"BP","GO:0034144","negative regulation of toll-like receptor 4 signaling pathway","2/156","21/18805",0.0952380952380952,11.480463980464,4.39496846510751,0.0129490955529029,0.30083069927279,0.28639749231599,"SQSTM1/TRIM32",2,"BP",0.0128205128205128,0.00111672427545865
"BP","GO:0061620","glycolytic process through glucose-6-phosphate","2/156","21/18805",0.0952380952380952,11.480463980464,4.39496846510751,0.0129490955529029,0.30083069927279,0.28639749231599,"HK2/PFKP",2,"BP",0.0128205128205128,0.00111672427545865
"BP","GO:1905874","regulation of postsynaptic density organization","2/156","21/18805",0.0952380952380952,11.480463980464,4.39496846510751,0.0129490955529029,0.30083069927279,0.28639749231599,"PTPRS/CASKIN1",2,"BP",0.0128205128205128,0.00111672427545865
"BP","GO:0051963","regulation of synapse assembly","5/156","169/18805",0.029585798816568,3.56641632529206,3.06516428524639,0.0134522179851606,0.30083069927279,0.28639749231599,"DLG5/SLITRK3/PTPRS/CASKIN1/IL1RAPL1",5,"BP",0.032051282051282,0.00898697155011965
"BP","GO:0032608","interferon-beta production","3/156","60/18805",0.05,6.02724358974359,3.56715908283552,0.0135698442208311,0.30083069927279,0.28639749231599,"OAS3/PTPRS/DDX3X",3,"BP",0.0192307692307692,0.00319064078702473
"BP","GO:0032648","regulation of interferon-beta production","3/156","60/18805",0.05,6.02724358974359,3.56715908283552,0.0135698442208311,0.30083069927279,0.28639749231599,"OAS3/PTPRS/DDX3X",3,"BP",0.0192307692307692,0.00319064078702473
"BP","GO:0048278","vesicle docking","3/156","60/18805",0.05,6.02724358974359,3.56715908283552,0.0135698442208311,0.30083069927279,0.28639749231599,"RAB8A/EXOC7/STX17",3,"BP",0.0192307692307692,0.00319064078702473
"BP","GO:0051960","regulation of nervous system development","9/156","454/18805",0.0198237885462555,2.38965604879702,2.74135340590355,0.0136208664326885,0.30083069927279,0.28639749231599,"DLG5/PRMT5/LDLR/TRIM32/PLXNB3/SEMA3G/SLITRK3/PTPRS/IL1RAPL1",9,"BP",0.0576923076923077,0.0241425152884871
"BP","GO:0002758","innate immune response-activating signaling pathway","7/156","305/18805",0.0229508196721311,2.76660361496427,2.84487255918314,0.013830255986253,0.30083069927279,0.28639749231599,"SQSTM1/OAS3/TRIM32/CSNK1A1/PTPRS/EP300/DDX3X",7,"BP",0.0448717948717949,0.0162190906673757
"BP","GO:0048193","Golgi vesicle transport","7/156","306/18805",0.0228758169934641,2.75756242668007,2.83502565058099,0.0140585241422688,0.30083069927279,0.28639749231599,"TBC1D14/SEC24C/VPS52/RAB8A/MYO18A/STX17/EHD3",7,"BP",0.0448717948717949,0.0162722680138261
"BP","GO:0018394","peptidyl-lysine acetylation","2/156","22/18805",0.0909090909090909,10.9586247086247,4.2745251175417,0.0141671979700021,0.30083069927279,0.28639749231599,"KAT5/EP300",2,"BP",0.0128205128205128,0.00116990162190907
"BP","GO:0033630","positive regulation of cell adhesion mediated by integrin","2/156","22/18805",0.0909090909090909,10.9586247086247,4.2745251175417,0.0141671979700021,0.30083069927279,0.28639749231599,"ADAM9/FERMT1",2,"BP",0.0128205128205128,0.00116990162190907
"BP","GO:0071379","cellular response to prostaglandin stimulus","2/156","22/18805",0.0909090909090909,10.9586247086247,4.2745251175417,0.0141671979700021,0.30083069927279,0.28639749231599,"ACACA/TNC",2,"BP",0.0128205128205128,0.00116990162190907
"BP","GO:0090208","positive regulation of triglyceride metabolic process","2/156","22/18805",0.0909090909090909,10.9586247086247,4.2745251175417,0.0141671979700021,0.30083069927279,0.28639749231599,"LDLR/KAT5",2,"BP",0.0128205128205128,0.00116990162190907
"BP","GO:1904889","regulation of excitatory synapse assembly","2/156","22/18805",0.0909090909090909,10.9586247086247,4.2745251175417,0.0141671979700021,0.30083069927279,0.28639749231599,"PTPRS/CASKIN1",2,"BP",0.0128205128205128,0.00116990162190907
"BP","GO:0044088","regulation of vacuole organization","3/156","61/18805",0.0491803278688525,5.92843631778058,3.52616454946288,0.0141865424499168,0.30083069927279,0.28639749231599,"TBC1D14/TRIM32/SMCR8",3,"BP",0.0192307692307692,0.00324381813347514
"BP","GO:0051293","establishment of spindle localization","3/156","61/18805",0.0491803278688525,5.92843631778058,3.52616454946288,0.0141865424499168,0.30083069927279,0.28639749231599,"KAT5/KPNB1/SAPCD2",3,"BP",0.0192307692307692,0.00324381813347514
"BP","GO:0007033","vacuole organization","6/156","238/18805",0.0252100840336134,3.03894634776988,2.89522989057677,0.0145704530563236,0.306237398307686,0.291544789613257,"TBC1D14/TRIM32/ATG9A/SMCR8/SPG11/STX17",6,"BP",0.0384615384615385,0.0126562084551981
"BP","GO:0051168","nuclear export","5/156","174/18805",0.028735632183908,3.46393309755379,2.98638020723894,0.0150902674171242,0.314380571190088,0.299297270655428,"SDAD1/POM121/SMG6/PKD1/NEMF",5,"BP",0.032051282051282,0.00925285828237171
"BP","GO:0010866","regulation of triglyceride biosynthetic process","2/156","23/18805",0.0869565217391304,10.4821627647715,4.16159728702031,0.0154328425838477,0.315974147729641,0.300814390835797,"LDLR/KAT5",2,"BP",0.0128205128205128,0.00122307896835948
"BP","GO:0097164","ammonium ion metabolic process","2/156","23/18805",0.0869565217391304,10.4821627647715,4.16159728702031,0.0154328425838477,0.315974147729641,0.300814390835797,"BCHE/CHDH",2,"BP",0.0128205128205128,0.00122307896835948
"BP","GO:0046434","organophosphate catabolic process","6/156","242/18805",0.0247933884297521,2.98871582962492,2.84784256731573,0.0156960237890168,0.316539334327182,0.301352461001567,"HK2/PFKP/LDLR/NT5C2/PFKFB3/EP300",6,"BP",0.0384615384615385,0.0128689178409997
"BP","GO:0099173","postsynapse organization","6/156","243/18805",0.0246913580246914,2.9764165875277,2.83614799118194,0.0159865744001389,0.316539334327182,0.301352461001567,"DLG5/SLITRK3/PTPRS/CASKIN1/SPTBN2/IL1RAPL1",6,"BP",0.0384615384615385,0.0129220951874501
"BP","GO:0016050","vesicle organization","8/156","389/18805",0.0205655526992288,2.47907191351921,2.69603846255642,0.0160480733141587,0.316539334327182,0.301352461001567,"SEC24C/SQSTM1/RAB8A/HGS/MYO18A/SPG11/HPS3/STX17",8,"BP",0.0512820512820513,0.0206859877692103
"BP","GO:0097352","autophagosome maturation","3/156","64/18805",0.046875,5.65054086538462,3.40844835234862,0.0161310158874884,0.316539334327182,0.301352461001567,"FYCO1/SMCR8/STX17",3,"BP",0.0192307692307692,0.00340335017282638
"BP","GO:0033044","regulation of chromosome organization","6/156","244/18805",0.0245901639344262,2.96421815889029,2.82451311396677,0.0162808317421087,0.316539334327182,0.301352461001567,"SMC4/SMARCC2/SMG6/GNL3L/KAT5/HASPIN",6,"BP",0.0384615384615385,0.0129752725339006
"BP","GO:0009135","purine nucleoside diphosphate metabolic process","4/156","117/18805",0.0341880341880342,4.12119219811528,3.09735993796306,0.0163934055251551,0.316539334327182,0.301352461001567,"HK2/PFKP/PFKFB3/EP300",4,"BP",0.0256410256410256,0.00622174953469822
"BP","GO:0009179","purine ribonucleoside diphosphate metabolic process","4/156","117/18805",0.0341880341880342,4.12119219811528,3.09735993796306,0.0163934055251551,0.316539334327182,0.301352461001567,"HK2/PFKP/PFKFB3/EP300",4,"BP",0.0256410256410256,0.00622174953469822
"BP","GO:0045089","positive regulation of innate immune response","8/156","395/18805",0.020253164556962,2.44141512495943,2.64801459446237,0.017428410409961,0.32998125806402,0.314149470281004,"SQSTM1/OAS3/TRIM32/CSNK1A1/KAT5/PTPRS/EP300/DDX3X",8,"BP",0.0512820512820513,0.0210050518479128
"BP","GO:0051653","spindle localization","3/156","66/18805",0.0454545454545455,5.47931235431235,3.33403194064842,0.017506374112028,0.32998125806402,0.314149470281004,"KAT5/KPNB1/SAPCD2",3,"BP",0.0192307692307692,0.0035097048657272
"BP","GO:0051965","positive regulation of synapse assembly","3/156","66/18805",0.0454545454545455,5.47931235431235,3.33403194064842,0.017506374112028,0.32998125806402,0.314149470281004,"DLG5/SLITRK3/IL1RAPL1",3,"BP",0.0192307692307692,0.0035097048657272
"BP","GO:0061615","glycolytic process through fructose-6-phosphate","2/156","25/18805",0.08,9.64358974358974,3.95526878490076,0.0181033210769629,0.335406350235965,0.319314278252345,"HK2/PFKP",2,"BP",0.0128205128205128,0.0013294336612603
"BP","GO:1901983","regulation of protein acetylation","2/156","25/18805",0.08,9.64358974358974,3.95526878490076,0.0181033210769629,0.335406350235965,0.319314278252345,"KAT5/DDX3X",2,"BP",0.0128205128205128,0.0013294336612603
"BP","GO:0050994","regulation of lipid catabolic process","3/156","67/18805",0.0447761194029851,5.39753157290471,3.29795249983157,0.0182178607075535,0.335406350235965,0.319314278252345,"ADRA2A/LDLR/IRS1",3,"BP",0.0192307692307692,0.00356288221217761
"BP","GO:1901292","nucleoside phosphate catabolic process","5/156","184/18805",0.0271739130434783,3.27567586399108,2.83711840274629,0.0187560602468522,0.342658792971338,0.326218764455373,"HK2/PFKP/NT5C2/PFKFB3/EP300",5,"BP",0.032051282051282,0.00978463174687583
"BP","GO:0002218","activation of innate immune response","7/156","325/18805",0.0215384615384615,2.59635108481262,2.65508699035742,0.0189250550278391,0.343106913672656,0.32664538529368,"SQSTM1/OAS3/TRIM32/CSNK1A1/PTPRS/EP300/DDX3X",7,"BP",0.0448717948717949,0.0172826375963839
"BP","GO:0033622","integrin activation","2/156","26/18805",0.0769230769230769,9.27268244575937,3.8606145474839,0.0195064633491488,0.350968564047186,0.334129850669631,"TLN1/FERMT1",2,"BP",0.0128205128205128,0.00138261100771072
"BP","GO:0050890","cognition","7/156","329/18805",0.0212765957446809,2.56478450627387,2.61883511413563,0.0200835343759237,0.35863454242721,0.341428031970591,"GRPR/ITPR3/BCHE/LDLR/POMK/SPG11/EP300",7,"BP",0.0448717948717949,0.0174953469821856
"BP","GO:0046888","negative regulation of hormone secretion","3/156","70/18805",0.0428571428571429,5.16620879120879,3.19391128034729,0.0204478138984142,0.360770486029541,0.343461497613941,"ADRA2A/RAB11FIP1/IRS1",3,"BP",0.0192307692307692,0.00372241425152885
"BP","GO:0051656","establishment of organelle localization","9/156","487/18805",0.0184804928131417,2.22772863686621,2.51065758188291,0.0205069539427318,0.360770486029541,0.343461497613941,"SDAD1/EXOC7/HGS/PKD1/FYCO1/SPG11/KAT5/KPNB1/SAPCD2",9,"BP",0.0576923076923077,0.0258973677213507
"BP","GO:0031669","cellular response to nutrient levels","6/156","258/18805",0.0232558139534884,2.80336911150865,2.66757899883602,0.0208013766890288,0.363259335562084,0.345830937523482,"BHLHA15/TRIM32/CSNK1A1/KAT5/TNC/EP300",6,"BP",0.0384615384615385,0.0137197553842063
"BP","GO:0006090","pyruvate metabolic process","4/156","127/18805",0.031496062992126,3.79668887542903,2.89228094126145,0.0214580359918857,0.36973911924249,0.351999835183543,"HK2/PFKP/PFKFB3/EP300",4,"BP",0.0256410256410256,0.00675352299920234
"BP","GO:0062207","regulation of pattern recognition receptor signaling pathway","5/156","191/18805",0.0261780104712042,3.15562491609612,2.7386067206731,0.0216441192743183,0.36973911924249,0.351999835183543,"SQSTM1/TRIM32/CSNK1A1/PTPRS/DDX3X",5,"BP",0.032051282051282,0.0101568731720287
"BP","GO:0032984","protein-containing complex disassembly","6/156","261/18805",0.0229885057471264,2.77114647804303,2.63531582635791,0.0218705159534314,0.36973911924249,0.351999835183543,"SMARCC2/PEX10/FYCO1/SMCR8/STX17/SPTBN2",6,"BP",0.0384615384615385,0.0138792874235576
"BP","GO:0009185","ribonucleoside diphosphate metabolic process","4/156","128/18805",0.03125,3.76702724358974,2.87292644205056,0.0220114560794733,0.36973911924249,0.351999835183543,"HK2/PFKP/PFKFB3/EP300",4,"BP",0.0256410256410256,0.00680670034565275
"BP","GO:0006007","glucose catabolic process","2/156","28/18805",0.0714285714285714,8.61034798534799,3.6857856424097,0.0224444048507897,0.36973911924249,0.351999835183543,"HK2/PFKP",2,"BP",0.0128205128205128,0.00148896570061154
"BP","GO:0007289","spermatid nucleus differentiation","2/156","28/18805",0.0714285714285714,8.61034798534799,3.6857856424097,0.0224444048507897,0.36973911924249,0.351999835183543,"KDM3A/KAT5",2,"BP",0.0128205128205128,0.00148896570061154
"BP","GO:0051043","regulation of membrane protein ectodomain proteolysis","2/156","28/18805",0.0714285714285714,8.61034798534799,3.6857856424097,0.0224444048507897,0.36973911924249,0.351999835183543,"ADRA2A/ADAM9",2,"BP",0.0128205128205128,0.00148896570061154
"BP","GO:0032479","regulation of type I interferon production","4/156","129/18805",0.0310077519379845,3.73782548201153,2.85376580530395,0.0225735462274363,0.36973911924249,0.351999835183543,"USP22/OAS3/PTPRS/DDX3X",4,"BP",0.0256410256410256,0.00685987769210316
"BP","GO:0032606","type I interferon production","4/156","129/18805",0.0310077519379845,3.73782548201153,2.85376580530395,0.0225735462274363,0.36973911924249,0.351999835183543,"USP22/OAS3/PTPRS/DDX3X",4,"BP",0.0256410256410256,0.00685987769210316
"BP","GO:0032722","positive regulation of chemokine production","3/156","73/18805",0.0410958904109589,4.95389884088514,3.09566926471923,0.0228212764686959,0.371236517898307,0.35342539188723,"OAS3/TRIM32/DDX3X",3,"BP",0.0192307692307692,0.00388194629088009
"BP","GO:1903829","positive regulation of protein localization","9/156","499/18805",0.0180360721442886,2.17415600431633,2.43130247994908,0.0235463400664324,0.380425562297802,0.362173565790882,"SQSTM1/EPB41/ADAM9/GNL3L/RNF31/MYO18A/TM9SF4/PRKG2/EP300",9,"BP",0.0576923076923077,0.0265354958787557
"BP","GO:0006910","phagocytosis, recognition","2/156","29/18805",0.0689655172413793,8.31343943412909,3.60478009072284,0.0239775759219472,0.384775289288004,0.366314602278396,"MYO18A/TUB",2,"BP",0.0128205128205128,0.00154214304706195
"BP","GO:0043112","receptor metabolic process","3/156","75/18805",0.04,4.82179487179487,3.03311420026596,0.0244833671144983,0.387788651799874,0.369183390167814,"LDLR/PEX10/EHD3",3,"BP",0.0192307692307692,0.00398830098378091
"BP","GO:0045834","positive regulation of lipid metabolic process","4/156","133/18805",0.0300751879699248,3.62540967804126,2.77899092744105,0.0249091780769885,0.387788651799874,0.369183390167814,"LDLR/KAT5/IRS1/KPNB1",4,"BP",0.0256410256410256,0.00707258707790481
"BP","GO:1901888","regulation of cell junction assembly","6/156","270/18805",0.0222222222222222,2.67877492877493,2.54119333489337,0.0252994864663339,0.387788651799874,0.369183390167814,"DLG5/TLN1/SLITRK3/PTPRS/CASKIN1/IL1RAPL1",6,"BP",0.0384615384615385,0.0143578835416113
"BP","GO:0032008","positive regulation of TOR signaling","3/156","76/18805",0.0394736842105263,4.75835020242915,3.00266161691176,0.02533833444408,0.387788651799874,0.369183390167814,"CSNK1A1/SMCR8/EP300",3,"BP",0.0192307692307692,0.00404147833023132
"BP","GO:0032481","positive regulation of type I interferon production","3/156","76/18805",0.0394736842105263,4.75835020242915,3.00266161691176,0.02533833444408,0.387788651799874,0.369183390167814,"USP22/OAS3/DDX3X",3,"BP",0.0192307692307692,0.00404147833023132
"BP","GO:0009132","nucleoside diphosphate metabolic process","4/156","134/18805",0.0298507462686567,3.59835438193647,2.76074718872136,0.0255150366145993,0.387788651799874,0.369183390167814,"HK2/PFKP/PFKFB3/EP300",4,"BP",0.0256410256410256,0.00712576442435522
"BP","GO:0051984","positive regulation of chromosome segregation","2/156","30/18805",0.0666666666666667,8.03632478632479,3.52757436669176,0.0255524789876499,0.387788651799874,0.369183390167814,"SMC4/KAT5",2,"BP",0.0128205128205128,0.00159532039351236
"BP","GO:0060441","epithelial tube branching involved in lung morphogenesis","2/156","30/18805",0.0666666666666667,8.03632478632479,3.52757436669176,0.0255524789876499,0.387788651799874,0.369183390167814,"DLG5/TNC",2,"BP",0.0128205128205128,0.00159532039351236
"BP","GO:0002833","positive regulation of response to biotic stimulus","8/156","425/18805",0.0188235294117647,2.26907993966817,2.4203063305002,0.0256348708768759,0.387788651799874,0.369183390167814,"SQSTM1/OAS3/TRIM32/CSNK1A1/KAT5/PTPRS/EP300/DDX3X",8,"BP",0.0512820512820513,0.0226003722414252
"BP","GO:0050708","regulation of protein secretion","6/156","273/18805",0.021978021978022,2.64933784164553,2.51066892376128,0.026517897930441,0.398607642941756,0.379483309490922,"ADRA2A/ADAM9/CYP51A1/RAB11FIP1/MYO18A/IRS1",6,"BP",0.0384615384615385,0.0145174155809625
"BP","GO:0032607","interferon-alpha production","2/156","31/18805",0.0645161290322581,7.77708850289495,3.45386408422407,0.0271683256281632,0.403279833543047,0.383931338482201,"PTPRS/DDX3X",2,"BP",0.0128205128205128,0.00164849773996278
"BP","GO:0032647","regulation of interferon-alpha production","2/156","31/18805",0.0645161290322581,7.77708850289495,3.45386408422407,0.0271683256281632,0.403279833543047,0.383931338482201,"PTPRS/DDX3X",2,"BP",0.0128205128205128,0.00164849773996278
"BP","GO:0051983","regulation of chromosome segregation","4/156","137/18805",0.0291970802919708,3.5195583005802,2.70704481446085,0.0273856779917737,0.403981274723369,0.38459912603027,"SMC4/SMARCC2/KAT5/HASPIN",4,"BP",0.0256410256410256,0.00728529646370646
"BP","GO:0140056","organelle localization by membrane tethering","3/156","79/18805",0.0379746835443038,4.57765335929893,2.91439854443583,0.0279987789263651,0.408368652665039,0.388776007057952,"RAB8A/EXOC7/STX17",3,"BP",0.0192307692307692,0.00420101036958256
"BP","GO:0051053","negative regulation of DNA metabolic process","4/156","138/18805",0.0289855072463768,3.49405425492382,2.68947692301365,0.0280269854250111,0.408368652665039,0.388776007057952,"SMG6/GNL3L/RNF169/KAT5",4,"BP",0.0256410256410256,0.00733847381015687
"BP","GO:0034311","diol metabolic process","2/156","32/18805",0.0625,7.53405448717949,3.38337820040883,0.0288243374846972,0.417425619061927,0.397398439776185,"ACER2/PRKG2",2,"BP",0.0128205128205128,0.00170167508641319
"BP","GO:0030511","positive regulation of transforming growth factor beta receptor signaling pathway","2/156","33/18805",0.0606060606060606,7.30574980574981,3.31587444960759,0.0305197461485089,0.434038306004243,0.413214085893458,"FERMT1/EP300",2,"BP",0.0128205128205128,0.0017548524328636
"BP","GO:1903846","positive regulation of cellular response to transforming growth factor beta stimulus","2/156","33/18805",0.0606060606060606,7.30574980574981,3.31587444960759,0.0305197461485089,0.434038306004243,0.413214085893458,"FERMT1/EP300",2,"BP",0.0128205128205128,0.0017548524328636
"BP","GO:1905606","regulation of presynapse assembly","2/156","33/18805",0.0606060606060606,7.30574980574981,3.31587444960759,0.0305197461485089,0.434038306004243,0.413214085893458,"SLITRK3/IL1RAPL1",2,"BP",0.0128205128205128,0.0017548524328636
"BP","GO:0006289","nucleotide-excision repair","3/156","83/18805",0.036144578313253,4.35704355885079,2.80336436245084,0.0317682087960738,0.445364874979308,0.423997230562018,"SMARCC2/FAN1/KAT5",3,"BP",0.0192307692307692,0.00441371975538421
"BP","GO:0051962","positive regulation of nervous system development","6/156","285/18805",0.0210526315789474,2.53778677462888,2.39253173100478,0.0317801949491086,0.445364874979308,0.423997230562018,"DLG5/PRMT5/TRIM32/PLXNB3/SLITRK3/IL1RAPL1",6,"BP",0.0384615384615385,0.0151555437383675
"BP","GO:0030517","negative regulation of axon extension","2/156","34/18805",0.0588235294117647,7.09087481146305,3.25113552008378,0.032253793051133,0.445364874979308,0.423997230562018,"SEMA3G/PTPRS",2,"BP",0.0128205128205128,0.00180802977931401
"BP","GO:0032367","intracellular cholesterol transport","2/156","34/18805",0.0588235294117647,7.09087481146305,3.25113552008378,0.032253793051133,0.445364874979308,0.423997230562018,"VPS52/LDLR",2,"BP",0.0128205128205128,0.00180802977931401
"BP","GO:0099174","regulation of presynapse organization","2/156","34/18805",0.0588235294117647,7.09087481146305,3.25113552008378,0.032253793051133,0.445364874979308,0.423997230562018,"SLITRK3/IL1RAPL1",2,"BP",0.0128205128205128,0.00180802977931401
"BP","GO:0045732","positive regulation of protein catabolic process","5/156","214/18805",0.0233644859813084,2.8164689671699,2.44423602014549,0.0331142751261978,0.453091283896704,0.431352943073737,"ADRA2A/ADAM9/LDLR/TRIM32/CSNK1A1",5,"BP",0.032051282051282,0.0113799521403882
"BP","GO:0002221","pattern recognition receptor signaling pathway","6/156","288/18805",0.0208333333333333,2.5113514957265,2.36393786270971,0.0331948982728532,0.453091283896704,0.431352943073737,"SQSTM1/OAS3/TRIM32/CSNK1A1/PTPRS/DDX3X",6,"BP",0.0384615384615385,0.0153150757777187
"BP","GO:0016486","peptide hormone processing","2/156","35/18805",0.0571428571428571,6.88827838827839,3.18896583446281,0.0340257293557312,0.461777755542066,0.439622656578109,"BCHE/PCSK6",2,"BP",0.0128205128205128,0.00186120712576442
"BP","GO:0071900","regulation of protein serine/threonine kinase activity","5/156","217/18805",0.0230414746543779,2.77753160817677,2.40874326362088,0.0348428841323887,0.470180964854676,0.447622698064419,"ADRA2A/ADAM9/HGS/AIDA/DDX3X",5,"BP",0.032051282051282,0.0115394841797394
"BP","GO:0050767","regulation of neurogenesis","7/156","372/18805",0.0188172043010753,2.26831748001103,2.25975357595847,0.0357939980537046,0.473679748746103,0.450953617864434,"PRMT5/LDLR/TRIM32/PLXNB3/SEMA3G/PTPRS/IL1RAPL1",7,"BP",0.0448717948717949,0.0197819728795533
"BP","GO:0034143","regulation of toll-like receptor 4 signaling pathway","2/156","36/18805",0.0555555555555556,6.69693732193732,3.1291888243891,0.035834815849548,0.473679748746103,0.450953617864434,"SQSTM1/TRIM32",2,"BP",0.0128205128205128,0.00191438447221484
"BP","GO:0034405","response to fluid shear stress","2/156","36/18805",0.0555555555555556,6.69693732193732,3.1291888243891,0.035834815849548,0.473679748746103,0.450953617864434,"ADAM9/PKD1",2,"BP",0.0128205128205128,0.00191438447221484
"BP","GO:0022411","cellular component disassembly","8/156","456/18805",0.0175438596491228,2.11482231219073,2.20415189147788,0.0366259095099629,0.473679748746103,0.450953617864434,"SMARCC2/PEX10/FYCO1/SMCR8/NEMF/KAT5/STX17/SPTBN2",8,"BP",0.0512820512820513,0.0242488699813879
"BP","GO:0000132","establishment of mitotic spindle orientation","2/156","37/18805",0.0540540540540541,6.51593901593902,3.07164461209987,0.0376803228374632,0.473679748746103,0.450953617864434,"KAT5/SAPCD2",2,"BP",0.0128205128205128,0.00196756181866525
"BP","GO:0015701","bicarbonate transport","2/156","37/18805",0.0540540540540541,6.51593901593902,3.07164461209987,0.0376803228374632,0.473679748746103,0.450953617864434,"SLC4A2/SLC26A1",2,"BP",0.0128205128205128,0.00196756181866525
"BP","GO:0021955","central nervous system neuron axonogenesis","2/156","37/18805",0.0540540540540541,6.51593901593902,3.07164461209987,0.0376803228374632,0.473679748746103,0.450953617864434,"SPG11/B4GALT5",2,"BP",0.0128205128205128,0.00196756181866525
"BP","GO:0032366","intracellular sterol transport","2/156","37/18805",0.0540540540540541,6.51593901593902,3.07164461209987,0.0376803228374632,0.473679748746103,0.450953617864434,"VPS52/LDLR",2,"BP",0.0128205128205128,0.00196756181866525
"BP","GO:0034694","response to prostaglandin","2/156","37/18805",0.0540540540540541,6.51593901593902,3.07164461209987,0.0376803228374632,0.473679748746103,0.450953617864434,"ACACA/TNC",2,"BP",0.0128205128205128,0.00196756181866525
"BP","GO:0045880","positive regulation of smoothened signaling pathway","2/156","37/18805",0.0540540540540541,6.51593901593902,3.07164461209987,0.0376803228374632,0.473679748746103,0.450953617864434,"DLG5/EVC",2,"BP",0.0128205128205128,0.00196756181866525
"BP","GO:0099171","presynaptic modulation of chemical synaptic transmission","2/156","37/18805",0.0540540540540541,6.51593901593902,3.07164461209987,0.0376803228374632,0.473679748746103,0.450953617864434,"ADRA2A/GRIN3A",2,"BP",0.0128205128205128,0.00196756181866525
"BP","GO:0022406","membrane docking","3/156","89/18805",0.0337078651685393,4.0633102852204,2.64934868410971,0.0378943798996883,0.473679748746103,0.450953617864434,"RAB8A/EXOC7/STX17",3,"BP",0.0192307692307692,0.00473278383408668
"BP","GO:0033627","cell adhesion mediated by integrin","3/156","89/18805",0.0337078651685393,4.0633102852204,2.64934868410971,0.0378943798996883,0.473679748746103,0.450953617864434,"ACER2/ADAM9/FERMT1",3,"BP",0.0192307692307692,0.00473278383408668
"BP","GO:0043543","protein acylation","3/156","89/18805",0.0337078651685393,4.0633102852204,2.64934868410971,0.0378943798996883,0.473679748746103,0.450953617864434,"KAT5/EP300/DDX3X",3,"BP",0.0192307692307692,0.00473278383408668
"BP","GO:0006904","vesicle docking involved in exocytosis","2/156","38/18805",0.0526315789473684,6.3444669365722,3.01618802895832,0.0395615300366306,0.484322854829884,0.4610860907145,"RAB8A/EXOC7",2,"BP",0.0128205128205128,0.00202073916511566
"BP","GO:0043243","positive regulation of protein-containing complex disassembly","2/156","38/18805",0.0526315789473684,6.3444669365722,3.01618802895832,0.0395615300366306,0.484322854829884,0.4610860907145,"FYCO1/SMCR8",2,"BP",0.0128205128205128,0.00202073916511566
"BP","GO:0071392","cellular response to estradiol stimulus","2/156","38/18805",0.0526315789473684,6.3444669365722,3.01618802895832,0.0395615300366306,0.484322854829884,0.4610860907145,"NRIP1/KAT5",2,"BP",0.0128205128205128,0.00202073916511566
"BP","GO:0071398","cellular response to fatty acid","2/156","38/18805",0.0526315789473684,6.3444669365722,3.01618802895832,0.0395615300366306,0.484322854829884,0.4610860907145,"LDLR/IRS1",2,"BP",0.0128205128205128,0.00202073916511566
"BP","GO:0048511","rhythmic process","6/156","303/18805",0.0198019801980198,2.38702716425489,2.22616109434047,0.0408803232264448,0.490097514285837,0.46658369448686,"NRIP1/PRMT5/GRIN3A/CA12/KAT5/EP300",6,"BP",0.0384615384615385,0.0161127359744749
"BP","GO:0051056","regulation of small GTPase mediated signal transduction","6/156","303/18805",0.0198019801980198,2.38702716425489,2.22616109434047,0.0408803232264448,0.490097514285837,0.46658369448686,"SQSTM1/ARHGAP5/SIPA1L3/CSNK1A1/DENND4C/RALGAPA2",6,"BP",0.0384615384615385,0.0161127359744749
"BP","GO:0006282","regulation of DNA repair","5/156","227/18805",0.0220264317180617,2.65517338755224,2.29465072762522,0.0410042354575043,0.490097514285837,0.46658369448686,"TAF6/SMARCC2/USP22/RNF169/KAT5",5,"BP",0.032051282051282,0.0120712576442436
"BP","GO:0051051","negative regulation of transport","8/156","467/18805",0.0171306209850107,2.06500851040466,2.13154831090376,0.0411916685997171,0.490097514285837,0.46658369448686,"ADRA2A/CYP51A1/RAB11FIP1/FERMT1/SMCR8/IRS1/PRKG2/IL1RAPL1",8,"BP",0.0512820512820513,0.0248338207923425
"BP","GO:0032205","negative regulation of telomere maintenance","2/156","39/18805",0.0512820512820513,6.18178829717291,2.96268691451522,0.0414777264721908,0.490097514285837,0.46658369448686,"SMG6/GNL3L",2,"BP",0.0128205128205128,0.00207391651156607
"BP","GO:0140448","signaling receptor ligand precursor processing","2/156","39/18805",0.0512820512820513,6.18178829717291,2.96268691451522,0.0414777264721908,0.490097514285837,0.46658369448686,"BCHE/PCSK6",2,"BP",0.0128205128205128,0.00207391651156607
"BP","GO:2000780","negative regulation of double-strand break repair","2/156","39/18805",0.0512820512820513,6.18178829717291,2.96268691451522,0.0414777264721908,0.490097514285837,0.46658369448686,"RNF169/KAT5",2,"BP",0.0128205128205128,0.00207391651156607
"BP","GO:0098876","vesicle-mediated transport to the plasma membrane","4/156","158/18805",0.0253164556962025,3.05176890619929,2.36871138788751,0.0427427361510167,0.49251153000887,0.468881890951381,"VPS52/RAB8A/HGS/EHD3",4,"BP",0.0256410256410256,0.00840202073916512
"BP","GO:0042475","odontogenesis of dentin-containing tooth","3/156","94/18805",0.0319148936170213,3.8471767594108,2.53098460416207,0.0434261849331269,0.49251153000887,0.468881890951381,"CCDC154/SLC4A2/TNC",3,"BP",0.0192307692307692,0.00499867056633874
"BP","GO:0006734","NADH metabolic process","2/156","40/18805",0.05,6.02724358974359,2.91102065030328,0.0434282103740504,0.49251153000887,0.468881890951381,"HK2/PFKP",2,"BP",0.0128205128205128,0.00212709385801649
"BP","GO:0010507","negative regulation of autophagy","3/156","95/18805",0.0315789473684211,3.80668016194332,2.50828845864392,0.0445784417866803,0.49251153000887,0.468881890951381,"TBC1D14/SMCR8/EP300",3,"BP",0.0192307692307692,0.00505184791278915
"BP","GO:1902652","secondary alcohol metabolic process","4/156","161/18805",0.0248447204968944,2.99490364707756,2.32501072806045,0.0452626493436886,0.49251153000887,0.468881890951381,"LDLR/CYP51A1/ACO2/KPNB1",4,"BP",0.0256410256410256,0.00856155277851635
"BP","GO:0030866","cortical actin cytoskeleton organization","2/156","41/18805",0.0487804878048781,5.88023764853033,2.8610788909875,0.0454122890747142,0.49251153000887,0.468881890951381,"EPB41/TLN1",2,"BP",0.0128205128205128,0.0021802712044669
"BP","GO:0032728","positive regulation of interferon-beta production","2/156","41/18805",0.0487804878048781,5.88023764853033,2.8610788909875,0.0454122890747142,0.49251153000887,0.468881890951381,"OAS3/DDX3X",2,"BP",0.0128205128205128,0.0021802712044669
"BP","GO:0045738","negative regulation of DNA repair","2/156","41/18805",0.0487804878048781,5.88023764853033,2.8610788909875,0.0454122890747142,0.49251153000887,0.468881890951381,"RNF169/KAT5",2,"BP",0.0128205128205128,0.0021802712044669
"BP","GO:0097242","amyloid-beta clearance","2/156","41/18805",0.0487804878048781,5.88023764853033,2.8610788909875,0.0454122890747142,0.49251153000887,0.468881890951381,"LDLR/CYP51A1",2,"BP",0.0128205128205128,0.0021802712044669
"BP","GO:0000819","sister chromatid segregation","5/156","234/18805",0.0213675213675214,2.57574512382205,2.21837979753985,0.0456867807620991,0.49251153000887,0.468881890951381,"SMC4/SMARCC2/KAT5/HASPIN/KPNB1",5,"BP",0.032051282051282,0.0124434990693964
"BP","GO:0000423","mitophagy","3/156","96/18805",0.03125,3.76702724358974,2.48589860206687,0.0457458532054386,0.49251153000887,0.468881890951381,"SQSTM1/HK2/ATG9A",3,"BP",0.0192307692307692,0.00510502525923956
"BP","GO:0030522","intracellular receptor signaling pathway","7/156","393/18805",0.0178117048346056,2.14710967573563,2.1018919216503,0.0458109639570453,0.49251153000887,0.468881890951381,"CNOT1/OAS3/CSNK1A1/KDM3A/PTPRS/EP300/DDX3X",7,"BP",0.0448717948717949,0.020898697155012
"BP","GO:0046889","positive regulation of lipid biosynthetic process","3/156","97/18805",0.0309278350515464,3.7281919111816,2.46380736675969,0.0469283530851767,0.49251153000887,0.468881890951381,"LDLR/KAT5/KPNB1",3,"BP",0.0192307692307692,0.00515820260568998
"BP","GO:0043603","amide metabolic process","8/156","480/18805",0.0166666666666667,2.0090811965812,2.04825671116108,0.0470593043476225,0.49251153000887,0.468881890951381,"ACER2/BCHE/LDLR/NT5C2/CERS6/ACACA/B4GALT5/PCSK6",8,"BP",0.0512820512820513,0.0255251262961978
"BP","GO:0046676","negative regulation of insulin secretion","2/156","42/18805",0.0476190476190476,5.74023199023199,2.81276046220126,0.0474292789081632,0.49251153000887,0.468881890951381,"ADRA2A/IRS1",2,"BP",0.0128205128205128,0.00223344855091731
"BP","GO:0060999","positive regulation of dendritic spine development","2/156","42/18805",0.0476190476190476,5.74023199023199,2.81276046220126,0.0474292789081632,0.49251153000887,0.468881890951381,"DLG5/IL1RAPL1",2,"BP",0.0128205128205128,0.00223344855091731
"BP","GO:0150077","regulation of neuroinflammatory response","2/156","42/18805",0.0476190476190476,5.74023199023199,2.81276046220126,0.0474292789081632,0.49251153000887,0.468881890951381,"LDLR/DAGLA",2,"BP",0.0128205128205128,0.00223344855091731
"BP","GO:0019318","hexose metabolic process","5/156","237/18805",0.0210970464135021,2.54314075516607,2.1865368280216,0.0477875265528718,0.49251153000887,0.468881890951381,"HK2/PFKP/IRS1/PFKFB3/EP300",5,"BP",0.032051282051282,0.0126030311087477
"BP","GO:0045088","regulation of innate immune response","8/156","482/18805",0.016597510373444,2.00074476008086,2.03567385610048,0.0480082213049564,0.49251153000887,0.468881890951381,"SQSTM1/OAS3/TRIM32/CSNK1A1/KAT5/PTPRS/EP300/DDX3X",8,"BP",0.0512820512820513,0.0256314809890986
"BP","GO:0010631","epithelial cell migration","3/156","98/18805",0.0306122448979592,3.69014913657771,2.44200735577241,0.0481258732403867,0.49251153000887,0.468881890951381,"ARHGAP5/ADAM9/FERMT1",3,"BP",0.0192307692307692,0.00521137995214039
"BP","GO:0051153","regulation of striated muscle cell differentiation","3/156","98/18805",0.0306122448979592,3.69014913657771,2.44200735577241,0.0481258732403867,0.49251153000887,0.468881890951381,"BHLHA15/TRIM32/ATP11A",3,"BP",0.0192307692307692,0.00521137995214039
"BP","GO:2001251","negative regulation of chromosome organization","3/156","98/18805",0.0306122448979592,3.69014913657771,2.44200735577241,0.0481258732403867,0.49251153000887,0.468881890951381,"SMG6/GNL3L/HASPIN",3,"BP",0.0192307692307692,0.00521137995214039
"BP","GO:0006909","phagocytosis","5/156","238/18805",0.0210084033613445,2.53245528980823,2.17603095141669,0.0485003392888493,0.49251153000887,0.468881890951381,"LDLR/MYO18A/SPG11/TUB/TM9SF4",5,"BP",0.032051282051282,0.0126562084551981
"BP","GO:0120033","negative regulation of plasma membrane bounded cell projection assembly","2/156","43/18805",0.0465116279069767,5.60673822301729,2.76597239977152,0.0494785051097657,0.49251153000887,0.468881890951381,"TRIM32/PLXNB3",2,"BP",0.0128205128205128,0.00228662589736772
"BP","GO:1900225","regulation of NLRP3 inflammasome complex assembly","2/156","43/18805",0.0465116279069767,5.60673822301729,2.76597239977152,0.0494785051097657,0.49251153000887,0.468881890951381,"CSNK1A1/DDX3X",2,"BP",0.0128205128205128,0.00228662589736772
"BP","GO:0007160","cell-matrix adhesion","5/156","240/18805",0.0208333333333333,2.5113514957265,2.15517862058888,0.0499448339556952,0.49251153000887,0.468881890951381,"ACER2/ADAM9/PKD1/TLN1/FERMT1",5,"BP",0.032051282051282,0.0127625631480989
"BP","GO:0002220","innate immune response activating cell surface receptor signaling pathway","3/156","100/18805",0.03,3.61634615384615,2.39925269979646,0.0505656915616056,0.49251153000887,0.468881890951381,"SQSTM1/TRIM32/EP300",3,"BP",0.0192307692307692,0.00531773464504121
"BP","GO:0051262","protein tetramerization","3/156","100/18805",0.03,3.61634615384615,2.39925269979646,0.0505656915616056,0.49251153000887,0.468881890951381,"ITPR3/PKD1/ACACA",3,"BP",0.0192307692307692,0.00531773464504121
"BP","GO:1903432","regulation of TORC1 signaling","3/156","100/18805",0.03,3.61634615384615,2.39925269979646,0.0505656915616056,0.49251153000887,0.468881890951381,"CSNK1A1/SMCR8/EP300",3,"BP",0.0192307692307692,0.00531773464504121
"BP","GO:0140588","chromatin looping","4/156","168/18805",0.0238095238095238,2.870115995116,2.22686981746872,0.051459496050547,0.49251153000887,0.468881890951381,"RECQL/DHX38/MORC2/DDX3X",4,"BP",0.0256410256410256,0.00893379420366924
"BP","GO:0002209","behavioral defense response","2/156","44/18805",0.0454545454545455,5.47931235431235,2.7206291093676,0.0515593017172133,0.49251153000887,0.468881890951381,"GRPR/EP300",2,"BP",0.0128205128205128,0.00233980324381813
"BP","GO:0019432","triglyceride biosynthetic process","2/156","44/18805",0.0454545454545455,5.47931235431235,2.7206291093676,0.0515593017172133,0.49251153000887,0.468881890951381,"LDLR/KAT5",2,"BP",0.0128205128205128,0.00233980324381813
"BP","GO:0090132","epithelium migration","3/156","101/18805",0.0297029702970297,3.58054074638233,2.37828450767006,0.0518078434462839,0.49251153000887,0.468881890951381,"ARHGAP5/ADAM9/FERMT1",3,"BP",0.0192307692307692,0.00537091199149162
"BP","GO:0001667","ameboidal-type cell migration","5/156","243/18805",0.0205761316872428,2.48034715627308,2.12429082006829,0.0521587914971157,0.49251153000887,0.468881890951381,"CAP1/ARHGAP5/ADAM9/FERMT1/SEMA3G",5,"BP",0.032051282051282,0.0129220951874501
"BP","GO:1902850","microtubule cytoskeleton organization involved in mitosis","4/156","169/18805",0.0236686390532544,2.85313306023365,2.21326415985572,0.0523808846097079,0.49251153000887,0.468881890951381,"PKD1/KAT5/KPNB1/SAPCD2",4,"BP",0.0256410256410256,0.00898697155011965
"BP","GO:0090148","membrane fission","2/156","45/18805",0.0444444444444444,5.35754985754986,2.67665162911699,0.0536710114724702,0.49251153000887,0.468881890951381,"EXOC7/HGS",2,"BP",0.0128205128205128,0.00239298059026855
"BP","GO:0090207","regulation of triglyceride metabolic process","2/156","45/18805",0.0444444444444444,5.35754985754986,2.67665162911699,0.0536710114724702,0.49251153000887,0.468881890951381,"LDLR/KAT5",2,"BP",0.0128205128205128,0.00239298059026855
"BP","GO:0015914","phospholipid transport","3/156","103/18805",0.029126213592233,3.51101568334578,2.33713423553546,0.0543362528989644,0.49251153000887,0.468881890951381,"LDLR/ATG9A/ATP11A",3,"BP",0.0192307692307692,0.00547726668439245
"BP","GO:0007034","vacuolar transport","4/156","172/18805",0.0232558139534884,2.80336911150865,2.17303691538213,0.0551990042421363,0.49251153000887,0.468881890951381,"VPS52/SQSTM1/HGS/EHD3",4,"BP",0.0256410256410256,0.00914650358947089
"BP","GO:0044546","NLRP3 inflammasome complex assembly","2/156","46/18805",0.0434782608695652,5.24108138238573,2.63396698058904,0.0558129857247284,0.49251153000887,0.468881890951381,"CSNK1A1/DDX3X",2,"BP",0.0128205128205128,0.00244615793671896
"BP","GO:0045663","positive regulation of myoblast differentiation","2/156","46/18805",0.0434782608695652,5.24108138238573,2.63396698058904,0.0558129857247284,0.49251153000887,0.468881890951381,"SMARCC2/KAT5",2,"BP",0.0128205128205128,0.00244615793671896
"BP","GO:1990000","amyloid fibril formation","2/156","46/18805",0.0434782608695652,5.24108138238573,2.63396698058904,0.0558129857247284,0.49251153000887,0.468881890951381,"LDLR/SERF1B",2,"BP",0.0128205128205128,0.00244615793671896
"BP","GO:0032602","chemokine production","3/156","105/18805",0.0285714285714286,3.44413919413919,2.29699170917996,0.0569229426725581,0.49251153000887,0.468881890951381,"OAS3/TRIM32/DDX3X",3,"BP",0.0192307692307692,0.00558362137729327
"BP","GO:0032642","regulation of chemokine production","3/156","105/18805",0.0285714285714286,3.44413919413919,2.29699170917996,0.0569229426725581,0.49251153000887,0.468881890951381,"OAS3/TRIM32/DDX3X",3,"BP",0.0192307692307692,0.00558362137729327
"BP","GO:0006623","protein targeting to vacuole","2/156","47/18805",0.0425531914893617,5.12956901254774,2.59250759588661,0.0579845843343559,0.49251153000887,0.468881890951381,"SQSTM1/HGS",2,"BP",0.0128205128205128,0.00249933528316937
"BP","GO:0010830","regulation of myotube differentiation","2/156","47/18805",0.0425531914893617,5.12956901254774,2.59250759588661,0.0579845843343559,0.49251153000887,0.468881890951381,"BHLHA15/ATP11A",2,"BP",0.0128205128205128,0.00249933528316937
"BP","GO:0051294","establishment of spindle orientation","2/156","47/18805",0.0425531914893617,5.12956901254774,2.59250759588661,0.0579845843343559,0.49251153000887,0.468881890951381,"KAT5/SAPCD2",2,"BP",0.0128205128205128,0.00249933528316937
"BP","GO:0090278","negative regulation of peptide hormone secretion","2/156","47/18805",0.0425531914893617,5.12956901254774,2.59250759588661,0.0579845843343559,0.49251153000887,0.468881890951381,"ADRA2A/IRS1",2,"BP",0.0128205128205128,0.00249933528316937
"BP","GO:0090130","tissue migration","3/156","106/18805",0.0283018867924528,3.4116473149492,2.27728394125214,0.0582379385433354,0.49251153000887,0.468881890951381,"ARHGAP5/ADAM9/FERMT1",3,"BP",0.0192307692307692,0.00563679872374368
"BP","GO:2000045","regulation of G1/S transition of mitotic cell cycle","4/156","176/18805",0.0227272727272727,2.73965617715618,2.12072634754533,0.0590818729167968,0.49251153000887,0.468881890951381,"SMARCC2/PKD1/RBL2/DDX3X",4,"BP",0.0256410256410256,0.00935921297527253
"BP","GO:0007179","transforming growth factor beta receptor signaling pathway","5/156","252/18805",0.0198412698412698,2.39176332926333,2.0343151500448,0.059140918257393,0.49251153000887,0.468881890951381,"ADAM9/ZFYVE9/BCL9L/FERMT1/EP300",5,"BP",0.032051282051282,0.0134006913055039
"BP","GO:0002792","negative regulation of peptide secretion","2/156","48/18805",0.0416666666666667,5.02270299145299,2.55221081050777,0.0601851755778311,0.49251153000887,0.468881890951381,"ADRA2A/IRS1",2,"BP",0.0128205128205128,0.00255251262961978
"BP","GO:0006356","regulation of transcription by RNA polymerase I","2/156","48/18805",0.0416666666666667,5.02270299145299,2.55221081050777,0.0601851755778311,0.49251153000887,0.468881890951381,"HEATR1/BAZ2A",2,"BP",0.0128205128205128,0.00255251262961978
"BP","GO:0010634","positive regulation of epithelial cell migration","2/156","48/18805",0.0416666666666667,5.02270299145299,2.55221081050777,0.0601851755778311,0.49251153000887,0.468881890951381,"ARHGAP5/ADAM9",2,"BP",0.0128205128205128,0.00255251262961978
"BP","GO:0032210","regulation of telomere maintenance via telomerase","2/156","48/18805",0.0416666666666667,5.02270299145299,2.55221081050777,0.0601851755778311,0.49251153000887,0.468881890951381,"SMG6/GNL3L",2,"BP",0.0128205128205128,0.00255251262961978
"BP","GO:0071526","semaphorin-plexin signaling pathway","2/156","48/18805",0.0416666666666667,5.02270299145299,2.55221081050777,0.0601851755778311,0.49251153000887,0.468881890951381,"PLXNB3/SEMA3G",2,"BP",0.0128205128205128,0.00255251262961978
"BP","GO:0099054","presynapse assembly","2/156","48/18805",0.0416666666666667,5.02270299145299,2.55221081050777,0.0601851755778311,0.49251153000887,0.468881890951381,"SLITRK3/IL1RAPL1",2,"BP",0.0128205128205128,0.00255251262961978
"BP","GO:0140632","canonical inflammasome complex assembly","2/156","48/18805",0.0416666666666667,5.02270299145299,2.55221081050777,0.0601851755778311,0.49251153000887,0.468881890951381,"CSNK1A1/DDX3X",2,"BP",0.0128205128205128,0.00255251262961978
"BP","GO:0141085","regulation of inflammasome-mediated signaling pathway","2/156","48/18805",0.0416666666666667,5.02270299145299,2.55221081050777,0.0601851755778311,0.49251153000887,0.468881890951381,"CSNK1A1/DDX3X",2,"BP",0.0128205128205128,0.00255251262961978
"BP","GO:0033045","regulation of sister chromatid segregation","3/156","108/18805",0.0277777777777778,3.34846866096866,2.23856819343097,0.0609108097016697,0.49251153000887,0.468881890951381,"SMARCC2/KAT5/HASPIN",3,"BP",0.0192307692307692,0.00574315341664451
"BP","GO:0016052","carbohydrate catabolic process","4/156","179/18805",0.0223463687150838,2.69374015184071,2.08244310702159,0.0620874916777744,0.49251153000887,0.468881890951381,"HK2/PFKP/PFKFB3/EP300",4,"BP",0.0256410256410256,0.00951874501462377
"BP","GO:0006509","membrane protein ectodomain proteolysis","2/156","49/18805",0.0408163265306122,4.92019884877028,2.51301841322833,0.062414136053652,0.49251153000887,0.468881890951381,"ADRA2A/ADAM9",2,"BP",0.0128205128205128,0.00260568997607019
"BP","GO:0042149","cellular response to glucose starvation","2/156","49/18805",0.0408163265306122,4.92019884877028,2.51301841322833,0.062414136053652,0.49251153000887,0.468881890951381,"BHLHA15/KAT5",2,"BP",0.0128205128205128,0.00260568997607019
"BP","GO:0042596","fear response","2/156","49/18805",0.0408163265306122,4.92019884877028,2.51301841322833,0.062414136053652,0.49251153000887,0.468881890951381,"GRPR/ADRA2A",2,"BP",0.0128205128205128,0.00260568997607019
"BP","GO:0090181","regulation of cholesterol metabolic process","2/156","49/18805",0.0408163265306122,4.92019884877028,2.51301841322833,0.062414136053652,0.49251153000887,0.468881890951381,"LDLR/KPNB1",2,"BP",0.0128205128205128,0.00260568997607019
"BP","GO:0019362","pyridine nucleotide metabolic process","4/156","180/18805",0.0222222222222222,2.67877492877493,2.06985647619639,0.0631070699429521,0.49251153000887,0.468881890951381,"HK2/PFKP/PFKFB3/EP300",4,"BP",0.0256410256410256,0.00957192236107418
"BP","GO:0046496","nicotinamide nucleotide metabolic process","4/156","180/18805",0.0222222222222222,2.67877492877493,2.06985647619639,0.0631070699429521,0.49251153000887,0.468881890951381,"HK2/PFKP/PFKFB3/EP300",4,"BP",0.0256410256410256,0.00957192236107418
"BP","GO:0048675","axon extension","3/156","110/18805",0.0272727272727273,3.28758741258741,2.2007512235143,0.0636402719826941,0.49251153000887,0.468881890951381,"SEMA3G/SPG11/PTPRS",3,"BP",0.0192307692307692,0.00584950810954533
"BP","GO:1901136","carbohydrate derivative catabolic process","5/156","258/18805",0.0193798449612403,2.33614092625721,1.97644589320223,0.0640789580252556,0.49251153000887,0.468881890951381,"HK2/PFKP/NT5C2/PFKFB3/EP300",5,"BP",0.032051282051282,0.0137197553842063
"BP","GO:0030521","androgen receptor signaling pathway","2/156","50/18805",0.04,4.82179487179487,2.47487624557234,0.0646708505892115,0.49251153000887,0.468881890951381,"KDM3A/EP300",2,"BP",0.0128205128205128,0.00265886732252061
"BP","GO:0031670","cellular response to nutrient","2/156","50/18805",0.04,4.82179487179487,2.47487624557234,0.0646708505892115,0.49251153000887,0.468881890951381,"CSNK1A1/TNC",2,"BP",0.0128205128205128,0.00265886732252061
"BP","GO:0047496","vesicle transport along microtubule","2/156","50/18805",0.04,4.82179487179487,2.47487624557234,0.0646708505892115,0.49251153000887,0.468881890951381,"FYCO1/SPG11",2,"BP",0.0128205128205128,0.00265886732252061
"BP","GO:0140894","endolysosomal toll-like receptor signaling pathway","2/156","50/18805",0.04,4.82179487179487,2.47487624557234,0.0646708505892115,0.49251153000887,0.468881890951381,"PTPRS/DDX3X",2,"BP",0.0128205128205128,0.00265886732252061
"BP","GO:1902116","negative regulation of organelle assembly","2/156","50/18805",0.04,4.82179487179487,2.47487624557234,0.0646708505892115,0.49251153000887,0.468881890951381,"TRIM32/SMCR8",2,"BP",0.0128205128205128,0.00265886732252061
"BP","GO:0007229","integrin-mediated signaling pathway","3/156","111/18805",0.027027027027027,3.25796950796951,2.18216752848161,0.0650260012406256,0.49251153000887,0.468881890951381,"ADAM9/TLN1/FERMT1",3,"BP",0.0192307692307692,0.00590268545599575
"BP","GO:0005996","monosaccharide metabolic process","5/156","260/18805",0.0192307692307692,2.31817061143984,1.95751241865399,0.0657751949692201,0.49251153000887,0.468881890951381,"HK2/PFKP/IRS1/PFKFB3/EP300",5,"BP",0.032051282051282,0.0138261100771072
"BP","GO:0022600","digestive system process","3/156","112/18805",0.0267857142857143,3.22888049450549,2.16379412814193,0.0664256072001569,0.49251153000887,0.468881890951381,"ADRA2A/EPB41/LDLR",3,"BP",0.0192307692307692,0.00595586280244616
"BP","GO:1901890","positive regulation of cell junction assembly","3/156","112/18805",0.0267857142857143,3.22888049450549,2.16379412814193,0.0664256072001569,0.49251153000887,0.468881890951381,"DLG5/SLITRK3/IL1RAPL1",3,"BP",0.0192307692307692,0.00595586280244616
"BP","GO:0019320","hexose catabolic process","2/156","51/18805",0.0392156862745098,4.7272498743087,2.43773384453445,0.0669547121486293,0.49251153000887,0.468881890951381,"HK2/PFKP",2,"BP",0.0128205128205128,0.00271204466897102
"BP","GO:0032365","intracellular lipid transport","2/156","51/18805",0.0392156862745098,4.7272498743087,2.43773384453445,0.0669547121486293,0.49251153000887,0.468881890951381,"VPS52/LDLR",2,"BP",0.0128205128205128,0.00271204466897102
"BP","GO:0017157","regulation of exocytosis","4/156","184/18805",0.0217391304347826,2.62054069119287,2.02035179532074,0.0672733572429036,0.49251153000887,0.468881890951381,"ADRA2A/HGS/SMCR8/IL1RAPL1",4,"BP",0.0256410256410256,0.00978463174687583
"BP","GO:0045787","positive regulation of cell cycle","6/156","344/18805",0.0174418604651163,2.10252683363148,1.88755851742533,0.0672820463697444,0.49251153000887,0.468881890951381,"SMC4/USP22/EXOC7/TRIM32/KAT5/DDX3X",6,"BP",0.0384615384615385,0.0182930071789418
"BP","GO:0006672","ceramide metabolic process","3/156","113/18805",0.0265486725663717,3.2003063308373,2.14562652705909,0.0678389966472748,0.49251153000887,0.468881890951381,"ACER2/CERS6/B4GALT5",3,"BP",0.0192307692307692,0.00600904014889657
"BP","GO:0043254","regulation of protein-containing complex assembly","7/156","431/18805",0.0162412993039443,1.95780534237611,1.83981298677933,0.0681610865158353,0.49251153000887,0.468881890951381,"GNL3L/AIDA/CSNK1A1/FERMT1/SPTBN2/EP300/DDX3X",7,"BP",0.0448717948717949,0.0229194363201276
"BP","GO:0045332","phospholipid translocation","2/156","52/18805",0.0384615384615385,4.63634122287968,2.40154412313494,0.0692651217415308,0.49251153000887,0.468881890951381,"ATG9A/ATP11A",2,"BP",0.0128205128205128,0.00276522201542143
"BP","GO:0051155","positive regulation of striated muscle cell differentiation","2/156","52/18805",0.0384615384615385,4.63634122287968,2.40154412313494,0.0692651217415308,0.49251153000887,0.468881890951381,"TRIM32/ATP11A",2,"BP",0.0128205128205128,0.00276522201542143
"BP","GO:0030148","sphingolipid biosynthetic process","3/156","114/18805",0.0263157894736842,3.1722334682861,2.12766036588322,0.0692660750748595,0.49251153000887,0.468881890951381,"ACER2/CERS6/B4GALT5",3,"BP",0.0192307692307692,0.00606221749534698
"BP","GO:0038202","TORC1 signaling","3/156","114/18805",0.0263157894736842,3.1722334682861,2.12766036588322,0.0692660750748595,0.49251153000887,0.468881890951381,"CSNK1A1/SMCR8/EP300",3,"BP",0.0192307692307692,0.00606221749534698
"BP","GO:0045445","myoblast differentiation","3/156","114/18805",0.0263157894736842,3.1722334682861,2.12766036588322,0.0692660750748595,0.49251153000887,0.468881890951381,"SMARCC2/BCL9L/KAT5",3,"BP",0.0192307692307692,0.00606221749534698
"BP","GO:0071902","positive regulation of protein serine/threonine kinase activity","3/156","114/18805",0.0263157894736842,3.1722334682861,2.12766036588322,0.0692660750748595,0.49251153000887,0.468881890951381,"ADRA2A/ADAM9/DDX3X",3,"BP",0.0192307692307692,0.00606221749534698
"BP","GO:0002753","cytoplasmic pattern recognition receptor signaling pathway","4/156","186/18805",0.021505376344086,2.59236283429832,1.99608933716322,0.0694089688051594,0.49251153000887,0.468881890951381,"OAS3/CSNK1A1/PTPRS/DDX3X",4,"BP",0.0256410256410256,0.00989098643977666
"BP","GO:0072524","pyridine-containing compound metabolic process","4/156","187/18805",0.0213903743315508,2.57849993144111,1.98407691291818,0.0704898072313736,0.49251153000887,0.468881890951381,"HK2/PFKP/PFKFB3/EP300",4,"BP",0.0256410256410256,0.00994416378622707
"BP","GO:0000724","double-strand break repair via homologous recombination","4/156","188/18805",0.0212765957446809,2.56478450627387,1.97214234650154,0.071579300033096,0.49251153000887,0.468881890951381,"RECQL/FAN1/RNF169/KAT5",4,"BP",0.0256410256410256,0.00999734113267748
"BP","GO:0031345","negative regulation of cell projection organization","4/156","188/18805",0.0212765957446809,2.56478450627387,1.97214234650154,0.071579300033096,0.49251153000887,0.468881890951381,"TRIM32/PLXNB3/SEMA3G/PTPRS",4,"BP",0.0256410256410256,0.00999734113267748
"BP","GO:0019083","viral transcription","2/156","53/18805",0.0377358490566038,4.54886308659894,2.36626308415706,0.0716014883327643,0.49251153000887,0.468881890951381,"TRIM32/EP300",2,"BP",0.0128205128205128,0.00281839936187184
"BP","GO:0031648","protein destabilization","2/156","53/18805",0.0377358490566038,4.54886308659894,2.36626308415706,0.0716014883327643,0.49251153000887,0.468881890951381,"SERF1B/EP300",2,"BP",0.0128205128205128,0.00281839936187184
"BP","GO:0051646","mitochondrion localization","2/156","53/18805",0.0377358490566038,4.54886308659894,2.36626308415706,0.0716014883327643,0.49251153000887,0.468881890951381,"BHLHA15/PKD1",2,"BP",0.0128205128205128,0.00281839936187184
"BP","GO:0141084","inflammasome-mediated signaling pathway","2/156","53/18805",0.0377358490566038,4.54886308659894,2.36626308415706,0.0716014883327643,0.49251153000887,0.468881890951381,"CSNK1A1/DDX3X",2,"BP",0.0128205128205128,0.00281839936187184
"BP","GO:0000422","autophagy of mitochondrion","3/156","116/18805",0.0258620689655172,3.11753978779841,2.0923155748065,0.0721609146319992,0.49251153000887,0.468881890951381,"SQSTM1/HK2/ATG9A",3,"BP",0.0192307692307692,0.00616857218824781
"BP","GO:0042593","glucose homeostasis","5/156","268/18805",0.0186567164179104,2.24897148871029,1.88347492392839,0.0728100604956928,0.49251153000887,0.468881890951381,"BHLHA15/ADRA2A/HK2/KAT5/IRS1",5,"BP",0.032051282051282,0.0142515288487104
"BP","GO:0033500","carbohydrate homeostasis","5/156","269/18805",0.0185873605947955,2.24061099990468,1.87440486629093,0.0737174135446607,0.49251153000887,0.468881890951381,"BHLHA15/ADRA2A/HK2/KAT5/IRS1",5,"BP",0.032051282051282,0.0143047061951609
"BP","GO:0031103","axon regeneration","2/156","54/18805",0.037037037037037,4.46462488129155,2.33184956306435,0.0739632287530469,0.49251153000887,0.468881890951381,"TNC/PTPRS",2,"BP",0.0128205128205128,0.00287157670832225
"BP","GO:0050771","negative regulation of axonogenesis","2/156","54/18805",0.037037037037037,4.46462488129155,2.33184956306435,0.0739632287530469,0.49251153000887,0.468881890951381,"SEMA3G/PTPRS",2,"BP",0.0128205128205128,0.00287157670832225
"BP","GO:1904263","positive regulation of TORC1 signaling","2/156","54/18805",0.037037037037037,4.46462488129155,2.33184956306435,0.0739632287530469,0.49251153000887,0.468881890951381,"CSNK1A1/EP300",2,"BP",0.0128205128205128,0.00287157670832225
"BP","GO:0045580","regulation of T cell differentiation","4/156","192/18805",0.0208333333333333,2.5113514957265,1.92516320161198,0.076023276138534,0.49251153000887,0.468881890951381,"SMARCC2/SLC4A2/KAT5/EP300",4,"BP",0.0256410256410256,0.0102100505184791
"BP","GO:0046365","monosaccharide catabolic process","2/156","55/18805",0.0363636363636364,4.38344988344988,2.29826499664258,0.0763497676105305,0.49251153000887,0.468881890951381,"HK2/PFKP",2,"BP",0.0128205128205128,0.00292475405477267
"BP","GO:0060425","lung morphogenesis","2/156","55/18805",0.0363636363636364,4.38344988344988,2.29826499664258,0.0763497676105305,0.49251153000887,0.468881890951381,"DLG5/TNC",2,"BP",0.0128205128205128,0.00292475405477267
"BP","GO:0001894","tissue homeostasis","5/156","272/18805",0.0183823529411765,2.2158983785822,1.84743222339095,0.0764765905459617,0.49251153000887,0.468881890951381,"CCDC154/TRIM32/SLC4A2/ACACA/TUB",5,"BP",0.032051282051282,0.0144642382345121
"BP","GO:0060249","anatomical structure homeostasis","5/156","272/18805",0.0183823529411765,2.2158983785822,1.84743222339095,0.0764765905459617,0.49251153000887,0.468881890951381,"CCDC154/TRIM32/SLC4A2/ACACA/TUB",5,"BP",0.032051282051282,0.0144642382345121
"BP","GO:0030518","nuclear receptor-mediated steroid hormone signaling pathway","3/156","119/18805",0.0252100840336134,3.03894634776988,2.04070746161331,0.0766034089539998,0.49251153000887,0.468881890951381,"CNOT1/KDM3A/EP300",3,"BP",0.0192307692307692,0.00632810422759904
"BP","GO:0000070","mitotic sister chromatid segregation","4/156","193/18805",0.0207253886010363,2.49833931181081,1.91360348286931,0.0771556306860028,0.49251153000887,0.468881890951381,"SMC4/KAT5/HASPIN/KPNB1",4,"BP",0.0256410256410256,0.0102632278649295
"BP","GO:0006006","glucose metabolic process","4/156","193/18805",0.0207253886010363,2.49833931181081,1.91360348286931,0.0771556306860028,0.49251153000887,0.468881890951381,"HK2/PFKP/IRS1/EP300",4,"BP",0.0256410256410256,0.0102632278649295
"BP","GO:0007006","mitochondrial membrane organization","3/156","120/18805",0.025,3.0136217948718,2.02386537842342,0.0781105694717488,0.49251153000887,0.468881890951381,"HK2/DNAJC11/HSPA4",3,"BP",0.0192307692307692,0.00638128157404945
"BP","GO:0016579","protein deubiquitination","3/156","120/18805",0.025,3.0136217948718,2.02386537842342,0.0781105694717488,0.49251153000887,0.468881890951381,"USP54/USP22/USP34",3,"BP",0.0192307692307692,0.00638128157404945
"BP","GO:0000725","recombinational repair","4/156","194/18805",0.0206185567010309,2.48546127412107,1.90211596446719,0.078296470815922,0.49251153000887,0.468881890951381,"RECQL/FAN1/RNF169/KAT5",4,"BP",0.0256410256410256,0.01031640521138
"BP","GO:0001738","morphogenesis of a polarized epithelium","2/156","56/18805",0.0357142857142857,4.30517399267399,2.26547321437517,0.0787605372032783,0.49251153000887,0.468881890951381,"DLG5/SAPCD2",2,"BP",0.0128205128205128,0.00297793140122308
"BP","GO:0007528","neuromuscular junction development","2/156","56/18805",0.0357142857142857,4.30517399267399,2.26547321437517,0.0787605372032783,0.49251153000887,0.468881890951381,"SPG11/TNC",2,"BP",0.0128205128205128,0.00297793140122308
"BP","GO:0006816","calcium ion transport","7/156","447/18805",0.0156599552572707,1.88772729880112,1.73732192300948,0.0792421299153392,0.49251153000887,0.468881890951381,"BHLHA15/ADRA2A/ITPR3/EPB41/GRIN3A/PKD1/SPG11",7,"BP",0.0448717948717949,0.0237702738633342
"BP","GO:0010720","positive regulation of cell development","7/156","447/18805",0.0156599552572707,1.88772729880112,1.73732192300948,0.0792421299153392,0.49251153000887,0.468881890951381,"SMARCC2/PRMT5/TRIM32/PLXNB3/KAT5/EP300/IL1RAPL1",7,"BP",0.0448717948717949,0.0237702738633342
"BP","GO:1902414","protein localization to cell junction","3/156","121/18805",0.0247933884297521,2.98871582962492,2.00719761571927,0.079630724697227,0.49251153000887,0.468881890951381,"DLG5/RAB8A/SLITRK3",3,"BP",0.0192307692307692,0.00643445892049987
"BP","GO:0001542","ovulation from ovarian follicle","1/156","10/18805",0.1,12.0544871794872,3.19798985194513,0.0799457929129785,0.49251153000887,0.468881890951381,"NRIP1",1,"BP",0.00641025641025641,0.000531773464504121
"BP","GO:0006475","internal protein amino acid acetylation","1/156","10/18805",0.1,12.0544871794872,3.19798985194513,0.0799457929129785,0.49251153000887,0.468881890951381,"EP300",1,"BP",0.00641025641025641,0.000531773464504121
"BP","GO:0009128","purine nucleoside monophosphate catabolic process","1/156","10/18805",0.1,12.0544871794872,3.19798985194513,0.0799457929129785,0.49251153000887,0.468881890951381,"NT5C2",1,"BP",0.00641025641025641,0.000531773464504121
"BP","GO:0009169","purine ribonucleoside monophosphate catabolic process","1/156","10/18805",0.1,12.0544871794872,3.19798985194513,0.0799457929129785,0.49251153000887,0.468881890951381,"NT5C2",1,"BP",0.00641025641025641,0.000531773464504121
"BP","GO:0014012","peripheral nervous system axon regeneration","1/156","10/18805",0.1,12.0544871794872,3.19798985194513,0.0799457929129785,0.49251153000887,0.468881890951381,"TNC",1,"BP",0.00641025641025641,0.000531773464504121
"BP","GO:0036490","regulation of translation in response to endoplasmic reticulum stress","1/156","10/18805",0.1,12.0544871794872,3.19798985194513,0.0799457929129785,0.49251153000887,0.468881890951381,"DDX3X",1,"BP",0.00641025641025641,0.000531773464504121
"BP","GO:0048194","Golgi vesicle budding","1/156","10/18805",0.1,12.0544871794872,3.19798985194513,0.0799457929129785,0.49251153000887,0.468881890951381,"MYO18A",1,"BP",0.00641025641025641,0.000531773464504121
"BP","GO:0048241","epinephrine transport","1/156","10/18805",0.1,12.0544871794872,3.19798985194513,0.0799457929129785,0.49251153000887,0.468881890951381,"ADRA2A",1,"BP",0.00641025641025641,0.000531773464504121
"BP","GO:0070471","uterine smooth muscle contraction","1/156","10/18805",0.1,12.0544871794872,3.19798985194513,0.0799457929129785,0.49251153000887,0.468881890951381,"ADRA2A",1,"BP",0.00641025641025641,0.000531773464504121
"BP","GO:0070472","regulation of uterine smooth muscle contraction","1/156","10/18805",0.1,12.0544871794872,3.19798985194513,0.0799457929129785,0.49251153000887,0.468881890951381,"ADRA2A",1,"BP",0.00641025641025641,0.000531773464504121
"BP","GO:0071838","cell proliferation in bone marrow","1/156","10/18805",0.1,12.0544871794872,3.19798985194513,0.0799457929129785,0.49251153000887,0.468881890951381,"SHC1",1,"BP",0.00641025641025641,0.000531773464504121
"BP","GO:0072014","proximal tubule development","1/156","10/18805",0.1,12.0544871794872,3.19798985194513,0.0799457929129785,0.49251153000887,0.468881890951381,"PKD1",1,"BP",0.00641025641025641,0.000531773464504121
"BP","GO:0098917","retrograde trans-synaptic signaling","1/156","10/18805",0.1,12.0544871794872,3.19798985194513,0.0799457929129785,0.49251153000887,0.468881890951381,"DAGLA",1,"BP",0.00641025641025641,0.000531773464504121
"BP","GO:0150172","regulation of phosphatidylcholine metabolic process","1/156","10/18805",0.1,12.0544871794872,3.19798985194513,0.0799457929129785,0.49251153000887,0.468881890951381,"LDLR",1,"BP",0.00641025641025641,0.000531773464504121
"BP","GO:1902423","regulation of attachment of mitotic spindle microtubules to kinetochore","1/156","10/18805",0.1,12.0544871794872,3.19798985194513,0.0799457929129785,0.49251153000887,0.468881890951381,"KAT5",1,"BP",0.00641025641025641,0.000531773464504121
"BP","GO:1904816","positive regulation of protein localization to chromosome, telomeric region","1/156","10/18805",0.1,12.0544871794872,3.19798985194513,0.0799457929129785,0.49251153000887,0.468881890951381,"GNL3L",1,"BP",0.00641025641025641,0.000531773464504121
"BP","GO:1905268","negative regulation of chromatin organization","1/156","10/18805",0.1,12.0544871794872,3.19798985194513,0.0799457929129785,0.49251153000887,0.468881890951381,"RLF",1,"BP",0.00641025641025641,0.000531773464504121
"BP","GO:1990700","nucleolar chromatin organization","1/156","10/18805",0.1,12.0544871794872,3.19798985194513,0.0799457929129785,0.49251153000887,0.468881890951381,"BAZ2A",1,"BP",0.00641025641025641,0.000531773464504121
"BP","GO:2000234","positive regulation of rRNA processing","1/156","10/18805",0.1,12.0544871794872,3.19798985194513,0.0799457929129785,0.49251153000887,0.468881890951381,"HEATR1",1,"BP",0.00641025641025641,0.000531773464504121
"BP","GO:2000822","regulation of behavioral fear response","1/156","10/18805",0.1,12.0544871794872,3.19798985194513,0.0799457929129785,0.49251153000887,0.468881890951381,"GRPR",1,"BP",0.00641025641025641,0.000531773464504121
"BP","GO:0019080","viral gene expression","3/156","122/18805",0.0245901639344262,2.96421815889029,1.99070073181768,0.0811637712505551,0.49251153000887,0.468881890951381,"TRIM32/CSNK1A1/EP300",3,"BP",0.0192307692307692,0.00648763626695028
"BP","GO:0045582","positive regulation of T cell differentiation","3/156","122/18805",0.0245901639344262,2.96421815889029,1.99070073181768,0.0811637712505551,0.49251153000887,0.468881890951381,"SMARCC2/KAT5/EP300",3,"BP",0.0192307692307692,0.00648763626695028
"BP","GO:0030865","cortical cytoskeleton organization","2/156","57/18805",0.0350877192982456,4.22964462438147,2.23344024995535,0.0811949774326434,0.49251153000887,0.468881890951381,"EPB41/TLN1",2,"BP",0.0128205128205128,0.00303110874767349
"BP","GO:0034204","lipid translocation","2/156","57/18805",0.0350877192982456,4.22964462438147,2.23344024995535,0.0811949774326434,0.49251153000887,0.468881890951381,"ATG9A/ATP11A",2,"BP",0.0128205128205128,0.00303110874767349
"BP","GO:1904356","regulation of telomere maintenance via telomere lengthening","2/156","57/18805",0.0350877192982456,4.22964462438147,2.23344024995535,0.0811949774326434,0.49251153000887,0.468881890951381,"SMG6/GNL3L",2,"BP",0.0128205128205128,0.00303110874767349
"BP","GO:0010639","negative regulation of organelle organization","6/156","362/18805",0.0165745856353591,1.99798130046749,1.75355968340771,0.081418405158868,0.49251153000887,0.468881890951381,"SMG6/GNL3L/TRIM32/SMCR8/HASPIN/SPTBN2",6,"BP",0.0384615384615385,0.0192501994150492
"BP","GO:0030301","cholesterol transport","3/156","123/18805",0.024390243902439,2.94011882426517,1.97437138146246,0.0827096048163845,0.49251153000887,0.468881890951381,"VPS52/LDLR/SPG11",3,"BP",0.0192307692307692,0.00654081361340069
"BP","GO:0033047","regulation of mitotic sister chromatid segregation","2/156","58/18805",0.0344827586206897,4.15671971706454,2.2021341706749,0.0836525357175407,0.49251153000887,0.468881890951381,"KAT5/HASPIN",2,"BP",0.0128205128205128,0.0030842860941239
"BP","GO:0099172","presynapse organization","2/156","58/18805",0.0344827586206897,4.15671971706454,2.2021341706749,0.0836525357175407,0.49251153000887,0.468881890951381,"SLITRK3/IL1RAPL1",2,"BP",0.0128205128205128,0.0030842860941239
"BP","GO:0098742","cell-cell adhesion via plasma-membrane adhesion molecules","5/156","280/18805",0.0178571428571429,2.152586996337,1.77718757721077,0.084104729672021,0.49251153000887,0.468881890951381,"PKD1/PLXNB3/SLITRK3/PTPRS/IL1RAPL1",5,"BP",0.032051282051282,0.0148896570061154
"BP","GO:0030324","lung development","4/156","199/18805",0.0201005025125628,2.42301249838938,1.84573093159585,0.0841268668793781,0.49251153000887,0.468881890951381,"DLG5/PKD1/TNC/EP300",4,"BP",0.0256410256410256,0.010582291943632
"BP","GO:0000956","nuclear-transcribed mRNA catabolic process","3/156","124/18805",0.0241935483870968,2.91640818858561,1.95820631235244,0.084268120180258,0.49251153000887,0.468881890951381,"CNOT1/EDC4/SMG6",3,"BP",0.0192307692307692,0.0065939909598511
"BP","GO:0001952","regulation of cell-matrix adhesion","3/156","125/18805",0.024,2.89307692307692,1.94220236182171,0.0858392112643302,0.49251153000887,0.468881890951381,"ACER2/TLN1/FERMT1",3,"BP",0.0192307692307692,0.00664716830630152
"BP","GO:0140014","mitotic nuclear division","5/156","282/18805",0.0177304964539007,2.13732042189489,1.75999475768432,0.0860726892278807,0.49251153000887,0.468881890951381,"SMC4/PRMT5/KAT5/HASPIN/KPNB1",5,"BP",0.032051282051282,0.0149960116990162
"BP","GO:0039532","negative regulation of cytoplasmic pattern recognition receptor signaling pathway","2/156","59/18805",0.0338983050847458,4.08626684050413,2.1715249227173,0.086132666909604,0.49251153000887,0.468881890951381,"CSNK1A1/PTPRS",2,"BP",0.0128205128205128,0.00313746344057432
"BP","GO:0006066","alcohol metabolic process","6/156","368/18805",0.016304347826087,1.96540551839465,1.71059896306535,0.0864741271759037,0.49251153000887,0.468881890951381,"ACER2/LDLR/CYP51A1/ACO2/PRKG2/KPNB1",6,"BP",0.0384615384615385,0.0195692634937517
"BP","GO:0009895","negative regulation of catabolic process","6/156","368/18805",0.016304347826087,1.96540551839465,1.71059896306535,0.0864741271759037,0.49251153000887,0.468881890951381,"TBC1D14/ADRA2A/RGP1/CYP51A1/SMCR8/EP300",6,"BP",0.0384615384615385,0.0195692634937517
"BP","GO:0001188","RNA polymerase I preinitiation complex assembly","1/156","11/18805",0.0909090909090909,10.9586247086247,3.02166102981027,0.0875823162599104,0.49251153000887,0.468881890951381,"BAZ2A",1,"BP",0.00641025641025641,0.000584950810954533
"BP","GO:0009170","purine deoxyribonucleoside monophosphate metabolic process","1/156","11/18805",0.0909090909090909,10.9586247086247,3.02166102981027,0.0875823162599104,0.49251153000887,0.468881890951381,"NT5C2",1,"BP",0.00641025641025641,0.000584950810954533
"BP","GO:0016479","negative regulation of transcription by RNA polymerase I","1/156","11/18805",0.0909090909090909,10.9586247086247,3.02166102981027,0.0875823162599104,0.49251153000887,0.468881890951381,"BAZ2A",1,"BP",0.00641025641025641,0.000584950810954533
"BP","GO:0030953","astral microtubule organization","1/156","11/18805",0.0909090909090909,10.9586247086247,3.02166102981027,0.0875823162599104,0.49251153000887,0.468881890951381,"KPNB1",1,"BP",0.00641025641025641,0.000584950810954533
"BP","GO:0032000","positive regulation of fatty acid beta-oxidation","1/156","11/18805",0.0909090909090909,10.9586247086247,3.02166102981027,0.0875823162599104,0.49251153000887,0.468881890951381,"IRS1",1,"BP",0.00641025641025641,0.000584950810954533
"BP","GO:0033234","negative regulation of protein sumoylation","1/156","11/18805",0.0909090909090909,10.9586247086247,3.02166102981027,0.0875823162599104,0.49251153000887,0.468881890951381,"GNL3L",1,"BP",0.00641025641025641,0.000584950810954533
"BP","GO:0033625","positive regulation of integrin activation","1/156","11/18805",0.0909090909090909,10.9586247086247,3.02166102981027,0.0875823162599104,0.49251153000887,0.468881890951381,"FERMT1",1,"BP",0.00641025641025641,0.000584950810954533
"BP","GO:0034154","toll-like receptor 7 signaling pathway","1/156","11/18805",0.0909090909090909,10.9586247086247,3.02166102981027,0.0875823162599104,0.49251153000887,0.468881890951381,"DDX3X",1,"BP",0.00641025641025641,0.000584950810954533
"BP","GO:0039530","MDA-5 signaling pathway","1/156","11/18805",0.0909090909090909,10.9586247086247,3.02166102981027,0.0875823162599104,0.49251153000887,0.468881890951381,"OAS3",1,"BP",0.00641025641025641,0.000584950810954533
"BP","GO:0042118","endothelial cell activation","1/156","11/18805",0.0909090909090909,10.9586247086247,3.02166102981027,0.0875823162599104,0.49251153000887,0.468881890951381,"PRMT5",1,"BP",0.00641025641025641,0.000584950810954533
"BP","GO:0046085","adenosine metabolic process","1/156","11/18805",0.0909090909090909,10.9586247086247,3.02166102981027,0.0875823162599104,0.49251153000887,0.468881890951381,"NT5C2",1,"BP",0.00641025641025641,0.000584950810954533
"BP","GO:0048262","determination of dorsal/ventral asymmetry","1/156","11/18805",0.0909090909090909,10.9586247086247,3.02166102981027,0.0875823162599104,0.49251153000887,0.468881890951381,"AIDA",1,"BP",0.00641025641025641,0.000584950810954533
"BP","GO:0051593","response to folic acid","1/156","11/18805",0.0909090909090909,10.9586247086247,3.02166102981027,0.0875823162599104,0.49251153000887,0.468881890951381,"BCHE",1,"BP",0.00641025641025641,0.000584950810954533
"BP","GO:0051987","positive regulation of attachment of spindle microtubules to kinetochore","1/156","11/18805",0.0909090909090909,10.9586247086247,3.02166102981027,0.0875823162599104,0.49251153000887,0.468881890951381,"KAT5",1,"BP",0.00641025641025641,0.000584950810954533
"BP","GO:0060049","regulation of protein glycosylation","1/156","11/18805",0.0909090909090909,10.9586247086247,3.02166102981027,0.0875823162599104,0.49251153000887,0.468881890951381,"ACER2",1,"BP",0.00641025641025641,0.000584950810954533
"BP","GO:0060159","regulation of dopamine receptor signaling pathway","1/156","11/18805",0.0909090909090909,10.9586247086247,3.02166102981027,0.0875823162599104,0.49251153000887,0.468881890951381,"PRMT5",1,"BP",0.00641025641025641,0.000584950810954533
"BP","GO:0072173","metanephric tubule morphogenesis","1/156","11/18805",0.0909090909090909,10.9586247086247,3.02166102981027,0.0875823162599104,0.49251153000887,0.468881890951381,"PKD1",1,"BP",0.00641025641025641,0.000584950810954533
"BP","GO:0090160","Golgi to lysosome transport","1/156","11/18805",0.0909090909090909,10.9586247086247,3.02166102981027,0.0875823162599104,0.49251153000887,0.468881890951381,"EHD3",1,"BP",0.00641025641025641,0.000584950810954533
"BP","GO:0090557","establishment of endothelial intestinal barrier","1/156","11/18805",0.0909090909090909,10.9586247086247,3.02166102981027,0.0875823162599104,0.49251153000887,0.468881890951381,"PTPRS",1,"BP",0.00641025641025641,0.000584950810954533
"BP","GO:0097090","presynaptic membrane organization","1/156","11/18805",0.0909090909090909,10.9586247086247,3.02166102981027,0.0875823162599104,0.49251153000887,0.468881890951381,"IL1RAPL1",1,"BP",0.00641025641025641,0.000584950810954533
"BP","GO:0098887","neurotransmitter receptor transport, endosome to postsynaptic membrane","1/156","11/18805",0.0909090909090909,10.9586247086247,3.02166102981027,0.0875823162599104,0.49251153000887,0.468881890951381,"RAB8A",1,"BP",0.00641025641025641,0.000584950810954533
"BP","GO:0099639","neurotransmitter receptor transport, endosome to plasma membrane","1/156","11/18805",0.0909090909090909,10.9586247086247,3.02166102981027,0.0875823162599104,0.49251153000887,0.468881890951381,"RAB8A",1,"BP",0.00641025641025641,0.000584950810954533
"BP","GO:1900222","negative regulation of amyloid-beta clearance","1/156","11/18805",0.0909090909090909,10.9586247086247,3.02166102981027,0.0875823162599104,0.49251153000887,0.468881890951381,"CYP51A1",1,"BP",0.00641025641025641,0.000584950810954533
"BP","GO:1903027","regulation of opsonization","1/156","11/18805",0.0909090909090909,10.9586247086247,3.02166102981027,0.0875823162599104,0.49251153000887,0.468881890951381,"MYO18A",1,"BP",0.00641025641025641,0.000584950810954533
"BP","GO:1903365","regulation of fear response","1/156","11/18805",0.0909090909090909,10.9586247086247,3.02166102981027,0.0875823162599104,0.49251153000887,0.468881890951381,"GRPR",1,"BP",0.00641025641025641,0.000584950810954533
"BP","GO:1903689","regulation of wound healing, spreading of epidermal cells","1/156","11/18805",0.0909090909090909,10.9586247086247,3.02166102981027,0.0875823162599104,0.49251153000887,0.468881890951381,"FERMT1",1,"BP",0.00641025641025641,0.000584950810954533
"BP","GO:1903939","regulation of TORC2 signaling","1/156","11/18805",0.0909090909090909,10.9586247086247,3.02166102981027,0.0875823162599104,0.49251153000887,0.468881890951381,"EP300",1,"BP",0.00641025641025641,0.000584950810954533
"BP","GO:1905091","positive regulation of type 2 mitophagy","1/156","11/18805",0.0909090909090909,10.9586247086247,3.02166102981027,0.0875823162599104,0.49251153000887,0.468881890951381,"HK2",1,"BP",0.00641025641025641,0.000584950810954533
"BP","GO:0007409","axonogenesis","7/156","459/18805",0.0152505446623094,1.83837495112005,1.66315830260085,0.0882049781991686,0.49251153000887,0.468881890951381,"RAB8A/PLXNB3/SEMA3G/SPG11/SLITRK3/B4GALT5/PTPRS",7,"BP",0.0448717948717949,0.0244084020207392
"BP","GO:0046324","regulation of D-glucose import","2/156","60/18805",0.0333333333333333,4.01816239316239,2.14158419063018,0.0886348332092168,0.49251153000887,0.468881890951381,"HK2/IRS1",2,"BP",0.0128205128205128,0.00319064078702473
"BP","GO:0070542","response to fatty acid","2/156","60/18805",0.0333333333333333,4.01816239316239,2.14158419063018,0.0886348332092168,0.49251153000887,0.468881890951381,"LDLR/IRS1",2,"BP",0.0128205128205128,0.00319064078702473
"BP","GO:0030323","respiratory tube development","4/156","203/18805",0.0197044334975369,2.37526840975117,1.80183621758077,0.0889406501172721,0.49251153000887,0.468881890951381,"DLG5/PKD1/TNC/EP300",4,"BP",0.0256410256410256,0.0107950013294337
"BP","GO:0072655","establishment of protein localization to mitochondrion","3/156","127/18805",0.0236220472440945,2.84751665657177,1.91066559509444,0.0890186921746453,0.49251153000887,0.468881890951381,"HK2/RNF31/HSPA4",3,"BP",0.0192307692307692,0.00675352299920234
"BP","GO:0009306","protein secretion","6/156","372/18805",0.0161290322580645,1.94427212572374,1.68240392993998,0.0899391233025557,0.49251153000887,0.468881890951381,"ADRA2A/ADAM9/CYP51A1/RAB11FIP1/MYO18A/IRS1",6,"BP",0.0384615384615385,0.0197819728795533
"BP","GO:0051650","establishment of vesicle localization","4/156","204/18805",0.0196078431372549,2.36362493715435,1.79102446410717,0.0901645680728673,0.49251153000887,0.468881890951381,"EXOC7/HGS/FYCO1/SPG11",4,"BP",0.0256410256410256,0.0108481786758841
"BP","GO:0006906","vesicle fusion","3/156","128/18805",0.0234375,2.82527043269231,1.89512687384017,0.0906268658409293,0.49251153000887,0.468881890951381,"RAB8A/SPG11/STX17",3,"BP",0.0192307692307692,0.00680670034565275
"BP","GO:0031102","neuron projection regeneration","2/156","61/18805",0.0327868852459016,3.95229087852039,2.11228526946439,0.0911585040824134,0.49251153000887,0.468881890951381,"TNC/PTPRS",2,"BP",0.0128205128205128,0.00324381813347514
"BP","GO:0042306","regulation of protein import into nucleus","2/156","61/18805",0.0327868852459016,3.95229087852039,2.11228526946439,0.0911585040824134,0.49251153000887,0.468881890951381,"FERMT1/EP300",2,"BP",0.0128205128205128,0.00324381813347514
"BP","GO:0097300","programmed necrotic cell death","2/156","61/18805",0.0327868852459016,3.95229087852039,2.11228526946439,0.0911585040824134,0.49251153000887,0.468881890951381,"ATG9A/RNF31",2,"BP",0.0128205128205128,0.00324381813347514
"BP","GO:1902806","regulation of cell cycle G1/S phase transition","4/156","205/18805",0.0195121951219512,2.35209505941213,1.78027597178443,0.091396602813953,0.49251153000887,0.468881890951381,"SMARCC2/PKD1/RBL2/DDX3X",4,"BP",0.0256410256410256,0.0109013560223345
"BP","GO:0006821","chloride transport","3/156","129/18805",0.0232558139534884,2.80336911150865,1.87973745535585,0.0922471829745841,0.49251153000887,0.468881890951381,"SLC4A2/SLC26A1/PRKG2",3,"BP",0.0192307692307692,0.00685987769210316
"BP","GO:0007613","memory","3/156","129/18805",0.0232558139534884,2.80336911150865,1.87973745535585,0.0922471829745841,0.49251153000887,0.468881890951381,"ITPR3/LDLR/SPG11",3,"BP",0.0192307692307692,0.00685987769210316
"BP","GO:0039531","regulation of cytoplasmic pattern recognition receptor signaling pathway","3/156","129/18805",0.0232558139534884,2.80336911150865,1.87973745535585,0.0922471829745841,0.49251153000887,0.468881890951381,"CSNK1A1/PTPRS/DDX3X",3,"BP",0.0192307692307692,0.00685987769210316
"BP","GO:0035592","establishment of protein localization to extracellular region","6/156","375/18805",0.016,1.92871794871795,1.66148510089359,0.09258718590215,0.49251153000887,0.468881890951381,"ADRA2A/ADAM9/CYP51A1/RAB11FIP1/MYO18A/IRS1",6,"BP",0.0384615384615385,0.0199415049189045
"BP","GO:0045814","negative regulation of gene expression, epigenetic","4/156","206/18805",0.0194174757281553,2.34067712223052,1.76959000816575,0.0926367173314736,0.49251153000887,0.468881890951381,"PRMT5/RLF/BAZ2A/MORC2",4,"BP",0.0256410256410256,0.0109545333687849
"BP","GO:0007004","telomere maintenance via telomerase","2/156","62/18805",0.032258064516129,3.88854425144748,2.08360294825041,0.0937031561786364,0.49251153000887,0.468881890951381,"SMG6/GNL3L",2,"BP",0.0128205128205128,0.00329699547992555
"BP","GO:0007062","sister chromatid cohesion","2/156","62/18805",0.032258064516129,3.88854425144748,2.08360294825041,0.0937031561786364,0.49251153000887,0.468881890951381,"HASPIN/PPP2R5D",2,"BP",0.0128205128205128,0.00329699547992555
"BP","GO:0097035","regulation of membrane lipid distribution","2/156","62/18805",0.032258064516129,3.88854425144748,2.08360294825041,0.0937031561786364,0.49251153000887,0.468881890951381,"ATG9A/ATP11A",2,"BP",0.0128205128205128,0.00329699547992555
"BP","GO:0099518","vesicle cytoskeletal trafficking","2/156","62/18805",0.032258064516129,3.88854425144748,2.08360294825041,0.0937031561786364,0.49251153000887,0.468881890951381,"FYCO1/SPG11",2,"BP",0.0128205128205128,0.00329699547992555
"BP","GO:0140719","constitutive heterochromatin formation","2/156","62/18805",0.032258064516129,3.88854425144748,2.08360294825041,0.0937031561786364,0.49251153000887,0.468881890951381,"BAZ2A/MORC2",2,"BP",0.0128205128205128,0.00329699547992555
"BP","GO:0043244","regulation of protein-containing complex disassembly","3/156","130/18805",0.0230769230769231,2.78180473372781,1.8644945801554,0.0938795336947816,0.49251153000887,0.468881890951381,"FYCO1/SMCR8/SPTBN2",3,"BP",0.0192307692307692,0.00691305503855358
"BP","GO:0090174","organelle membrane fusion","3/156","130/18805",0.0230769230769231,2.78180473372781,1.8644945801554,0.0938795336947816,0.49251153000887,0.468881890951381,"RAB8A/SPG11/STX17",3,"BP",0.0192307692307692,0.00691305503855358
"BP","GO:0007623","circadian rhythm","4/156","207/18805",0.0193236714975845,2.32936950328255,1.75896585293436,0.0938848740748887,0.49251153000887,0.468881890951381,"NRIP1/PRMT5/KAT5/EP300",4,"BP",0.0256410256410256,0.0110077107152353
"BP","GO:0030705","cytoskeleton-dependent intracellular transport","4/156","207/18805",0.0193236714975845,2.32936950328255,1.75896585293436,0.0938848740748887,0.49251153000887,0.468881890951381,"FYCO1/SPG11/MYO10/TUB",4,"BP",0.0256410256410256,0.0110077107152353
"BP","GO:0000425","pexophagy","1/156","12/18805",0.0833333333333333,10.045405982906,2.8666869940806,0.0951558588087797,0.49251153000887,0.468881890951381,"SQSTM1",1,"BP",0.00641025641025641,0.000638128157404945
"BP","GO:0019532","oxalate transport","1/156","12/18805",0.0833333333333333,10.045405982906,2.8666869940806,0.0951558588087797,0.49251153000887,0.468881890951381,"SLC26A1",1,"BP",0.00641025641025641,0.000638128157404945
"BP","GO:0030948","negative regulation of vascular endothelial growth factor receptor signaling pathway","1/156","12/18805",0.0833333333333333,10.045405982906,2.8666869940806,0.0951558588087797,0.49251153000887,0.468881890951381,"HGS",1,"BP",0.00641025641025641,0.000638128157404945
"BP","GO:0031293","membrane protein intracellular domain proteolysis","1/156","12/18805",0.0833333333333333,10.045405982906,2.8666869940806,0.0951558588087797,0.49251153000887,0.468881890951381,"ADAM9",1,"BP",0.00641025641025641,0.000638128157404945
"BP","GO:0033604","negative regulation of catecholamine secretion","1/156","12/18805",0.0833333333333333,10.045405982906,2.8666869940806,0.0951558588087797,0.49251153000887,0.468881890951381,"ADRA2A",1,"BP",0.00641025641025641,0.000638128157404945
"BP","GO:0033629","negative regulation of cell adhesion mediated by integrin","1/156","12/18805",0.0833333333333333,10.045405982906,2.8666869940806,0.0951558588087797,0.49251153000887,0.468881890951381,"ACER2",1,"BP",0.00641025641025641,0.000638128157404945
"BP","GO:0034163","regulation of toll-like receptor 9 signaling pathway","1/156","12/18805",0.0833333333333333,10.045405982906,2.8666869940806,0.0951558588087797,0.49251153000887,0.468881890951381,"PTPRS",1,"BP",0.00641025641025641,0.000638128157404945
"BP","GO:0042117","monocyte activation","1/156","12/18805",0.0833333333333333,10.045405982906,2.8666869940806,0.0951558588087797,0.49251153000887,0.468881890951381,"ADAM9",1,"BP",0.00641025641025641,0.000638128157404945
"BP","GO:0043508","negative regulation of JUN kinase activity","1/156","12/18805",0.0833333333333333,10.045405982906,2.8666869940806,0.0951558588087797,0.49251153000887,0.468881890951381,"AIDA",1,"BP",0.00641025641025641,0.000638128157404945
"BP","GO:0048671","negative regulation of collateral sprouting","1/156","12/18805",0.0833333333333333,10.045405982906,2.8666869940806,0.0951558588087797,0.49251153000887,0.468881890951381,"PTPRS",1,"BP",0.00641025641025641,0.000638128157404945
"BP","GO:0051549","positive regulation of keratinocyte migration","1/156","12/18805",0.0833333333333333,10.045405982906,2.8666869940806,0.0951558588087797,0.49251153000887,0.468881890951381,"ADAM9",1,"BP",0.00641025641025641,0.000638128157404945
"BP","GO:0071233","cellular response to L-leucine","1/156","12/18805",0.0833333333333333,10.045405982906,2.8666869940806,0.0951558588087797,0.49251153000887,0.468881890951381,"EP300",1,"BP",0.00641025641025641,0.000638128157404945
"BP","GO:0072017","distal tubule development","1/156","12/18805",0.0833333333333333,10.045405982906,2.8666869940806,0.0951558588087797,0.49251153000887,0.468881890951381,"PKD1",1,"BP",0.00641025641025641,0.000638128157404945
"BP","GO:0072070","loop of Henle development","1/156","12/18805",0.0833333333333333,10.045405982906,2.8666869940806,0.0951558588087797,0.49251153000887,0.468881890951381,"PKD1",1,"BP",0.00641025641025641,0.000638128157404945
"BP","GO:0097400","interleukin-17-mediated signaling pathway","1/156","12/18805",0.0833333333333333,10.045405982906,2.8666869940806,0.0951558588087797,0.49251153000887,0.468881890951381,"TRIM32",1,"BP",0.00641025641025641,0.000638128157404945
"BP","GO:0110075","regulation of ferroptosis","1/156","12/18805",0.0833333333333333,10.045405982906,2.8666869940806,0.0951558588087797,0.49251153000887,0.468881890951381,"SQSTM1",1,"BP",0.00641025641025641,0.000638128157404945
"BP","GO:0140627","ubiquitin-dependent protein catabolic process via the C-end degron rule pathway","1/156","12/18805",0.0833333333333333,10.045405982906,2.8666869940806,0.0951558588087797,0.49251153000887,0.468881890951381,"KLHDC2",1,"BP",0.00641025641025641,0.000638128157404945
"BP","GO:1900153","positive regulation of nuclear-transcribed mRNA catabolic process, deadenylation-dependent decay","1/156","12/18805",0.0833333333333333,10.045405982906,2.8666869940806,0.0951558588087797,0.49251153000887,0.468881890951381,"CNOT1",1,"BP",0.00641025641025641,0.000638128157404945
"BP","GO:1903441","protein localization to ciliary membrane","1/156","12/18805",0.0833333333333333,10.045405982906,2.8666869940806,0.0951558588087797,0.49251153000887,0.468881890951381,"TUB",1,"BP",0.00641025641025641,0.000638128157404945
"BP","GO:1905165","regulation of lysosomal protein catabolic process","1/156","12/18805",0.0833333333333333,10.045405982906,2.8666869940806,0.0951558588087797,0.49251153000887,0.468881890951381,"LDLR",1,"BP",0.00641025641025641,0.000638128157404945
"BP","GO:2000321","positive regulation of T-helper 17 cell differentiation","1/156","12/18805",0.0833333333333333,10.045405982906,2.8666869940806,0.0951558588087797,0.49251153000887,0.468881890951381,"EP300",1,"BP",0.00641025641025641,0.000638128157404945
"BP","GO:2000659","regulation of interleukin-1-mediated signaling pathway","1/156","12/18805",0.0833333333333333,10.045405982906,2.8666869940806,0.0951558588087797,0.49251153000887,0.468881890951381,"VRK2",1,"BP",0.00641025641025641,0.000638128157404945
"BP","GO:0007259","cell surface receptor signaling pathway via JAK-STAT","3/156","131/18805",0.0229007633587786,2.76056958308867,1.84939556125565,0.0955238074586434,0.49251153000887,0.468881890951381,"HGS/PKD1/EP300",3,"BP",0.0192307692307692,0.00696623238500399
"BP","GO:0007080","mitotic metaphase chromosome alignment","2/156","63/18805",0.0317460317460317,3.82682132682133,2.05551340364144,0.0962682732493458,0.49251153000887,0.468881890951381,"KAT5/KPNB1",2,"BP",0.0128205128205128,0.00335017282637596
"BP","GO:0043030","regulation of macrophage activation","2/156","63/18805",0.0317460317460317,3.82682132682133,2.05551340364144,0.0962682732493458,0.49251153000887,0.468881890951381,"LDLR/MYO18A",2,"BP",0.0128205128205128,0.00335017282637596
"BP","GO:0014902","myotube differentiation","3/156","132/18805",0.0227272727272727,2.73965617715618,1.83443778172583,0.0971798930927105,0.49251153000887,0.468881890951381,"BHLHA15/SPG11/ATP11A",3,"BP",0.0192307692307692,0.0070194097314544
"BP","GO:0015918","sterol transport","3/156","132/18805",0.0227272727272727,2.73965617715618,1.83443778172583,0.0971798930927105,0.49251153000887,0.468881890951381,"VPS52/LDLR/SPG11",3,"BP",0.0192307692307692,0.0070194097314544
"BP","GO:0033619","membrane protein proteolysis","2/156","64/18805",0.03125,3.76702724358974,2.02799410268965,0.0988533460674703,0.49251153000887,0.468881890951381,"ADRA2A/ADAM9",2,"BP",0.0128205128205128,0.00340335017282638
"BP","GO:0034142","toll-like receptor 4 signaling pathway","2/156","64/18805",0.03125,3.76702724358974,2.02799410268965,0.0988533460674703,0.49251153000887,0.468881890951381,"SQSTM1/TRIM32",2,"BP",0.0128205128205128,0.00340335017282638
"BP","GO:0072659","protein localization to plasma membrane","5/156","295/18805",0.0169491525423729,2.04313342025206,1.65160924143765,0.0994478463889395,0.49251153000887,0.468881890951381,"SQSTM1/RAB8A/DENND4C/EHD3/PRKG2",5,"BP",0.032051282051282,0.0156873172028716
"BP","GO:0071692","protein localization to extracellular region","6/156","383/18805",0.0156657963446475,1.88843141193011,1.60662510632707,0.0998536214500092,0.49251153000887,0.468881890951381,"ADRA2A/ADAM9/CYP51A1/RAB11FIP1/MYO18A/IRS1",6,"BP",0.0384615384615385,0.0203669236905078
"BP","GO:0002931","response to ischemia","2/156","65/18805",0.0307692307692308,3.70907297830375,2.00102371384187,0.101457872347692,0.49251153000887,0.468881890951381,"SQSTM1/HK2",2,"BP",0.0128205128205128,0.00345652751927679
"BP","GO:0031122","cytoplasmic microtubule organization","2/156","65/18805",0.0307692307692308,3.70907297830375,2.00102371384187,0.101457872347692,0.49251153000887,0.468881890951381,"TLN1/KPNB1",2,"BP",0.0128205128205128,0.00345652751927679
"BP","GO:0072666","establishment of protein localization to vacuole","2/156","65/18805",0.0307692307692308,3.70907297830375,2.00102371384187,0.101457872347692,0.49251153000887,0.468881890951381,"SQSTM1/HGS",2,"BP",0.0128205128205128,0.00345652751927679
"BP","GO:0007041","lysosomal transport","3/156","135/18805",0.0222222222222222,2.67877492877493,1.79038671216107,0.102217900667771,0.49251153000887,0.468881890951381,"VPS52/HGS/EHD3",3,"BP",0.0192307692307692,0.00717894177080564
"BP","GO:0043401","steroid hormone receptor signaling pathway","3/156","135/18805",0.0222222222222222,2.67877492877493,1.79038671216107,0.102217900667771,0.49251153000887,0.468881890951381,"CNOT1/KDM3A/EP300",3,"BP",0.0192307692307692,0.00717894177080564
"BP","GO:0070585","protein localization to mitochondrion","3/156","135/18805",0.0222222222222222,2.67877492877493,1.79038671216107,0.102217900667771,0.49251153000887,0.468881890951381,"HK2/RNF31/HSPA4",3,"BP",0.0192307692307692,0.00717894177080564
"BP","GO:0006474","N-terminal protein amino acid acetylation","1/156","13/18805",0.0769230769230769,9.27268244575937,2.72892232401087,0.102666936658289,0.49251153000887,0.468881890951381,"EP300",1,"BP",0.00641025641025641,0.000691305503855358
"BP","GO:0010642","negative regulation of platelet-derived growth factor receptor signaling pathway","1/156","13/18805",0.0769230769230769,9.27268244575937,2.72892232401087,0.102666936658289,0.49251153000887,0.468881890951381,"HGS",1,"BP",0.00641025641025641,0.000691305503855358
"BP","GO:0010992","ubiquitin recycling","1/156","13/18805",0.0769230769230769,9.27268244575937,2.72892232401087,0.102666936658289,0.49251153000887,0.468881890951381,"TRIM32",1,"BP",0.00641025641025641,0.000691305503855358
"BP","GO:0034498","early endosome to Golgi transport","1/156","13/18805",0.0769230769230769,9.27268244575937,2.72892232401087,0.102666936658289,0.49251153000887,0.468881890951381,"EHD3",1,"BP",0.00641025641025641,0.000691305503855358
"BP","GO:0060134","prepulse inhibition","1/156","13/18805",0.0769230769230769,9.27268244575937,2.72892232401087,0.102666936658289,0.49251153000887,0.468881890951381,"GRIN3A",1,"BP",0.00641025641025641,0.000691305503855358
"BP","GO:0060213","positive regulation of nuclear-transcribed mRNA poly(A) tail shortening","1/156","13/18805",0.0769230769230769,9.27268244575937,2.72892232401087,0.102666936658289,0.49251153000887,0.468881890951381,"CNOT1",1,"BP",0.00641025641025641,0.000691305503855358
"BP","GO:0060623","regulation of chromosome condensation","1/156","13/18805",0.0769230769230769,9.27268244575937,2.72892232401087,0.102666936658289,0.49251153000887,0.468881890951381,"SMC4",1,"BP",0.00641025641025641,0.000691305503855358
"BP","GO:0070170","regulation of tooth mineralization","1/156","13/18805",0.0769230769230769,9.27268244575937,2.72892232401087,0.102666936658289,0.49251153000887,0.468881890951381,"SLC4A2",1,"BP",0.00641025641025641,0.000691305503855358
"BP","GO:0070863","positive regulation of protein exit from endoplasmic reticulum","1/156","13/18805",0.0769230769230769,9.27268244575937,2.72892232401087,0.102666936658289,0.49251153000887,0.468881890951381,"TM9SF4",1,"BP",0.00641025641025641,0.000691305503855358
"BP","GO:0090084","negative regulation of inclusion body assembly","1/156","13/18805",0.0769230769230769,9.27268244575937,2.72892232401087,0.102666936658289,0.49251153000887,0.468881890951381,"DNAJB1",1,"BP",0.00641025641025641,0.000691305503855358
"BP","GO:0097499","protein localization to non-motile cilium","1/156","13/18805",0.0769230769230769,9.27268244575937,2.72892232401087,0.102666936658289,0.49251153000887,0.468881890951381,"TUB",1,"BP",0.00641025641025641,0.000691305503855358
"BP","GO:0097707","ferroptosis","1/156","13/18805",0.0769230769230769,9.27268244575937,2.72892232401087,0.102666936658289,0.49251153000887,0.468881890951381,"SQSTM1",1,"BP",0.00641025641025641,0.000691305503855358
"BP","GO:1902902","negative regulation of autophagosome assembly","1/156","13/18805",0.0769230769230769,9.27268244575937,2.72892232401087,0.102666936658289,0.49251153000887,0.468881890951381,"SMCR8",1,"BP",0.00641025641025641,0.000691305503855358
"BP","GO:1903490","positive regulation of mitotic cytokinesis","1/156","13/18805",0.0769230769230769,9.27268244575937,2.72892232401087,0.102666936658289,0.49251153000887,0.468881890951381,"EXOC7",1,"BP",0.00641025641025641,0.000691305503855358
"BP","GO:1905089","regulation of type 2 mitophagy","1/156","13/18805",0.0769230769230769,9.27268244575937,2.72892232401087,0.102666936658289,0.49251153000887,0.468881890951381,"HK2",1,"BP",0.00641025641025641,0.000691305503855358
"BP","GO:0042476","odontogenesis","3/156","136/18805",0.0220588235294118,2.65907805429864,1.77596904160008,0.103920110506095,0.49251153000887,0.468881890951381,"CCDC154/SLC4A2/TNC",3,"BP",0.0192307692307692,0.00723211911725605
"BP","GO:0051289","protein homotetramerization","2/156","66/18805",0.0303030303030303,3.6528749028749,1.97458202534467,0.104081356667556,0.49251153000887,0.468881890951381,"ITPR3/ACACA",2,"BP",0.0128205128205128,0.0035097048657272
"BP","GO:0090303","positive regulation of wound healing","2/156","66/18805",0.0303030303030303,3.6528749028749,1.97458202534467,0.104081356667556,0.49251153000887,0.468881890951381,"ADRA2A/FERMT1",2,"BP",0.0128205128205128,0.0035097048657272
"BP","GO:0006639","acylglycerol metabolic process","3/156","137/18805",0.0218978102189781,2.63966872543515,1.76168049757004,0.105633567950445,0.49251153000887,0.468881890951381,"LDLR/DAGLA/KAT5",3,"BP",0.0192307692307692,0.00728529646370646
"BP","GO:0045621","positive regulation of lymphocyte differentiation","3/156","137/18805",0.0218978102189781,2.63966872543515,1.76168049757004,0.105633567950445,0.49251153000887,0.468881890951381,"SMARCC2/KAT5/EP300",3,"BP",0.0192307692307692,0.00728529646370646
"BP","GO:0006695","cholesterol biosynthetic process","2/156","67/18805",0.0298507462686567,3.59835438193647,1.94864987033975,0.106723310389402,0.49251153000887,0.468881890951381,"CYP51A1/KPNB1",2,"BP",0.0128205128205128,0.00356288221217761
"BP","GO:0032922","circadian regulation of gene expression","2/156","67/18805",0.0298507462686567,3.59835438193647,1.94864987033975,0.106723310389402,0.49251153000887,0.468881890951381,"NRIP1/PRMT5",2,"BP",0.0128205128205128,0.00356288221217761
"BP","GO:0034605","cellular response to heat","2/156","67/18805",0.0298507462686567,3.59835438193647,1.94864987033975,0.106723310389402,0.49251153000887,0.468881890951381,"DNAJB1/EP300",2,"BP",0.0128205128205128,0.00356288221217761
"BP","GO:0045453","bone resorption","2/156","67/18805",0.0298507462686567,3.59835438193647,1.94864987033975,0.106723310389402,0.49251153000887,0.468881890951381,"CCDC154/SLC4A2",2,"BP",0.0128205128205128,0.00356288221217761
"BP","GO:0070534","protein K63-linked ubiquitination","2/156","67/18805",0.0298507462686567,3.59835438193647,1.94864987033975,0.106723310389402,0.49251153000887,0.468881890951381,"TRIM32/DDX3X",2,"BP",0.0128205128205128,0.00356288221217761
"BP","GO:1902653","secondary alcohol biosynthetic process","2/156","67/18805",0.0298507462686567,3.59835438193647,1.94864987033975,0.106723310389402,0.49251153000887,0.468881890951381,"CYP51A1/KPNB1",2,"BP",0.0128205128205128,0.00356288221217761
"BP","GO:0006638","neutral lipid metabolic process","3/156","138/18805",0.0217391304347826,2.62054069119287,1.74751883731612,0.107358158673233,0.49251153000887,0.468881890951381,"LDLR/DAGLA/KAT5",3,"BP",0.0192307692307692,0.00733847381015687
"BP","GO:0018205","peptidyl-lysine modification","3/156","138/18805",0.0217391304347826,2.62054069119287,1.74751883731612,0.107358158673233,0.49251153000887,0.468881890951381,"GNL3L/KAT5/EP300",3,"BP",0.0192307692307692,0.00733847381015687
"BP","GO:0048565","digestive tract development","3/156","138/18805",0.0217391304347826,2.62054069119287,1.74751883731612,0.107358158673233,0.49251153000887,0.468881890951381,"VPS52/PKD1/SLC4A2",3,"BP",0.0192307692307692,0.00733847381015687
"BP","GO:0007266","Rho protein signal transduction","3/156","139/18805",0.0215827338129496,2.60168788046486,1.73348187355132,0.109093767920974,0.49251153000887,0.468881890951381,"ADRA2A/ARHGAP5/CSNK1A1",3,"BP",0.0192307692307692,0.00739165115660729
"BP","GO:0050768","negative regulation of neurogenesis","3/156","139/18805",0.0215827338129496,2.60168788046486,1.73348187355132,0.109093767920974,0.49251153000887,0.468881890951381,"LDLR/SEMA3G/PTPRS",3,"BP",0.0192307692307692,0.00739165115660729
"BP","GO:0070646","protein modification by small protein removal","3/156","139/18805",0.0215827338129496,2.60168788046486,1.73348187355132,0.109093767920974,0.49251153000887,0.468881890951381,"USP54/USP22/USP34",3,"BP",0.0192307692307692,0.00739165115660729
"BP","GO:0000054","ribosomal subunit export from nucleus","1/156","14/18805",0.0714285714285714,8.61034798534799,2.6052729660574,0.110116061705187,0.49251153000887,0.468881890951381,"SDAD1",1,"BP",0.00641025641025641,0.00074448285030577
"BP","GO:0002486","antigen processing and presentation of endogenous peptide antigen via MHC class I via ER pathway, TAP-independent","1/156","14/18805",0.0714285714285714,8.61034798534799,2.6052729660574,0.110116061705187,0.49251153000887,0.468881890951381,"ULBP3",1,"BP",0.00641025641025641,0.00074448285030577
"BP","GO:0006000","fructose metabolic process","1/156","14/18805",0.0714285714285714,8.61034798534799,2.6052729660574,0.110116061705187,0.49251153000887,0.468881890951381,"PFKFB3",1,"BP",0.00641025641025641,0.00074448285030577
"BP","GO:0007008","outer mitochondrial membrane organization","1/156","14/18805",0.0714285714285714,8.61034798534799,2.6052729660574,0.110116061705187,0.49251153000887,0.468881890951381,"HSPA4",1,"BP",0.00641025641025641,0.00074448285030577
"BP","GO:0009158","ribonucleoside monophosphate catabolic process","1/156","14/18805",0.0714285714285714,8.61034798534799,2.6052729660574,0.110116061705187,0.49251153000887,0.468881890951381,"NT5C2",1,"BP",0.00641025641025641,0.00074448285030577
"BP","GO:0014061","regulation of norepinephrine secretion","1/156","14/18805",0.0714285714285714,8.61034798534799,2.6052729660574,0.110116061705187,0.49251153000887,0.468881890951381,"ADRA2A",1,"BP",0.00641025641025641,0.00074448285030577
"BP","GO:0030011","maintenance of cell polarity","1/156","14/18805",0.0714285714285714,8.61034798534799,2.6052729660574,0.110116061705187,0.49251153000887,0.468881890951381,"DLG5",1,"BP",0.00641025641025641,0.00074448285030577
"BP","GO:0033750","ribosome localization","1/156","14/18805",0.0714285714285714,8.61034798534799,2.6052729660574,0.110116061705187,0.49251153000887,0.468881890951381,"SDAD1",1,"BP",0.00641025641025641,0.00074448285030577
"BP","GO:0035630","bone mineralization involved in bone maturation","1/156","14/18805",0.0714285714285714,8.61034798534799,2.6052729660574,0.110116061705187,0.49251153000887,0.468881890951381,"CCDC154",1,"BP",0.00641025641025641,0.00074448285030577
"BP","GO:0045040","protein insertion into mitochondrial outer membrane","1/156","14/18805",0.0714285714285714,8.61034798534799,2.6052729660574,0.110116061705187,0.49251153000887,0.468881890951381,"HSPA4",1,"BP",0.00641025641025641,0.00074448285030577
"BP","GO:0045986","negative regulation of smooth muscle contraction","1/156","14/18805",0.0714285714285714,8.61034798534799,2.6052729660574,0.110116061705187,0.49251153000887,0.468881890951381,"ADRA2A",1,"BP",0.00641025641025641,0.00074448285030577
"BP","GO:0051547","regulation of keratinocyte migration","1/156","14/18805",0.0714285714285714,8.61034798534799,2.6052729660574,0.110116061705187,0.49251153000887,0.468881890951381,"ADAM9",1,"BP",0.00641025641025641,0.00074448285030577
"BP","GO:0071639","positive regulation of monocyte chemotactic protein-1 production","1/156","14/18805",0.0714285714285714,8.61034798534799,2.6052729660574,0.110116061705187,0.49251153000887,0.468881890951381,"OAS3",1,"BP",0.00641025641025641,0.00074448285030577
"BP","GO:0090385","phagosome-lysosome fusion","1/156","14/18805",0.0714285714285714,8.61034798534799,2.6052729660574,0.110116061705187,0.49251153000887,0.468881890951381,"SPG11",1,"BP",0.00641025641025641,0.00074448285030577
"BP","GO:0098792","xenophagy","1/156","14/18805",0.0714285714285714,8.61034798534799,2.6052729660574,0.110116061705187,0.49251153000887,0.468881890951381,"RNF31",1,"BP",0.00641025641025641,0.00074448285030577
"BP","GO:0140718","facultative heterochromatin formation","1/156","14/18805",0.0714285714285714,8.61034798534799,2.6052729660574,0.110116061705187,0.49251153000887,0.468881890951381,"BAZ2A",1,"BP",0.00641025641025641,0.00074448285030577
"BP","GO:1900044","regulation of protein K63-linked ubiquitination","1/156","14/18805",0.0714285714285714,8.61034798534799,2.6052729660574,0.110116061705187,0.49251153000887,0.468881890951381,"DDX3X",1,"BP",0.00641025641025641,0.00074448285030577
"BP","GO:1903265","positive regulation of tumor necrosis factor-mediated signaling pathway","1/156","14/18805",0.0714285714285714,8.61034798534799,2.6052729660574,0.110116061705187,0.49251153000887,0.468881890951381,"TRIM32",1,"BP",0.00641025641025641,0.00074448285030577
"BP","GO:1904350","regulation of protein catabolic process in the vacuole","1/156","14/18805",0.0714285714285714,8.61034798534799,2.6052729660574,0.110116061705187,0.49251153000887,0.468881890951381,"LDLR",1,"BP",0.00641025641025641,0.00074448285030577
"BP","GO:1904353","regulation of telomere capping","1/156","14/18805",0.0714285714285714,8.61034798534799,2.6052729660574,0.110116061705187,0.49251153000887,0.468881890951381,"SMG6",1,"BP",0.00641025641025641,0.00074448285030577
"BP","GO:1904478","regulation of intestinal absorption","1/156","14/18805",0.0714285714285714,8.61034798534799,2.6052729660574,0.110116061705187,0.49251153000887,0.468881890951381,"EPB41",1,"BP",0.00641025641025641,0.00074448285030577
"BP","GO:1904814","regulation of protein localization to chromosome, telomeric region","1/156","14/18805",0.0714285714285714,8.61034798534799,2.6052729660574,0.110116061705187,0.49251153000887,0.468881890951381,"GNL3L",1,"BP",0.00641025641025641,0.00074448285030577
"BP","GO:1905907","negative regulation of amyloid fibril formation","1/156","14/18805",0.0714285714285714,8.61034798534799,2.6052729660574,0.110116061705187,0.49251153000887,0.468881890951381,"LDLR",1,"BP",0.00641025641025641,0.00074448285030577
"BP","GO:0030168","platelet activation","3/156","140/18805",0.0214285714285714,2.5831043956044,1.71956747269021,0.110840280541398,0.49251153000887,0.468881890951381,"ADRA2A/ITPR3/TLN1",3,"BP",0.0192307692307692,0.0074448285030577
"BP","GO:0007264","small GTPase-mediated signal transduction","7/156","487/18805",0.0143737166324435,1.73267782867372,1.49829782445454,0.11126218877419,0.49251153000887,0.468881890951381,"ADRA2A/SQSTM1/ARHGAP5/SIPA1L3/CSNK1A1/DENND4C/RALGAPA2",7,"BP",0.0448717948717949,0.0258973677213507
"BP","GO:0006278","RNA-templated DNA biosynthetic process","2/156","69/18805",0.0289855072463768,3.49405425492382,1.8982423102058,0.112060704949588,0.49251153000887,0.468881890951381,"SMG6/GNL3L",2,"BP",0.0128205128205128,0.00366923690507844
"BP","GO:0010632","regulation of epithelial cell migration","2/156","69/18805",0.0289855072463768,3.49405425492382,1.8982423102058,0.112060704949588,0.49251153000887,0.468881890951381,"ARHGAP5/ADAM9",2,"BP",0.0128205128205128,0.00366923690507844
"BP","GO:0046503","glycerolipid catabolic process","2/156","69/18805",0.0289855072463768,3.49405425492382,1.8982423102058,0.112060704949588,0.49251153000887,0.468881890951381,"LDLR/DAGLA",2,"BP",0.0128205128205128,0.00366923690507844
"BP","GO:0006486","protein glycosylation","4/156","221/18805",0.0180995475113122,2.18180763429632,1.61634094855522,0.112181260689081,0.49251153000887,0.468881890951381,"ACER2/POMK/B4GALT5/ALG12",4,"BP",0.0256410256410256,0.0117521935655411
"BP","GO:0043413","macromolecule glycosylation","4/156","221/18805",0.0180995475113122,2.18180763429632,1.61634094855522,0.112181260689081,0.49251153000887,0.468881890951381,"ACER2/POMK/B4GALT5/ALG12",4,"BP",0.0256410256410256,0.0117521935655411
"BP","GO:0043549","regulation of kinase activity","6/156","397/18805",0.0151133501259446,1.821836853323,1.51369093043588,0.11327520785785,0.49251153000887,0.468881890951381,"ADRA2A/ADAM9/HGS/AIDA/RBL2/DDX3X",6,"BP",0.0384615384615385,0.0211114065408136
"BP","GO:0040029","epigenetic regulation of gene expression","5/156","308/18805",0.0162337662337662,1.95689726939727,1.5486371426509,0.113807200237407,0.49251153000887,0.468881890951381,"PRMT5/RLF/BAZ2A/EP300/MORC2",5,"BP",0.032051282051282,0.0163786227067269
"BP","GO:0071560","cellular response to transforming growth factor beta stimulus","5/156","308/18805",0.0162337662337662,1.95689726939727,1.5486371426509,0.113807200237407,0.49251153000887,0.468881890951381,"ADAM9/ZFYVE9/BCL9L/FERMT1/EP300",5,"BP",0.032051282051282,0.0163786227067269
"BP","GO:0050792","regulation of viral process","3/156","142/18805",0.0211267605633803,2.54672264355363,1.69209808372423,0.114365553456304,0.49251153000887,0.468881890951381,"OAS3/TRIM32/DDX3X",3,"BP",0.0192307692307692,0.00755118319595852
"BP","GO:0045862","positive regulation of proteolysis","4/156","223/18805",0.0179372197309417,2.16223985282281,1.59684077162089,0.114916521145429,0.49251153000887,0.468881890951381,"ADRA2A/ADAM9/TRIM32/CSNK1A1",4,"BP",0.0256410256410256,0.0118585482584419
"BP","GO:0048167","regulation of synaptic plasticity","4/156","223/18805",0.0179372197309417,2.16223985282281,1.59684077162089,0.114916521145429,0.49251153000887,0.468881890951381,"SQSTM1/ITPR3/RAB8A/GRIN3A",4,"BP",0.0256410256410256,0.0118585482584419
"BP","GO:0141091","transforming growth factor beta receptor superfamily signaling pathway","6/156","399/18805",0.0150375939849624,1.81270483902063,1.50071848028601,0.115264494418546,0.49251153000887,0.468881890951381,"ADAM9/ZFYVE9/BCL9L/FERMT1/PCSK6/EP300",6,"BP",0.0384615384615385,0.0212177612337144
"BP","GO:0050770","regulation of axonogenesis","3/156","143/18805",0.020979020979021,2.52891339429801,1.67853908200082,0.116144081689103,0.49251153000887,0.468881890951381,"PLXNB3/SEMA3G/PTPRS",3,"BP",0.0192307692307692,0.00760436054240893
"BP","GO:0051648","vesicle localization","4/156","224/18805",0.0178571428571429,2.152586996337,1.58716774481232,0.116295168336423,0.49251153000887,0.468881890951381,"EXOC7/HGS/FYCO1/SPG11",4,"BP",0.0256410256410256,0.0119117256048923
"BP","GO:0043406","positive regulation of MAP kinase activity","2/156","71/18805",0.028169014084507,3.39563019140484,1.84966611301996,0.117466279706836,0.49251153000887,0.468881890951381,"ADRA2A/ADAM9",2,"BP",0.0128205128205128,0.00377559159797926
"BP","GO:0046513","ceramide biosynthetic process","2/156","71/18805",0.028169014084507,3.39563019140484,1.84966611301996,0.117466279706836,0.49251153000887,0.468881890951381,"CERS6/B4GALT5",2,"BP",0.0128205128205128,0.00377559159797926
"BP","GO:0002476","antigen processing and presentation of endogenous peptide antigen via MHC class Ib","1/156","15/18805",0.0666666666666667,8.03632478632479,2.49337593234423,0.117503741678259,0.49251153000887,0.468881890951381,"ULBP3",1,"BP",0.00641025641025641,0.000797660196756182
"BP","GO:0002484","antigen processing and presentation of endogenous peptide antigen via MHC class I via ER pathway","1/156","15/18805",0.0666666666666667,8.03632478632479,2.49337593234423,0.117503741678259,0.49251153000887,0.468881890951381,"ULBP3",1,"BP",0.00641025641025641,0.000797660196756182
"BP","GO:0010989","negative regulation of low-density lipoprotein particle clearance","1/156","15/18805",0.0666666666666667,8.03632478632479,2.49337593234423,0.117503741678259,0.49251153000887,0.468881890951381,"LDLR",1,"BP",0.00641025641025641,0.000797660196756182
"BP","GO:0016558","protein import into peroxisome matrix","1/156","15/18805",0.0666666666666667,8.03632478632479,2.49337593234423,0.117503741678259,0.49251153000887,0.468881890951381,"PEX10",1,"BP",0.00641025641025641,0.000797660196756182
"BP","GO:0032688","negative regulation of interferon-beta production","1/156","15/18805",0.0666666666666667,8.03632478632479,2.49337593234423,0.117503741678259,0.49251153000887,0.468881890951381,"PTPRS",1,"BP",0.00641025641025641,0.000797660196756182
"BP","GO:0033147","negative regulation of intracellular estrogen receptor signaling pathway","1/156","15/18805",0.0666666666666667,8.03632478632479,2.49337593234423,0.117503741678259,0.49251153000887,0.468881890951381,"CNOT1",1,"BP",0.00641025641025641,0.000797660196756182
"BP","GO:0034333","adherens junction assembly","1/156","15/18805",0.0666666666666667,8.03632478632479,2.49337593234423,0.117503741678259,0.49251153000887,0.468881890951381,"DLG5",1,"BP",0.00641025641025641,0.000797660196756182
"BP","GO:0035332","positive regulation of hippo signaling","1/156","15/18805",0.0666666666666667,8.03632478632479,2.49337593234423,0.117503741678259,0.49251153000887,0.468881890951381,"DLG5",1,"BP",0.00641025641025641,0.000797660196756182
"BP","GO:0042159","lipoprotein catabolic process","1/156","15/18805",0.0666666666666667,8.03632478632479,2.49337593234423,0.117503741678259,0.49251153000887,0.468881890951381,"LDLR",1,"BP",0.00641025641025641,0.000797660196756182
"BP","GO:0042308","negative regulation of protein import into nucleus","1/156","15/18805",0.0666666666666667,8.03632478632479,2.49337593234423,0.117503741678259,0.49251153000887,0.468881890951381,"FERMT1",1,"BP",0.00641025641025641,0.000797660196756182
"BP","GO:0043201","response to L-leucine","1/156","15/18805",0.0666666666666667,8.03632478632479,2.49337593234423,0.117503741678259,0.49251153000887,0.468881890951381,"EP300",1,"BP",0.00641025641025641,0.000797660196756182
"BP","GO:0043278","response to morphine","1/156","15/18805",0.0666666666666667,8.03632478632479,2.49337593234423,0.117503741678259,0.49251153000887,0.468881890951381,"ADRA2A",1,"BP",0.00641025641025641,0.000797660196756182
"BP","GO:0043374","CD8-positive, alpha-beta T cell differentiation","1/156","15/18805",0.0666666666666667,8.03632478632479,2.49337593234423,0.117503741678259,0.49251153000887,0.468881890951381,"SLC4A2",1,"BP",0.00641025641025641,0.000797660196756182
"BP","GO:0044027","negative regulation of gene expression via chromosomal CpG island methylation","1/156","15/18805",0.0666666666666667,8.03632478632479,2.49337593234423,0.117503741678259,0.49251153000887,0.468881890951381,"PRMT5",1,"BP",0.00641025641025641,0.000797660196756182
"BP","GO:0044070","regulation of monoatomic anion transport","1/156","15/18805",0.0666666666666667,8.03632478632479,2.49337593234423,0.117503741678259,0.49251153000887,0.468881890951381,"PRKG2",1,"BP",0.00641025641025641,0.000797660196756182
"BP","GO:0044849","estrous cycle","1/156","15/18805",0.0666666666666667,8.03632478632479,2.49337593234423,0.117503741678259,0.49251153000887,0.468881890951381,"CA12",1,"BP",0.00641025641025641,0.000797660196756182
"BP","GO:0045176","apical protein localization","1/156","15/18805",0.0666666666666667,8.03632478632479,2.49337593234423,0.117503741678259,0.49251153000887,0.468881890951381,"DLG5",1,"BP",0.00641025641025641,0.000797660196756182
"BP","GO:0046512","sphingosine biosynthetic process","1/156","15/18805",0.0666666666666667,8.03632478632479,2.49337593234423,0.117503741678259,0.49251153000887,0.468881890951381,"ACER2",1,"BP",0.00641025641025641,0.000797660196756182
"BP","GO:0046520","sphingoid biosynthetic process","1/156","15/18805",0.0666666666666667,8.03632478632479,2.49337593234423,0.117503741678259,0.49251153000887,0.468881890951381,"ACER2",1,"BP",0.00641025641025641,0.000797660196756182
"BP","GO:0048243","norepinephrine secretion","1/156","15/18805",0.0666666666666667,8.03632478632479,2.49337593234423,0.117503741678259,0.49251153000887,0.468881890951381,"ADRA2A",1,"BP",0.00641025641025641,0.000797660196756182
"BP","GO:0048681","negative regulation of axon regeneration","1/156","15/18805",0.0666666666666667,8.03632478632479,2.49337593234423,0.117503741678259,0.49251153000887,0.468881890951381,"PTPRS",1,"BP",0.00641025641025641,0.000797660196756182
"BP","GO:0048820","hair follicle maturation","1/156","15/18805",0.0666666666666667,8.03632478632479,2.49337593234423,0.117503741678259,0.49251153000887,0.468881890951381,"FERMT1",1,"BP",0.00641025641025641,0.000797660196756182
"BP","GO:0060211","regulation of nuclear-transcribed mRNA poly(A) tail shortening","1/156","15/18805",0.0666666666666667,8.03632478632479,2.49337593234423,0.117503741678259,0.49251153000887,0.468881890951381,"CNOT1",1,"BP",0.00641025641025641,0.000797660196756182
"BP","GO:0070341","fat cell proliferation","1/156","15/18805",0.0666666666666667,8.03632478632479,2.49337593234423,0.117503741678259,0.49251153000887,0.468881890951381,"SQSTM1",1,"BP",0.00641025641025641,0.000797660196756182
"BP","GO:0072176","nephric duct development","1/156","15/18805",0.0666666666666667,8.03632478632479,2.49337593234423,0.117503741678259,0.49251153000887,0.468881890951381,"PKD1",1,"BP",0.00641025641025641,0.000797660196756182
"BP","GO:0090235","regulation of metaphase plate congression","1/156","15/18805",0.0666666666666667,8.03632478632479,2.49337593234423,0.117503741678259,0.49251153000887,0.468881890951381,"KAT5",1,"BP",0.00641025641025641,0.000797660196756182
"BP","GO:0098969","neurotransmitter receptor transport to postsynaptic membrane","1/156","15/18805",0.0666666666666667,8.03632478632479,2.49337593234423,0.117503741678259,0.49251153000887,0.468881890951381,"RAB8A",1,"BP",0.00641025641025641,0.000797660196756182
"BP","GO:1900226","negative regulation of NLRP3 inflammasome complex assembly","1/156","15/18805",0.0666666666666667,8.03632478632479,2.49337593234423,0.117503741678259,0.49251153000887,0.468881890951381,"CSNK1A1",1,"BP",0.00641025641025641,0.000797660196756182
"BP","GO:1903358","regulation of Golgi organization","1/156","15/18805",0.0666666666666667,8.03632478632479,2.49337593234423,0.117503741678259,0.49251153000887,0.468881890951381,"EHD3",1,"BP",0.00641025641025641,0.000797660196756182
"BP","GO:1903543","positive regulation of exosomal secretion","1/156","15/18805",0.0666666666666667,8.03632478632479,2.49337593234423,0.117503741678259,0.49251153000887,0.468881890951381,"HGS",1,"BP",0.00641025641025641,0.000797660196756182
"BP","GO:2000232","regulation of rRNA processing","1/156","15/18805",0.0666666666666667,8.03632478632479,2.49337593234423,0.117503741678259,0.49251153000887,0.468881890951381,"HEATR1",1,"BP",0.00641025641025641,0.000797660196756182
"BP","GO:2000328","regulation of T-helper 17 cell lineage commitment","1/156","15/18805",0.0666666666666667,8.03632478632479,2.49337593234423,0.117503741678259,0.49251153000887,0.468881890951381,"EP300",1,"BP",0.00641025641025641,0.000797660196756182
"BP","GO:2001256","regulation of store-operated calcium entry","1/156","15/18805",0.0666666666666667,8.03632478632479,2.49337593234423,0.117503741678259,0.49251153000887,0.468881890951381,"SPG11",1,"BP",0.00641025641025641,0.000797660196756182
"BP","GO:0045619","regulation of lymphocyte differentiation","4/156","225/18805",0.0177777777777778,2.14301994301994,1.57754536898139,0.117681099217151,0.49251153000887,0.468881890951381,"SMARCC2/SLC4A2/KAT5/EP300",4,"BP",0.0256410256410256,0.0119649029513427
"BP","GO:0007586","digestion","3/156","144/18805",0.0208333333333333,2.5113514957265,1.6650946128639,0.117933049221908,0.49251153000887,0.468881890951381,"ADRA2A/EPB41/LDLR",3,"BP",0.0192307692307692,0.00765753788885935
"BP","GO:0007162","negative regulation of cell adhesion","5/156","312/18805",0.016025641025641,1.93180884286653,1.51795915476138,0.118416795654784,0.49251153000887,0.468881890951381,"DLG5/ACER2/SLC4A2/PLXNB3/TNC",5,"BP",0.032051282051282,0.0165913320925286
"BP","GO:0060541","respiratory system development","4/156","226/18805",0.0176991150442478,2.13353755389154,1.56797311180117,0.119074267598041,0.49251153000887,0.468881890951381,"DLG5/PKD1/TNC/EP300",4,"BP",0.0256410256410256,0.0120180802977931
"BP","GO:2000779","regulation of double-strand break repair","3/156","145/18805",0.0206896551724138,2.49403183023873,1.6517627870344,0.119732339297387,0.49251153000887,0.468881890951381,"SMARCC2/RNF169/KAT5",3,"BP",0.0192307692307692,0.00771071523530976
"BP","GO:0140895","cell surface toll-like receptor signaling pathway","2/156","72/18805",0.0277777777777778,3.34846866096866,1.82602616723497,0.120193482977754,0.49251153000887,0.468881890951381,"SQSTM1/TRIM32",2,"BP",0.0128205128205128,0.00382876894442967
"BP","GO:1903008","organelle disassembly","2/156","72/18805",0.0277777777777778,3.34846866096866,1.82602616723497,0.120193482977754,0.49251153000887,0.468881890951381,"NEMF/KAT5",2,"BP",0.0128205128205128,0.00382876894442967
"BP","GO:0001889","liver development","3/156","146/18805",0.0205479452054795,2.47694942044257,1.63854175967246,0.121541834911543,0.49251153000887,0.468881890951381,"PRMT5/PKD1/ACO2",3,"BP",0.0192307692307692,0.00776389258176017
"BP","GO:0006986","response to unfolded protein","3/156","146/18805",0.0205479452054795,2.47694942044257,1.63854175967246,0.121541834911543,0.49251153000887,0.468881890951381,"BHLHA15/DNAJB1/HSPA4",3,"BP",0.0192307692307692,0.00776389258176017
"BP","GO:0050807","regulation of synapse organization","5/156","315/18805",0.0158730158730159,1.91341066341066,1.49524563974727,0.121931541131276,0.49251153000887,0.468881890951381,"DLG5/SLITRK3/PTPRS/CASKIN1/IL1RAPL1",5,"BP",0.032051282051282,0.0167508641318798
"BP","GO:0071559","response to transforming growth factor beta","5/156","315/18805",0.0158730158730159,1.91341066341066,1.49524563974727,0.121931541131276,0.49251153000887,0.468881890951381,"ADAM9/ZFYVE9/BCL9L/FERMT1/EP300",5,"BP",0.032051282051282,0.0167508641318798
"BP","GO:0033143","regulation of intracellular steroid hormone receptor signaling pathway","2/156","73/18805",0.0273972602739726,3.30259922725676,1.80279919735864,0.122936362034348,0.49251153000887,0.468881890951381,"CNOT1/EP300",2,"BP",0.0128205128205128,0.00388194629088009
"BP","GO:0050766","positive regulation of phagocytosis","2/156","73/18805",0.0273972602739726,3.30259922725676,1.80279919735864,0.122936362034348,0.49251153000887,0.468881890951381,"MYO18A/TUB",2,"BP",0.0128205128205128,0.00388194629088009
"BP","GO:0071806","protein transmembrane transport","2/156","73/18805",0.0273972602739726,3.30259922725676,1.80279919735864,0.122936362034348,0.49251153000887,0.468881890951381,"EXOC7/PEX10",2,"BP",0.0128205128205128,0.00388194629088009
"BP","GO:0051961","negative regulation of nervous system development","3/156","147/18805",0.0204081632653061,2.46009942438514,1.62542972903057,0.123361418837378,0.49251153000887,0.468881890951381,"LDLR/SEMA3G/PTPRS",3,"BP",0.0192307692307692,0.00781706992821058
"BP","GO:0046034","ATP metabolic process","4/156","230/18805",0.0173913043478261,2.09643255295429,1.53017490057148,0.12471837953159,0.49251153000887,0.468881890951381,"HK2/PFKP/PFKFB3/EP300",4,"BP",0.0256410256410256,0.0122307896835948
"BP","GO:0002428","antigen processing and presentation of peptide antigen via MHC class Ib","1/156","16/18805",0.0625,7.53405448717949,2.39139080919414,0.124830480172042,0.49251153000887,0.468881890951381,"ULBP3",1,"BP",0.00641025641025641,0.000850837543206594
"BP","GO:0006361","transcription initiation at RNA polymerase I promoter","1/156","16/18805",0.0625,7.53405448717949,2.39139080919414,0.124830480172042,0.49251153000887,0.468881890951381,"BAZ2A",1,"BP",0.00641025641025641,0.000850837543206594
"BP","GO:0009151","purine deoxyribonucleotide metabolic process","1/156","16/18805",0.0625,7.53405448717949,2.39139080919414,0.124830480172042,0.49251153000887,0.468881890951381,"NT5C2",1,"BP",0.00641025641025641,0.000850837543206594
"BP","GO:0010832","negative regulation of myotube differentiation","1/156","16/18805",0.0625,7.53405448717949,2.39139080919414,0.124830480172042,0.49251153000887,0.468881890951381,"BHLHA15",1,"BP",0.00641025641025641,0.000850837543206594
"BP","GO:0014072","response to isoquinoline alkaloid","1/156","16/18805",0.0625,7.53405448717949,2.39139080919414,0.124830480172042,0.49251153000887,0.468881890951381,"ADRA2A",1,"BP",0.00641025641025641,0.000850837543206594
"BP","GO:0023035","CD40 signaling pathway","1/156","16/18805",0.0625,7.53405448717949,2.39139080919414,0.124830480172042,0.49251153000887,0.468881890951381,"RNF31",1,"BP",0.00641025641025641,0.000850837543206594
"BP","GO:0030242","autophagy of peroxisome","1/156","16/18805",0.0625,7.53405448717949,2.39139080919414,0.124830480172042,0.49251153000887,0.468881890951381,"SQSTM1",1,"BP",0.00641025641025641,0.000850837543206594
"BP","GO:0032897","negative regulation of viral transcription","1/156","16/18805",0.0625,7.53405448717949,2.39139080919414,0.124830480172042,0.49251153000887,0.468881890951381,"TRIM32",1,"BP",0.00641025641025641,0.000850837543206594
"BP","GO:0034616","response to laminar fluid shear stress","1/156","16/18805",0.0625,7.53405448717949,2.39139080919414,0.124830480172042,0.49251153000887,0.468881890951381,"ADAM9",1,"BP",0.00641025641025641,0.000850837543206594
"BP","GO:0034638","phosphatidylcholine catabolic process","1/156","16/18805",0.0625,7.53405448717949,2.39139080919414,0.124830480172042,0.49251153000887,0.468881890951381,"LDLR",1,"BP",0.00641025641025641,0.000850837543206594
"BP","GO:0036260","RNA capping","1/156","16/18805",0.0625,7.53405448717949,2.39139080919414,0.124830480172042,0.49251153000887,0.468881890951381,"RNMT",1,"BP",0.00641025641025641,0.000850837543206594
"BP","GO:0043328","protein transport to vacuole involved in ubiquitin-dependent protein catabolic process via the multivesicular body sorting pathway","1/156","16/18805",0.0625,7.53405448717949,2.39139080919414,0.124830480172042,0.49251153000887,0.468881890951381,"HGS",1,"BP",0.00641025641025641,0.000850837543206594
"BP","GO:0046321","positive regulation of fatty acid oxidation","1/156","16/18805",0.0625,7.53405448717949,2.39139080919414,0.124830480172042,0.49251153000887,0.468881890951381,"IRS1",1,"BP",0.00641025641025641,0.000850837543206594
"BP","GO:0046462","monoacylglycerol metabolic process","1/156","16/18805",0.0625,7.53405448717949,2.39139080919414,0.124830480172042,0.49251153000887,0.468881890951381,"DAGLA",1,"BP",0.00641025641025641,0.000850837543206594
"BP","GO:0046642","negative regulation of alpha-beta T cell proliferation","1/156","16/18805",0.0625,7.53405448717949,2.39139080919414,0.124830480172042,0.49251153000887,0.468881890951381,"SLC4A2",1,"BP",0.00641025641025641,0.000850837543206594
"BP","GO:0048385","regulation of retinoic acid receptor signaling pathway","1/156","16/18805",0.0625,7.53405448717949,2.39139080919414,0.124830480172042,0.49251153000887,0.468881890951381,"CNOT1",1,"BP",0.00641025641025641,0.000850837543206594
"BP","GO:0051290","protein heterotetramerization","1/156","16/18805",0.0625,7.53405448717949,2.39139080919414,0.124830480172042,0.49251153000887,0.468881890951381,"PKD1",1,"BP",0.00641025641025641,0.000850837543206594
"BP","GO:0061635","regulation of protein complex stability","1/156","16/18805",0.0625,7.53405448717949,2.39139080919414,0.124830480172042,0.49251153000887,0.468881890951381,"SQSTM1",1,"BP",0.00641025641025641,0.000850837543206594
"BP","GO:0061734","type 2 mitophagy","1/156","16/18805",0.0625,7.53405448717949,2.39139080919414,0.124830480172042,0.49251153000887,0.468881890951381,"HK2",1,"BP",0.00641025641025641,0.000850837543206594
"BP","GO:0070071","proton-transporting two-sector ATPase complex assembly","1/156","16/18805",0.0625,7.53405448717949,2.39139080919414,0.124830480172042,0.49251153000887,0.468881890951381,"TM9SF4",1,"BP",0.00641025641025641,0.000850837543206594
"BP","GO:0070571","negative regulation of neuron projection regeneration","1/156","16/18805",0.0625,7.53405448717949,2.39139080919414,0.124830480172042,0.49251153000887,0.468881890951381,"PTPRS",1,"BP",0.00641025641025641,0.000850837543206594
"BP","GO:0071941","nitrogen cycle metabolic process","1/156","16/18805",0.0625,7.53405448717949,2.39139080919414,0.124830480172042,0.49251153000887,0.468881890951381,"PKD1",1,"BP",0.00641025641025641,0.000850837543206594
"BP","GO:0072350","tricarboxylic acid metabolic process","1/156","16/18805",0.0625,7.53405448717949,2.39139080919414,0.124830480172042,0.49251153000887,0.468881890951381,"ACO2",1,"BP",0.00641025641025641,0.000850837543206594
"BP","GO:0098877","neurotransmitter receptor transport to plasma membrane","1/156","16/18805",0.0625,7.53405448717949,2.39139080919414,0.124830480172042,0.49251153000887,0.468881890951381,"RAB8A",1,"BP",0.00641025641025641,0.000850837543206594
"BP","GO:1902358","sulfate transmembrane transport","1/156","16/18805",0.0625,7.53405448717949,2.39139080919414,0.124830480172042,0.49251153000887,0.468881890951381,"SLC26A1",1,"BP",0.00641025641025641,0.000850837543206594
"BP","GO:1902412","regulation of mitotic cytokinesis","1/156","16/18805",0.0625,7.53405448717949,2.39139080919414,0.124830480172042,0.49251153000887,0.468881890951381,"EXOC7",1,"BP",0.00641025641025641,0.000850837543206594
"BP","GO:1903540","establishment of protein localization to postsynaptic membrane","1/156","16/18805",0.0625,7.53405448717949,2.39139080919414,0.124830480172042,0.49251153000887,0.468881890951381,"RAB8A",1,"BP",0.00641025641025641,0.000850837543206594
"BP","GO:0099175","regulation of postsynapse organization","3/156","148/18805",0.0202702702702703,2.44347713097713,1.61242493515651,0.125190973648108,0.49251153000887,0.468881890951381,"PTPRS/CASKIN1/IL1RAPL1",3,"BP",0.0192307692307692,0.00787024727466099
"BP","GO:0007249","canonical NF-kappaB signal transduction","5/156","318/18805",0.0157232704402516,1.89535961941622,1.4727786818172,0.125494908965448,0.49251153000887,0.468881890951381,"SQSTM1/TRIM32/RNF31/MYO18A/EP300",5,"BP",0.032051282051282,0.0169103961712311
"BP","GO:0016126","sterol biosynthetic process","2/156","74/18805",0.027027027027027,3.25796950796951,1.77997169701134,0.125694473613521,0.49251153000887,0.468881890951381,"CYP51A1/KPNB1",2,"BP",0.0128205128205128,0.0039351236373305
"BP","GO:0061512","protein localization to cilium","2/156","74/18805",0.027027027027027,3.25796950796951,1.77997169701134,0.125694473613521,0.49251153000887,0.468881890951381,"RAB8A/TUB",2,"BP",0.0128205128205128,0.0039351236373305
"BP","GO:2000036","regulation of stem cell population maintenance","2/156","74/18805",0.027027027027027,3.25796950796951,1.77997169701134,0.125694473613521,0.49251153000887,0.468881890951381,"CNOT1/KDM3A",2,"BP",0.0128205128205128,0.0039351236373305
"BP","GO:0061008","hepaticobiliary system development","3/156","149/18805",0.0201342281879195,2.42707795560145,1.59952565864384,0.127030381739905,0.49251153000887,0.468881890951381,"PRMT5/PKD1/ACO2",3,"BP",0.0192307692307692,0.00792342462111141
"BP","GO:0042594","response to starvation","4/156","232/18805",0.0172413793103448,2.07835985853227,1.51156324149319,0.127582633095842,0.49251153000887,0.468881890951381,"BHLHA15/TBC1D5/TRIM32/KAT5",4,"BP",0.0256410256410256,0.0123371443764956
"BP","GO:0010833","telomere maintenance via telomere lengthening","2/156","75/18805",0.0266666666666667,3.21452991452991,1.75753078226302,0.128467380640891,0.49251153000887,0.468881890951381,"SMG6/GNL3L",2,"BP",0.0128205128205128,0.00398830098378091
"BP","GO:0042130","negative regulation of T cell proliferation","2/156","75/18805",0.0266666666666667,3.21452991452991,1.75753078226302,0.128467380640891,0.49251153000887,0.468881890951381,"DLG5/SLC4A2",2,"BP",0.0128205128205128,0.00398830098378091
"BP","GO:0042698","ovulation cycle","2/156","75/18805",0.0266666666666667,3.21452991452991,1.75753078226302,0.128467380640891,0.49251153000887,0.468881890951381,"NRIP1/CA12",2,"BP",0.0128205128205128,0.00398830098378091
"BP","GO:0008203","cholesterol metabolic process","3/156","150/18805",0.02,2.41089743589744,1.58673021942803,0.128879525354207,0.49251153000887,0.468881890951381,"LDLR/CYP51A1/KPNB1",3,"BP",0.0192307692307692,0.00797660196756182
"BP","GO:0050803","regulation of synapse structure or activity","5/156","321/18805",0.0155763239875389,1.87764597811327,1.45055282507945,0.129106242591178,0.49251153000887,0.468881890951381,"DLG5/SLITRK3/PTPRS/CASKIN1/IL1RAPL1",5,"BP",0.032051282051282,0.0170699282105823
"BP","GO:0098813","nuclear chromosome segregation","5/156","322/18805",0.015527950310559,1.87181477942347,1.44319686621372,0.130320563252222,0.49251153000887,0.468881890951381,"SMC4/SMARCC2/KAT5/HASPIN/KPNB1",5,"BP",0.032051282051282,0.0171231055570327
"BP","GO:0050769","positive regulation of neurogenesis","4/156","234/18805",0.0170940170940171,2.06059609905764,1.4931380233576,0.13047450333609,0.49251153000887,0.468881890951381,"PRMT5/TRIM32/PLXNB3/IL1RAPL1",4,"BP",0.0256410256410256,0.0124434990693964
"BP","GO:0055123","digestive system development","3/156","151/18805",0.0198675496688742,2.39493122771268,1.57403697562607,0.130738286599569,0.49251153000887,0.468881890951381,"VPS52/PKD1/SLC4A2",3,"BP",0.0192307692307692,0.00802977931401223
"BP","GO:0045661","regulation of myoblast differentiation","2/156","76/18805",0.0263157894736842,3.1722334682861,1.7354641549843,0.131254652159724,0.49251153000887,0.468881890951381,"SMARCC2/KAT5",2,"BP",0.0128205128205128,0.00404147833023132
"BP","GO:0048525","negative regulation of viral process","2/156","76/18805",0.0263157894736842,3.1722334682861,1.7354641549843,0.131254652159724,0.49251153000887,0.468881890951381,"OAS3/TRIM32",2,"BP",0.0128205128205128,0.00404147833023132
"BP","GO:0006302","double-strand break repair","5/156","323/18805",0.0154798761609907,1.86601968722712,1.43586691644204,0.131540113001211,0.49251153000887,0.468881890951381,"SMARCC2/RECQL/FAN1/RNF169/KAT5",5,"BP",0.032051282051282,0.0171762829034831
"BP","GO:0001574","ganglioside biosynthetic process","1/156","17/18805",0.0588235294117647,7.09087481146305,2.29785967729857,0.132096776680274,0.49251153000887,0.468881890951381,"B4GALT5",1,"BP",0.00641025641025641,0.000904014889657006
"BP","GO:0006577","amino-acid betaine metabolic process","1/156","17/18805",0.0588235294117647,7.09087481146305,2.29785967729857,0.132096776680274,0.49251153000887,0.468881890951381,"CHDH",1,"BP",0.00641025641025641,0.000904014889657006
"BP","GO:0007000","nucleolus organization","1/156","17/18805",0.0588235294117647,7.09087481146305,2.29785967729857,0.132096776680274,0.49251153000887,0.468881890951381,"BAZ2A",1,"BP",0.00641025641025641,0.000904014889657006
"BP","GO:0008228","opsonization","1/156","17/18805",0.0588235294117647,7.09087481146305,2.29785967729857,0.132096776680274,0.49251153000887,0.468881890951381,"MYO18A",1,"BP",0.00641025641025641,0.000904014889657006
"BP","GO:0010042","response to manganese ion","1/156","17/18805",0.0588235294117647,7.09087481146305,2.29785967729857,0.132096776680274,0.49251153000887,0.468881890951381,"ADAM9",1,"BP",0.00641025641025641,0.000904014889657006
"BP","GO:0010455","positive regulation of cell fate commitment","1/156","17/18805",0.0588235294117647,7.09087481146305,2.29785967729857,0.132096776680274,0.49251153000887,0.468881890951381,"EP300",1,"BP",0.00641025641025641,0.000904014889657006
"BP","GO:0010831","positive regulation of myotube differentiation","1/156","17/18805",0.0588235294117647,7.09087481146305,2.29785967729857,0.132096776680274,0.49251153000887,0.468881890951381,"ATP11A",1,"BP",0.00641025641025641,0.000904014889657006
"BP","GO:0030728","ovulation","1/156","17/18805",0.0588235294117647,7.09087481146305,2.29785967729857,0.132096776680274,0.49251153000887,0.468881890951381,"NRIP1",1,"BP",0.00641025641025641,0.000904014889657006
"BP","GO:0033623","regulation of integrin activation","1/156","17/18805",0.0588235294117647,7.09087481146305,2.29785967729857,0.132096776680274,0.49251153000887,0.468881890951381,"FERMT1",1,"BP",0.00641025641025641,0.000904014889657006
"BP","GO:0035092","sperm DNA condensation","1/156","17/18805",0.0588235294117647,7.09087481146305,2.29785967729857,0.132096776680274,0.49251153000887,0.468881890951381,"KAT5",1,"BP",0.00641025641025641,0.000904014889657006
"BP","GO:0044790","suppression of viral release by host","1/156","17/18805",0.0588235294117647,7.09087481146305,2.29785967729857,0.132096776680274,0.49251153000887,0.468881890951381,"TRIM32",1,"BP",0.00641025641025641,0.000904014889657006
"BP","GO:0045542","positive regulation of cholesterol biosynthetic process","1/156","17/18805",0.0588235294117647,7.09087481146305,2.29785967729857,0.132096776680274,0.49251153000887,0.468881890951381,"KPNB1",1,"BP",0.00641025641025641,0.000904014889657006
"BP","GO:0045725","positive regulation of glycogen biosynthetic process","1/156","17/18805",0.0588235294117647,7.09087481146305,2.29785967729857,0.132096776680274,0.49251153000887,0.468881890951381,"IRS1",1,"BP",0.00641025641025641,0.000904014889657006
"BP","GO:0048712","negative regulation of astrocyte differentiation","1/156","17/18805",0.0588235294117647,7.09087481146305,2.29785967729857,0.132096776680274,0.49251153000887,0.468881890951381,"LDLR",1,"BP",0.00641025641025641,0.000904014889657006
"BP","GO:0051177","meiotic sister chromatid cohesion","1/156","17/18805",0.0588235294117647,7.09087481146305,2.29785967729857,0.132096776680274,0.49251153000887,0.468881890951381,"PPP2R5D",1,"BP",0.00641025641025641,0.000904014889657006
"BP","GO:0071243","cellular response to arsenic-containing substance","1/156","17/18805",0.0588235294117647,7.09087481146305,2.29785967729857,0.132096776680274,0.49251153000887,0.468881890951381,"DDX3X",1,"BP",0.00641025641025641,0.000904014889657006
"BP","GO:0071380","cellular response to prostaglandin E stimulus","1/156","17/18805",0.0588235294117647,7.09087481146305,2.29785967729857,0.132096776680274,0.49251153000887,0.468881890951381,"ACACA",1,"BP",0.00641025641025641,0.000904014889657006
"BP","GO:0098885","modification of postsynaptic actin cytoskeleton","1/156","17/18805",0.0588235294117647,7.09087481146305,2.29785967729857,0.132096776680274,0.49251153000887,0.468881890951381,"CAP1",1,"BP",0.00641025641025641,0.000904014889657006
"BP","GO:0106120","positive regulation of sterol biosynthetic process","1/156","17/18805",0.0588235294117647,7.09087481146305,2.29785967729857,0.132096776680274,0.49251153000887,0.468881890951381,"KPNB1",1,"BP",0.00641025641025641,0.000904014889657006
"BP","GO:0110156","mRNA methylguanosine-cap decapping","1/156","17/18805",0.0588235294117647,7.09087481146305,2.29785967729857,0.132096776680274,0.49251153000887,0.468881890951381,"EDC4",1,"BP",0.00641025641025641,0.000904014889657006
"BP","GO:1903541","regulation of exosomal secretion","1/156","17/18805",0.0588235294117647,7.09087481146305,2.29785967729857,0.132096776680274,0.49251153000887,0.468881890951381,"HGS",1,"BP",0.00641025641025641,0.000904014889657006
"BP","GO:0033157","regulation of intracellular protein transport","3/156","152/18805",0.0197368421052632,2.37917510121457,1.56144432241785,0.132606547473092,0.492864710874167,0.469218126961866,"FERMT1/TM9SF4/EP300",3,"BP",0.0192307692307692,0.00808295666046264
"BP","GO:0046165","alcohol biosynthetic process","3/156","152/18805",0.0197368421052632,2.37917510121457,1.56144432241785,0.132606547473092,0.492864710874167,0.469218126961866,"ACER2/CYP51A1/KPNB1",3,"BP",0.0192307692307692,0.00808295666046264
"BP","GO:1904377","positive regulation of protein localization to cell periphery","2/156","77/18805",0.025974025974026,3.13103563103563,1.71376006880894,0.134055863260609,0.493440632582018,0.469766417190548,"SQSTM1/EPB41",2,"BP",0.0128205128205128,0.00409465567668173
"BP","GO:1905818","regulation of chromosome separation","2/156","77/18805",0.025974025974026,3.13103563103563,1.71376006880894,0.134055863260609,0.493440632582018,0.469766417190548,"SMC4/HASPIN",2,"BP",0.0128205128205128,0.00409465567668173
"BP","GO:0046467","membrane lipid biosynthetic process","3/156","153/18805",0.0196078431372549,2.36362493715435,1.54895069096755,0.134484189881407,0.493440632582018,0.469766417190548,"ACER2/CERS6/B4GALT5",3,"BP",0.0192307692307692,0.00813613400691305
"BP","GO:0060560","developmental growth involved in morphogenesis","4/156","238/18805",0.0168067226890756,2.02596423184658,1.45683201225661,0.136339518446827,0.493440632582018,0.469766417190548,"SEMA3G/SPG11/TNC/PTPRS",4,"BP",0.0256410256410256,0.0126562084551981
"BP","GO:0006997","nucleus organization","3/156","154/18805",0.0194805194805195,2.34827672327672,1.53655454738326,0.136371095661248,0.493440632582018,0.469766417190548,"KDM3A/KAT5/BAZ2A",3,"BP",0.0192307692307692,0.00818931135336347
"BP","GO:0010827","regulation of D-glucose transmembrane transport","2/156","78/18805",0.0256410256410256,3.09089414858646,1.69240729749027,0.136870595011874,0.493440632582018,0.469766417190548,"HK2/IRS1",2,"BP",0.0128205128205128,0.00414783302313215
"BP","GO:0046425","regulation of receptor signaling pathway via JAK-STAT","2/156","78/18805",0.0256410256410256,3.09089414858646,1.69240729749027,0.136870595011874,0.493440632582018,0.469766417190548,"HGS/EP300",2,"BP",0.0128205128205128,0.00414783302313215
"BP","GO:0032006","regulation of TOR signaling","3/156","155/18805",0.0193548387096774,2.33312655086849,1.5242543917133,0.138267146599603,0.493440632582018,0.469766417190548,"CSNK1A1/SMCR8/EP300",3,"BP",0.0192307692307692,0.00824248869981388
"BP","GO:1904375","regulation of protein localization to cell periphery","3/156","155/18805",0.0193548387096774,2.33312655086849,1.5242543917133,0.138267146599603,0.493440632582018,0.469766417190548,"SQSTM1/EPB41/SAPCD2",3,"BP",0.0192307692307692,0.00824248869981388
"BP","GO:0016032","viral process","6/156","421/18805",0.0142517814726841,1.71797917047323,1.36267576829793,0.138290502051184,0.493440632582018,0.469766417190548,"LDLR/OAS3/TRIM32/CSNK1A1/EP300/DDX3X",6,"BP",0.0384615384615385,0.0223876628556235
"BP","GO:0009125","nucleoside monophosphate catabolic process","1/156","18/18805",0.0555555555555556,6.69693732193732,2.21161039312843,0.139303126629065,0.493440632582018,0.469766417190548,"NT5C2",1,"BP",0.00641025641025641,0.000957192236107418
"BP","GO:0030299","intestinal cholesterol absorption","1/156","18/18805",0.0555555555555556,6.69693732193732,2.21161039312843,0.139303126629065,0.493440632582018,0.469766417190548,"LDLR",1,"BP",0.00641025641025641,0.000957192236107418
"BP","GO:0032148","activation of protein kinase B activity","1/156","18/18805",0.0555555555555556,6.69693732193732,2.21161039312843,0.139303126629065,0.493440632582018,0.469766417190548,"ADRA2A",1,"BP",0.00641025641025641,0.000957192236107418
"BP","GO:0033631","cell-cell adhesion mediated by integrin","1/156","18/18805",0.0555555555555556,6.69693732193732,2.21161039312843,0.139303126629065,0.493440632582018,0.469766417190548,"ADAM9",1,"BP",0.00641025641025641,0.000957192236107418
"BP","GO:0034384","high-density lipoprotein particle clearance","1/156","18/18805",0.0555555555555556,6.69693732193732,2.21161039312843,0.139303126629065,0.493440632582018,0.469766417190548,"LDLR",1,"BP",0.00641025641025641,0.000957192236107418
"BP","GO:0034727","piecemeal microautophagy of the nucleus","1/156","18/18805",0.0555555555555556,6.69693732193732,2.21161039312843,0.139303126629065,0.493440632582018,0.469766417190548,"ATG9A",1,"BP",0.00641025641025641,0.000957192236107418
"BP","GO:0042753","positive regulation of circadian rhythm","1/156","18/18805",0.0555555555555556,6.69693732193732,2.21161039312843,0.139303126629065,0.493440632582018,0.469766417190548,"KAT5",1,"BP",0.00641025641025641,0.000957192236107418
"BP","GO:0043923","positive regulation by host of viral transcription","1/156","18/18805",0.0555555555555556,6.69693732193732,2.21161039312843,0.139303126629065,0.493440632582018,0.469766417190548,"EP300",1,"BP",0.00641025641025641,0.000957192236107418
"BP","GO:0046040","IMP metabolic process","1/156","18/18805",0.0555555555555556,6.69693732193732,2.21161039312843,0.139303126629065,0.493440632582018,0.469766417190548,"NT5C2",1,"BP",0.00641025641025641,0.000957192236107418
"BP","GO:0046184","aldehyde biosynthetic process","1/156","18/18805",0.0555555555555556,6.69693732193732,2.21161039312843,0.139303126629065,0.493440632582018,0.469766417190548,"KDM3A",1,"BP",0.00641025641025641,0.000957192236107418
"BP","GO:0050687","negative regulation of defense response to virus","1/156","18/18805",0.0555555555555556,6.69693732193732,2.21161039312843,0.139303126629065,0.493440632582018,0.469766417190548,"NT5C2",1,"BP",0.00641025641025641,0.000957192236107418
"BP","GO:0070131","positive regulation of mitochondrial translation","1/156","18/18805",0.0555555555555556,6.69693732193732,2.21161039312843,0.139303126629065,0.493440632582018,0.469766417190548,"DDX3X",1,"BP",0.00641025641025641,0.000957192236107418
"BP","GO:0072578","neurotransmitter-gated ion channel clustering","1/156","18/18805",0.0555555555555556,6.69693732193732,2.21161039312843,0.139303126629065,0.493440632582018,0.469766417190548,"SLITRK3",1,"BP",0.00641025641025641,0.000957192236107418
"BP","GO:0090110","COPII-coated vesicle cargo loading","1/156","18/18805",0.0555555555555556,6.69693732193732,2.21161039312843,0.139303126629065,0.493440632582018,0.469766417190548,"SEC24C",1,"BP",0.00641025641025641,0.000957192236107418
"BP","GO:0097396","response to interleukin-17","1/156","18/18805",0.0555555555555556,6.69693732193732,2.21161039312843,0.139303126629065,0.493440632582018,0.469766417190548,"TRIM32",1,"BP",0.00641025641025641,0.000957192236107418
"BP","GO:0097398","cellular response to interleukin-17","1/156","18/18805",0.0555555555555556,6.69693732193732,2.21161039312843,0.139303126629065,0.493440632582018,0.469766417190548,"TRIM32",1,"BP",0.00641025641025641,0.000957192236107418
"BP","GO:0099638","endosome to plasma membrane protein transport","1/156","18/18805",0.0555555555555556,6.69693732193732,2.21161039312843,0.139303126629065,0.493440632582018,0.469766417190548,"RAB8A",1,"BP",0.00641025641025641,0.000957192236107418
"BP","GO:0150079","negative regulation of neuroinflammatory response","1/156","18/18805",0.0555555555555556,6.69693732193732,2.21161039312843,0.139303126629065,0.493440632582018,0.469766417190548,"LDLR",1,"BP",0.00641025641025641,0.000957192236107418
"BP","GO:1902036","regulation of hematopoietic stem cell differentiation","1/156","18/18805",0.0555555555555556,6.69693732193732,2.21161039312843,0.139303126629065,0.493440632582018,0.469766417190548,"KAT5",1,"BP",0.00641025641025641,0.000957192236107418
"BP","GO:1902916","positive regulation of protein polyubiquitination","1/156","18/18805",0.0555555555555556,6.69693732193732,2.21161039312843,0.139303126629065,0.493440632582018,0.469766417190548,"DDX3X",1,"BP",0.00641025641025641,0.000957192236107418
"BP","GO:0000082","G1/S transition of mitotic cell cycle","4/156","240/18805",0.0166666666666667,2.0090811965812,1.4389440361553,0.139311863886661,0.493440632582018,0.469766417190548,"SMARCC2/PKD1/RBL2/DDX3X",4,"BP",0.0256410256410256,0.0127625631480989
"BP","GO:0031397","negative regulation of protein ubiquitination","2/156","79/18805",0.0253164556962025,3.05176890619929,1.67139510545473,0.139698434390719,0.493440632582018,0.469766417190548,"SQSTM1/GNL3L",2,"BP",0.0128205128205128,0.00420101036958256
"BP","GO:0070085","glycosylation","4/156","241/18805",0.016597510373444,2.00074476008086,1.43006478434092,0.140807819023983,0.493440632582018,0.469766417190548,"ACER2/POMK/B4GALT5/ALG12",4,"BP",0.0256410256410256,0.0128157404945493
"BP","GO:1904951","positive regulation of establishment of protein localization","5/156","331/18805",0.0151057401812689,1.8209195135177,1.37814131428878,0.141481625201262,0.493440632582018,0.469766417190548,"ADAM9/RNF31/MYO18A/TM9SF4/EP300",5,"BP",0.032051282051282,0.0176017016750864
"BP","GO:0016358","dendrite development","4/156","242/18805",0.0165289256198347,1.99247721974995,1.42122812691049,0.142310227626155,0.493440632582018,0.469766417190548,"DLG5/GRIN3A/PTPRS/IL1RAPL1",4,"BP",0.0256410256410256,0.0128689178409997
"BP","GO:0006360","transcription by RNA polymerase I","2/156","80/18805",0.025,3.01362179487179,1.65071322037413,0.142538974215073,0.493440632582018,0.469766417190548,"HEATR1/BAZ2A",2,"BP",0.0128205128205128,0.00425418771603297
"BP","GO:0045069","regulation of viral genome replication","2/156","80/18805",0.025,3.01362179487179,1.65071322037413,0.142538974215073,0.493440632582018,0.469766417190548,"OAS3/DDX3X",2,"BP",0.0128205128205128,0.00425418771603297
"BP","GO:0045685","regulation of glial cell differentiation","2/156","80/18805",0.025,3.01362179487179,1.65071322037413,0.142538974215073,0.493440632582018,0.469766417190548,"PRMT5/LDLR",2,"BP",0.0128205128205128,0.00425418771603297
"BP","GO:0060070","canonical Wnt signaling pathway","5/156","333/18805",0.015015015015015,1.80998305998306,1.36395718805005,0.144017443056694,0.493440632582018,0.469766417190548,"USP34/BCL9L/CSNK1A1/FERMT1/DDX3X",5,"BP",0.032051282051282,0.0177080563679872
"BP","GO:0007178","cell surface receptor protein serine/threonine kinase signaling pathway","6/156","427/18805",0.0140515222482436,1.69383894793731,1.32642633171398,0.14492194007266,0.493440632582018,0.469766417190548,"ADAM9/ZFYVE9/BCL9L/FERMT1/PCSK6/EP300",6,"BP",0.0384615384615385,0.022706726934326
"BP","GO:0002752","cell surface pattern recognition receptor signaling pathway","2/156","81/18805",0.0246913580246914,2.9764165875277,1.63035180759489,0.145391813076169,0.493440632582018,0.469766417190548,"SQSTM1/TRIM32",2,"BP",0.0128205128205128,0.00430736506248338
"BP","GO:0046637","regulation of alpha-beta T cell differentiation","2/156","81/18805",0.0246913580246914,2.9764165875277,1.63035180759489,0.145391813076169,0.493440632582018,0.469766417190548,"SLC4A2/EP300",2,"BP",0.0128205128205128,0.00430736506248338
"BP","GO:0070897","transcription preinitiation complex assembly","2/156","81/18805",0.0246913580246914,2.9764165875277,1.63035180759489,0.145391813076169,0.493440632582018,0.469766417190548,"TAF6/BAZ2A",2,"BP",0.0128205128205128,0.00430736506248338
"BP","GO:1903036","positive regulation of response to wounding","2/156","81/18805",0.0246913580246914,2.9764165875277,1.63035180759489,0.145391813076169,0.493440632582018,0.469766417190548,"ADRA2A/FERMT1",2,"BP",0.0128205128205128,0.00430736506248338
"BP","GO:0045807","positive regulation of endocytosis","3/156","159/18805",0.0188679245283019,2.27443154329947,1.47598478374712,0.145940437030677,0.493440632582018,0.469766417190548,"TBC1D5/MYO18A/TUB",3,"BP",0.0192307692307692,0.00845519808561553
"BP","GO:0048754","branching morphogenesis of an epithelial tube","3/156","159/18805",0.0188679245283019,2.27443154329947,1.47598478374712,0.145940437030677,0.493440632582018,0.469766417190548,"DLG5/PKD1/TNC",3,"BP",0.0192307692307692,0.00845519808561553
"BP","GO:0097696","cell surface receptor signaling pathway via STAT","3/156","159/18805",0.0188679245283019,2.27443154329947,1.47598478374712,0.145940437030677,0.493440632582018,0.469766417190548,"HGS/PKD1/EP300",3,"BP",0.0192307692307692,0.00845519808561553
"BP","GO:0001829","trophectodermal cell differentiation","1/156","19/18805",0.0526315789473684,6.3444669365722,2.13168820459664,0.14645002140981,0.493440632582018,0.469766417190548,"CNOT1",1,"BP",0.00641025641025641,0.00101036958255783
"BP","GO:0001845","phagolysosome assembly","1/156","19/18805",0.0526315789473684,6.3444669365722,2.13168820459664,0.14645002140981,0.493440632582018,0.469766417190548,"SPG11",1,"BP",0.00641025641025641,0.00101036958255783
"BP","GO:0007076","mitotic chromosome condensation","1/156","19/18805",0.0526315789473684,6.3444669365722,2.13168820459664,0.14645002140981,0.493440632582018,0.469766417190548,"SMC4",1,"BP",0.00641025641025641,0.00101036958255783
"BP","GO:0007190","activation of adenylate cyclase activity","1/156","19/18805",0.0526315789473684,6.3444669365722,2.13168820459664,0.14645002140981,0.493440632582018,0.469766417190548,"CAP1",1,"BP",0.00641025641025641,0.00101036958255783
"BP","GO:0021692","cerebellar Purkinje cell layer morphogenesis","1/156","19/18805",0.0526315789473684,6.3444669365722,2.13168820459664,0.14645002140981,0.493440632582018,0.469766417190548,"SPTBN2",1,"BP",0.00641025641025641,0.00101036958255783
"BP","GO:0042402","biogenic amine catabolic process","1/156","19/18805",0.0526315789473684,6.3444669365722,2.13168820459664,0.14645002140981,0.493440632582018,0.469766417190548,"CHDH",1,"BP",0.00641025641025641,0.00101036958255783
"BP","GO:0043031","negative regulation of macrophage activation","1/156","19/18805",0.0526315789473684,6.3444669365722,2.13168820459664,0.14645002140981,0.493440632582018,0.469766417190548,"LDLR",1,"BP",0.00641025641025641,0.00101036958255783
"BP","GO:0045721","negative regulation of gluconeogenesis","1/156","19/18805",0.0526315789473684,6.3444669365722,2.13168820459664,0.14645002140981,0.493440632582018,0.469766417190548,"EP300",1,"BP",0.00641025641025641,0.00101036958255783
"BP","GO:0055064","chloride ion homeostasis","1/156","19/18805",0.0526315789473684,6.3444669365722,2.13168820459664,0.14645002140981,0.493440632582018,0.469766417190548,"CA12",1,"BP",0.00641025641025641,0.00101036958255783
"BP","GO:0071636","positive regulation of transforming growth factor beta production","1/156","19/18805",0.0526315789473684,6.3444669365722,2.13168820459664,0.14645002140981,0.493440632582018,0.469766417190548,"FERMT1",1,"BP",0.00641025641025641,0.00101036958255783
"BP","GO:0090083","regulation of inclusion body assembly","1/156","19/18805",0.0526315789473684,6.3444669365722,2.13168820459664,0.14645002140981,0.493440632582018,0.469766417190548,"DNAJB1",1,"BP",0.00641025641025641,0.00101036958255783
"BP","GO:0141086","negative regulation of inflammasome-mediated signaling pathway","1/156","19/18805",0.0526315789473684,6.3444669365722,2.13168820459664,0.14645002140981,0.493440632582018,0.469766417190548,"CSNK1A1",1,"BP",0.00641025641025641,0.00101036958255783
"BP","GO:1902570","protein localization to nucleolus","1/156","19/18805",0.0526315789473684,6.3444669365722,2.13168820459664,0.14645002140981,0.493440632582018,0.469766417190548,"HEATR1",1,"BP",0.00641025641025641,0.00101036958255783
"BP","GO:1903232","melanosome assembly","1/156","19/18805",0.0526315789473684,6.3444669365722,2.13168820459664,0.14645002140981,0.493440632582018,0.469766417190548,"HPS3",1,"BP",0.00641025641025641,0.00101036958255783
"BP","GO:1905906","regulation of amyloid fibril formation","1/156","19/18805",0.0526315789473684,6.3444669365722,2.13168820459664,0.14645002140981,0.493440632582018,0.469766417190548,"LDLR",1,"BP",0.00641025641025641,0.00101036958255783
"BP","GO:0016525","negative regulation of angiogenesis","3/156","160/18805",0.01875,2.26021634615385,1.46414319033519,0.147880440184294,0.493440632582018,0.469766417190548,"SHC1/HGS/GTF2I",3,"BP",0.0192307692307692,0.00850837543206594
"BP","GO:0031507","heterochromatin formation","3/156","160/18805",0.01875,2.26021634615385,1.46414319033519,0.147880440184294,0.493440632582018,0.469766417190548,"RLF/BAZ2A/MORC2",3,"BP",0.0192307692307692,0.00850837543206594
"BP","GO:0030516","regulation of axon extension","2/156","82/18805",0.024390243902439,2.94011882426517,1.61030144627721,0.148256555271811,0.493440632582018,0.469766417190548,"SEMA3G/PTPRS",2,"BP",0.0128205128205128,0.00436054240893379
"BP","GO:0007059","chromosome segregation","6/156","431/18805",0.0139211136890951,1.67811886489381,1.30257353870739,0.149423196477047,0.493440632582018,0.469766417190548,"SMC4/SMARCC2/KAT5/HASPIN/KPNB1/DDX3X",6,"BP",0.0384615384615385,0.0229194363201276
"BP","GO:0016125","sterol metabolic process","3/156","161/18805",0.0186335403726708,2.24617773530817,1.45238924591976,0.149828879250888,0.493440632582018,0.469766417190548,"LDLR/CYP51A1/KPNB1",3,"BP",0.0192307692307692,0.00856155277851635
"BP","GO:0022604","regulation of cell morphogenesis","4/156","247/18805",0.0161943319838057,1.95214367279145,1.3776694347423,0.149917264656715,0.493440632582018,0.469766417190548,"BCL9L/PLXNB3/MYO10/IL1RAPL1",4,"BP",0.0256410256410256,0.0131348045732518
"BP","GO:0048545","response to steroid hormone","5/156","338/18805",0.014792899408284,1.78320816264603,1.32891445857356,0.150442845647372,0.493440632582018,0.469766417190548,"CNOT1/BCHE/ADAM9/KDM3A/EP300",5,"BP",0.032051282051282,0.0179739431002393
"BP","GO:0046323","D-glucose import","2/156","83/18805",0.0240963855421687,2.90469570590052,1.59055310711028,0.151132810740347,0.493440632582018,0.469766417190548,"HK2/IRS1",2,"BP",0.0128205128205128,0.00441371975538421
"BP","GO:0006605","protein targeting","5/156","339/18805",0.0147492625368732,1.77794796157628,1.32197617004188,0.151742418003062,0.493440632582018,0.469766417190548,"VPS52/SQSTM1/HGS/RNF31/HSPA4",5,"BP",0.032051282051282,0.0180271204466897
"BP","GO:2000181","negative regulation of blood vessel morphogenesis","3/156","162/18805",0.0185185185185185,2.23231244064577,1.44072166280707,0.151785636199569,0.493440632582018,0.469766417190548,"SHC1/HGS/GTF2I",3,"BP",0.0192307692307692,0.00861473012496676
"BP","GO:0001502","cartilage condensation","1/156","20/18805",0.05,6.02724358974359,2.05730638098757,0.153537948411836,0.493440632582018,0.469766417190548,"PKD1",1,"BP",0.00641025641025641,0.00106354692900824
"BP","GO:0006541","glutamine metabolic process","1/156","20/18805",0.05,6.02724358974359,2.05730638098757,0.153537948411836,0.493440632582018,0.469766417190548,"GLYATL1B",1,"BP",0.00641025641025641,0.00106354692900824
"BP","GO:0006607","NLS-bearing protein import into nucleus","1/156","20/18805",0.05,6.02724358974359,2.05730638098757,0.153537948411836,0.493440632582018,0.469766417190548,"KPNB1",1,"BP",0.00641025641025641,0.00106354692900824
"BP","GO:0007351","tripartite regional subdivision","1/156","20/18805",0.05,6.02724358974359,2.05730638098757,0.153537948411836,0.493440632582018,0.469766417190548,"PCSK6",1,"BP",0.00641025641025641,0.00106354692900824
"BP","GO:0008595","anterior/posterior axis specification, embryo","1/156","20/18805",0.05,6.02724358974359,2.05730638098757,0.153537948411836,0.493440632582018,0.469766417190548,"PCSK6",1,"BP",0.00641025641025641,0.00106354692900824
"BP","GO:0031954","positive regulation of protein autophosphorylation","1/156","20/18805",0.05,6.02724358974359,2.05730638098757,0.153537948411836,0.493440632582018,0.469766417190548,"DDX3X",1,"BP",0.00641025641025641,0.00106354692900824
"BP","GO:0031998","regulation of fatty acid beta-oxidation","1/156","20/18805",0.05,6.02724358974359,2.05730638098757,0.153537948411836,0.493440632582018,0.469766417190548,"IRS1",1,"BP",0.00641025641025641,0.00106354692900824
"BP","GO:0032332","positive regulation of chondrocyte differentiation","1/156","20/18805",0.05,6.02724358974359,2.05730638098757,0.153537948411836,0.493440632582018,0.469766417190548,"PRKG2",1,"BP",0.00641025641025641,0.00106354692900824
"BP","GO:0034162","toll-like receptor 9 signaling pathway","1/156","20/18805",0.05,6.02724358974359,2.05730638098757,0.153537948411836,0.493440632582018,0.469766417190548,"PTPRS",1,"BP",0.00641025641025641,0.00106354692900824
"BP","GO:0034260","negative regulation of GTPase activity","1/156","20/18805",0.05,6.02724358974359,2.05730638098757,0.153537948411836,0.493440632582018,0.469766417190548,"PLXNB3",1,"BP",0.00641025641025641,0.00106354692900824
"BP","GO:0038203","TORC2 signaling","1/156","20/18805",0.05,6.02724358974359,2.05730638098757,0.153537948411836,0.493440632582018,0.469766417190548,"EP300",1,"BP",0.00641025641025641,0.00106354692900824
"BP","GO:0042407","cristae formation","1/156","20/18805",0.05,6.02724358974359,2.05730638098757,0.153537948411836,0.493440632582018,0.469766417190548,"DNAJC11",1,"BP",0.00641025641025641,0.00106354692900824
"BP","GO:0046782","regulation of viral transcription","1/156","20/18805",0.05,6.02724358974359,2.05730638098757,0.153537948411836,0.493440632582018,0.469766417190548,"TRIM32",1,"BP",0.00641025641025641,0.00106354692900824
"BP","GO:0051797","regulation of hair follicle development","1/156","20/18805",0.05,6.02724358974359,2.05730638098757,0.153537948411836,0.493440632582018,0.469766417190548,"FERMT1",1,"BP",0.00641025641025641,0.00106354692900824
"BP","GO:0060602","branch elongation of an epithelium","1/156","20/18805",0.05,6.02724358974359,2.05730638098757,0.153537948411836,0.493440632582018,0.469766417190548,"TNC",1,"BP",0.00641025641025641,0.00106354692900824
"BP","GO:0061003","positive regulation of dendritic spine morphogenesis","1/156","20/18805",0.05,6.02724358974359,2.05730638098757,0.153537948411836,0.493440632582018,0.469766417190548,"IL1RAPL1",1,"BP",0.00641025641025641,0.00106354692900824
"BP","GO:0070875","positive regulation of glycogen metabolic process","1/156","20/18805",0.05,6.02724358974359,2.05730638098757,0.153537948411836,0.493440632582018,0.469766417190548,"IRS1",1,"BP",0.00641025641025641,0.00106354692900824
"BP","GO:0071605","monocyte chemotactic protein-1 production","1/156","20/18805",0.05,6.02724358974359,2.05730638098757,0.153537948411836,0.493440632582018,0.469766417190548,"OAS3",1,"BP",0.00641025641025641,0.00106354692900824
"BP","GO:0071637","regulation of monocyte chemotactic protein-1 production","1/156","20/18805",0.05,6.02724358974359,2.05730638098757,0.153537948411836,0.493440632582018,0.469766417190548,"OAS3",1,"BP",0.00641025641025641,0.00106354692900824
"BP","GO:0071880","adenylate cyclase-activating adrenergic receptor signaling pathway","1/156","20/18805",0.05,6.02724358974359,2.05730638098757,0.153537948411836,0.493440632582018,0.469766417190548,"ADRA2A",1,"BP",0.00641025641025641,0.00106354692900824
"BP","GO:0072662","protein localization to peroxisome","1/156","20/18805",0.05,6.02724358974359,2.05730638098757,0.153537948411836,0.493440632582018,0.469766417190548,"PEX10",1,"BP",0.00641025641025641,0.00106354692900824
"BP","GO:0072663","establishment of protein localization to peroxisome","1/156","20/18805",0.05,6.02724358974359,2.05730638098757,0.153537948411836,0.493440632582018,0.469766417190548,"PEX10",1,"BP",0.00641025641025641,0.00106354692900824
"BP","GO:0110154","RNA decapping","1/156","20/18805",0.05,6.02724358974359,2.05730638098757,0.153537948411836,0.493440632582018,0.469766417190548,"EDC4",1,"BP",0.00641025641025641,0.00106354692900824
"BP","GO:1900221","regulation of amyloid-beta clearance","1/156","20/18805",0.05,6.02724358974359,2.05730638098757,0.153537948411836,0.493440632582018,0.469766417190548,"CYP51A1",1,"BP",0.00641025641025641,0.00106354692900824
"BP","GO:1990182","exosomal secretion","1/156","20/18805",0.05,6.02724358974359,2.05730638098757,0.153537948411836,0.493440632582018,0.469766417190548,"HGS",1,"BP",0.00641025641025641,0.00106354692900824
"BP","GO:2000318","positive regulation of T-helper 17 type immune response","1/156","20/18805",0.05,6.02724358974359,2.05730638098757,0.153537948411836,0.493440632582018,0.469766417190548,"EP300",1,"BP",0.00641025641025641,0.00106354692900824
"BP","GO:2000786","positive regulation of autophagosome assembly","1/156","20/18805",0.05,6.02724358974359,2.05730638098757,0.153537948411836,0.493440632582018,0.469766417190548,"TRIM32",1,"BP",0.00641025641025641,0.00106354692900824
"BP","GO:2001185","regulation of CD8-positive, alpha-beta T cell activation","1/156","20/18805",0.05,6.02724358974359,2.05730638098757,0.153537948411836,0.493440632582018,0.469766417190548,"SLC4A2",1,"BP",0.00641025641025641,0.00106354692900824
"BP","GO:0051304","chromosome separation","2/156","84/18805",0.0238095238095238,2.870115995116,1.57109813148199,0.15402019499534,0.493654471138911,0.469969996235515,"SMC4/HASPIN",2,"BP",0.0128205128205128,0.00446689710183462
"BP","GO:2000736","regulation of stem cell differentiation","2/156","84/18805",0.0238095238095238,2.870115995116,1.57109813148199,0.15402019499534,0.493654471138911,0.469969996235515,"KDM3A/KAT5",2,"BP",0.0128205128205128,0.00446689710183462
"BP","GO:0035966","response to topologically incorrect protein","3/156","164/18805",0.0182926829268293,2.20508911819887,1.4176405642961,0.155723632121925,0.495181357280622,0.471423625679236,"BHLHA15/DNAJB1/HSPA4",3,"BP",0.0192307692307692,0.00872108481786759
"BP","GO:1901343","negative regulation of vasculature development","3/156","164/18805",0.0182926829268293,2.20508911819887,1.4176405642961,0.155723632121925,0.495181357280622,0.471423625679236,"SHC1/HGS/GTF2I",3,"BP",0.0192307692307692,0.00872108481786759
"BP","GO:0007193","adenylate cyclase-inhibiting G protein-coupled receptor signaling pathway","2/156","85/18805",0.0235294117647059,2.83634992458522,1.55192821199181,0.15691832906091,0.495181357280622,0.471423625679236,"ADRA2A/PRMT5",2,"BP",0.0128205128205128,0.00452007444828503
"BP","GO:0051149","positive regulation of muscle cell differentiation","2/156","85/18805",0.0235294117647059,2.83634992458522,1.55192821199181,0.15691832906091,0.495181357280622,0.471423625679236,"TRIM32/ATP11A",2,"BP",0.0128205128205128,0.00452007444828503
"BP","GO:0019216","regulation of lipid metabolic process","5/156","343/18805",0.0145772594752187,1.75721387456081,1.29445183555871,0.156988051043048,0.495181357280622,0.471423625679236,"ADRA2A/LDLR/KAT5/IRS1/KPNB1",5,"BP",0.032051282051282,0.0182398298324914
"BP","GO:0010976","positive regulation of neuron projection development","3/156","165/18805",0.0181818181818182,2.19172494172494,1.4062246059136,0.157704635585719,0.495181357280622,0.471423625679236,"PLXNB3/EP300/IL1RAPL1",3,"BP",0.0192307692307692,0.008774262164318
"BP","GO:0050657","nucleic acid transport","3/156","165/18805",0.0181818181818182,2.19172494172494,1.4062246059136,0.157704635585719,0.495181357280622,0.471423625679236,"POM121/SMG6/KPNB1",3,"BP",0.0192307692307692,0.008774262164318
"BP","GO:0050658","RNA transport","3/156","165/18805",0.0181818181818182,2.19172494172494,1.4062246059136,0.157704635585719,0.495181357280622,0.471423625679236,"POM121/SMG6/KPNB1",3,"BP",0.0192307692307692,0.008774262164318
"BP","GO:0072331","signal transduction by p53 class mediator","3/156","165/18805",0.0181818181818182,2.19172494172494,1.4062246059136,0.157704635585719,0.495181357280622,0.471423625679236,"ACER2/PRMT5/EP300",3,"BP",0.0192307692307692,0.008774262164318
"BP","GO:0006337","nucleosome disassembly","1/156","21/18805",0.0476190476190476,5.74023199023199,1.98780990547721,0.160567391054783,0.495181357280622,0.471423625679236,"SMARCC2",1,"BP",0.00641025641025641,0.00111672427545865
"BP","GO:0006670","sphingosine metabolic process","1/156","21/18805",0.0476190476190476,5.74023199023199,1.98780990547721,0.160567391054783,0.495181357280622,0.471423625679236,"ACER2",1,"BP",0.00641025641025641,0.00111672427545865
"BP","GO:0007398","ectoderm development","1/156","21/18805",0.0476190476190476,5.74023199023199,1.98780990547721,0.160567391054783,0.495181357280622,0.471423625679236,"VPS52",1,"BP",0.00641025641025641,0.00111672427545865
"BP","GO:0009310","amine catabolic process","1/156","21/18805",0.0476190476190476,5.74023199023199,1.98780990547721,0.160567391054783,0.495181357280622,0.471423625679236,"CHDH",1,"BP",0.00641025641025641,0.00111672427545865
"BP","GO:0010985","negative regulation of lipoprotein particle clearance","1/156","21/18805",0.0476190476190476,5.74023199023199,1.98780990547721,0.160567391054783,0.495181357280622,0.471423625679236,"LDLR",1,"BP",0.00641025641025641,0.00111672427545865
"BP","GO:0048670","regulation of collateral sprouting","1/156","21/18805",0.0476190476190476,5.74023199023199,1.98780990547721,0.160567391054783,0.495181357280622,0.471423625679236,"PTPRS",1,"BP",0.00641025641025641,0.00111672427545865
"BP","GO:0051383","kinetochore organization","1/156","21/18805",0.0476190476190476,5.74023199023199,1.98780990547721,0.160567391054783,0.495181357280622,0.471423625679236,"SMC4",1,"BP",0.00641025641025641,0.00111672427545865
"BP","GO:0055081","monoatomic anion homeostasis","1/156","21/18805",0.0476190476190476,5.74023199023199,1.98780990547721,0.160567391054783,0.495181357280622,0.471423625679236,"CA12",1,"BP",0.00641025641025641,0.00111672427545865
"BP","GO:0072567","chemokine (C-X-C motif) ligand 2 production","1/156","21/18805",0.0476190476190476,5.74023199023199,1.98780990547721,0.160567391054783,0.495181357280622,0.471423625679236,"OAS3",1,"BP",0.00641025641025641,0.00111672427545865
"BP","GO:0090043","regulation of tubulin deacetylation","1/156","21/18805",0.0476190476190476,5.74023199023199,1.98780990547721,0.160567391054783,0.495181357280622,0.471423625679236,"EP300",1,"BP",0.00641025641025641,0.00111672427545865
"BP","GO:0097049","motor neuron apoptotic process","1/156","21/18805",0.0476190476190476,5.74023199023199,1.98780990547721,0.160567391054783,0.495181357280622,0.471423625679236,"SPG11",1,"BP",0.00641025641025641,0.00111672427545865
"BP","GO:0097734","extracellular exosome biogenesis","1/156","21/18805",0.0476190476190476,5.74023199023199,1.98780990547721,0.160567391054783,0.495181357280622,0.471423625679236,"HGS",1,"BP",0.00641025641025641,0.00111672427545865
"BP","GO:1903978","regulation of microglial cell activation","1/156","21/18805",0.0476190476190476,5.74023199023199,1.98780990547721,0.160567391054783,0.495181357280622,0.471423625679236,"LDLR",1,"BP",0.00641025641025641,0.00111672427545865
"BP","GO:2000010","positive regulation of protein localization to cell surface","1/156","21/18805",0.0476190476190476,5.74023199023199,1.98780990547721,0.160567391054783,0.495181357280622,0.471423625679236,"TM9SF4",1,"BP",0.00641025641025641,0.00111672427545865
"BP","GO:2000273","positive regulation of signaling receptor activity","1/156","21/18805",0.0476190476190476,5.74023199023199,1.98780990547721,0.160567391054783,0.495181357280622,0.471423625679236,"ADRA2A",1,"BP",0.00641025641025641,0.00111672427545865
"BP","GO:2000341","regulation of chemokine (C-X-C motif) ligand 2 production","1/156","21/18805",0.0476190476190476,5.74023199023199,1.98780990547721,0.160567391054783,0.495181357280622,0.471423625679236,"OAS3",1,"BP",0.00641025641025641,0.00111672427545865
"BP","GO:0009205","purine ribonucleoside triphosphate metabolic process","4/156","254/18805",0.015748031496063,1.89834443771452,1.31836518165651,0.160823558486464,0.495181357280622,0.471423625679236,"HK2/PFKP/PFKFB3/EP300",4,"BP",0.0256410256410256,0.0135070459984047
"BP","GO:0051147","regulation of muscle cell differentiation","3/156","167/18805",0.0179640718562874,2.16547673883003,1.38363595148184,0.161690065814725,0.495181357280622,0.471423625679236,"BHLHA15/TRIM32/ATP11A",3,"BP",0.0192307692307692,0.00888061685721882
"BP","GO:0008589","regulation of smoothened signaling pathway","2/156","87/18805",0.0229885057471264,2.77114647804303,1.51441195955991,0.16274535788988,0.495181357280622,0.471423625679236,"DLG5/EVC",2,"BP",0.0128205128205128,0.00462642914118586
"BP","GO:0048678","response to axon injury","2/156","87/18805",0.0229885057471264,2.77114647804303,1.51441195955991,0.16274535788988,0.495181357280622,0.471423625679236,"TNC/PTPRS",2,"BP",0.0128205128205128,0.00462642914118586
"BP","GO:0150076","neuroinflammatory response","2/156","87/18805",0.0229885057471264,2.77114647804303,1.51441195955991,0.16274535788988,0.495181357280622,0.471423625679236,"LDLR/DAGLA",2,"BP",0.0128205128205128,0.00462642914118586
"BP","GO:0051236","establishment of RNA localization","3/156","168/18805",0.0178571428571429,2.152586996337,1.37246096009707,0.163694257992255,0.495181357280622,0.471423625679236,"POM121/SMG6/KPNB1",3,"BP",0.0192307692307692,0.00893379420366924
"BP","GO:0051222","positive regulation of protein transport","4/156","257/18805",0.0155642023346304,1.87618477501746,1.29352065047304,0.165585280222985,0.495181357280622,0.471423625679236,"ADAM9/MYO18A/TM9SF4/EP300",4,"BP",0.0256410256410256,0.0136665780377559
"BP","GO:0006900","vesicle budding from membrane","2/156","88/18805",0.0227272727272727,2.73965617715618,1.49605060933027,0.165673521681903,0.495181357280622,0.471423625679236,"SEC24C/MYO18A",2,"BP",0.0128205128205128,0.00467960648763627
"BP","GO:0035418","protein localization to synapse","2/156","88/18805",0.0227272727272727,2.73965617715618,1.49605060933027,0.165673521681903,0.495181357280622,0.471423625679236,"RAB8A/SLITRK3",2,"BP",0.0128205128205128,0.00467960648763627
"BP","GO:0072665","protein localization to vacuole","2/156","88/18805",0.0227272727272727,2.73965617715618,1.49605060933027,0.165673521681903,0.495181357280622,0.471423625679236,"SQSTM1/HGS",2,"BP",0.0128205128205128,0.00467960648763627
"BP","GO:0007584","response to nutrient","3/156","169/18805",0.0177514792899408,2.13984979517524,1.36136403446504,0.165705945463024,0.495181357280622,0.471423625679236,"BCHE/CSNK1A1/TNC",3,"BP",0.0192307692307692,0.00898697155011965
"BP","GO:1990138","neuron projection extension","3/156","169/18805",0.0177514792899408,2.13984979517524,1.36136403446504,0.165705945463024,0.495181357280622,0.471423625679236,"SEMA3G/SPG11/PTPRS",3,"BP",0.0192307692307692,0.00898697155011965
"BP","GO:0009150","purine ribonucleotide metabolic process","5/156","350/18805",0.0142857142857143,1.7220695970696,1.24714141836833,0.16634562436589,0.495181357280622,0.471423625679236,"HK2/PFKP/NT5C2/PFKFB3/EP300",5,"BP",0.032051282051282,0.0186120712576442
"BP","GO:0016042","lipid catabolic process","5/156","350/18805",0.0142857142857143,1.7220695970696,1.24714141836833,0.16634562436589,0.495181357280622,0.471423625679236,"ADRA2A/ACER2/LDLR/DAGLA/IRS1",5,"BP",0.032051282051282,0.0186120712576442
"BP","GO:0070588","calcium ion transmembrane transport","5/156","350/18805",0.0142857142857143,1.7220695970696,1.24714141836833,0.16634562436589,0.495181357280622,0.471423625679236,"BHLHA15/ADRA2A/ITPR3/GRIN3A/PKD1",5,"BP",0.032051282051282,0.0186120712576442
"BP","GO:0006488","dolichol-linked oligosaccharide biosynthetic process","1/156","22/18805",0.0454545454545455,5.47931235431235,1.92264833027001,0.167538828820725,0.495181357280622,0.471423625679236,"ALG12",1,"BP",0.00641025641025641,0.00116990162190907
"BP","GO:0010988","regulation of low-density lipoprotein particle clearance","1/156","22/18805",0.0454545454545455,5.47931235431235,1.92264833027001,0.167538828820725,0.495181357280622,0.471423625679236,"LDLR",1,"BP",0.00641025641025641,0.00116990162190907
"BP","GO:0015919","peroxisomal membrane transport","1/156","22/18805",0.0454545454545455,5.47931235431235,1.92264833027001,0.167538828820725,0.495181357280622,0.471423625679236,"PEX10",1,"BP",0.00641025641025641,0.00116990162190907
"BP","GO:0016237","microautophagy","1/156","22/18805",0.0454545454545455,5.47931235431235,1.92264833027001,0.167538828820725,0.495181357280622,0.471423625679236,"ATG9A",1,"BP",0.00641025641025641,0.00116990162190907
"BP","GO:0019885","antigen processing and presentation of endogenous peptide antigen via MHC class I","1/156","22/18805",0.0454545454545455,5.47931235431235,1.92264833027001,0.167538828820725,0.495181357280622,0.471423625679236,"ULBP3",1,"BP",0.00641025641025641,0.00116990162190907
"BP","GO:0032211","negative regulation of telomere maintenance via telomerase","1/156","22/18805",0.0454545454545455,5.47931235431235,1.92264833027001,0.167538828820725,0.495181357280622,0.471423625679236,"GNL3L",1,"BP",0.00641025641025641,0.00116990162190907
"BP","GO:0032482","Rab protein signal transduction","1/156","22/18805",0.0454545454545455,5.47931235431235,1.92264833027001,0.167538828820725,0.495181357280622,0.471423625679236,"DENND4C",1,"BP",0.00641025641025641,0.00116990162190907
"BP","GO:0035795","negative regulation of mitochondrial membrane permeability","1/156","22/18805",0.0454545454545455,5.47931235431235,1.92264833027001,0.167538828820725,0.495181357280622,0.471423625679236,"HK2",1,"BP",0.00641025641025641,0.00116990162190907
"BP","GO:0040019","positive regulation of embryonic development","1/156","22/18805",0.0454545454545455,5.47931235431235,1.92264833027001,0.167538828820725,0.495181357280622,0.471423625679236,"B4GALT5",1,"BP",0.00641025641025641,0.00116990162190907
"BP","GO:0043555","regulation of translation in response to stress","1/156","22/18805",0.0454545454545455,5.47931235431235,1.92264833027001,0.167538828820725,0.495181357280622,0.471423625679236,"DDX3X",1,"BP",0.00641025641025641,0.00116990162190907
"BP","GO:0043574","peroxisomal transport","1/156","22/18805",0.0454545454545455,5.47931235431235,1.92264833027001,0.167538828820725,0.495181357280622,0.471423625679236,"PEX10",1,"BP",0.00641025641025641,0.00116990162190907
"BP","GO:0044241","lipid digestion","1/156","22/18805",0.0454545454545455,5.47931235431235,1.92264833027001,0.167538828820725,0.495181357280622,0.471423625679236,"LDLR",1,"BP",0.00641025641025641,0.00116990162190907
"BP","GO:0046128","purine ribonucleoside metabolic process","1/156","22/18805",0.0454545454545455,5.47931235431235,1.92264833027001,0.167538828820725,0.495181357280622,0.471423625679236,"NT5C2",1,"BP",0.00641025641025641,0.00116990162190907
"BP","GO:0060546","negative regulation of necroptotic process","1/156","22/18805",0.0454545454545455,5.47931235431235,1.92264833027001,0.167538828820725,0.495181357280622,0.471423625679236,"RNF31",1,"BP",0.00641025641025641,0.00116990162190907
"BP","GO:0061709","reticulophagy","1/156","22/18805",0.0454545454545455,5.47931235431235,1.92264833027001,0.167538828820725,0.495181357280622,0.471423625679236,"ATG9A",1,"BP",0.00641025641025641,0.00116990162190907
"BP","GO:0072234","metanephric nephron tubule development","1/156","22/18805",0.0454545454545455,5.47931235431235,1.92264833027001,0.167538828820725,0.495181357280622,0.471423625679236,"PKD1",1,"BP",0.00641025641025641,0.00116990162190907
"BP","GO:0090205","positive regulation of cholesterol metabolic process","1/156","22/18805",0.0454545454545455,5.47931235431235,1.92264833027001,0.167538828820725,0.495181357280622,0.471423625679236,"KPNB1",1,"BP",0.00641025641025641,0.00116990162190907
"BP","GO:1905146","lysosomal protein catabolic process","1/156","22/18805",0.0454545454545455,5.47931235431235,1.92264833027001,0.167538828820725,0.495181357280622,0.471423625679236,"LDLR",1,"BP",0.00641025641025641,0.00116990162190907
"BP","GO:1902117","positive regulation of organelle assembly","2/156","89/18805",0.0224719101123595,2.70887352348026,1.47794424958705,0.168610973217126,0.495181357280622,0.471423625679236,"CNOT1/TRIM32",2,"BP",0.0128205128205128,0.00473278383408668
"BP","GO:0010001","glial cell differentiation","4/156","259/18805",0.0154440154440154,1.86169686169686,1.27714118898742,0.168787881248041,0.495181357280622,0.471423625679236,"PRMT5/LDLR/B4GALT5/PFKFB3",4,"BP",0.0256410256410256,0.0137729327306567
"BP","GO:0000280","nuclear division","6/156","448/18805",0.0133928571428571,1.61444024725275,1.20386407377213,0.169241602625823,0.495181357280622,0.471423625679236,"SMC4/PRMT5/KAT5/ZSCAN21/HASPIN/KPNB1",6,"BP",0.0384615384615385,0.0238234512097846
"BP","GO:0032869","cellular response to insulin stimulus","4/156","260/18805",0.0153846153846154,1.85453648915187,1.26900552568124,0.170397454471148,0.495181357280622,0.471423625679236,"RAB8A/SHC1/DENND4C/IRS1",4,"BP",0.0256410256410256,0.0138261100771072
"BP","GO:0051453","regulation of intracellular pH","2/156","90/18805",0.0222222222222222,2.67877492877493,1.46008607706662,0.171557360126186,0.495181357280622,0.471423625679236,"SLC4A2/TM9SF4",2,"BP",0.0128205128205128,0.00478596118053709
"BP","GO:0001678","intracellular glucose homeostasis","3/156","172/18805",0.0174418604651163,2.10252683363148,1.32853085615751,0.171784812678628,0.495181357280622,0.471423625679236,"ADRA2A/HK2/KAT5",3,"BP",0.0192307692307692,0.00914650358947089
"BP","GO:0015748","organophosphate ester transport","3/156","172/18805",0.0174418604651163,2.10252683363148,1.32853085615751,0.171784812678628,0.495181357280622,0.471423625679236,"LDLR/ATG9A/ATP11A",3,"BP",0.0192307692307692,0.00914650358947089
"BP","GO:0043087","regulation of GTPase activity","3/156","172/18805",0.0174418604651163,2.10252683363148,1.32853085615751,0.171784812678628,0.495181357280622,0.471423625679236,"RGP1/PLXNB3/RALGAPA2",3,"BP",0.0192307692307692,0.00914650358947089
"BP","GO:0009144","purine nucleoside triphosphate metabolic process","4/156","261/18805",0.0153256704980843,1.84743098536202,1.2609054728992,0.172012469976827,0.495181357280622,0.471423625679236,"HK2/PFKP/PFKFB3/EP300",4,"BP",0.0256410256410256,0.0138792874235576
"BP","GO:0009199","ribonucleoside triphosphate metabolic process","4/156","261/18805",0.0153256704980843,1.84743098536202,1.2609054728992,0.172012469976827,0.495181357280622,0.471423625679236,"HK2/PFKP/PFKFB3/EP300",4,"BP",0.0256410256410256,0.0138792874235576
"BP","GO:0048732","gland development","6/156","451/18805",0.0133037694013304,1.60370117687191,1.18687388939236,0.172850107477312,0.495181357280622,0.471423625679236,"HK2/ARHGAP5/PRMT5/PKD1/ACO2/TNC",6,"BP",0.0384615384615385,0.0239829832491359
"BP","GO:0006665","sphingolipid metabolic process","3/156","173/18805",0.0173410404624277,2.09037349933304,1.31773550447365,0.173825315524533,0.495181357280622,0.471423625679236,"ACER2/CERS6/B4GALT5",3,"BP",0.0192307692307692,0.0091996809359213
"BP","GO:0015698","inorganic anion transport","3/156","173/18805",0.0173410404624277,2.09037349933304,1.31773550447365,0.173825315524533,0.495181357280622,0.471423625679236,"SLC4A2/SLC26A1/PRKG2",3,"BP",0.0192307692307692,0.0091996809359213
"BP","GO:0002223","stimulatory C-type lectin receptor signaling pathway","1/156","23/18805",0.0434782608695652,5.24108138238573,1.86135517948939,0.174452737286038,0.495181357280622,0.471423625679236,"EP300",1,"BP",0.00641025641025641,0.00122307896835948
"BP","GO:0002475","antigen processing and presentation via MHC class Ib","1/156","23/18805",0.0434782608695652,5.24108138238573,1.86135517948939,0.174452737286038,0.495181357280622,0.471423625679236,"ULBP3",1,"BP",0.00641025641025641,0.00122307896835948
"BP","GO:0032986","protein-DNA complex disassembly","1/156","23/18805",0.0434782608695652,5.24108138238573,1.86135517948939,0.174452737286038,0.495181357280622,0.471423625679236,"SMARCC2",1,"BP",0.00641025641025641,0.00122307896835948
"BP","GO:0033962","P-body assembly","1/156","23/18805",0.0434782608695652,5.24108138238573,1.86135517948939,0.174452737286038,0.495181357280622,0.471423625679236,"CNOT1",1,"BP",0.00641025641025641,0.00122307896835948
"BP","GO:0034312","diol biosynthetic process","1/156","23/18805",0.0434782608695652,5.24108138238573,1.86135517948939,0.174452737286038,0.495181357280622,0.471423625679236,"ACER2",1,"BP",0.00641025641025641,0.00122307896835948
"BP","GO:0035855","megakaryocyte development","1/156","23/18805",0.0434782608695652,5.24108138238573,1.86135517948939,0.174452737286038,0.495181357280622,0.471423625679236,"EP300",1,"BP",0.00641025641025641,0.00122307896835948
"BP","GO:0044804","nucleophagy","1/156","23/18805",0.0434782608695652,5.24108138238573,1.86135517948939,0.174452737286038,0.495181357280622,0.471423625679236,"ATG9A",1,"BP",0.00641025641025641,0.00122307896835948
"BP","GO:0045762","positive regulation of adenylate cyclase activity","1/156","23/18805",0.0434782608695652,5.24108138238573,1.86135517948939,0.174452737286038,0.495181357280622,0.471423625679236,"CAP1",1,"BP",0.00641025641025641,0.00122307896835948
"BP","GO:0046426","negative regulation of receptor signaling pathway via JAK-STAT","1/156","23/18805",0.0434782608695652,5.24108138238573,1.86135517948939,0.174452737286038,0.495181357280622,0.471423625679236,"HGS",1,"BP",0.00641025641025641,0.00122307896835948
"BP","GO:0046519","sphingoid metabolic process","1/156","23/18805",0.0434782608695652,5.24108138238573,1.86135517948939,0.174452737286038,0.495181357280622,0.471423625679236,"ACER2",1,"BP",0.00641025641025641,0.00122307896835948
"BP","GO:0051988","regulation of attachment of spindle microtubules to kinetochore","1/156","23/18805",0.0434782608695652,5.24108138238573,1.86135517948939,0.174452737286038,0.495181357280622,0.471423625679236,"KAT5",1,"BP",0.00641025641025641,0.00122307896835948
"BP","GO:0060143","positive regulation of syncytium formation by plasma membrane fusion","1/156","23/18805",0.0434782608695652,5.24108138238573,1.86135517948939,0.174452737286038,0.495181357280622,0.471423625679236,"ADAM9",1,"BP",0.00641025641025641,0.00122307896835948
"BP","GO:0070166","enamel mineralization","1/156","23/18805",0.0434782608695652,5.24108138238573,1.86135517948939,0.174452737286038,0.495181357280622,0.471423625679236,"SLC4A2",1,"BP",0.00641025641025641,0.00122307896835948
"BP","GO:0071305","cellular response to vitamin D","1/156","23/18805",0.0434782608695652,5.24108138238573,1.86135517948939,0.174452737286038,0.495181357280622,0.471423625679236,"TNC",1,"BP",0.00641025641025641,0.00122307896835948
"BP","GO:0090042","tubulin deacetylation","1/156","23/18805",0.0434782608695652,5.24108138238573,1.86135517948939,0.174452737286038,0.495181357280622,0.471423625679236,"EP300",1,"BP",0.00641025641025641,0.00122307896835948
"BP","GO:0140112","extracellular vesicle biogenesis","1/156","23/18805",0.0434782608695652,5.24108138238573,1.86135517948939,0.174452737286038,0.495181357280622,0.471423625679236,"HGS",1,"BP",0.00641025641025641,0.00122307896835948
"BP","GO:0140861","DNA repair-dependent chromatin remodeling","1/156","23/18805",0.0434782608695652,5.24108138238573,1.86135517948939,0.174452737286038,0.495181357280622,0.471423625679236,"KAT5",1,"BP",0.00641025641025641,0.00122307896835948
"BP","GO:0141005","transposable element silencing by heterochromatin formation","1/156","23/18805",0.0434782608695652,5.24108138238573,1.86135517948939,0.174452737286038,0.495181357280622,0.471423625679236,"MORC2",1,"BP",0.00641025641025641,0.00122307896835948
"BP","GO:1900151","regulation of nuclear-transcribed mRNA catabolic process, deadenylation-dependent decay","1/156","23/18805",0.0434782608695652,5.24108138238573,1.86135517948939,0.174452737286038,0.495181357280622,0.471423625679236,"CNOT1",1,"BP",0.00641025641025641,0.00122307896835948
"BP","GO:1900273","positive regulation of long-term synaptic potentiation","1/156","23/18805",0.0434782608695652,5.24108138238573,1.86135517948939,0.174452737286038,0.495181357280622,0.471423625679236,"SQSTM1",1,"BP",0.00641025641025641,0.00122307896835948
"BP","GO:1990840","response to lectin","1/156","23/18805",0.0434782608695652,5.24108138238573,1.86135517948939,0.174452737286038,0.495181357280622,0.471423625679236,"EP300",1,"BP",0.00641025641025641,0.00122307896835948
"BP","GO:1990858","cellular response to lectin","1/156","23/18805",0.0434782608695652,5.24108138238573,1.86135517948939,0.174452737286038,0.495181357280622,0.471423625679236,"EP300",1,"BP",0.00641025641025641,0.00122307896835948
"BP","GO:0046849","bone remodeling","2/156","91/18805",0.021978021978022,2.64933784164553,1.44246954589316,0.174512335176371,0.495181357280622,0.471423625679236,"CCDC154/SLC4A2",2,"BP",0.0128205128205128,0.0048391385269875
"BP","GO:0050672","negative regulation of lymphocyte proliferation","2/156","91/18805",0.021978021978022,2.64933784164553,1.44246954589316,0.174512335176371,0.495181357280622,0.471423625679236,"DLG5/SLC4A2",2,"BP",0.0128205128205128,0.0048391385269875
"BP","GO:0140029","exocytic process","2/156","91/18805",0.021978021978022,2.64933784164553,1.44246954589316,0.174512335176371,0.495181357280622,0.471423625679236,"RAB8A/EXOC7",2,"BP",0.0128205128205128,0.0048391385269875
"BP","GO:0030308","negative regulation of cell growth","3/156","174/18805",0.0172413793103448,2.07835985853227,1.307012978964,0.175872731970703,0.495185703383319,0.471427763265316,"SEMA3G/PTPRS/DDX3X",3,"BP",0.0192307692307692,0.00925285828237171
"BP","GO:0048284","organelle fusion","3/156","174/18805",0.0172413793103448,2.07835985853227,1.307012978964,0.175872731970703,0.495185703383319,0.471427763265316,"RAB8A/SPG11/STX17",3,"BP",0.0192307692307692,0.00925285828237171
"BP","GO:1901990","regulation of mitotic cell cycle phase transition","5/156","358/18805",0.0139664804469274,1.68358759490044,1.19435232235474,0.177305414792601,0.495185703383319,0.471427763265316,"SMARCC2/PKD1/RBL2/HASPIN/DDX3X",5,"BP",0.032051282051282,0.0190374900292475
"BP","GO:1903321","negative regulation of protein modification by small protein conjugation or removal","2/156","92/18805",0.0217391304347826,2.62054069119287,1.42508835509099,0.17747555621158,0.495185703383319,0.471427763265316,"SQSTM1/GNL3L",2,"BP",0.0128205128205128,0.00489231587343792
"BP","GO:0006820","monoatomic anion transport","3/156","175/18805",0.0171428571428571,2.06648351648352,1.29636229282004,0.177926946448844,0.495185703383319,0.471427763265316,"SLC4A2/SLC26A1/PRKG2",3,"BP",0.0192307692307692,0.00930603562882212
"BP","GO:0043604","amide biosynthetic process","3/156","176/18805",0.0170454545454545,2.05474213286713,1.2857824784056,0.179987843677724,0.495185703383319,0.471427763265316,"CERS6/ACACA/B4GALT5",3,"BP",0.0192307692307692,0.00935921297527253
"BP","GO:0044772","mitotic cell cycle phase transition","6/156","457/18805",0.0131291028446389,1.58264601918869,1.15326248218378,0.180162546196996,0.495185703383319,0.471427763265316,"SMARCC2/USP22/PKD1/RBL2/HASPIN/DDX3X",6,"BP",0.0384615384615385,0.0243020473278383
"BP","GO:0001656","metanephros development","2/156","93/18805",0.021505376344086,2.59236283429832,1.40793643683221,0.180446686092907,0.495185703383319,0.471427763265316,"DLG5/PKD1",2,"BP",0.0128205128205128,0.00494549321988833
"BP","GO:0030071","regulation of mitotic metaphase/anaphase transition","2/156","93/18805",0.021505376344086,2.59236283429832,1.40793643683221,0.180446686092907,0.495185703383319,0.471427763265316,"SMARCC2/HASPIN",2,"BP",0.0128205128205128,0.00494549321988833
"BP","GO:0032945","negative regulation of mononuclear cell proliferation","2/156","93/18805",0.021505376344086,2.59236283429832,1.40793643683221,0.180446686092907,0.495185703383319,0.471427763265316,"DLG5/SLC4A2",2,"BP",0.0128205128205128,0.00494549321988833
"BP","GO:0072384","organelle transport along microtubule","2/156","93/18805",0.021505376344086,2.59236283429832,1.40793643683221,0.180446686092907,0.495185703383319,0.471427763265316,"FYCO1/SPG11",2,"BP",0.0128205128205128,0.00494549321988833
"BP","GO:0002115","store-operated calcium entry","1/156","24/18805",0.0416666666666667,5.02270299145299,1.80353211019205,0.181309588153005,0.495185703383319,0.471427763265316,"SPG11",1,"BP",0.00641025641025641,0.00127625631480989
"BP","GO:0002483","antigen processing and presentation of endogenous peptide antigen","1/156","24/18805",0.0416666666666667,5.02270299145299,1.80353211019205,0.181309588153005,0.495185703383319,0.471427763265316,"ULBP3",1,"BP",0.00641025641025641,0.00127625631480989
"BP","GO:0003323","type B pancreatic cell development","1/156","24/18805",0.0416666666666667,5.02270299145299,1.80353211019205,0.181309588153005,0.495185703383319,0.471427763265316,"BHLHA15",1,"BP",0.00641025641025641,0.00127625631480989
"BP","GO:0006851","mitochondrial calcium ion transmembrane transport","1/156","24/18805",0.0416666666666667,5.02270299145299,1.80353211019205,0.181309588153005,0.495185703383319,0.471427763265316,"BHLHA15",1,"BP",0.00641025641025641,0.00127625631480989
"BP","GO:0010640","regulation of platelet-derived growth factor receptor signaling pathway","1/156","24/18805",0.0416666666666667,5.02270299145299,1.80353211019205,0.181309588153005,0.495185703383319,0.471427763265316,"HGS",1,"BP",0.00641025641025641,0.00127625631480989
"BP","GO:0033233","regulation of protein sumoylation","1/156","24/18805",0.0416666666666667,5.02270299145299,1.80353211019205,0.181309588153005,0.495185703383319,0.471427763265316,"GNL3L",1,"BP",0.00641025641025641,0.00127625631480989
"BP","GO:0035331","negative regulation of hippo signaling","1/156","24/18805",0.0416666666666667,5.02270299145299,1.80353211019205,0.181309588153005,0.495185703383319,0.471427763265316,"DLG5",1,"BP",0.00641025641025641,0.00127625631480989
"BP","GO:0035335","peptidyl-tyrosine dephosphorylation","1/156","24/18805",0.0416666666666667,5.02270299145299,1.80353211019205,0.181309588153005,0.495185703383319,0.471427763265316,"PTPRS",1,"BP",0.00641025641025641,0.00127625631480989
"BP","GO:0036303","lymph vessel morphogenesis","1/156","24/18805",0.0416666666666667,5.02270299145299,1.80353211019205,0.181309588153005,0.495185703383319,0.471427763265316,"PKD1",1,"BP",0.00641025641025641,0.00127625631480989
"BP","GO:0043576","regulation of respiratory gaseous exchange","1/156","24/18805",0.0416666666666667,5.02270299145299,1.80353211019205,0.181309588153005,0.495185703383319,0.471427763265316,"GRPR",1,"BP",0.00641025641025641,0.00127625631480989
"BP","GO:0045591","positive regulation of regulatory T cell differentiation","1/156","24/18805",0.0416666666666667,5.02270299145299,1.80353211019205,0.181309588153005,0.495185703383319,0.471427763265316,"KAT5",1,"BP",0.00641025641025641,0.00127625631480989
"BP","GO:0046628","positive regulation of insulin receptor signaling pathway","1/156","24/18805",0.0416666666666667,5.02270299145299,1.80353211019205,0.181309588153005,0.495185703383319,0.471427763265316,"IRS1",1,"BP",0.00641025641025641,0.00127625631480989
"BP","GO:0051131","chaperone-mediated protein complex assembly","1/156","24/18805",0.0416666666666667,5.02270299145299,1.80353211019205,0.181309588153005,0.495185703383319,0.471427763265316,"HSPA4",1,"BP",0.00641025641025641,0.00127625631480989
"BP","GO:0060339","negative regulation of type I interferon-mediated signaling pathway","1/156","24/18805",0.0416666666666667,5.02270299145299,1.80353211019205,0.181309588153005,0.495185703383319,0.471427763265316,"OAS3",1,"BP",0.00641025641025641,0.00127625631480989
"BP","GO:0062099","negative regulation of programmed necrotic cell death","1/156","24/18805",0.0416666666666667,5.02270299145299,1.80353211019205,0.181309588153005,0.495185703383319,0.471427763265316,"RNF31",1,"BP",0.00641025641025641,0.00127625631480989
"BP","GO:0072273","metanephric nephron morphogenesis","1/156","24/18805",0.0416666666666667,5.02270299145299,1.80353211019205,0.181309588153005,0.495185703383319,0.471427763265316,"PKD1",1,"BP",0.00641025641025641,0.00127625631480989
"BP","GO:0098743","cell aggregation","1/156","24/18805",0.0416666666666667,5.02270299145299,1.80353211019205,0.181309588153005,0.495185703383319,0.471427763265316,"PKD1",1,"BP",0.00641025641025641,0.00127625631480989
"BP","GO:0098856","intestinal lipid absorption","1/156","24/18805",0.0416666666666667,5.02270299145299,1.80353211019205,0.181309588153005,0.495185703383319,0.471427763265316,"LDLR",1,"BP",0.00641025641025641,0.00127625631480989
"BP","GO:1902018","negative regulation of cilium assembly","1/156","24/18805",0.0416666666666667,5.02270299145299,1.80353211019205,0.181309588153005,0.495185703383319,0.471427763265316,"TRIM32",1,"BP",0.00641025641025641,0.00127625631480989
"BP","GO:1902275","regulation of chromatin organization","1/156","24/18805",0.0416666666666667,5.02270299145299,1.80353211019205,0.181309588153005,0.495185703383319,0.471427763265316,"RLF",1,"BP",0.00641025641025641,0.00127625631480989
"BP","GO:0031589","cell-substrate adhesion","5/156","361/18805",0.0138504155124654,1.66959656225584,1.17489459382316,0.181485244429873,0.495185703383319,0.471427763265316,"ACER2/ADAM9/PKD1/TLN1/FERMT1",5,"BP",0.032051282051282,0.0191970220685988
"BP","GO:0021954","central nervous system neuron development","2/156","94/18805",0.0212765957446809,2.56478450627387,1.39100794536904,0.183425392639859,0.495185703383319,0.471427763265316,"SPG11/B4GALT5",2,"BP",0.0128205128205128,0.00499867056633874
"BP","GO:0030641","regulation of cellular pH","2/156","94/18805",0.0212765957446809,2.56478450627387,1.39100794536904,0.183425392639859,0.495185703383319,0.471427763265316,"SLC4A2/TM9SF4",2,"BP",0.0128205128205128,0.00499867056633874
"BP","GO:0033273","response to vitamin","2/156","94/18805",0.0212765957446809,2.56478450627387,1.39100794536904,0.183425392639859,0.495185703383319,0.471427763265316,"BCHE/TNC",2,"BP",0.0128205128205128,0.00499867056633874
"BP","GO:2000278","regulation of DNA biosynthetic process","2/156","94/18805",0.0212765957446809,2.56478450627387,1.39100794536904,0.183425392639859,0.495185703383319,0.471427763265316,"SMG6/GNL3L",2,"BP",0.0128205128205128,0.00499867056633874
"BP","GO:2000781","positive regulation of double-strand break repair","2/156","94/18805",0.0212765957446809,2.56478450627387,1.39100794536904,0.183425392639859,0.495185703383319,0.471427763265316,"SMARCC2/KAT5",2,"BP",0.0128205128205128,0.00499867056633874
"BP","GO:0007519","skeletal muscle tissue development","3/156","178/18805",0.0168539325842697,2.0316551426102,1.26483168720893,0.184129226772041,0.495185703383319,0.471427763265316,"BCL9L/SPG11/EP300",3,"BP",0.0192307692307692,0.00946556766817336
"BP","GO:0008361","regulation of cell size","3/156","179/18805",0.0167597765363128,2.02030511388053,1.25445886675727,0.186209483620239,0.495185703383319,0.471427763265316,"ARHGAP5/SEMA3G/PTPRS",3,"BP",0.0192307692307692,0.00951874501462377
"BP","GO:0090316","positive regulation of intracellular protein transport","2/156","95/18805",0.0210526315789474,2.53778677462888,1.37429724660403,0.186411348572185,0.495185703383319,0.471427763265316,"TM9SF4/EP300",2,"BP",0.0128205128205128,0.00505184791278915
"BP","GO:0097006","regulation of plasma lipoprotein particle levels","2/156","95/18805",0.0210526315789474,2.53778677462888,1.37429724660403,0.186411348572185,0.495185703383319,0.471427763265316,"LDLR/PCSK6",2,"BP",0.0128205128205128,0.00505184791278915
"BP","GO:0051338","regulation of transferase activity","6/156","463/18805",0.0129589632829374,1.56213656753614,1.1201305299778,0.187598534405558,0.495185703383319,0.471427763265316,"ADRA2A/ADAM9/HGS/AIDA/RBL2/DDX3X",6,"BP",0.0384615384615385,0.0246211114065408
"BP","GO:0001919","regulation of receptor recycling","1/156","25/18805",0.04,4.82179487179487,1.74883658377175,0.188109849281173,0.495185703383319,0.471427763265316,"LDLR",1,"BP",0.00641025641025641,0.0013294336612603
"BP","GO:0007350","blastoderm segmentation","1/156","25/18805",0.04,4.82179487179487,1.74883658377175,0.188109849281173,0.495185703383319,0.471427763265316,"PCSK6",1,"BP",0.00641025641025641,0.0013294336612603
"BP","GO:0009162","deoxyribonucleoside monophosphate metabolic process","1/156","25/18805",0.04,4.82179487179487,1.74883658377175,0.188109849281173,0.495185703383319,0.471427763265316,"NT5C2",1,"BP",0.00641025641025641,0.0013294336612603
"BP","GO:0015874","norepinephrine transport","1/156","25/18805",0.04,4.82179487179487,1.74883658377175,0.188109849281173,0.495185703383319,0.471427763265316,"ADRA2A",1,"BP",0.00641025641025641,0.0013294336612603
"BP","GO:0030220","platelet formation","1/156","25/18805",0.04,4.82179487179487,1.74883658377175,0.188109849281173,0.495185703383319,0.471427763265316,"EP300",1,"BP",0.00641025641025641,0.0013294336612603
"BP","GO:0030859","polarized epithelial cell differentiation","1/156","25/18805",0.04,4.82179487179487,1.74883658377175,0.188109849281173,0.495185703383319,0.471427763265316,"DLG5",1,"BP",0.00641025641025641,0.0013294336612603
"BP","GO:0031365","N-terminal protein amino acid modification","1/156","25/18805",0.04,4.82179487179487,1.74883658377175,0.188109849281173,0.495185703383319,0.471427763265316,"EP300",1,"BP",0.00641025641025641,0.0013294336612603
"BP","GO:0032727","positive regulation of interferon-alpha production","1/156","25/18805",0.04,4.82179487179487,1.74883658377175,0.188109849281173,0.495185703383319,0.471427763265316,"DDX3X",1,"BP",0.00641025641025641,0.0013294336612603
"BP","GO:0044090","positive regulation of vacuole organization","1/156","25/18805",0.04,4.82179487179487,1.74883658377175,0.188109849281173,0.495185703383319,0.471427763265316,"TRIM32",1,"BP",0.00641025641025641,0.0013294336612603
"BP","GO:0045932","negative regulation of muscle contraction","1/156","25/18805",0.04,4.82179487179487,1.74883658377175,0.188109849281173,0.495185703383319,0.471427763265316,"ADRA2A",1,"BP",0.00641025641025641,0.0013294336612603
"BP","GO:0046716","muscle cell cellular homeostasis","1/156","25/18805",0.04,4.82179487179487,1.74883658377175,0.188109849281173,0.495185703383319,0.471427763265316,"TRIM32",1,"BP",0.00641025641025641,0.0013294336612603
"BP","GO:0048169","regulation of long-term neuronal synaptic plasticity","1/156","25/18805",0.04,4.82179487179487,1.74883658377175,0.188109849281173,0.495185703383319,0.471427763265316,"RAB8A",1,"BP",0.00641025641025641,0.0013294336612603
"BP","GO:0060155","platelet dense granule organization","1/156","25/18805",0.04,4.82179487179487,1.74883658377175,0.188109849281173,0.495185703383319,0.471427763265316,"HPS3",1,"BP",0.00641025641025641,0.0013294336612603
"BP","GO:0070861","regulation of protein exit from endoplasmic reticulum","1/156","25/18805",0.04,4.82179487179487,1.74883658377175,0.188109849281173,0.495185703383319,0.471427763265316,"TM9SF4",1,"BP",0.00641025641025641,0.0013294336612603
"BP","GO:0072170","metanephric tubule development","1/156","25/18805",0.04,4.82179487179487,1.74883658377175,0.188109849281173,0.495185703383319,0.471427763265316,"PKD1",1,"BP",0.00641025641025641,0.0013294336612603
"BP","GO:0072243","metanephric nephron epithelium development","1/156","25/18805",0.04,4.82179487179487,1.74883658377175,0.188109849281173,0.495185703383319,0.471427763265316,"PKD1",1,"BP",0.00641025641025641,0.0013294336612603
"BP","GO:0072540","T-helper 17 cell lineage commitment","1/156","25/18805",0.04,4.82179487179487,1.74883658377175,0.188109849281173,0.495185703383319,0.471427763265316,"EP300",1,"BP",0.00641025641025641,0.0013294336612603
"BP","GO:0150105","protein localization to cell-cell junction","1/156","25/18805",0.04,4.82179487179487,1.74883658377175,0.188109849281173,0.495185703383319,0.471427763265316,"DLG5",1,"BP",0.00641025641025641,0.0013294336612603
"BP","GO:1901020","negative regulation of calcium ion transmembrane transporter activity","1/156","25/18805",0.04,4.82179487179487,1.74883658377175,0.188109849281173,0.495185703383319,0.471427763265316,"ADRA2A",1,"BP",0.00641025641025641,0.0013294336612603
"BP","GO:1901526","positive regulation of mitophagy","1/156","25/18805",0.04,4.82179487179487,1.74883658377175,0.188109849281173,0.495185703383319,0.471427763265316,"HK2",1,"BP",0.00641025641025641,0.0013294336612603
"BP","GO:1903306","negative regulation of regulated secretory pathway","1/156","25/18805",0.04,4.82179487179487,1.74883658377175,0.188109849281173,0.495185703383319,0.471427763265316,"ADRA2A",1,"BP",0.00641025641025641,0.0013294336612603
"BP","GO:1905709","negative regulation of membrane permeability","1/156","25/18805",0.04,4.82179487179487,1.74883658377175,0.188109849281173,0.495185703383319,0.471427763265316,"HK2",1,"BP",0.00641025641025641,0.0013294336612603
"BP","GO:0044843","cell cycle G1/S phase transition","4/156","271/18805",0.014760147601476,1.77926010029331,1.18179501057677,0.188449845461239,0.495185703383319,0.471427763265316,"SMARCC2/PKD1/RBL2/DDX3X",4,"BP",0.0256410256410256,0.0144110608880617
"BP","GO:0006405","RNA export from nucleus","2/156","96/18805",0.0208333333333333,2.5113514957265,1.35779890825506,0.189404231452329,0.495185703383319,0.471427763265316,"POM121/SMG6",2,"BP",0.0128205128205128,0.00510502525923956
"BP","GO:1901874","negative regulation of post-translational protein modification","2/156","96/18805",0.0208333333333333,2.5113514957265,1.35779890825506,0.189404231452329,0.495185703383319,0.471427763265316,"SQSTM1/GNL3L",2,"BP",0.0128205128205128,0.00510502525923956
"BP","GO:1902099","regulation of metaphase/anaphase transition of cell cycle","2/156","96/18805",0.0208333333333333,2.5113514957265,1.35779890825506,0.189404231452329,0.495185703383319,0.471427763265316,"SMARCC2/HASPIN",2,"BP",0.0128205128205128,0.00510502525923956
"BP","GO:0010970","transport along microtubule","3/156","181/18805",0.0165745856353591,1.99798130046749,1.2339138976461,0.190388557869179,0.495185703383319,0.471427763265316,"FYCO1/SPG11/TUB",3,"BP",0.0192307692307692,0.00962509970752459
"BP","GO:0031929","TOR signaling","3/156","181/18805",0.0165745856353591,1.99798130046749,1.2339138976461,0.190388557869179,0.495185703383319,0.471427763265316,"CSNK1A1/SMCR8/EP300",3,"BP",0.0192307692307692,0.00962509970752459
"BP","GO:1903034","regulation of response to wounding","3/156","181/18805",0.0165745856353591,1.99798130046749,1.2339138976461,0.190388557869179,0.495185703383319,0.471427763265316,"ADRA2A/FERMT1/PTPRS",3,"BP",0.0192307692307692,0.00962509970752459
"BP","GO:0007091","metaphase/anaphase transition of mitotic cell cycle","2/156","97/18805",0.0206185567010309,2.48546127412107,1.3415076905754,0.192403723628479,0.495185703383319,0.471427763265316,"SMARCC2/HASPIN",2,"BP",0.0128205128205128,0.00515820260568998
"BP","GO:0033555","multicellular organismal response to stress","2/156","97/18805",0.0206185567010309,2.48546127412107,1.3415076905754,0.192403723628479,0.495185703383319,0.471427763265316,"GRPR/ADRA2A",2,"BP",0.0128205128205128,0.00515820260568998
"BP","GO:1904892","regulation of receptor signaling pathway via STAT","2/156","97/18805",0.0206185567010309,2.48546127412107,1.3415076905754,0.192403723628479,0.495185703383319,0.471427763265316,"HGS/EP300",2,"BP",0.0128205128205128,0.00515820260568998
"BP","GO:0017015","regulation of transforming growth factor beta receptor signaling pathway","3/156","182/18805",0.0164835164835165,1.98700338123415,1.22374000806788,0.192487148294674,0.495185703383319,0.471427763265316,"BCL9L/FERMT1/EP300",3,"BP",0.0192307692307692,0.00967827705397501
"BP","GO:0043161","proteasome-mediated ubiquitin-dependent protein catabolic process","6/156","467/18805",0.012847965738758,1.54875638280349,1.09830177828157,0.192622263680297,0.495185703383319,0.471427763265316,"KLHL11/PEX10/KLHDC2/CSNK1A1/NEMF/KAT5",6,"BP",0.0384615384615385,0.0248338207923425
"BP","GO:0045859","regulation of protein kinase activity","5/156","369/18805",0.013550135501355,1.63339934681398,1.12387261872763,0.192808979060354,0.495185703383319,0.471427763265316,"ADRA2A/ADAM9/HGS/AIDA/DDX3X",5,"BP",0.032051282051282,0.0196224408402021
"BP","GO:0090068","positive regulation of cell cycle process","4/156","274/18805",0.0145985401459854,1.7597791502901,1.15870497299689,0.193477853611899,0.495185703383319,0.471427763265316,"SMC4/EXOC7/KAT5/DDX3X",4,"BP",0.0256410256410256,0.0145705929274129
"BP","GO:0006839","mitochondrial transport","3/156","183/18805",0.0163934426229508,1.97614543926019,1.2136307149542,0.194591623543,0.495185703383319,0.471427763265316,"BHLHA15/HK2/HSPA4",3,"BP",0.0192307692307692,0.00973145440042542
"BP","GO:0141193","nuclear receptor-mediated signaling pathway","3/156","183/18805",0.0163934426229508,1.97614543926019,1.2136307149542,0.194591623543,0.495185703383319,0.471427763265316,"CNOT1/KDM3A/EP300",3,"BP",0.0192307692307692,0.00973145440042542
"BP","GO:0007039","protein catabolic process in the vacuole","1/156","26/18805",0.0384615384615385,4.63634122287968,1.69697216310544,0.194853984718454,0.495185703383319,0.471427763265316,"LDLR",1,"BP",0.00641025641025641,0.00138261100771072
"BP","GO:0017121","plasma membrane phospholipid scrambling","1/156","26/18805",0.0384615384615385,4.63634122287968,1.69697216310544,0.194853984718454,0.495185703383319,0.471427763265316,"ATG9A",1,"BP",0.00641025641025641,0.00138261100771072
"BP","GO:0022038","corpus callosum development","1/156","26/18805",0.0384615384615385,4.63634122287968,1.69697216310544,0.194853984718454,0.495185703383319,0.471427763265316,"PTPRS",1,"BP",0.00641025641025641,0.00138261100771072
"BP","GO:0043931","ossification involved in bone maturation","1/156","26/18805",0.0384615384615385,4.63634122287968,1.69697216310544,0.194853984718454,0.495185703383319,0.471427763265316,"CCDC154",1,"BP",0.00641025641025641,0.00138261100771072
"BP","GO:0045624","positive regulation of T-helper cell differentiation","1/156","26/18805",0.0384615384615385,4.63634122287968,1.69697216310544,0.194853984718454,0.495185703383319,0.471427763265316,"EP300",1,"BP",0.00641025641025641,0.00138261100771072
"BP","GO:0046339","diacylglycerol metabolic process","1/156","26/18805",0.0384615384615385,4.63634122287968,1.69697216310544,0.194853984718454,0.495185703383319,0.471427763265316,"DAGLA",1,"BP",0.00641025641025641,0.00138261100771072
"BP","GO:0046514","ceramide catabolic process","1/156","26/18805",0.0384615384615385,4.63634122287968,1.69697216310544,0.194853984718454,0.495185703383319,0.471427763265316,"ACER2",1,"BP",0.00641025641025641,0.00138261100771072
"BP","GO:0046823","negative regulation of nucleocytoplasmic transport","1/156","26/18805",0.0384615384615385,4.63634122287968,1.69697216310544,0.194853984718454,0.495185703383319,0.471427763265316,"FERMT1",1,"BP",0.00641025641025641,0.00138261100771072
"BP","GO:0048143","astrocyte activation","1/156","26/18805",0.0384615384615385,4.63634122287968,1.69697216310544,0.194853984718454,0.495185703383319,0.471427763265316,"LDLR",1,"BP",0.00641025641025641,0.00138261100771072
"BP","GO:0048520","positive regulation of behavior","1/156","26/18805",0.0384615384615385,4.63634122287968,1.69697216310544,0.194853984718454,0.495185703383319,0.471427763265316,"GRPR",1,"BP",0.00641025641025641,0.00138261100771072
"BP","GO:0051315","attachment of mitotic spindle microtubules to kinetochore","1/156","26/18805",0.0384615384615385,4.63634122287968,1.69697216310544,0.194853984718454,0.495185703383319,0.471427763265316,"KAT5",1,"BP",0.00641025641025641,0.00138261100771072
"BP","GO:0051953","negative regulation of amine transport","1/156","26/18805",0.0384615384615385,4.63634122287968,1.69697216310544,0.194853984718454,0.495185703383319,0.471427763265316,"ADRA2A",1,"BP",0.00641025641025641,0.00138261100771072
"BP","GO:0060740","prostate gland epithelium morphogenesis","1/156","26/18805",0.0384615384615385,4.63634122287968,1.69697216310544,0.194853984718454,0.495185703383319,0.471427763265316,"TNC",1,"BP",0.00641025641025641,0.00138261100771072
"BP","GO:0099637","neurotransmitter receptor transport","1/156","26/18805",0.0384615384615385,4.63634122287968,1.69697216310544,0.194853984718454,0.495185703383319,0.471427763265316,"RAB8A",1,"BP",0.00641025641025641,0.00138261100771072
"BP","GO:1900078","positive regulation of cellular response to insulin stimulus","1/156","26/18805",0.0384615384615385,4.63634122287968,1.69697216310544,0.194853984718454,0.495185703383319,0.471427763265316,"IRS1",1,"BP",0.00641025641025641,0.00138261100771072
"BP","GO:1900227","positive regulation of NLRP3 inflammasome complex assembly","1/156","26/18805",0.0384615384615385,4.63634122287968,1.69697216310544,0.194853984718454,0.495185703383319,0.471427763265316,"DDX3X",1,"BP",0.00641025641025641,0.00138261100771072
"BP","GO:2000042","negative regulation of double-strand break repair via homologous recombination","1/156","26/18805",0.0384615384615385,4.63634122287968,1.69697216310544,0.194853984718454,0.495185703383319,0.471427763265316,"KAT5",1,"BP",0.00641025641025641,0.00138261100771072
"BP","GO:0009259","ribonucleotide metabolic process","5/156","371/18805",0.0134770889487871,1.62459395949962,1.111308379432,0.195678850382747,0.495185703383319,0.471427763265316,"HK2/PFKP/NT5C2/PFKFB3/EP300",5,"BP",0.032051282051282,0.0197287955331029
"BP","GO:0051259","protein complex oligomerization","4/156","276/18805",0.0144927536231884,1.74702712746191,1.14346945863101,0.196853287725345,0.495185703383319,0.471427763265316,"ITPR3/PKD1/ACACA/EHD3",4,"BP",0.0256410256410256,0.0146769476203137
"BP","GO:0097305","response to alcohol","4/156","276/18805",0.0144927536231884,1.74702712746191,1.14346945863101,0.196853287725345,0.495185703383319,0.471427763265316,"ADRA2A/GRIN3A/ACACA/TNC",4,"BP",0.0256410256410256,0.0146769476203137
"BP","GO:0006493","protein O-linked glycosylation","2/156","99/18805",0.0202020202020202,2.43524993524994,1.30952656882888,0.198421288852836,0.495185703383319,0.471427763265316,"POMK/B4GALT5",2,"BP",0.0128205128205128,0.0052645572985908
"BP","GO:0007032","endosome organization","2/156","99/18805",0.0202020202020202,2.43524993524994,1.30952656882888,0.198421288852836,0.495185703383319,0.471427763265316,"SQSTM1/HGS",2,"BP",0.0128205128205128,0.0052645572985908
"BP","GO:0061387","regulation of extent of cell growth","2/156","99/18805",0.0202020202020202,2.43524993524994,1.30952656882888,0.198421288852836,0.495185703383319,0.471427763265316,"SEMA3G/PTPRS",2,"BP",0.0128205128205128,0.0052645572985908
"BP","GO:0009141","nucleoside triphosphate metabolic process","4/156","277/18805",0.0144404332129964,1.74072017032306,1.13589824990127,0.198547865913889,0.495185703383319,0.471427763265316,"HK2/PFKP/PFKFB3/EP300",4,"BP",0.0256410256410256,0.0147301249667642
"BP","GO:0060828","regulation of canonical Wnt signaling pathway","4/156","277/18805",0.0144404332129964,1.74072017032306,1.13589824990127,0.198547865913889,0.495185703383319,0.471427763265316,"USP34/CSNK1A1/FERMT1/DDX3X",4,"BP",0.0256410256410256,0.0147301249667642
"BP","GO:0071695","anatomical structure maturation","4/156","277/18805",0.0144404332129964,1.74072017032306,1.13589824990127,0.198547865913889,0.495185703383319,0.471427763265316,"BHLHA15/CCDC154/FERMT1/B4GALT5",4,"BP",0.0256410256410256,0.0147301249667642
"BP","GO:1903844","regulation of cellular response to transforming growth factor beta stimulus","3/156","185/18805",0.0162162162162162,1.9547817047817,1.19360261181069,0.198817778642663,0.495185703383319,0.471427763265316,"BCL9L/FERMT1/EP300",3,"BP",0.0192307692307692,0.00983780909332624
"BP","GO:0055088","lipid homeostasis","3/156","186/18805",0.0161290322580645,1.94427212572374,1.18368218658417,0.200939234541639,0.495185703383319,0.471427763265316,"LDLR/ACACA/DDX3X",3,"BP",0.0192307692307692,0.00989098643977666
"BP","GO:0021510","spinal cord development","2/156","100/18805",0.02,2.41089743589744,1.29382707148157,0.201438750022045,0.495185703383319,0.471427763265316,"PKD1/PTPRS",2,"BP",0.0128205128205128,0.00531773464504121
"BP","GO:0044784","metaphase/anaphase transition of cell cycle","2/156","100/18805",0.02,2.41089743589744,1.29382707148157,0.201438750022045,0.495185703383319,0.471427763265316,"SMARCC2/HASPIN",2,"BP",0.0128205128205128,0.00531773464504121
"BP","GO:0070664","negative regulation of leukocyte proliferation","2/156","100/18805",0.02,2.41089743589744,1.29382707148157,0.201438750022045,0.495185703383319,0.471427763265316,"DLG5/SLC4A2",2,"BP",0.0128205128205128,0.00531773464504121
"BP","GO:0070936","protein K48-linked ubiquitination","2/156","100/18805",0.02,2.41089743589744,1.29382707148157,0.201438750022045,0.495185703383319,0.471427763265316,"NT5C2/TTC3",2,"BP",0.0128205128205128,0.00531773464504121
"BP","GO:0001835","blastocyst hatching","1/156","27/18805",0.037037037037037,4.46462488129155,1.64768079856843,0.201542454731976,0.495185703383319,0.471427763265316,"SLC35E2B",1,"BP",0.00641025641025641,0.00143578835416113
"BP","GO:0002053","positive regulation of mesenchymal cell proliferation","1/156","27/18805",0.037037037037037,4.46462488129155,1.64768079856843,0.201542454731976,0.495185703383319,0.471427763265316,"ARHGAP5",1,"BP",0.00641025641025641,0.00143578835416113
"BP","GO:0016233","telomere capping","1/156","27/18805",0.037037037037037,4.46462488129155,1.64768079856843,0.201542454731976,0.495185703383319,0.471427763265316,"SMG6",1,"BP",0.00641025641025641,0.00143578835416113
"BP","GO:0022010","central nervous system myelination","1/156","27/18805",0.037037037037037,4.46462488129155,1.64768079856843,0.201542454731976,0.495185703383319,0.471427763265316,"B4GALT5",1,"BP",0.00641025641025641,0.00143578835416113
"BP","GO:0032291","axon ensheathment in central nervous system","1/156","27/18805",0.037037037037037,4.46462488129155,1.64768079856843,0.201542454731976,0.495185703383319,0.471427763265316,"B4GALT5",1,"BP",0.00641025641025641,0.00143578835416113
"BP","GO:0035188","hatching","1/156","27/18805",0.037037037037037,4.46462488129155,1.64768079856843,0.201542454731976,0.495185703383319,0.471427763265316,"SLC35E2B",1,"BP",0.00641025641025641,0.00143578835416113
"BP","GO:0035235","ionotropic glutamate receptor signaling pathway","1/156","27/18805",0.037037037037037,4.46462488129155,1.64768079856843,0.201542454731976,0.495185703383319,0.471427763265316,"GRIN3A",1,"BP",0.00641025641025641,0.00143578835416113
"BP","GO:0035303","regulation of dephosphorylation","1/156","27/18805",0.037037037037037,4.46462488129155,1.64768079856843,0.201542454731976,0.495185703383319,0.471427763265316,"SMG6",1,"BP",0.00641025641025641,0.00143578835416113
"BP","GO:0035313","wound healing, spreading of epidermal cells","1/156","27/18805",0.037037037037037,4.46462488129155,1.64768079856843,0.201542454731976,0.495185703383319,0.471427763265316,"FERMT1",1,"BP",0.00641025641025641,0.00143578835416113
"BP","GO:0036344","platelet morphogenesis","1/156","27/18805",0.037037037037037,4.46462488129155,1.64768079856843,0.201542454731976,0.495185703383319,0.471427763265316,"EP300",1,"BP",0.00641025641025641,0.00143578835416113
"BP","GO:0042278","purine nucleoside metabolic process","1/156","27/18805",0.037037037037037,4.46462488129155,1.64768079856843,0.201542454731976,0.495185703383319,0.471427763265316,"NT5C2",1,"BP",0.00641025641025641,0.00143578835416113
"BP","GO:0046037","GMP metabolic process","1/156","27/18805",0.037037037037037,4.46462488129155,1.64768079856843,0.201542454731976,0.495185703383319,0.471427763265316,"NT5C2",1,"BP",0.00641025641025641,0.00143578835416113
"BP","GO:0048714","positive regulation of oligodendrocyte differentiation","1/156","27/18805",0.037037037037037,4.46462488129155,1.64768079856843,0.201542454731976,0.495185703383319,0.471427763265316,"PRMT5",1,"BP",0.00641025641025641,0.00143578835416113
"BP","GO:0070129","regulation of mitochondrial translation","1/156","27/18805",0.037037037037037,4.46462488129155,1.64768079856843,0.201542454731976,0.495185703383319,0.471427763265316,"DDX3X",1,"BP",0.00641025641025641,0.00143578835416113
"BP","GO:0071108","protein K48-linked deubiquitination","1/156","27/18805",0.037037037037037,4.46462488129155,1.64768079856843,0.201542454731976,0.495185703383319,0.471427763265316,"USP34",1,"BP",0.00641025641025641,0.00143578835416113
"BP","GO:0071684","organism emergence from protective structure","1/156","27/18805",0.037037037037037,4.46462488129155,1.64768079856843,0.201542454731976,0.495185703383319,0.471427763265316,"SLC35E2B",1,"BP",0.00641025641025641,0.00143578835416113
"BP","GO:0141087","positive regulation of inflammasome-mediated signaling pathway","1/156","27/18805",0.037037037037037,4.46462488129155,1.64768079856843,0.201542454731976,0.495185703383319,0.471427763265316,"DDX3X",1,"BP",0.00641025641025641,0.00143578835416113
"BP","GO:0019827","stem cell population maintenance","3/156","187/18805",0.0160427807486631,1.93387494858083,1.17382312670757,0.203066127378219,0.495185703383319,0.471427763265316,"CNOT1/BCL9L/KDM3A",3,"BP",0.0192307692307692,0.00994416378622707
"BP","GO:0006898","receptor-mediated endocytosis","4/156","280/18805",0.0142857142857143,1.7220695970696,1.11336768666656,0.203658374348397,0.495185703383319,0.471427763265316,"CAP1/LDLR/HGS/TBC1D5",4,"BP",0.0256410256410256,0.0148896570061154
"BP","GO:0016055","Wnt signaling pathway","6/156","477/18805",0.0125786163522013,1.51628769553298,1.04460733781584,0.205403958085303,0.495185703383319,0.471427763265316,"USP34/PKD1/BCL9L/CSNK1A1/FERMT1/DDX3X",6,"BP",0.0384615384615385,0.0253655942568466
"BP","GO:0019693","ribose phosphate metabolic process","5/156","379/18805",0.0131926121372032,1.59030173871863,1.06178791977218,0.207306171644521,0.495185703383319,0.471427763265316,"HK2/PFKP/NT5C2/PFKFB3/EP300",5,"BP",0.032051282051282,0.0201542143047062
"BP","GO:0001959","regulation of cytokine-mediated signaling pathway","3/156","189/18805",0.0158730158730159,1.91341066341066,1.15428603195412,0.207335780480898,0.495185703383319,0.471427763265316,"OAS3/TRIM32/VRK2",3,"BP",0.0192307692307692,0.0100505184791279
"BP","GO:2001242","regulation of intrinsic apoptotic signaling pathway","3/156","189/18805",0.0158730158730159,1.91341066341066,1.15428603195412,0.207335780480898,0.495185703383319,0.471427763265316,"TAF6/TRIM32/DDX3X",3,"BP",0.0192307692307692,0.0100505184791279
"BP","GO:0035282","segmentation","2/156","102/18805",0.0196078431372549,2.36362493715435,1.26298743417482,0.207489534088914,0.495185703383319,0.471427763265316,"PCSK6/EP300",2,"BP",0.0128205128205128,0.00542408933794204
"BP","GO:0043279","response to alkaloid","2/156","102/18805",0.0196078431372549,2.36362493715435,1.26298743417482,0.207489534088914,0.495185703383319,0.471427763265316,"ADRA2A/BCHE",2,"BP",0.0128205128205128,0.00542408933794204
"BP","GO:0048009","insulin-like growth factor receptor signaling pathway","2/156","102/18805",0.0196078431372549,2.36362493715435,1.26298743417482,0.207489534088914,0.495185703383319,0.471427763265316,"SHC1/IRS1",2,"BP",0.0128205128205128,0.00542408933794204
"BP","GO:0048640","negative regulation of developmental growth","2/156","102/18805",0.0196078431372549,2.36362493715435,1.26298743417482,0.207489534088914,0.495185703383319,0.471427763265316,"SEMA3G/PTPRS",2,"BP",0.0128205128205128,0.00542408933794204
"BP","GO:0050764","regulation of phagocytosis","2/156","102/18805",0.0196078431372549,2.36362493715435,1.26298743417482,0.207489534088914,0.495185703383319,0.471427763265316,"MYO18A/TUB",2,"BP",0.0128205128205128,0.00542408933794204
"BP","GO:0001964","startle response","1/156","28/18805",0.0357142857142857,4.30517399267399,1.60073663797211,0.208175715838687,0.495185703383319,0.471427763265316,"GRIN3A",1,"BP",0.00641025641025641,0.00148896570061154
"BP","GO:0002070","epithelial cell maturation","1/156","28/18805",0.0357142857142857,4.30517399267399,1.60073663797211,0.208175715838687,0.495185703383319,0.471427763265316,"BHLHA15",1,"BP",0.00641025641025641,0.00148896570061154
"BP","GO:0003416","endochondral bone growth","1/156","28/18805",0.0357142857142857,4.30517399267399,1.60073663797211,0.208175715838687,0.495185703383319,0.471427763265316,"EVC",1,"BP",0.00641025641025641,0.00148896570061154
"BP","GO:0006353","DNA-templated transcription termination","1/156","28/18805",0.0357142857142857,4.30517399267399,1.60073663797211,0.208175715838687,0.495185703383319,0.471427763265316,"PRMT5",1,"BP",0.00641025641025641,0.00148896570061154
"BP","GO:0006515","protein quality control for misfolded or incompletely synthesized proteins","1/156","28/18805",0.0357142857142857,4.30517399267399,1.60073663797211,0.208175715838687,0.495185703383319,0.471427763265316,"PEX10",1,"BP",0.00641025641025641,0.00148896570061154
"BP","GO:0007141","male meiosis I","1/156","28/18805",0.0357142857142857,4.30517399267399,1.60073663797211,0.208175715838687,0.495185703383319,0.471427763265316,"ZSCAN21",1,"BP",0.00641025641025641,0.00148896570061154
"BP","GO:0021680","cerebellar Purkinje cell layer development","1/156","28/18805",0.0357142857142857,4.30517399267399,1.60073663797211,0.208175715838687,0.495185703383319,0.471427763265316,"SPTBN2",1,"BP",0.00641025641025641,0.00148896570061154
"BP","GO:0032511","late endosome to vacuole transport via multivesicular body sorting pathway","1/156","28/18805",0.0357142857142857,4.30517399267399,1.60073663797211,0.208175715838687,0.495185703383319,0.471427763265316,"HGS",1,"BP",0.00641025641025641,0.00148896570061154
"BP","GO:0035025","positive regulation of Rho protein signal transduction","1/156","28/18805",0.0357142857142857,4.30517399267399,1.60073663797211,0.208175715838687,0.495185703383319,0.471427763265316,"CSNK1A1",1,"BP",0.00641025641025641,0.00148896570061154
"BP","GO:0036037","CD8-positive, alpha-beta T cell activation","1/156","28/18805",0.0357142857142857,4.30517399267399,1.60073663797211,0.208175715838687,0.495185703383319,0.471427763265316,"SLC4A2",1,"BP",0.00641025641025641,0.00148896570061154
"BP","GO:0039529","RIG-I signaling pathway","1/156","28/18805",0.0357142857142857,4.30517399267399,1.60073663797211,0.208175715838687,0.495185703383319,0.471427763265316,"OAS3",1,"BP",0.00641025641025641,0.00148896570061154
"BP","GO:0046949","fatty-acyl-CoA biosynthetic process","1/156","28/18805",0.0357142857142857,4.30517399267399,1.60073663797211,0.208175715838687,0.495185703383319,0.471427763265316,"ACACA",1,"BP",0.00641025641025641,0.00148896570061154
"BP","GO:0050995","negative regulation of lipid catabolic process","1/156","28/18805",0.0357142857142857,4.30517399267399,1.60073663797211,0.208175715838687,0.495185703383319,0.471427763265316,"ADRA2A",1,"BP",0.00641025641025641,0.00148896570061154
"BP","GO:0050996","positive regulation of lipid catabolic process","1/156","28/18805",0.0357142857142857,4.30517399267399,1.60073663797211,0.208175715838687,0.495185703383319,0.471427763265316,"IRS1",1,"BP",0.00641025641025641,0.00148896570061154
"BP","GO:0052372","modulation by symbiont of entry into host","1/156","28/18805",0.0357142857142857,4.30517399267399,1.60073663797211,0.208175715838687,0.495185703383319,0.471427763265316,"EXOC7",1,"BP",0.00641025641025641,0.00148896570061154
"BP","GO:0060512","prostate gland morphogenesis","1/156","28/18805",0.0357142857142857,4.30517399267399,1.60073663797211,0.208175715838687,0.495185703383319,0.471427763265316,"TNC",1,"BP",0.00641025641025641,0.00148896570061154
"BP","GO:0097186","amelogenesis","1/156","28/18805",0.0357142857142857,4.30517399267399,1.60073663797211,0.208175715838687,0.495185703383319,0.471427763265316,"SLC4A2",1,"BP",0.00641025641025641,0.00148896570061154
"BP","GO:1903599","positive regulation of autophagy of mitochondrion","1/156","28/18805",0.0357142857142857,4.30517399267399,1.60073663797211,0.208175715838687,0.495185703383319,0.471427763265316,"HK2",1,"BP",0.00641025641025641,0.00148896570061154
"BP","GO:1903779","regulation of cardiac conduction","1/156","28/18805",0.0357142857142857,4.30517399267399,1.60073663797211,0.208175715838687,0.495185703383319,0.471427763265316,"EHD3",1,"BP",0.00641025641025641,0.00148896570061154
"BP","GO:2000647","negative regulation of stem cell proliferation","1/156","28/18805",0.0357142857142857,4.30517399267399,1.60073663797211,0.208175715838687,0.495185703383319,0.471427763265316,"FERMT1",1,"BP",0.00641025641025641,0.00148896570061154
"BP","GO:2000819","regulation of nucleotide-excision repair","1/156","28/18805",0.0357142857142857,4.30517399267399,1.60073663797211,0.208175715838687,0.495185703383319,0.471427763265316,"SMARCC2",1,"BP",0.00641025641025641,0.00148896570061154
"BP","GO:0034976","response to endoplasmic reticulum stress","4/156","283/18805",0.0141342756183746,1.70381444233034,1.09110638732566,0.208807869179163,0.495185703383319,0.471427763265316,"BHLHA15/UBE4A/AFF4/DDX3X",4,"BP",0.0256410256410256,0.0150491890454666
"BP","GO:0010906","regulation of glucose metabolic process","2/156","103/18805",0.0194174757281553,2.34067712223052,1.24783864232545,0.2105222723303,0.495185703383319,0.471427763265316,"IRS1/EP300",2,"BP",0.0128205128205128,0.00547726668439245
"BP","GO:0051310","metaphase chromosome alignment","2/156","103/18805",0.0194174757281553,2.34067712223052,1.24783864232545,0.2105222723303,0.495185703383319,0.471427763265316,"KAT5/KPNB1",2,"BP",0.0128205128205128,0.00547726668439245
"BP","GO:0009267","cellular response to starvation","3/156","191/18805",0.0157068062827225,1.89337494965767,1.13498532279184,0.211625855499063,0.495185703383319,0.471427763265316,"BHLHA15/TRIM32/KAT5",3,"BP",0.0192307692307692,0.0101568731720287
"BP","GO:0061138","morphogenesis of a branching epithelium","3/156","191/18805",0.0157068062827225,1.89337494965767,1.13498532279184,0.211625855499063,0.495185703383319,0.471427763265316,"DLG5/PKD1/TNC",3,"BP",0.0192307692307692,0.0101568731720287
"BP","GO:0098727","maintenance of cell number","3/156","191/18805",0.0157068062827225,1.89337494965767,1.13498532279184,0.211625855499063,0.495185703383319,0.471427763265316,"CNOT1/BCL9L/KDM3A",3,"BP",0.0192307692307692,0.0101568731720287
"BP","GO:0010721","negative regulation of cell development","4/156","285/18805",0.0140350877192982,1.69185784975259,1.07641181871738,0.212261779043548,0.495185703383319,0.471427763265316,"LDLR/SLC4A2/SEMA3G/PTPRS",4,"BP",0.0256410256410256,0.0151555437383675
"BP","GO:0009408","response to heat","2/156","104/18805",0.0192307692307692,2.31817061143984,1.23286500519816,0.213559525647458,0.495185703383319,0.471427763265316,"DNAJB1/EP300",2,"BP",0.0128205128205128,0.00553044403084286
"BP","GO:0060538","skeletal muscle organ development","3/156","192/18805",0.015625,1.88351362179487,1.12542179473928,0.213778277393675,0.495185703383319,0.471427763265316,"BCL9L/SPG11/EP300",3,"BP",0.0192307692307692,0.0102100505184791
"BP","GO:0006091","generation of precursor metabolites and energy","6/156","484/18805",0.012396694214876,1.49435791481246,1.00774170293164,0.214530979042412,0.495185703383319,0.471427763265316,"HK2/PFKP/ACO2/IRS1/PFKFB3/EP300",6,"BP",0.0384615384615385,0.0257378356819995
"BP","GO:0090287","regulation of cellular response to growth factor stimulus","5/156","384/18805",0.0130208333333333,1.56959468482906,1.03141771163808,0.214687933149657,0.495185703383319,0.471427763265316,"HGS/BCL9L/FERMT1/PCSK6/EP300",5,"BP",0.032051282051282,0.0204201010369583
"BP","GO:0001573","ganglioside metabolic process","1/156","29/18805",0.0344827586206897,4.15671971706454,1.55594101661165,0.214754220835713,0.495185703383319,0.471427763265316,"B4GALT5",1,"BP",0.00641025641025641,0.00154214304706195
"BP","GO:0002092","positive regulation of receptor internalization","1/156","29/18805",0.0344827586206897,4.15671971706454,1.55594101661165,0.214754220835713,0.495185703383319,0.471427763265316,"TBC1D5",1,"BP",0.00641025641025641,0.00154214304706195
"BP","GO:0002295","T-helper cell lineage commitment","1/156","29/18805",0.0344827586206897,4.15671971706454,1.55594101661165,0.214754220835713,0.495185703383319,0.471427763265316,"EP300",1,"BP",0.00641025641025641,0.00154214304706195
"BP","GO:0003401","axis elongation","1/156","29/18805",0.0344827586206897,4.15671971706454,1.55594101661165,0.214754220835713,0.495185703383319,0.471427763265316,"TNC",1,"BP",0.00641025641025641,0.00154214304706195
"BP","GO:0021952","central nervous system projection neuron axonogenesis","1/156","29/18805",0.0344827586206897,4.15671971706454,1.55594101661165,0.214754220835713,0.495185703383319,0.471427763265316,"SPG11",1,"BP",0.00641025641025641,0.00154214304706195
"BP","GO:0031281","positive regulation of cyclase activity","1/156","29/18805",0.0344827586206897,4.15671971706454,1.55594101661165,0.214754220835713,0.495185703383319,0.471427763265316,"CAP1",1,"BP",0.00641025641025641,0.00154214304706195
"BP","GO:0031952","regulation of protein autophosphorylation","1/156","29/18805",0.0344827586206897,4.15671971706454,1.55594101661165,0.214754220835713,0.495185703383319,0.471427763265316,"DDX3X",1,"BP",0.00641025641025641,0.00154214304706195
"BP","GO:0034695","response to prostaglandin E","1/156","29/18805",0.0344827586206897,4.15671971706454,1.55594101661165,0.214754220835713,0.495185703383319,0.471427763265316,"ACACA",1,"BP",0.00641025641025641,0.00154214304706195
"BP","GO:0042634","regulation of hair cycle","1/156","29/18805",0.0344827586206897,4.15671971706454,1.55594101661165,0.214754220835713,0.495185703383319,0.471427763265316,"FERMT1",1,"BP",0.00641025641025641,0.00154214304706195
"BP","GO:0045686","negative regulation of glial cell differentiation","1/156","29/18805",0.0344827586206897,4.15671971706454,1.55594101661165,0.214754220835713,0.495185703383319,0.471427763265316,"LDLR",1,"BP",0.00641025641025641,0.00154214304706195
"BP","GO:0045742","positive regulation of epidermal growth factor receptor signaling pathway","1/156","29/18805",0.0344827586206897,4.15671971706454,1.55594101661165,0.214754220835713,0.495185703383319,0.471427763265316,"ADRA2A",1,"BP",0.00641025641025641,0.00154214304706195
"BP","GO:0045948","positive regulation of translational initiation","1/156","29/18805",0.0344827586206897,4.15671971706454,1.55594101661165,0.214754220835713,0.495185703383319,0.471427763265316,"DDX3X",1,"BP",0.00641025641025641,0.00154214304706195
"BP","GO:0051156","glucose 6-phosphate metabolic process","1/156","29/18805",0.0344827586206897,4.15671971706454,1.55594101661165,0.214754220835713,0.495185703383319,0.471427763265316,"HK2",1,"BP",0.00641025641025641,0.00154214304706195
"BP","GO:0051349","positive regulation of lyase activity","1/156","29/18805",0.0344827586206897,4.15671971706454,1.55594101661165,0.214754220835713,0.495185703383319,0.471427763265316,"CAP1",1,"BP",0.00641025641025641,0.00154214304706195
"BP","GO:0060142","regulation of syncytium formation by plasma membrane fusion","1/156","29/18805",0.0344827586206897,4.15671971706454,1.55594101661165,0.214754220835713,0.495185703383319,0.471427763265316,"ADAM9",1,"BP",0.00641025641025641,0.00154214304706195
"BP","GO:0070841","inclusion body assembly","1/156","29/18805",0.0344827586206897,4.15671971706454,1.55594101661165,0.214754220835713,0.495185703383319,0.471427763265316,"DNAJB1",1,"BP",0.00641025641025641,0.00154214304706195
"BP","GO:0070977","bone maturation","1/156","29/18805",0.0344827586206897,4.15671971706454,1.55594101661165,0.214754220835713,0.495185703383319,0.471427763265316,"CCDC154",1,"BP",0.00641025641025641,0.00154214304706195
"BP","GO:0072207","metanephric epithelium development","1/156","29/18805",0.0344827586206897,4.15671971706454,1.55594101661165,0.214754220835713,0.495185703383319,0.471427763265316,"PKD1",1,"BP",0.00641025641025641,0.00154214304706195
"BP","GO:0090311","regulation of protein deacetylation","1/156","29/18805",0.0344827586206897,4.15671971706454,1.55594101661165,0.214754220835713,0.495185703383319,0.471427763265316,"EP300",1,"BP",0.00641025641025641,0.00154214304706195
"BP","GO:1902914","regulation of protein polyubiquitination","1/156","29/18805",0.0344827586206897,4.15671971706454,1.55594101661165,0.214754220835713,0.495185703383319,0.471427763265316,"DDX3X",1,"BP",0.00641025641025641,0.00154214304706195
"BP","GO:2000319","regulation of T-helper 17 cell differentiation","1/156","29/18805",0.0344827586206897,4.15671971706454,1.55594101661165,0.214754220835713,0.495185703383319,0.471427763265316,"EP300",1,"BP",0.00641025641025641,0.00154214304706195
"BP","GO:0061025","membrane fusion","3/156","193/18805",0.0155440414507772,1.87375448385811,1.11591520712544,0.215935477078533,0.497426535462187,0.473561085062727,"RAB8A/SPG11/STX17",3,"BP",0.0192307692307692,0.0102632278649295
"BP","GO:0043255","regulation of carbohydrate biosynthetic process","2/156","105/18805",0.019047619047619,2.2960927960928,1.21806254492046,0.216601012695514,0.497993615829474,0.474100958139262,"IRS1/EP300",2,"BP",0.0128205128205128,0.00558362137729327
"BP","GO:2001252","positive regulation of chromosome organization","2/156","105/18805",0.019047619047619,2.2960927960928,1.21806254492046,0.216601012695514,0.497993615829474,0.474100958139262,"SMC4/KAT5",2,"BP",0.0128205128205128,0.00558362137729327
"BP","GO:0031647","regulation of protein stability","5/156","386/18805",0.0129533678756477,1.56146206988176,1.01939076945844,0.217664160004282,0.499559167987049,0.47559139848695,"GNL3L/SERF1B/USP34/B4GALT5/EP300",5,"BP",0.032051282051282,0.0205264557298591
"BP","GO:0006885","regulation of pH","2/156","106/18805",0.0188679245283019,2.27443154329947,1.20342741237111,0.21964645642921,0.499559167987049,0.47559139848695,"SLC4A2/TM9SF4",2,"BP",0.0128205128205128,0.00563679872374368
"BP","GO:0008630","intrinsic apoptotic signaling pathway in response to DNA damage","2/156","106/18805",0.0188679245283019,2.27443154329947,1.20342741237111,0.21964645642921,0.499559167987049,0.47559139848695,"TRIM32/EP300",2,"BP",0.0128205128205128,0.00563679872374368
"BP","GO:0032526","response to retinoic acid","2/156","106/18805",0.0188679245283019,2.27443154329947,1.20342741237111,0.21964645642921,0.499559167987049,0.47559139848695,"ACER2/TNC",2,"BP",0.0128205128205128,0.00563679872374368
"BP","GO:1901796","regulation of signal transduction by p53 class mediator","2/156","106/18805",0.0188679245283019,2.27443154329947,1.20342741237111,0.21964645642921,0.499559167987049,0.47559139848695,"PRMT5/EP300",2,"BP",0.0128205128205128,0.00563679872374368
"BP","GO:0051091","positive regulation of DNA-binding transcription factor activity","3/156","195/18805",0.0153846153846154,1.85453648915187,1.09707009582911,0.220263777227756,0.499559167987049,0.47559139848695,"TRIM32/RNF31/EP300",3,"BP",0.0192307692307692,0.0103695825578304
"BP","GO:1902107","positive regulation of leukocyte differentiation","3/156","195/18805",0.0153846153846154,1.85453648915187,1.09707009582911,0.220263777227756,0.499559167987049,0.47559139848695,"SMARCC2/KAT5/EP300",3,"BP",0.0192307692307692,0.0103695825578304
"BP","GO:1903708","positive regulation of hemopoiesis","3/156","195/18805",0.0153846153846154,1.85453648915187,1.09707009582911,0.220263777227756,0.499559167987049,0.47559139848695,"SMARCC2/KAT5/EP300",3,"BP",0.0192307692307692,0.0103695825578304
"BP","GO:0003309","type B pancreatic cell differentiation","1/156","30/18805",0.0333333333333333,4.01816239316239,1.51311837016463,0.221278418830474,0.499559167987049,0.47559139848695,"BHLHA15",1,"BP",0.00641025641025641,0.00159532039351236
"BP","GO:0009119","ribonucleoside metabolic process","1/156","30/18805",0.0333333333333333,4.01816239316239,1.51311837016463,0.221278418830474,0.499559167987049,0.47559139848695,"NT5C2",1,"BP",0.00641025641025641,0.00159532039351236
"BP","GO:0010893","positive regulation of steroid biosynthetic process","1/156","30/18805",0.0333333333333333,4.01816239316239,1.51311837016463,0.221278418830474,0.499559167987049,0.47559139848695,"KPNB1",1,"BP",0.00641025641025641,0.00159532039351236
"BP","GO:0032703","negative regulation of interleukin-2 production","1/156","30/18805",0.0333333333333333,4.01816239316239,1.51311837016463,0.221278418830474,0.499559167987049,0.47559139848695,"KAT5",1,"BP",0.00641025641025641,0.00159532039351236
"BP","GO:0046639","negative regulation of alpha-beta T cell differentiation","1/156","30/18805",0.0333333333333333,4.01816239316239,1.51311837016463,0.221278418830474,0.499559167987049,0.47559139848695,"SLC4A2",1,"BP",0.00641025641025641,0.00159532039351236
"BP","GO:0048668","collateral sprouting","1/156","30/18805",0.0333333333333333,4.01816239316239,1.51311837016463,0.221278418830474,0.499559167987049,0.47559139848695,"PTPRS",1,"BP",0.00641025641025641,0.00159532039351236
"BP","GO:0060765","regulation of androgen receptor signaling pathway","1/156","30/18805",0.0333333333333333,4.01816239316239,1.51311837016463,0.221278418830474,0.499559167987049,0.47559139848695,"EP300",1,"BP",0.00641025641025641,0.00159532039351236
"BP","GO:0070198","protein localization to chromosome, telomeric region","1/156","30/18805",0.0333333333333333,4.01816239316239,1.51311837016463,0.221278418830474,0.499559167987049,0.47559139848695,"GNL3L",1,"BP",0.00641025641025641,0.00159532039351236
"BP","GO:0097421","liver regeneration","1/156","30/18805",0.0333333333333333,4.01816239316239,1.51311837016463,0.221278418830474,0.499559167987049,0.47559139848695,"PRMT5",1,"BP",0.00641025641025641,0.00159532039351236
"BP","GO:1902230","negative regulation of intrinsic apoptotic signaling pathway in response to DNA damage","1/156","30/18805",0.0333333333333333,4.01816239316239,1.51311837016463,0.221278418830474,0.499559167987049,0.47559139848695,"TRIM32",1,"BP",0.00641025641025641,0.00159532039351236
"BP","GO:1904357","negative regulation of telomere maintenance via telomere lengthening","1/156","30/18805",0.0333333333333333,4.01816239316239,1.51311837016463,0.221278418830474,0.499559167987049,0.47559139848695,"GNL3L",1,"BP",0.00641025641025641,0.00159532039351236
"BP","GO:0016049","cell growth","6/156","492/18805",0.0121951219512195,1.47005941213258,0.966307171624395,0.225131940681187,0.504926339816173,0.480701065008372,"TRIM32/SEMA3G/SPG11/TNC/PTPRS/DDX3X",6,"BP",0.0384615384615385,0.0261632544536028
"BP","GO:0006626","protein targeting to mitochondrion","2/156","108/18805",0.0185185185185185,2.23231244064577,1.17464434584411,0.225748126963979,0.504926339816173,0.480701065008372,"RNF31/HSPA4",2,"BP",0.0128205128205128,0.00574315341664451
"BP","GO:0019751","polyol metabolic process","2/156","108/18805",0.0185185185185185,2.23231244064577,1.17464434584411,0.225748126963979,0.504926339816173,0.480701065008372,"ACER2/PRKG2",2,"BP",0.0128205128205128,0.00574315341664451
"BP","GO:0021549","cerebellum development","2/156","108/18805",0.0185185185185185,2.23231244064577,1.17464434584411,0.225748126963979,0.504926339816173,0.480701065008372,"PTPRS/SPTBN2",2,"BP",0.0128205128205128,0.00574315341664451
"BP","GO:0043393","regulation of protein binding","2/156","108/18805",0.0185185185185185,2.23231244064577,1.17464434584411,0.225748126963979,0.504926339816173,0.480701065008372,"EPB41/GNL3L",2,"BP",0.0128205128205128,0.00574315341664451
"BP","GO:0097306","cellular response to alcohol","2/156","108/18805",0.0185185185185185,2.23231244064577,1.17464434584411,0.225748126963979,0.504926339816173,0.480701065008372,"ACACA/TNC",2,"BP",0.0128205128205128,0.00574315341664451
"BP","GO:0015850","organic hydroxy compound transport","4/156","293/18805",0.0136518771331058,1.64566377876958,1.01876310605838,0.226235037867074,0.504926339816173,0.480701065008372,"ADRA2A/VPS52/LDLR/SPG11",4,"BP",0.0256410256410256,0.0155809625099708
"BP","GO:0003338","metanephros morphogenesis","1/156","31/18805",0.032258064516129,3.88854425144748,1.47211287583225,0.22774875527055,0.504926339816173,0.480701065008372,"PKD1",1,"BP",0.00641025641025641,0.00164849773996278
"BP","GO:0007064","mitotic sister chromatid cohesion","1/156","31/18805",0.032258064516129,3.88854425144748,1.47211287583225,0.22774875527055,0.504926339816173,0.480701065008372,"HASPIN",1,"BP",0.00641025641025641,0.00164849773996278
"BP","GO:0019883","antigen processing and presentation of endogenous antigen","1/156","31/18805",0.032258064516129,3.88854425144748,1.47211287583225,0.22774875527055,0.504926339816173,0.480701065008372,"ULBP3",1,"BP",0.00641025641025641,0.00164849773996278
"BP","GO:0045070","positive regulation of viral genome replication","1/156","31/18805",0.032258064516129,3.88854425144748,1.47211287583225,0.22774875527055,0.504926339816173,0.480701065008372,"DDX3X",1,"BP",0.00641025641025641,0.00164849773996278
"BP","GO:0050951","sensory perception of temperature stimulus","1/156","31/18805",0.032258064516129,3.88854425144748,1.47211287583225,0.22774875527055,0.504926339816173,0.480701065008372,"ADRA2A",1,"BP",0.00641025641025641,0.00164849773996278
"BP","GO:0051291","protein heterooligomerization","1/156","31/18805",0.032258064516129,3.88854425144748,1.47211287583225,0.22774875527055,0.504926339816173,0.480701065008372,"PKD1",1,"BP",0.00641025641025641,0.00164849773996278
"BP","GO:0065002","intracellular protein transmembrane transport","1/156","31/18805",0.032258064516129,3.88854425144748,1.47211287583225,0.22774875527055,0.504926339816173,0.480701065008372,"PEX10",1,"BP",0.00641025641025641,0.00164849773996278
"BP","GO:0071295","cellular response to vitamin","1/156","31/18805",0.032258064516129,3.88854425144748,1.47211287583225,0.22774875527055,0.504926339816173,0.480701065008372,"TNC",1,"BP",0.00641025641025641,0.00164849773996278
"BP","GO:0090382","phagosome maturation","1/156","31/18805",0.032258064516129,3.88854425144748,1.47211287583225,0.22774875527055,0.504926339816173,0.480701065008372,"SPG11",1,"BP",0.00641025641025641,0.00164849773996278
"BP","GO:0098868","bone growth","1/156","31/18805",0.032258064516129,3.88854425144748,1.47211287583225,0.22774875527055,0.504926339816173,0.480701065008372,"EVC",1,"BP",0.00641025641025641,0.00164849773996278
"BP","GO:1901186","positive regulation of ERBB signaling pathway","1/156","31/18805",0.032258064516129,3.88854425144748,1.47211287583225,0.22774875527055,0.504926339816173,0.480701065008372,"ADRA2A",1,"BP",0.00641025641025641,0.00164849773996278
"BP","GO:0048709","oligodendrocyte differentiation","2/156","109/18805",0.018348623853211,2.21183250999765,1.16048931048675,0.228803820714634,0.504926339816173,0.480701065008372,"PRMT5/B4GALT5",2,"BP",0.0128205128205128,0.00579633076309492
"BP","GO:0046890","regulation of lipid biosynthetic process","3/156","199/18805",0.0150753768844221,1.81725937379204,1.0600334902553,0.22897297957139,0.504926339816173,0.480701065008372,"LDLR/KAT5/KPNB1",3,"BP",0.0192307692307692,0.010582291943632
"BP","GO:0050863","regulation of T cell activation","5/156","395/18805",0.0126582278481013,1.52588445309964,0.966098997225322,0.231214540993093,0.504926339816173,0.480701065008372,"DLG5/SMARCC2/SLC4A2/KAT5/EP300",5,"BP",0.032051282051282,0.0210050518479128
"BP","GO:1903037","regulation of leukocyte cell-cell adhesion","5/156","395/18805",0.0126582278481013,1.52588445309964,0.966098997225322,0.231214540993093,0.504926339816173,0.480701065008372,"DLG5/SMARCC2/SLC4A2/KAT5/EP300",5,"BP",0.032051282051282,0.0210050518479128
"BP","GO:0006641","triglyceride metabolic process","2/156","110/18805",0.0181818181818182,2.19172494172494,1.14648739067297,0.23186240495041,0.504926339816173,0.480701065008372,"LDLR/KAT5",2,"BP",0.0128205128205128,0.00584950810954533
"BP","GO:0090398","cellular senescence","2/156","110/18805",0.0181818181818182,2.19172494172494,1.14648739067297,0.23186240495041,0.504926339816173,0.480701065008372,"KAT5/NEK4",2,"BP",0.0128205128205128,0.00584950810954533
"BP","GO:0048285","organelle fission","6/156","498/18805",0.0120481927710843,1.45234785295026,0.935703512728998,0.233194963332783,0.504926339816173,0.480701065008372,"SMC4/PRMT5/KAT5/ZSCAN21/HASPIN/KPNB1",6,"BP",0.0384615384615385,0.0264823185323052
"BP","GO:0031396","regulation of protein ubiquitination","3/156","201/18805",0.0149253731343284,1.79917719096824,1.04183175264664,0.233352184780105,0.504926339816173,0.480701065008372,"SQSTM1/GNL3L/DDX3X",3,"BP",0.0192307692307692,0.0106886466365328
"BP","GO:0060759","regulation of response to cytokine stimulus","3/156","201/18805",0.0149253731343284,1.79917719096824,1.04183175264664,0.233352184780105,0.504926339816173,0.480701065008372,"OAS3/TRIM32/VRK2",3,"BP",0.0192307692307692,0.0106886466365328
"BP","GO:0000289","nuclear-transcribed mRNA poly(A) tail shortening","1/156","32/18805",0.03125,3.76702724358974,1.43278567301021,0.23416567197332,0.504926339816173,0.480701065008372,"CNOT1",1,"BP",0.00641025641025641,0.00170167508641319
"BP","GO:0001736","establishment of planar polarity","1/156","32/18805",0.03125,3.76702724358974,1.43278567301021,0.23416567197332,0.504926339816173,0.480701065008372,"SAPCD2",1,"BP",0.00641025641025641,0.00170167508641319
"BP","GO:0001945","lymph vessel development","1/156","32/18805",0.03125,3.76702724358974,1.43278567301021,0.23416567197332,0.504926339816173,0.480701065008372,"PKD1",1,"BP",0.00641025641025641,0.00170167508641319
"BP","GO:0005979","regulation of glycogen biosynthetic process","1/156","32/18805",0.03125,3.76702724358974,1.43278567301021,0.23416567197332,0.504926339816173,0.480701065008372,"IRS1",1,"BP",0.00641025641025641,0.00170167508641319
"BP","GO:0006622","protein targeting to lysosome","1/156","32/18805",0.03125,3.76702724358974,1.43278567301021,0.23416567197332,0.504926339816173,0.480701065008372,"HGS",1,"BP",0.00641025641025641,0.00170167508641319
"BP","GO:0007164","establishment of tissue polarity","1/156","32/18805",0.03125,3.76702724358974,1.43278567301021,0.23416567197332,0.504926339816173,0.480701065008372,"SAPCD2",1,"BP",0.00641025641025641,0.00170167508641319
"BP","GO:0010962","regulation of glucan biosynthetic process","1/156","32/18805",0.03125,3.76702724358974,1.43278567301021,0.23416567197332,0.504926339816173,0.480701065008372,"IRS1",1,"BP",0.00641025641025641,0.00170167508641319
"BP","GO:0019082","viral protein processing","1/156","32/18805",0.03125,3.76702724358974,1.43278567301021,0.23416567197332,0.504926339816173,0.480701065008372,"CSNK1A1",1,"BP",0.00641025641025641,0.00170167508641319
"BP","GO:0032682","negative regulation of chemokine production","1/156","32/18805",0.03125,3.76702724358974,1.43278567301021,0.23416567197332,0.504926339816173,0.480701065008372,"OAS3",1,"BP",0.00641025641025641,0.00170167508641319
"BP","GO:0036258","multivesicular body assembly","1/156","32/18805",0.03125,3.76702724358974,1.43278567301021,0.23416567197332,0.504926339816173,0.480701065008372,"HGS",1,"BP",0.00641025641025641,0.00170167508641319
"BP","GO:0043373","CD4-positive, alpha-beta T cell lineage commitment","1/156","32/18805",0.03125,3.76702724358974,1.43278567301021,0.23416567197332,0.504926339816173,0.480701065008372,"EP300",1,"BP",0.00641025641025641,0.00170167508641319
"BP","GO:0046685","response to arsenic-containing substance","1/156","32/18805",0.03125,3.76702724358974,1.43278567301021,0.23416567197332,0.504926339816173,0.480701065008372,"DDX3X",1,"BP",0.00641025641025641,0.00170167508641319
"BP","GO:0048679","regulation of axon regeneration","1/156","32/18805",0.03125,3.76702724358974,1.43278567301021,0.23416567197332,0.504926339816173,0.480701065008372,"PTPRS",1,"BP",0.00641025641025641,0.00170167508641319
"BP","GO:0051085","chaperone cofactor-dependent protein refolding","1/156","32/18805",0.03125,3.76702724358974,1.43278567301021,0.23416567197332,0.504926339816173,0.480701065008372,"DNAJB1",1,"BP",0.00641025641025641,0.00170167508641319
"BP","GO:0060325","face morphogenesis","1/156","32/18805",0.03125,3.76702724358974,1.43278567301021,0.23416567197332,0.504926339816173,0.480701065008372,"EP300",1,"BP",0.00641025641025641,0.00170167508641319
"BP","GO:0060674","placenta blood vessel development","1/156","32/18805",0.03125,3.76702724358974,1.43278567301021,0.23416567197332,0.504926339816173,0.480701065008372,"PKD1",1,"BP",0.00641025641025641,0.00170167508641319
"BP","GO:0061036","positive regulation of cartilage development","1/156","32/18805",0.03125,3.76702724358974,1.43278567301021,0.23416567197332,0.504926339816173,0.480701065008372,"PRKG2",1,"BP",0.00641025641025641,0.00170167508641319
"BP","GO:0099022","vesicle tethering","1/156","32/18805",0.03125,3.76702724358974,1.43278567301021,0.23416567197332,0.504926339816173,0.480701065008372,"EXOC7",1,"BP",0.00641025641025641,0.00170167508641319
"BP","GO:1902042","negative regulation of extrinsic apoptotic signaling pathway via death domain receptors","1/156","32/18805",0.03125,3.76702724358974,1.43278567301021,0.23416567197332,0.504926339816173,0.480701065008372,"DDX3X",1,"BP",0.00641025641025641,0.00170167508641319
"BP","GO:1905820","positive regulation of chromosome separation","1/156","32/18805",0.03125,3.76702724358974,1.43278567301021,0.23416567197332,0.504926339816173,0.480701065008372,"SMC4",1,"BP",0.00641025641025641,0.00170167508641319
"BP","GO:2000279","negative regulation of DNA biosynthetic process","1/156","32/18805",0.03125,3.76702724358974,1.43278567301021,0.23416567197332,0.504926339816173,0.480701065008372,"GNL3L",1,"BP",0.00641025641025641,0.00170167508641319
"BP","GO:0045785","positive regulation of cell adhesion","6/156","499/18805",0.0120240480961924,1.44943733621088,0.930641333940532,0.234547752149515,0.504926339816173,0.480701065008372,"SMARCC2/ADAM9/FERMT1/KAT5/MYO10/EP300",6,"BP",0.0384615384615385,0.0265354958787557
"BP","GO:0006892","post-Golgi vesicle-mediated transport","2/156","111/18805",0.018018018018018,2.17197967197967,1.13263530583917,0.234923623367104,0.504926339816173,0.480701065008372,"VPS52/EHD3",2,"BP",0.0128205128205128,0.00590268545599575
"BP","GO:0060291","long-term synaptic potentiation","2/156","111/18805",0.018018018018018,2.17197967197967,1.13263530583917,0.234923623367104,0.504926339816173,0.480701065008372,"SQSTM1/ITPR3",2,"BP",0.0128205128205128,0.00590268545599575
"BP","GO:0090100","positive regulation of transmembrane receptor protein serine/threonine kinase signaling pathway","2/156","111/18805",0.018018018018018,2.17197967197967,1.13263530583917,0.234923623367104,0.504926339816173,0.480701065008372,"FERMT1/EP300",2,"BP",0.0128205128205128,0.00590268545599575
"BP","GO:1901655","cellular response to ketone","2/156","111/18805",0.018018018018018,2.17197967197967,1.13263530583917,0.234923623367104,0.504926339816173,0.480701065008372,"ACACA/TNC",2,"BP",0.0128205128205128,0.00590268545599575
"BP","GO:0031099","regeneration","3/156","203/18805",0.0147783251231527,1.78145130731338,1.02383451681832,0.237746675019116,0.507333762872066,0.482992985107678,"PRMT5/TNC/PTPRS",3,"BP",0.0192307692307692,0.0107950013294337
"BP","GO:0014013","regulation of gliogenesis","2/156","112/18805",0.0178571428571429,2.152586996337,1.11892987578056,0.237987223661048,0.507333762872066,0.482992985107678,"PRMT5/LDLR",2,"BP",0.0128205128205128,0.00595586280244616
"BP","GO:0019218","regulation of steroid metabolic process","2/156","112/18805",0.0178571428571429,2.152586996337,1.11892987578056,0.237987223661048,0.507333762872066,0.482992985107678,"LDLR/KPNB1",2,"BP",0.0128205128205128,0.00595586280244616
"BP","GO:0032204","regulation of telomere maintenance","2/156","112/18805",0.0178571428571429,2.152586996337,1.11892987578056,0.237987223661048,0.507333762872066,0.482992985107678,"SMG6/GNL3L",2,"BP",0.0128205128205128,0.00595586280244616
"BP","GO:1904659","D-glucose transmembrane transport","2/156","112/18805",0.0178571428571429,2.152586996337,1.11892987578056,0.237987223661048,0.507333762872066,0.482992985107678,"HK2/IRS1",2,"BP",0.0128205128205128,0.00595586280244616
"BP","GO:2001243","negative regulation of intrinsic apoptotic signaling pathway","2/156","112/18805",0.0178571428571429,2.152586996337,1.11892987578056,0.237987223661048,0.507333762872066,0.482992985107678,"TRIM32/DDX3X",2,"BP",0.0128205128205128,0.00595586280244616
"BP","GO:0009100","glycoprotein metabolic process","5/156","400/18805",0.0125,1.5068108974359,0.93706059455825,0.238847412753673,0.507333762872066,0.482992985107678,"ACER2/POMK/B4GALT5/PCSK6/ALG12",5,"BP",0.032051282051282,0.0212709385801648
"BP","GO:0002695","negative regulation of leukocyte activation","3/156","204/18805",0.0147058823529412,1.77271870286576,1.01491111155082,0.239949393033239,0.507333762872066,0.482992985107678,"DLG5/LDLR/SLC4A2",3,"BP",0.0192307692307692,0.0108481786758841
"BP","GO:0036257","multivesicular body organization","1/156","33/18805",0.0303030303030303,3.6528749028749,1.39501254877367,0.240529607155346,0.507333762872066,0.482992985107678,"HGS",1,"BP",0.00641025641025641,0.0017548524328636
"BP","GO:0042558","pteridine-containing compound metabolic process","1/156","33/18805",0.0303030303030303,3.6528749028749,1.39501254877367,0.240529607155346,0.507333762872066,0.482992985107678,"PRKG2",1,"BP",0.00641025641025641,0.0017548524328636
"BP","GO:0045540","regulation of cholesterol biosynthetic process","1/156","33/18805",0.0303030303030303,3.6528749028749,1.39501254877367,0.240529607155346,0.507333762872066,0.482992985107678,"KPNB1",1,"BP",0.00641025641025641,0.0017548524328636
"BP","GO:0048566","embryonic digestive tract development","1/156","33/18805",0.0303030303030303,3.6528749028749,1.39501254877367,0.240529607155346,0.507333762872066,0.482992985107678,"VPS52",1,"BP",0.00641025641025641,0.0017548524328636
"BP","GO:0048799","animal organ maturation","1/156","33/18805",0.0303030303030303,3.6528749028749,1.39501254877367,0.240529607155346,0.507333762872066,0.482992985107678,"CCDC154",1,"BP",0.00641025641025641,0.0017548524328636
"BP","GO:0071634","regulation of transforming growth factor beta production","1/156","33/18805",0.0303030303030303,3.6528749028749,1.39501254877367,0.240529607155346,0.507333762872066,0.482992985107678,"FERMT1",1,"BP",0.00641025641025641,0.0017548524328636
"BP","GO:0071875","adrenergic receptor signaling pathway","1/156","33/18805",0.0303030303030303,3.6528749028749,1.39501254877367,0.240529607155346,0.507333762872066,0.482992985107678,"ADRA2A",1,"BP",0.00641025641025641,0.0017548524328636
"BP","GO:0090317","negative regulation of intracellular protein transport","1/156","33/18805",0.0303030303030303,3.6528749028749,1.39501254877367,0.240529607155346,0.507333762872066,0.482992985107678,"FERMT1",1,"BP",0.00641025641025641,0.0017548524328636
"BP","GO:0090322","regulation of superoxide metabolic process","1/156","33/18805",0.0303030303030303,3.6528749028749,1.39501254877367,0.240529607155346,0.507333762872066,0.482992985107678,"SHC1",1,"BP",0.00641025641025641,0.0017548524328636
"BP","GO:0106118","regulation of sterol biosynthetic process","1/156","33/18805",0.0303030303030303,3.6528749028749,1.39501254877367,0.240529607155346,0.507333762872066,0.482992985107678,"KPNB1",1,"BP",0.00641025641025641,0.0017548524328636
"BP","GO:1902932","positive regulation of alcohol biosynthetic process","1/156","33/18805",0.0303030303030303,3.6528749028749,1.39501254877367,0.240529607155346,0.507333762872066,0.482992985107678,"KPNB1",1,"BP",0.00641025641025641,0.0017548524328636
"BP","GO:1903955","positive regulation of protein targeting to mitochondrion","1/156","33/18805",0.0303030303030303,3.6528749028749,1.39501254877367,0.240529607155346,0.507333762872066,0.482992985107678,"RNF31",1,"BP",0.00641025641025641,0.0017548524328636
"BP","GO:1904376","negative regulation of protein localization to cell periphery","1/156","33/18805",0.0303030303030303,3.6528749028749,1.39501254877367,0.240529607155346,0.507333762872066,0.482992985107678,"SAPCD2",1,"BP",0.00641025641025641,0.0017548524328636
"BP","GO:0042116","macrophage activation","2/156","113/18805",0.0176991150442478,2.13353755389154,1.10536801669876,0.241052957481116,0.507536147178768,0.483185659452629,"LDLR/MYO18A",2,"BP",0.0128205128205128,0.00600904014889657
"BP","GO:1902476","chloride transmembrane transport","2/156","113/18805",0.0176991150442478,2.13353755389154,1.10536801669876,0.241052957481116,0.507536147178768,0.483185659452629,"SLC4A2/SLC26A1",2,"BP",0.0128205128205128,0.00600904014889657
"BP","GO:0031334","positive regulation of protein-containing complex assembly","3/156","205/18805",0.0146341463414634,1.7640712945591,1.00603708072508,0.242155622590951,0.509406203413206,0.484965994429503,"GNL3L/FERMT1/DDX3X",3,"BP",0.0192307692307692,0.0109013560223345
"BP","GO:0001701","in utero embryonic development","5/156","403/18805",0.0124069478908189,1.49559394286441,0.919825924546163,0.243460762274625,0.511390155018948,0.486854760323856,"CNOT1/SEC24C/PKD1/SLC35E2B/ATP11A",5,"BP",0.032051282051282,0.0214304706195161
"BP","GO:0006403","RNA localization","3/156","206/18805",0.0145631067961165,1.75550784167289,0.997211860743114,0.244365261584934,0.511390155018948,0.486854760323856,"POM121/SMG6/KPNB1",3,"BP",0.0192307692307692,0.0109545333687849
"BP","GO:0120032","regulation of plasma membrane bounded cell projection assembly","3/156","206/18805",0.0145631067961165,1.75550784167289,0.997211860743114,0.244365261584934,0.511390155018948,0.486854760323856,"TRIM32/PLXNB3/MYO10",3,"BP",0.0192307692307692,0.0109545333687849
"BP","GO:0002363","alpha-beta T cell lineage commitment","1/156","34/18805",0.0294117647058824,3.54543740573152,1.35868199890581,0.246840995461534,0.511390155018948,0.486854760323856,"EP300",1,"BP",0.00641025641025641,0.00180802977931401
"BP","GO:0006099","tricarboxylic acid cycle","1/156","34/18805",0.0294117647058824,3.54543740573152,1.35868199890581,0.246840995461534,0.511390155018948,0.486854760323856,"ACO2",1,"BP",0.00641025641025641,0.00180802977931401
"BP","GO:0010464","regulation of mesenchymal cell proliferation","1/156","34/18805",0.0294117647058824,3.54543740573152,1.35868199890581,0.246840995461534,0.511390155018948,0.486854760323856,"ARHGAP5",1,"BP",0.00641025641025641,0.00180802977931401
"BP","GO:0033146","regulation of intracellular estrogen receptor signaling pathway","1/156","34/18805",0.0294117647058824,3.54543740573152,1.35868199890581,0.246840995461534,0.511390155018948,0.486854760323856,"CNOT1",1,"BP",0.00641025641025641,0.00180802977931401
"BP","GO:0034383","low-density lipoprotein particle clearance","1/156","34/18805",0.0294117647058824,3.54543740573152,1.35868199890581,0.246840995461534,0.511390155018948,0.486854760323856,"LDLR",1,"BP",0.00641025641025641,0.00180802977931401
"BP","GO:0046475","glycerophospholipid catabolic process","1/156","34/18805",0.0294117647058824,3.54543740573152,1.35868199890581,0.246840995461534,0.511390155018948,0.486854760323856,"LDLR",1,"BP",0.00641025641025641,0.00180802977931401
"BP","GO:0048026","positive regulation of mRNA splicing, via spliceosome","1/156","34/18805",0.0294117647058824,3.54543740573152,1.35868199890581,0.246840995461534,0.511390155018948,0.486854760323856,"PRMT5",1,"BP",0.00641025641025641,0.00180802977931401
"BP","GO:0048710","regulation of astrocyte differentiation","1/156","34/18805",0.0294117647058824,3.54543740573152,1.35868199890581,0.246840995461534,0.511390155018948,0.486854760323856,"LDLR",1,"BP",0.00641025641025641,0.00180802977931401
"BP","GO:0051654","establishment of mitochondrion localization","1/156","34/18805",0.0294117647058824,3.54543740573152,1.35868199890581,0.246840995461534,0.511390155018948,0.486854760323856,"PKD1",1,"BP",0.00641025641025641,0.00180802977931401
"BP","GO:0070498","interleukin-1-mediated signaling pathway","1/156","34/18805",0.0294117647058824,3.54543740573152,1.35868199890581,0.246840995461534,0.511390155018948,0.486854760323856,"VRK2",1,"BP",0.00641025641025641,0.00180802977931401
"BP","GO:0070570","regulation of neuron projection regeneration","1/156","34/18805",0.0294117647058824,3.54543740573152,1.35868199890581,0.246840995461534,0.511390155018948,0.486854760323856,"PTPRS",1,"BP",0.00641025641025641,0.00180802977931401
"BP","GO:0072344","rescue of stalled ribosome","1/156","34/18805",0.0294117647058824,3.54543740573152,1.35868199890581,0.246840995461534,0.511390155018948,0.486854760323856,"NEMF",1,"BP",0.00641025641025641,0.00180802977931401
"BP","GO:0090151","establishment of protein localization to mitochondrial membrane","1/156","34/18805",0.0294117647058824,3.54543740573152,1.35868199890581,0.246840995461534,0.511390155018948,0.486854760323856,"HSPA4",1,"BP",0.00641025641025641,0.00180802977931401
"BP","GO:0033559","unsaturated fatty acid metabolic process","2/156","115/18805",0.0173913043478261,2.09643255295429,1.07866313590527,0.247189851773369,0.511390155018948,0.486854760323856,"DAGLA/SCD5",2,"BP",0.0128205128205128,0.00611539484179739
"BP","GO:0051303","establishment of chromosome localization","2/156","115/18805",0.0173913043478261,2.09643255295429,1.07866313590527,0.247189851773369,0.511390155018948,0.486854760323856,"KAT5/KPNB1",2,"BP",0.0128205128205128,0.00611539484179739
"BP","GO:1903900","regulation of viral life cycle","2/156","115/18805",0.0173913043478261,2.09643255295429,1.07866313590527,0.247189851773369,0.511390155018948,0.486854760323856,"OAS3/DDX3X",2,"BP",0.0128205128205128,0.00611539484179739
"BP","GO:0001763","morphogenesis of a branching structure","3/156","208/18805",0.0144230769230769,1.73862795857988,0.979705645074642,0.248794362218604,0.512927913169122,0.488318740160565,"DLG5/PKD1/TNC",3,"BP",0.0192307692307692,0.0110608880616857
"BP","GO:0060491","regulation of cell projection assembly","3/156","208/18805",0.0144230769230769,1.73862795857988,0.979705645074642,0.248794362218604,0.512927913169122,0.488318740160565,"TRIM32/PLXNB3/MYO10",3,"BP",0.0192307692307692,0.0110608880616857
"BP","GO:0090263","positive regulation of canonical Wnt signaling pathway","2/156","116/18805",0.0172413793103448,2.07835985853227,1.06551439564639,0.250260534881112,0.512927913169122,0.488318740160565,"USP34/DDX3X",2,"BP",0.0128205128205128,0.00616857218824781
"BP","GO:0006979","response to oxidative stress","5/156","408/18805",0.0122549019607843,1.47726558572147,0.891407621710174,0.251202741770856,0.512927913169122,0.488318740160565,"SRXN1/ADAM9/PEX10/TRIM32/VRK2",5,"BP",0.032051282051282,0.0216963573517681
"BP","GO:0000462","maturation of SSU-rRNA from tricistronic rRNA transcript (SSU-rRNA, 5.8S rRNA, LSU-rRNA)","1/156","35/18805",0.0285714285714286,3.44413919413919,1.32369359442943,0.253100267994057,0.512927913169122,0.488318740160565,"HEATR1",1,"BP",0.00641025641025641,0.00186120712576442
"BP","GO:0007212","G protein-coupled dopamine receptor signaling pathway","1/156","35/18805",0.0285714285714286,3.44413919413919,1.32369359442943,0.253100267994057,0.512927913169122,0.488318740160565,"PRMT5",1,"BP",0.00641025641025641,0.00186120712576442
"BP","GO:0034063","stress granule assembly","1/156","35/18805",0.0285714285714286,3.44413919413919,1.32369359442943,0.253100267994057,0.512927913169122,0.488318740160565,"DDX3X",1,"BP",0.00641025641025641,0.00186120712576442
"BP","GO:0034505","tooth mineralization","1/156","35/18805",0.0285714285714286,3.44413919413919,1.32369359442943,0.253100267994057,0.512927913169122,0.488318740160565,"SLC4A2",1,"BP",0.00641025641025641,0.00186120712576442
"BP","GO:0043407","negative regulation of MAP kinase activity","1/156","35/18805",0.0285714285714286,3.44413919413919,1.32369359442943,0.253100267994057,0.512927913169122,0.488318740160565,"AIDA",1,"BP",0.00641025641025641,0.00186120712576442
"BP","GO:0045761","regulation of adenylate cyclase activity","1/156","35/18805",0.0285714285714286,3.44413919413919,1.32369359442943,0.253100267994057,0.512927913169122,0.488318740160565,"CAP1",1,"BP",0.00641025641025641,0.00186120712576442
"BP","GO:0045940","positive regulation of steroid metabolic process","1/156","35/18805",0.0285714285714286,3.44413919413919,1.32369359442943,0.253100267994057,0.512927913169122,0.488318740160565,"KPNB1",1,"BP",0.00641025641025641,0.00186120712576442
"BP","GO:0046320","regulation of fatty acid oxidation","1/156","35/18805",0.0285714285714286,3.44413919413919,1.32369359442943,0.253100267994057,0.512927913169122,0.488318740160565,"IRS1",1,"BP",0.00641025641025641,0.00186120712576442
"BP","GO:0046329","negative regulation of JNK cascade","1/156","35/18805",0.0285714285714286,3.44413919413919,1.32369359442943,0.253100267994057,0.512927913169122,0.488318740160565,"AIDA",1,"BP",0.00641025641025641,0.00186120712576442
"BP","GO:0048147","negative regulation of fibroblast proliferation","1/156","35/18805",0.0285714285714286,3.44413919413919,1.32369359442943,0.253100267994057,0.512927913169122,0.488318740160565,"TRIM32",1,"BP",0.00641025641025641,0.00186120712576442
"BP","GO:0048384","retinoic acid receptor signaling pathway","1/156","35/18805",0.0285714285714286,3.44413919413919,1.32369359442943,0.253100267994057,0.512927913169122,0.488318740160565,"CNOT1",1,"BP",0.00641025641025641,0.00186120712576442
"BP","GO:0050775","positive regulation of dendrite morphogenesis","1/156","35/18805",0.0285714285714286,3.44413919413919,1.32369359442943,0.253100267994057,0.512927913169122,0.488318740160565,"IL1RAPL1",1,"BP",0.00641025641025641,0.00186120712576442
"BP","GO:0060544","regulation of necroptotic process","1/156","35/18805",0.0285714285714286,3.44413919413919,1.32369359442943,0.253100267994057,0.512927913169122,0.488318740160565,"RNF31",1,"BP",0.00641025641025641,0.00186120712576442
"BP","GO:0062125","regulation of mitochondrial gene expression","1/156","35/18805",0.0285714285714286,3.44413919413919,1.32369359442943,0.253100267994057,0.512927913169122,0.488318740160565,"DDX3X",1,"BP",0.00641025641025641,0.00186120712576442
"BP","GO:0099010","modification of postsynaptic structure","1/156","35/18805",0.0285714285714286,3.44413919413919,1.32369359442943,0.253100267994057,0.512927913169122,0.488318740160565,"CAP1",1,"BP",0.00641025641025641,0.00186120712576442
"BP","GO:1904893","negative regulation of receptor signaling pathway via STAT","1/156","35/18805",0.0285714285714286,3.44413919413919,1.32369359442943,0.253100267994057,0.512927913169122,0.488318740160565,"HGS",1,"BP",0.00641025641025641,0.00186120712576442
"BP","GO:0045860","positive regulation of protein kinase activity","3/156","210/18805",0.0142857142857143,1.7220695970696,0.96238813765593,0.253235889210538,0.512927913169122,0.488318740160565,"ADRA2A/ADAM9/DDX3X",3,"BP",0.0192307692307692,0.0111672427545865
"BP","GO:0051216","cartilage development","3/156","210/18805",0.0142857142857143,1.7220695970696,0.96238813765593,0.253235889210538,0.512927913169122,0.488318740160565,"EVC/PKD1/PRKG2",3,"BP",0.0192307692307692,0.0111672427545865
"BP","GO:0051260","protein homooligomerization","3/156","210/18805",0.0142857142857143,1.7220695970696,0.96238813765593,0.253235889210538,0.512927913169122,0.488318740160565,"ITPR3/ACACA/EHD3",3,"BP",0.0192307692307692,0.0111672427545865
"BP","GO:0010821","regulation of mitochondrion organization","2/156","117/18805",0.0170940170940171,2.06059609905764,1.05249778259881,0.253332396693634,0.512927913169122,0.488318740160565,"SQSTM1/EP300",2,"BP",0.0128205128205128,0.00622174953469822
"BP","GO:0043547","positive regulation of GTPase activity","2/156","117/18805",0.0170940170940171,2.06059609905764,1.05249778259881,0.253332396693634,0.512927913169122,0.488318740160565,"RGP1/RALGAPA2",2,"BP",0.0128205128205128,0.00622174953469822
"BP","GO:0001558","regulation of cell growth","5/156","410/18805",0.0121951219512195,1.47005941213258,0.880145415862204,0.254317303083548,0.514483470888779,0.489799665581871,"TRIM32/SEMA3G/TNC/PTPRS/DDX3X",5,"BP",0.032051282051282,0.021802712044669
"BP","GO:0006352","DNA-templated transcription initiation","3/156","211/18805",0.014218009478673,1.71390812978491,0.953798835591127,0.255461063278364,0.515918388848736,0.491165739278486,"TAF6/BAZ2A/EP300",3,"BP",0.0192307692307692,0.011220420101037
"BP","GO:0071383","cellular response to steroid hormone stimulus","3/156","211/18805",0.014218009478673,1.71390812978491,0.953798835591127,0.255461063278364,0.515918388848736,0.491165739278486,"CNOT1/KDM3A/EP300",3,"BP",0.0192307692307692,0.011220420101037
"BP","GO:0001824","blastocyst development","2/156","118/18805",0.0169491525423729,2.04313342025206,1.03961064198217,0.256405207920225,0.516069804076724,0.491309889930993,"CNOT1/SLC35E2B",2,"BP",0.0128205128205128,0.00627492688114863
"BP","GO:0007265","Ras protein signal transduction","2/156","118/18805",0.0169491525423729,2.04313342025206,1.03961064198217,0.256405207920225,0.516069804076724,0.491309889930993,"ADRA2A/SQSTM1",2,"BP",0.0128205128205128,0.00627492688114863
"BP","GO:0022037","metencephalon development","2/156","118/18805",0.0169491525423729,2.04313342025206,1.03961064198217,0.256405207920225,0.516069804076724,0.491309889930993,"PTPRS/SPTBN2",2,"BP",0.0128205128205128,0.00627492688114863
"BP","GO:0042177","negative regulation of protein catabolic process","2/156","118/18805",0.0169491525423729,2.04313342025206,1.03961064198217,0.256405207920225,0.516069804076724,0.491309889930993,"RGP1/CYP51A1",2,"BP",0.0128205128205128,0.00627492688114863
"BP","GO:0051146","striated muscle cell differentiation","4/156","311/18805",0.0128617363344051,1.55041635749031,0.895191079384636,0.258475614373989,0.51743242191021,0.492607132304989,"BHLHA15/TRIM32/SPG11/ATP11A",4,"BP",0.0256410256410256,0.0165381547460782
"BP","GO:0006631","fatty acid metabolic process","5/156","413/18805",0.0121065375302663,1.45938101446576,0.863362607184249,0.259007324052442,0.51743242191021,0.492607132304989,"DAGLA/ACACA/IRS1/MORC2/SCD5",5,"BP",0.032051282051282,0.0219622440840202
"BP","GO:0002474","antigen processing and presentation of peptide antigen via MHC class I","1/156","36/18805",0.0277777777777778,3.34846866096866,1.2899565982643,0.259307852341043,0.51743242191021,0.492607132304989,"ULBP3",1,"BP",0.00641025641025641,0.00191438447221484
"BP","GO:0006084","acetyl-CoA metabolic process","1/156","36/18805",0.0277777777777778,3.34846866096866,1.2899565982643,0.259307852341043,0.51743242191021,0.492607132304989,"ACACA",1,"BP",0.00641025641025641,0.00191438447221484
"BP","GO:0010984","regulation of lipoprotein particle clearance","1/156","36/18805",0.0277777777777778,3.34846866096866,1.2899565982643,0.259307852341043,0.51743242191021,0.492607132304989,"LDLR",1,"BP",0.00641025641025641,0.00191438447221484
"BP","GO:0035459","vesicle cargo loading","1/156","36/18805",0.0277777777777778,3.34846866096866,1.2899565982643,0.259307852341043,0.51743242191021,0.492607132304989,"SEC24C",1,"BP",0.00641025641025641,0.00191438447221484
"BP","GO:0043369","CD4-positive or CD8-positive, alpha-beta T cell lineage commitment","1/156","36/18805",0.0277777777777778,3.34846866096866,1.2899565982643,0.259307852341043,0.51743242191021,0.492607132304989,"EP300",1,"BP",0.00641025641025641,0.00191438447221484
"BP","GO:0045943","positive regulation of transcription by RNA polymerase I","1/156","36/18805",0.0277777777777778,3.34846866096866,1.2899565982643,0.259307852341043,0.51743242191021,0.492607132304989,"HEATR1",1,"BP",0.00641025641025641,0.00191438447221484
"BP","GO:0071604","transforming growth factor beta production","1/156","36/18805",0.0277777777777778,3.34846866096866,1.2899565982643,0.259307852341043,0.51743242191021,0.492607132304989,"FERMT1",1,"BP",0.00641025641025641,0.00191438447221484
"BP","GO:0090630","activation of GTPase activity","1/156","36/18805",0.0277777777777778,3.34846866096866,1.2899565982643,0.259307852341043,0.51743242191021,0.492607132304989,"RALGAPA2",1,"BP",0.00641025641025641,0.00191438447221484
"BP","GO:0046822","regulation of nucleocytoplasmic transport","2/156","119/18805",0.0168067226890756,2.02596423184658,1.02685039533664,0.259478742945288,0.51743242191021,0.492607132304989,"FERMT1/EP300",2,"BP",0.0128205128205128,0.00632810422759904
"BP","GO:0032355","response to estradiol","2/156","120/18805",0.0166666666666667,2.0090811965812,1.01421453769514,0.262552779783823,0.520515150650805,0.495541958381353,"NRIP1/KAT5",2,"BP",0.0128205128205128,0.00638128157404945
"BP","GO:0051092","positive regulation of NF-kappaB transcription factor activity","2/156","120/18805",0.0166666666666667,2.0090811965812,1.01421453769514,0.262552779783823,0.520515150650805,0.495541958381353,"TRIM32/RNF31",2,"BP",0.0128205128205128,0.00638128157404945
"BP","GO:0031032","actomyosin structure organization","3/156","215/18805",0.013953488372093,1.68202146690519,0.919892812391905,0.264388866678243,0.520515150650805,0.495541958381353,"CDC42BPB/EPB41/MYO18A",3,"BP",0.0192307692307692,0.0114331294868386
"BP","GO:0003382","epithelial cell morphogenesis","1/156","37/18805",0.027027027027027,3.25796950796951,1.2573887879106,0.265464172605032,0.520515150650805,0.495541958381353,"SIPA1L3",1,"BP",0.00641025641025641,0.00196756181866525
"BP","GO:0010770","positive regulation of cell morphogenesis","1/156","37/18805",0.027027027027027,3.25796950796951,1.2573887879106,0.265464172605032,0.520515150650805,0.495541958381353,"IL1RAPL1",1,"BP",0.00641025641025641,0.00196756181866525
"BP","GO:0016242","negative regulation of macroautophagy","1/156","37/18805",0.027027027027027,3.25796950796951,1.2573887879106,0.265464172605032,0.520515150650805,0.495541958381353,"SMCR8",1,"BP",0.00641025641025641,0.00196756181866525
"BP","GO:0030947","regulation of vascular endothelial growth factor receptor signaling pathway","1/156","37/18805",0.027027027027027,3.25796950796951,1.2573887879106,0.265464172605032,0.520515150650805,0.495541958381353,"HGS",1,"BP",0.00641025641025641,0.00196756181866525
"BP","GO:0032781","positive regulation of ATP-dependent activity","1/156","37/18805",0.027027027027027,3.25796950796951,1.2573887879106,0.265464172605032,0.520515150650805,0.495541958381353,"DNAJB1",1,"BP",0.00641025641025641,0.00196756181866525
"BP","GO:0033144","negative regulation of intracellular steroid hormone receptor signaling pathway","1/156","37/18805",0.027027027027027,3.25796950796951,1.2573887879106,0.265464172605032,0.520515150650805,0.495541958381353,"CNOT1",1,"BP",0.00641025641025641,0.00196756181866525
"BP","GO:0034368","protein-lipid complex remodeling","1/156","37/18805",0.027027027027027,3.25796950796951,1.2573887879106,0.265464172605032,0.520515150650805,0.495541958381353,"PCSK6",1,"BP",0.00641025641025641,0.00196756181866525
"BP","GO:0034369","plasma lipoprotein particle remodeling","1/156","37/18805",0.027027027027027,3.25796950796951,1.2573887879106,0.265464172605032,0.520515150650805,0.495541958381353,"PCSK6",1,"BP",0.00641025641025641,0.00196756181866525
"BP","GO:0035883","enteroendocrine cell differentiation","1/156","37/18805",0.027027027027027,3.25796950796951,1.2573887879106,0.265464172605032,0.520515150650805,0.495541958381353,"BHLHA15",1,"BP",0.00641025641025641,0.00196756181866525
"BP","GO:0043162","ubiquitin-dependent protein catabolic process via the multivesicular body sorting pathway","1/156","37/18805",0.027027027027027,3.25796950796951,1.2573887879106,0.265464172605032,0.520515150650805,0.495541958381353,"HGS",1,"BP",0.00641025641025641,0.00196756181866525
"BP","GO:0046326","positive regulation of D-glucose import","1/156","37/18805",0.027027027027027,3.25796950796951,1.2573887879106,0.265464172605032,0.520515150650805,0.495541958381353,"IRS1",1,"BP",0.00641025641025641,0.00196756181866525
"BP","GO:0050685","positive regulation of mRNA processing","1/156","37/18805",0.027027027027027,3.25796950796951,1.2573887879106,0.265464172605032,0.520515150650805,0.495541958381353,"PRMT5",1,"BP",0.00641025641025641,0.00196756181866525
"BP","GO:0060218","hematopoietic stem cell differentiation","1/156","37/18805",0.027027027027027,3.25796950796951,1.2573887879106,0.265464172605032,0.520515150650805,0.495541958381353,"KAT5",1,"BP",0.00641025641025641,0.00196756181866525
"BP","GO:1903725","regulation of phospholipid metabolic process","1/156","37/18805",0.027027027027027,3.25796950796951,1.2573887879106,0.265464172605032,0.520515150650805,0.495541958381353,"LDLR",1,"BP",0.00641025641025641,0.00196756181866525
"BP","GO:1903749","positive regulation of establishment of protein localization to mitochondrion","1/156","37/18805",0.027027027027027,3.25796950796951,1.2573887879106,0.265464172605032,0.520515150650805,0.495541958381353,"RNF31",1,"BP",0.00641025641025641,0.00196756181866525
"BP","GO:0007088","regulation of mitotic nuclear division","2/156","121/18805",0.0165289256198347,1.99247721974995,1.00170063488331,0.265627100037379,0.520515150650805,0.495541958381353,"PRMT5/HASPIN",2,"BP",0.0128205128205128,0.00643445892049987
"BP","GO:0008645","hexose transmembrane transport","2/156","121/18805",0.0165289256198347,1.99247721974995,1.00170063488331,0.265627100037379,0.520515150650805,0.495541958381353,"HK2/IRS1",2,"BP",0.0128205128205128,0.00643445892049987
"BP","GO:0043414","macromolecule methylation","2/156","121/18805",0.0165289256198347,1.99247721974995,1.00170063488331,0.265627100037379,0.520515150650805,0.495541958381353,"PRMT5/RNMT",2,"BP",0.0128205128205128,0.00643445892049987
"BP","GO:0031503","protein-containing complex localization","3/156","216/18805",0.0138888888888889,1.67423433048433,0.911526648667397,0.266627108005602,0.52204400784279,0.496997464308615,"RAB8A/SDAD1/TUB",3,"BP",0.0192307692307692,0.011486306833289
"BP","GO:0042254","ribosome biogenesis","4/156","317/18805",0.0126182965299685,1.52107093747472,0.855738678458448,0.269426675032832,0.524343923891565,0.499187035354717,"HEATR1/SDAD1/GNL3L/DDX3X",4,"BP",0.0256410256410256,0.0168572188247806
"BP","GO:0000966","RNA 5'-end processing","1/156","38/18805",0.0263157894736842,3.1722334682861,1.22591544880046,0.271569649431205,0.524343923891565,0.499187035354717,"RNMT",1,"BP",0.00641025641025641,0.00202073916511566
"BP","GO:0001916","positive regulation of T cell mediated cytotoxicity","1/156","38/18805",0.0263157894736842,3.1722334682861,1.22591544880046,0.271569649431205,0.524343923891565,0.499187035354717,"ULBP3",1,"BP",0.00641025641025641,0.00202073916511566
"BP","GO:0007616","long-term memory","1/156","38/18805",0.0263157894736842,3.1722334682861,1.22591544880046,0.271569649431205,0.524343923891565,0.499187035354717,"LDLR",1,"BP",0.00641025641025641,0.00202073916511566
"BP","GO:0021696","cerebellar cortex morphogenesis","1/156","38/18805",0.0263157894736842,3.1722334682861,1.22591544880046,0.271569649431205,0.524343923891565,0.499187035354717,"SPTBN2",1,"BP",0.00641025641025641,0.00202073916511566
"BP","GO:0043372","positive regulation of CD4-positive, alpha-beta T cell differentiation","1/156","38/18805",0.0263157894736842,3.1722334682861,1.22591544880046,0.271569649431205,0.524343923891565,0.499187035354717,"EP300",1,"BP",0.00641025641025641,0.00202073916511566
"BP","GO:0043506","regulation of JUN kinase activity","1/156","38/18805",0.0263157894736842,3.1722334682861,1.22591544880046,0.271569649431205,0.524343923891565,0.499187035354717,"AIDA",1,"BP",0.00641025641025641,0.00202073916511566
"BP","GO:0044743","protein transmembrane import into intracellular organelle","1/156","38/18805",0.0263157894736842,3.1722334682861,1.22591544880046,0.271569649431205,0.524343923891565,0.499187035354717,"PEX10",1,"BP",0.00641025641025641,0.00202073916511566
"BP","GO:0045324","late endosome to vacuole transport","1/156","38/18805",0.0263157894736842,3.1722334682861,1.22591544880046,0.271569649431205,0.524343923891565,0.499187035354717,"HGS",1,"BP",0.00641025641025641,0.00202073916511566
"BP","GO:0045589","regulation of regulatory T cell differentiation","1/156","38/18805",0.0263157894736842,3.1722334682861,1.22591544880046,0.271569649431205,0.524343923891565,0.499187035354717,"KAT5",1,"BP",0.00641025641025641,0.00202073916511566
"BP","GO:0070316","regulation of G0 to G1 transition","1/156","38/18805",0.0263157894736842,3.1722334682861,1.22591544880046,0.271569649431205,0.524343923891565,0.499187035354717,"SMARCC2",1,"BP",0.00641025641025641,0.00202073916511566
"BP","GO:0071404","cellular response to low-density lipoprotein particle stimulus","1/156","38/18805",0.0263157894736842,3.1722334682861,1.22591544880046,0.271569649431205,0.524343923891565,0.499187035354717,"LDLR",1,"BP",0.00641025641025641,0.00202073916511566
"BP","GO:0071711","basement membrane organization","1/156","38/18805",0.0263157894736842,3.1722334682861,1.22591544880046,0.271569649431205,0.524343923891565,0.499187035354717,"FERMT1",1,"BP",0.00641025641025641,0.00202073916511566
"BP","GO:1900181","negative regulation of protein localization to nucleus","1/156","38/18805",0.0263157894736842,3.1722334682861,1.22591544880046,0.271569649431205,0.524343923891565,0.499187035354717,"FERMT1",1,"BP",0.00641025641025641,0.00202073916511566
"BP","GO:1902229","regulation of intrinsic apoptotic signaling pathway in response to DNA damage","1/156","38/18805",0.0263157894736842,3.1722334682861,1.22591544880046,0.271569649431205,0.524343923891565,0.499187035354717,"TRIM32",1,"BP",0.00641025641025641,0.00202073916511566
"BP","GO:1902410","mitotic cytokinetic process","1/156","38/18805",0.0263157894736842,3.1722334682861,1.22591544880046,0.271569649431205,0.524343923891565,0.499187035354717,"EXOC7",1,"BP",0.00641025641025641,0.00202073916511566
"BP","GO:0046634","regulation of alpha-beta T cell activation","2/156","123/18805",0.016260162601626,1.96007921617678,0.977029295653731,0.271775734867586,0.524343923891565,0.499187035354717,"SLC4A2/EP300",2,"BP",0.0128205128205128,0.00654081361340069
"BP","GO:0050000","chromosome localization","2/156","123/18805",0.016260162601626,1.96007921617678,0.977029295653731,0.271775734867586,0.524343923891565,0.499187035354717,"KAT5/KPNB1",2,"BP",0.0128205128205128,0.00654081361340069
"BP","GO:0060348","bone development","3/156","219/18805",0.0136986301369863,1.65129961362838,0.886685399997727,0.273355394290344,0.526963523895753,0.501680952610782,"EVC/CCDC154/ATG9A",3,"BP",0.0192307692307692,0.0116458388726403
"BP","GO:0015749","monosaccharide transmembrane transport","2/156","124/18805",0.0161290322580645,1.94427212572374,0.96486732220414,0.274849630190329,0.528985309320933,0.503605737139663,"HK2/IRS1",2,"BP",0.0128205128205128,0.0065939909598511
"BP","GO:0019079","viral genome replication","2/156","124/18805",0.0161290322580645,1.94427212572374,0.96486732220414,0.274849630190329,0.528985309320933,0.503605737139663,"OAS3/DDX3X",2,"BP",0.0128205128205128,0.0065939909598511
"BP","GO:0007031","peroxisome organization","1/156","39/18805",0.0256410256410256,3.09089414858646,1.1954685097871,0.277624700035389,0.529612183629398,0.504202535373273,"PEX10",1,"BP",0.00641025641025641,0.00207391651156607
"BP","GO:0017158","regulation of calcium ion-dependent exocytosis","1/156","39/18805",0.0256410256410256,3.09089414858646,1.1954685097871,0.277624700035389,0.529612183629398,0.504202535373273,"ADRA2A",1,"BP",0.00641025641025641,0.00207391651156607
"BP","GO:0032438","melanosome organization","1/156","39/18805",0.0256410256410256,3.09089414858646,1.1954685097871,0.277624700035389,0.529612183629398,0.504202535373273,"HPS3",1,"BP",0.00641025641025641,0.00207391651156607
"BP","GO:0033280","response to vitamin D","1/156","39/18805",0.0256410256410256,3.09089414858646,1.1954685097871,0.277624700035389,0.529612183629398,0.504202535373273,"TNC",1,"BP",0.00641025641025641,0.00207391651156607
"BP","GO:0034367","protein-containing complex remodeling","1/156","39/18805",0.0256410256410256,3.09089414858646,1.1954685097871,0.277624700035389,0.529612183629398,0.504202535373273,"PCSK6",1,"BP",0.00641025641025641,0.00207391651156607
"BP","GO:0034389","lipid droplet organization","1/156","39/18805",0.0256410256410256,3.09089414858646,1.1954685097871,0.277624700035389,0.529612183629398,0.504202535373273,"KAT5",1,"BP",0.00641025641025641,0.00207391651156607
"BP","GO:0048741","skeletal muscle fiber development","1/156","39/18805",0.0256410256410256,3.09089414858646,1.1954685097871,0.277624700035389,0.529612183629398,0.504202535373273,"SPG11",1,"BP",0.00641025641025641,0.00207391651156607
"BP","GO:0055094","response to lipoprotein particle","1/156","39/18805",0.0256410256410256,3.09089414858646,1.1954685097871,0.277624700035389,0.529612183629398,0.504202535373273,"LDLR",1,"BP",0.00641025641025641,0.00207391651156607
"BP","GO:0060323","head morphogenesis","1/156","39/18805",0.0256410256410256,3.09089414858646,1.1954685097871,0.277624700035389,0.529612183629398,0.504202535373273,"EP300",1,"BP",0.00641025641025641,0.00207391651156607
"BP","GO:2000316","regulation of T-helper 17 type immune response","1/156","39/18805",0.0256410256410256,3.09089414858646,1.1954685097871,0.277624700035389,0.529612183629398,0.504202535373273,"EP300",1,"BP",0.00641025641025641,0.00207391651156607
"BP","GO:0002064","epithelial cell development","3/156","221/18805",0.0135746606334842,1.63635572572224,0.870334382248993,0.277851276127255,0.529612183629398,0.504202535373273,"BHLHA15/SIPA1L3/PTPRS",3,"BP",0.0192307692307692,0.0117521935655411
"BP","GO:0006643","membrane lipid metabolic process","3/156","221/18805",0.0135746606334842,1.63635572572224,0.870334382248993,0.277851276127255,0.529612183629398,0.504202535373273,"ACER2/CERS6/B4GALT5",3,"BP",0.0192307692307692,0.0117521935655411
"BP","GO:0045216","cell-cell junction organization","3/156","222/18805",0.0135135135135135,1.62898475398475,0.862220488207132,0.280102044246053,0.53208580434487,0.506557477111482,"BHLHA15/DLG5/TLN1",3,"BP",0.0192307692307692,0.0118053709119915
"BP","GO:0062197","cellular response to chemical stress","4/156","323/18805",0.0123839009287926,1.49281574978169,0.817092083990392,0.280460422416629,0.53208580434487,0.506557477111482,"SRXN1/PEX10/VRK2/DDX3X",4,"BP",0.0256410256410256,0.0171762829034831
"BP","GO:0030217","T cell differentiation","4/156","324/18805",0.0123456790123457,1.48820829376385,0.810726876415577,0.282306616870411,0.53208580434487,0.506557477111482,"SMARCC2/SLC4A2/KAT5/EP300",4,"BP",0.0256410256410256,0.0172294602499335
"BP","GO:0032868","response to insulin","4/156","324/18805",0.0123456790123457,1.48820829376385,0.810726876415577,0.282306616870411,0.53208580434487,0.506557477111482,"RAB8A/SHC1/DENND4C/IRS1",4,"BP",0.0256410256410256,0.0172294602499335
"BP","GO:0009755","hormone-mediated signaling pathway","3/156","223/18805",0.0134529147982063,1.62167988961711,0.854147095564031,0.282354574106515,0.53208580434487,0.506557477111482,"CNOT1/KDM3A/EP300",3,"BP",0.0192307692307692,0.0118585482584419
"BP","GO:0033674","positive regulation of kinase activity","3/156","223/18805",0.0134529147982063,1.62167988961711,0.854147095564031,0.282354574106515,0.53208580434487,0.506557477111482,"ADRA2A/ADAM9/DDX3X",3,"BP",0.0192307692307692,0.0118585482584419
"BP","GO:0001953","negative regulation of cell-matrix adhesion","1/156","40/18805",0.025,3.01362179487179,1.16598579761112,0.283629738231834,0.53208580434487,0.506557477111482,"ACER2",1,"BP",0.00641025641025641,0.00212709385801649
"BP","GO:0006688","glycosphingolipid biosynthetic process","1/156","40/18805",0.025,3.01362179487179,1.16598579761112,0.283629738231834,0.53208580434487,0.506557477111482,"B4GALT5",1,"BP",0.00641025641025641,0.00212709385801649
"BP","GO:0009167","purine ribonucleoside monophosphate metabolic process","1/156","40/18805",0.025,3.01362179487179,1.16598579761112,0.283629738231834,0.53208580434487,0.506557477111482,"NT5C2",1,"BP",0.00641025641025641,0.00212709385801649
"BP","GO:0010591","regulation of lamellipodium assembly","1/156","40/18805",0.025,3.01362179487179,1.16598579761112,0.283629738231834,0.53208580434487,0.506557477111482,"PLXNB3",1,"BP",0.00641025641025641,0.00212709385801649
"BP","GO:0016266","O-glycan processing","1/156","40/18805",0.025,3.01362179487179,1.16598579761112,0.283629738231834,0.53208580434487,0.506557477111482,"B4GALT5",1,"BP",0.00641025641025641,0.00212709385801649
"BP","GO:0032885","regulation of polysaccharide biosynthetic process","1/156","40/18805",0.025,3.01362179487179,1.16598579761112,0.283629738231834,0.53208580434487,0.506557477111482,"IRS1",1,"BP",0.00641025641025641,0.00212709385801649
"BP","GO:0045023","G0 to G1 transition","1/156","40/18805",0.025,3.01362179487179,1.16598579761112,0.283629738231834,0.53208580434487,0.506557477111482,"SMARCC2",1,"BP",0.00641025641025641,0.00212709385801649
"BP","GO:0045745","positive regulation of G protein-coupled receptor signaling pathway","1/156","40/18805",0.025,3.01362179487179,1.16598579761112,0.283629738231834,0.53208580434487,0.506557477111482,"PRMT5",1,"BP",0.00641025641025641,0.00212709385801649
"BP","GO:0045923","positive regulation of fatty acid metabolic process","1/156","40/18805",0.025,3.01362179487179,1.16598579761112,0.283629738231834,0.53208580434487,0.506557477111482,"IRS1",1,"BP",0.00641025641025641,0.00212709385801649
"BP","GO:0048753","pigment granule organization","1/156","40/18805",0.025,3.01362179487179,1.16598579761112,0.283629738231834,0.53208580434487,0.506557477111482,"HPS3",1,"BP",0.00641025641025641,0.00212709385801649
"BP","GO:0051693","actin filament capping","1/156","40/18805",0.025,3.01362179487179,1.16598579761112,0.283629738231834,0.53208580434487,0.506557477111482,"SPTBN2",1,"BP",0.00641025641025641,0.00212709385801649
"BP","GO:0070873","regulation of glycogen metabolic process","1/156","40/18805",0.025,3.01362179487179,1.16598579761112,0.283629738231834,0.53208580434487,0.506557477111482,"IRS1",1,"BP",0.00641025641025641,0.00212709385801649
"BP","GO:0090659","walking behavior","1/156","40/18805",0.025,3.01362179487179,1.16598579761112,0.283629738231834,0.53208580434487,0.506557477111482,"SPG11",1,"BP",0.00641025641025641,0.00212709385801649
"BP","GO:1901223","negative regulation of non-canonical NF-kappaB signal transduction","1/156","40/18805",0.025,3.01362179487179,1.16598579761112,0.283629738231834,0.53208580434487,0.506557477111482,"DDX3X",1,"BP",0.00641025641025641,0.00212709385801649
"BP","GO:0010810","regulation of cell-substrate adhesion","3/156","224/18805",0.0133928571428571,1.61444024725275,0.846113781131826,0.284608774184843,0.53350105658169,0.507904828603865,"ACER2/TLN1/FERMT1",3,"BP",0.0192307692307692,0.0119117256048923
"BP","GO:0030162","regulation of proteolysis","5/156","430/18805",0.0116279069767442,1.40168455575432,0.770664464199097,0.285953430364031,0.533997164698081,0.508377134524755,"ADRA2A/ADAM9/PKD1/TRIM32/CSNK1A1",5,"BP",0.032051282051282,0.0228662589736772
"BP","GO:0009101","glycoprotein biosynthetic process","4/156","326/18805",0.0122699386503067,1.47907818153217,0.798060113607604,0.286004737511877,0.533997164698081,0.508377134524755,"ACER2/POMK/B4GALT5/ALG12",4,"BP",0.0256410256410256,0.0173358149428344
"BP","GO:0099111","microtubule-based transport","3/156","226/18805",0.0132743362831858,1.60015316541865,0.830165725968397,0.28912182199753,0.533997164698081,0.508377134524755,"FYCO1/SPG11/TUB",3,"BP",0.0192307692307692,0.0120180802977931
"BP","GO:0010526","transposable element silencing","1/156","41/18805",0.024390243902439,2.94011882426517,1.13741039143538,0.289585174460762,0.533997164698081,0.508377134524755,"MORC2",1,"BP",0.00641025641025641,0.0021802712044669
"BP","GO:0018279","protein N-linked glycosylation via asparagine","1/156","41/18805",0.024390243902439,2.94011882426517,1.13741039143538,0.289585174460762,0.533997164698081,0.508377134524755,"ALG12",1,"BP",0.00641025641025641,0.0021802712044669
"BP","GO:0032790","ribosome disassembly","1/156","41/18805",0.024390243902439,2.94011882426517,1.13741039143538,0.289585174460762,0.533997164698081,0.508377134524755,"NEMF",1,"BP",0.00641025641025641,0.0021802712044669
"BP","GO:0035337","fatty-acyl-CoA metabolic process","1/156","41/18805",0.024390243902439,2.94011882426517,1.13741039143538,0.289585174460762,0.533997164698081,0.508377134524755,"ACACA",1,"BP",0.00641025641025641,0.0021802712044669
"BP","GO:0042307","positive regulation of protein import into nucleus","1/156","41/18805",0.024390243902439,2.94011882426517,1.13741039143538,0.289585174460762,0.533997164698081,0.508377134524755,"EP300",1,"BP",0.00641025641025641,0.0021802712044669
"BP","GO:0050919","negative chemotaxis","1/156","41/18805",0.024390243902439,2.94011882426517,1.13741039143538,0.289585174460762,0.533997164698081,0.508377134524755,"SEMA3G",1,"BP",0.00641025641025641,0.0021802712044669
"BP","GO:0062098","regulation of programmed necrotic cell death","1/156","41/18805",0.024390243902439,2.94011882426517,1.13741039143538,0.289585174460762,0.533997164698081,0.508377134524755,"RNF31",1,"BP",0.00641025641025641,0.0021802712044669
"BP","GO:0071459","protein localization to chromosome, centromeric region","1/156","41/18805",0.024390243902439,2.94011882426517,1.13741039143538,0.289585174460762,0.533997164698081,0.508377134524755,"HASPIN",1,"BP",0.00641025641025641,0.0021802712044669
"BP","GO:0072210","metanephric nephron development","1/156","41/18805",0.024390243902439,2.94011882426517,1.13741039143538,0.289585174460762,0.533997164698081,0.508377134524755,"PKD1",1,"BP",0.00641025641025641,0.0021802712044669
"BP","GO:0072539","T-helper 17 cell differentiation","1/156","41/18805",0.024390243902439,2.94011882426517,1.13741039143538,0.289585174460762,0.533997164698081,0.508377134524755,"EP300",1,"BP",0.00641025641025641,0.0021802712044669
"BP","GO:1990806","ligand-gated ion channel signaling pathway","1/156","41/18805",0.024390243902439,2.94011882426517,1.13741039143538,0.289585174460762,0.533997164698081,0.508377134524755,"GRIN3A",1,"BP",0.00641025641025641,0.0021802712044669
"BP","GO:0007159","leukocyte cell-cell adhesion","5/156","433/18805",0.0115473441108545,1.39197311541422,0.75471269705145,0.290765955501307,0.533997164698081,0.508377134524755,"DLG5/SMARCC2/SLC4A2/KAT5/EP300",5,"BP",0.032051282051282,0.0230257910130285
"BP","GO:0006457","protein folding","3/156","227/18805",0.013215859030837,1.59310403253135,0.822250170308847,0.291380489788761,0.533997164698081,0.508377134524755,"DNAJB1/HSPA4/ALG12",3,"BP",0.0192307692307692,0.0120712576442436
"BP","GO:0016485","protein processing","3/156","227/18805",0.013215859030837,1.59310403253135,0.822250170308847,0.291380489788761,0.533997164698081,0.508377134524755,"BCHE/ADAM9/PCSK6",3,"BP",0.0192307692307692,0.0120712576442436
"BP","GO:0050866","negative regulation of cell activation","3/156","227/18805",0.013215859030837,1.59310403253135,0.822250170308847,0.291380489788761,0.533997164698081,0.508377134524755,"DLG5/LDLR/SLC4A2",3,"BP",0.0192307692307692,0.0120712576442436
"BP","GO:0090092","regulation of transmembrane receptor protein serine/threonine kinase signaling pathway","4/156","329/18805",0.0121580547112462,1.46559114644221,0.779216843114705,0.291565470069478,0.533997164698081,0.508377134524755,"BCL9L/FERMT1/PCSK6/EP300",4,"BP",0.0256410256410256,0.0174953469821856
"BP","GO:0002824","positive regulation of adaptive immune response based on somatic recombination of immune receptors built from immunoglobulin superfamily domains","2/156","130/18805",0.0153846153846154,1.85453648915187,0.894193747726391,0.293274420318926,0.533997164698081,0.508377134524755,"ULBP3/EP300",2,"BP",0.0128205128205128,0.00691305503855358
"BP","GO:0021987","cerebral cortex development","2/156","130/18805",0.0153846153846154,1.85453648915187,0.894193747726391,0.293274420318926,0.533997164698081,0.508377134524755,"CCDC85C/PTPRS",2,"BP",0.0128205128205128,0.00691305503855358
"BP","GO:0043271","negative regulation of monoatomic ion transport","2/156","130/18805",0.0153846153846154,1.85453648915187,0.894193747726391,0.293274420318926,0.533997164698081,0.508377134524755,"ADRA2A/PRKG2",2,"BP",0.0128205128205128,0.00691305503855358
"BP","GO:0097193","intrinsic apoptotic signaling pathway","4/156","330/18805",0.0121212121212121,1.46114996114996,0.772976994858538,0.293422455135798,0.533997164698081,0.508377134524755,"TAF6/TRIM32/EP300/DDX3X",4,"BP",0.0256410256410256,0.017548524328636
"BP","GO:0000578","embryonic axis specification","1/156","42/18805",0.0238095238095238,2.870115995116,1.10969006192775,0.295491415815703,0.533997164698081,0.508377134524755,"PCSK6",1,"BP",0.00641025641025641,0.00223344855091731
"BP","GO:0002360","T cell lineage commitment","1/156","42/18805",0.0238095238095238,2.870115995116,1.10969006192775,0.295491415815703,0.533997164698081,0.508377134524755,"EP300",1,"BP",0.00641025641025641,0.00223344855091731
"BP","GO:0006476","protein deacetylation","1/156","42/18805",0.0238095238095238,2.870115995116,1.10969006192775,0.295491415815703,0.533997164698081,0.508377134524755,"EP300",1,"BP",0.00641025641025641,0.00223344855091731
"BP","GO:0006479","protein methylation","1/156","42/18805",0.0238095238095238,2.870115995116,1.10969006192775,0.295491415815703,0.533997164698081,0.508377134524755,"PRMT5",1,"BP",0.00641025641025641,0.00223344855091731
"BP","GO:0008213","protein alkylation","1/156","42/18805",0.0238095238095238,2.870115995116,1.10969006192775,0.295491415815703,0.533997164698081,0.508377134524755,"PRMT5",1,"BP",0.00641025641025641,0.00223344855091731
"BP","GO:0009126","purine nucleoside monophosphate metabolic process","1/156","42/18805",0.0238095238095238,2.870115995116,1.10969006192775,0.295491415815703,0.533997164698081,0.508377134524755,"NT5C2",1,"BP",0.00641025641025641,0.00223344855091731
"BP","GO:0009394","2'-deoxyribonucleotide metabolic process","1/156","42/18805",0.0238095238095238,2.870115995116,1.10969006192775,0.295491415815703,0.533997164698081,0.508377134524755,"NT5C2",1,"BP",0.00641025641025641,0.00223344855091731
"BP","GO:0019933","cAMP-mediated signaling","1/156","42/18805",0.0238095238095238,2.870115995116,1.10969006192775,0.295491415815703,0.533997164698081,0.508377134524755,"CAP1",1,"BP",0.00641025641025641,0.00223344855091731
"BP","GO:0032509","endosome transport via multivesicular body sorting pathway","1/156","42/18805",0.0238095238095238,2.870115995116,1.10969006192775,0.295491415815703,0.533997164698081,0.508377134524755,"HGS",1,"BP",0.00641025641025641,0.00223344855091731
"BP","GO:0035330","regulation of hippo signaling","1/156","42/18805",0.0238095238095238,2.870115995116,1.10969006192775,0.295491415815703,0.533997164698081,0.508377134524755,"DLG5",1,"BP",0.00641025641025641,0.00223344855091731
"BP","GO:0036297","interstrand cross-link repair","1/156","42/18805",0.0238095238095238,2.870115995116,1.10969006192775,0.295491415815703,0.533997164698081,0.508377134524755,"FAN1",1,"BP",0.00641025641025641,0.00223344855091731
"BP","GO:0043903","regulation of biological process involved in symbiotic interaction","1/156","42/18805",0.0238095238095238,2.870115995116,1.10969006192775,0.295491415815703,0.533997164698081,0.508377134524755,"EXOC7",1,"BP",0.00641025641025641,0.00223344855091731
"BP","GO:0044319","wound healing, spreading of cells","1/156","42/18805",0.0238095238095238,2.870115995116,1.10969006192775,0.295491415815703,0.533997164698081,0.508377134524755,"FERMT1",1,"BP",0.00641025641025641,0.00223344855091731
"BP","GO:0045066","regulatory T cell differentiation","1/156","42/18805",0.0238095238095238,2.870115995116,1.10969006192775,0.295491415815703,0.533997164698081,0.508377134524755,"KAT5",1,"BP",0.00641025641025641,0.00223344855091731
"BP","GO:0046427","positive regulation of receptor signaling pathway via JAK-STAT","1/156","42/18805",0.0238095238095238,2.870115995116,1.10969006192775,0.295491415815703,0.533997164698081,0.508377134524755,"EP300",1,"BP",0.00641025641025641,0.00223344855091731
"BP","GO:0046461","neutral lipid catabolic process","1/156","42/18805",0.0238095238095238,2.870115995116,1.10969006192775,0.295491415815703,0.533997164698081,0.508377134524755,"DAGLA",1,"BP",0.00641025641025641,0.00223344855091731
"BP","GO:0046464","acylglycerol catabolic process","1/156","42/18805",0.0238095238095238,2.870115995116,1.10969006192775,0.295491415815703,0.533997164698081,0.508377134524755,"DAGLA",1,"BP",0.00641025641025641,0.00223344855091731
"BP","GO:0050433","regulation of catecholamine secretion","1/156","42/18805",0.0238095238095238,2.870115995116,1.10969006192775,0.295491415815703,0.533997164698081,0.508377134524755,"ADRA2A",1,"BP",0.00641025641025641,0.00223344855091731
"BP","GO:0051154","negative regulation of striated muscle cell differentiation","1/156","42/18805",0.0238095238095238,2.870115995116,1.10969006192775,0.295491415815703,0.533997164698081,0.508377134524755,"BHLHA15",1,"BP",0.00641025641025641,0.00223344855091731
"BP","GO:0090505","epiboly involved in wound healing","1/156","42/18805",0.0238095238095238,2.870115995116,1.10969006192775,0.295491415815703,0.533997164698081,0.508377134524755,"FERMT1",1,"BP",0.00641025641025641,0.00223344855091731
"BP","GO:0099563","modification of synaptic structure","1/156","42/18805",0.0238095238095238,2.870115995116,1.10969006192775,0.295491415815703,0.533997164698081,0.508377134524755,"CAP1",1,"BP",0.00641025641025641,0.00223344855091731
"BP","GO:1901532","regulation of hematopoietic progenitor cell differentiation","1/156","42/18805",0.0238095238095238,2.870115995116,1.10969006192775,0.295491415815703,0.533997164698081,0.508377134524755,"KAT5",1,"BP",0.00641025641025641,0.00223344855091731
"BP","GO:2000008","regulation of protein localization to cell surface","1/156","42/18805",0.0238095238095238,2.870115995116,1.10969006192775,0.295491415815703,0.533997164698081,0.508377134524755,"TM9SF4",1,"BP",0.00641025641025641,0.00223344855091731
"BP","GO:1903706","regulation of hemopoiesis","5/156","436/18805",0.0114678899082569,1.38239531874853,0.738877940228815,0.29559334348145,0.533997164698081,0.508377134524755,"SMARCC2/SLC4A2/KAT5/EP300/KLF13",5,"BP",0.032051282051282,0.0231853230523797
"BP","GO:0006888","endoplasmic reticulum to Golgi vesicle-mediated transport","2/156","131/18805",0.0152671755725191,1.84037972205911,0.882779381556032,0.296340321293504,0.533997164698081,0.508377134524755,"SEC24C/STX17",2,"BP",0.0128205128205128,0.00696623238500399
"BP","GO:0010977","negative regulation of neuron projection development","2/156","131/18805",0.0152671755725191,1.84037972205911,0.882779381556032,0.296340321293504,0.533997164698081,0.508377134524755,"SEMA3G/PTPRS",2,"BP",0.0128205128205128,0.00696623238500399
"BP","GO:0034502","protein localization to chromosome","2/156","131/18805",0.0152671755725191,1.84037972205911,0.882779381556032,0.296340321293504,0.533997164698081,0.508377134524755,"GNL3L/HASPIN",2,"BP",0.0128205128205128,0.00696623238500399
"BP","GO:0045471","response to ethanol","2/156","131/18805",0.0152671755725191,1.84037972205911,0.882779381556032,0.296340321293504,0.533997164698081,0.508377134524755,"GRIN3A/TNC",2,"BP",0.0128205128205128,0.00696623238500399
"BP","GO:0098661","inorganic anion transmembrane transport","2/156","132/18805",0.0151515151515152,1.82643745143745,0.871464203707401,0.299404327881208,0.535305577350554,0.509622772365203,"SLC4A2/SLC26A1",2,"BP",0.0128205128205128,0.0070194097314544
"BP","GO:0007286","spermatid development","3/156","231/18805",0.012987012987013,1.56551781551782,0.790968533005808,0.300427383395136,0.535305577350554,0.509622772365203,"AFF4/KDM3A/KAT5",3,"BP",0.0192307692307692,0.0122839670300452
"BP","GO:0051336","regulation of hydrolase activity","4/156","334/18805",0.0119760479041916,1.44365115922002,0.74821997085376,0.300866070055313,0.535305577350554,0.509622772365203,"RGP1/OAS3/PLXNB3/RALGAPA2",4,"BP",0.0256410256410256,0.0177612337144376
"BP","GO:0001662","behavioral fear response","1/156","43/18805",0.0232558139534884,2.80336911150865,1.08277678208647,0.301348866070607,0.535305577350554,0.509622772365203,"GRPR",1,"BP",0.00641025641025641,0.00228662589736772
"BP","GO:0006346","DNA methylation-dependent constitutive heterochromatin formation","1/156","43/18805",0.0232558139534884,2.80336911150865,1.08277678208647,0.301348866070607,0.535305577350554,0.509622772365203,"BAZ2A",1,"BP",0.00641025641025641,0.00228662589736772
"BP","GO:0007595","lactation","1/156","43/18805",0.0232558139534884,2.80336911150865,1.08277678208647,0.301348866070607,0.535305577350554,0.509622772365203,"HK2",1,"BP",0.00641025641025641,0.00228662589736772
"BP","GO:0009262","deoxyribonucleotide metabolic process","1/156","43/18805",0.0232558139534884,2.80336911150865,1.08277678208647,0.301348866070607,0.535305577350554,0.509622772365203,"NT5C2",1,"BP",0.00641025641025641,0.00228662589736772
"BP","GO:0014904","myotube cell development","1/156","43/18805",0.0232558139534884,2.80336911150865,1.08277678208647,0.301348866070607,0.535305577350554,0.509622772365203,"SPG11",1,"BP",0.00641025641025641,0.00228662589736772
"BP","GO:0019692","deoxyribose phosphate metabolic process","1/156","43/18805",0.0232558139534884,2.80336911150865,1.08277678208647,0.301348866070607,0.535305577350554,0.509622772365203,"NT5C2",1,"BP",0.00641025641025641,0.00228662589736772
"BP","GO:0032197","retrotransposition","1/156","43/18805",0.0232558139534884,2.80336911150865,1.08277678208647,0.301348866070607,0.535305577350554,0.509622772365203,"MORC2",1,"BP",0.00641025641025641,0.00228662589736772
"BP","GO:0043268","positive regulation of potassium ion transport","1/156","43/18805",0.0232558139534884,2.80336911150865,1.08277678208647,0.301348866070607,0.535305577350554,0.509622772365203,"ADRA2A",1,"BP",0.00641025641025641,0.00228662589736772
"BP","GO:0043277","apoptotic cell clearance","1/156","43/18805",0.0232558139534884,2.80336911150865,1.08277678208647,0.301348866070607,0.535305577350554,0.509622772365203,"SPG11",1,"BP",0.00641025641025641,0.00228662589736772
"BP","GO:0044058","regulation of digestive system process","1/156","43/18805",0.0232558139534884,2.80336911150865,1.08277678208647,0.301348866070607,0.535305577350554,0.509622772365203,"EPB41",1,"BP",0.00641025641025641,0.00228662589736772
"BP","GO:0045124","regulation of bone resorption","1/156","43/18805",0.0232558139534884,2.80336911150865,1.08277678208647,0.301348866070607,0.535305577350554,0.509622772365203,"SLC4A2",1,"BP",0.00641025641025641,0.00228662589736772
"BP","GO:0046640","regulation of alpha-beta T cell proliferation","1/156","43/18805",0.0232558139534884,2.80336911150865,1.08277678208647,0.301348866070607,0.535305577350554,0.509622772365203,"SLC4A2",1,"BP",0.00641025641025641,0.00228662589736772
"BP","GO:0050913","sensory perception of bitter taste","1/156","43/18805",0.0232558139534884,2.80336911150865,1.08277678208647,0.301348866070607,0.535305577350554,0.509622772365203,"ITPR3",1,"BP",0.00641025641025641,0.00228662589736772
"BP","GO:0090114","COPII-coated vesicle budding","1/156","43/18805",0.0232558139534884,2.80336911150865,1.08277678208647,0.301348866070607,0.535305577350554,0.509622772365203,"SEC24C",1,"BP",0.00641025641025641,0.00228662589736772
"BP","GO:0090504","epiboly","1/156","43/18805",0.0232558139534884,2.80336911150865,1.08277678208647,0.301348866070607,0.535305577350554,0.509622772365203,"FERMT1",1,"BP",0.00641025641025641,0.00228662589736772
"BP","GO:1905168","positive regulation of double-strand break repair via homologous recombination","1/156","43/18805",0.0232558139534884,2.80336911150865,1.08277678208647,0.301348866070607,0.535305577350554,0.509622772365203,"KAT5",1,"BP",0.00641025641025641,0.00228662589736772
"BP","GO:0048588","developmental cell growth","3/156","232/18805",0.0129310344827586,1.5587698938992,0.783241350638433,0.302691725102114,0.537289123406219,0.511511152166896,"SEMA3G/SPG11/PTPRS",3,"BP",0.0192307692307692,0.0123371443764956
"BP","GO:0045926","negative regulation of growth","3/156","233/18805",0.0128755364806867,1.55207989435457,0.77555071089013,0.304956941422267,0.540496440622477,0.514564589233055,"SEMA3G/PTPRS/DDX3X",3,"BP",0.0192307692307692,0.012390321722946
"BP","GO:0022409","positive regulation of cell-cell adhesion","4/156","337/18805",0.0118694362017804,1.43079966522103,0.729860769373234,0.306463822354508,0.540496440622477,0.514564589233055,"SMARCC2/KAT5/MYO10/EP300",4,"BP",0.0256410256410256,0.0179207657537889
"BP","GO:0010828","positive regulation of D-glucose transmembrane transport","1/156","44/18805",0.0227272727272727,2.73965617715618,1.05662629919204,0.307157925706732,0.540496440622477,0.514564589233055,"IRS1",1,"BP",0.00641025641025641,0.00233980324381813
"BP","GO:0014002","astrocyte development","1/156","44/18805",0.0227272727272727,2.73965617715618,1.05662629919204,0.307157925706732,0.540496440622477,0.514564589233055,"LDLR",1,"BP",0.00641025641025641,0.00233980324381813
"BP","GO:0030835","negative regulation of actin filament depolymerization","1/156","44/18805",0.0227272727272727,2.73965617715618,1.05662629919204,0.307157925706732,0.540496440622477,0.514564589233055,"SPTBN2",1,"BP",0.00641025641025641,0.00233980324381813
"BP","GO:0045494","photoreceptor cell maintenance","1/156","44/18805",0.0227272727272727,2.73965617715618,1.05662629919204,0.307157925706732,0.540496440622477,0.514564589233055,"TUB",1,"BP",0.00641025641025641,0.00233980324381813
"BP","GO:0046627","negative regulation of insulin receptor signaling pathway","1/156","44/18805",0.0227272727272727,2.73965617715618,1.05662629919204,0.307157925706732,0.540496440622477,0.514564589233055,"IRS1",1,"BP",0.00641025641025641,0.00233980324381813
"BP","GO:0051084","'de novo' post-translational protein folding","1/156","44/18805",0.0227272727272727,2.73965617715618,1.05662629919204,0.307157925706732,0.540496440622477,0.514564589233055,"DNAJB1",1,"BP",0.00641025641025641,0.00233980324381813
"BP","GO:0060236","regulation of mitotic spindle organization","1/156","44/18805",0.0227272727272727,2.73965617715618,1.05662629919204,0.307157925706732,0.540496440622477,0.514564589233055,"PKD1",1,"BP",0.00641025641025641,0.00233980324381813
"BP","GO:0072595","maintenance of protein localization in organelle","1/156","44/18805",0.0227272727272727,2.73965617715618,1.05662629919204,0.307157925706732,0.540496440622477,0.514564589233055,"HK2",1,"BP",0.00641025641025641,0.00233980324381813
"BP","GO:0002244","hematopoietic progenitor cell differentiation","2/156","135/18805",0.0148148148148148,1.78584995251662,0.838096452729901,0.308583210287873,0.540496440622477,0.514564589233055,"SIPA1L3/KAT5",2,"BP",0.0128205128205128,0.00717894177080564
"BP","GO:0002832","negative regulation of response to biotic stimulus","2/156","135/18805",0.0148148148148148,1.78584995251662,0.838096452729901,0.308583210287873,0.540496440622477,0.514564589233055,"NT5C2/OAS3",2,"BP",0.0128205128205128,0.00717894177080564
"BP","GO:0007052","mitotic spindle organization","2/156","135/18805",0.0148148148148148,1.78584995251662,0.838096452729901,0.308583210287873,0.540496440622477,0.514564589233055,"PKD1/KPNB1",2,"BP",0.0128205128205128,0.00717894177080564
"BP","GO:0021782","glial cell development","2/156","135/18805",0.0148148148148148,1.78584995251662,0.838096452729901,0.308583210287873,0.540496440622477,0.514564589233055,"LDLR/B4GALT5",2,"BP",0.0128205128205128,0.00717894177080564
"BP","GO:0007005","mitochondrion organization","5/156","445/18805",0.0112359550561798,1.35443676174013,0.692057330267483,0.310155652141974,0.540496440622477,0.514564589233055,"SQSTM1/HK2/DNAJC11/HSPA4/EP300",5,"BP",0.032051282051282,0.0236639191704334
"BP","GO:0002821","positive regulation of adaptive immune response","2/156","136/18805",0.0147058823529412,1.77271870286576,0.82716089854802,0.311637883418944,0.540496440622477,0.514564589233055,"ULBP3/EP300",2,"BP",0.0128205128205128,0.00723211911725605
"BP","GO:0034219","carbohydrate transmembrane transport","2/156","136/18805",0.0147058823529412,1.77271870286576,0.82716089854802,0.311637883418944,0.540496440622477,0.514564589233055,"HK2/IRS1",2,"BP",0.0128205128205128,0.00723211911725605
"BP","GO:0044409","symbiont entry into host","2/156","136/18805",0.0147058823529412,1.77271870286576,0.82716089854802,0.311637883418944,0.540496440622477,0.514564589233055,"EXOC7/LDLR",2,"BP",0.0128205128205128,0.00723211911725605
"BP","GO:0045931","positive regulation of mitotic cell cycle","2/156","136/18805",0.0147058823529412,1.77271870286576,0.82716089854802,0.311637883418944,0.540496440622477,0.514564589233055,"USP22/DDX3X",2,"BP",0.0128205128205128,0.00723211911725605
"BP","GO:0050868","negative regulation of T cell activation","2/156","136/18805",0.0147058823529412,1.77271870286576,0.82716089854802,0.311637883418944,0.540496440622477,0.514564589233055,"DLG5/SLC4A2",2,"BP",0.0128205128205128,0.00723211911725605
"BP","GO:0051028","mRNA transport","2/156","136/18805",0.0147058823529412,1.77271870286576,0.82716089854802,0.311637883418944,0.540496440622477,0.514564589233055,"POM121/SMG6",2,"BP",0.0128205128205128,0.00723211911725605
"BP","GO:0051384","response to glucocorticoid","2/156","136/18805",0.0147058823529412,1.77271870286576,0.82716089854802,0.311637883418944,0.540496440622477,0.514564589233055,"BCHE/ADAM9",2,"BP",0.0128205128205128,0.00723211911725605
"BP","GO:0002429","immune response-activating cell surface receptor signaling pathway","4/156","340/18805",0.0117647058823529,1.41817496229261,0.711676253397169,0.312072964011765,0.540496440622477,0.514564589233055,"SQSTM1/TRIM32/RNF31/EP300",4,"BP",0.0256410256410256,0.0180802977931401
"BP","GO:1902105","regulation of leukocyte differentiation","4/156","340/18805",0.0117647058823529,1.41817496229261,0.711676253397169,0.312072964011765,0.540496440622477,0.514564589233055,"SMARCC2/SLC4A2/KAT5/EP300",4,"BP",0.0256410256410256,0.0180802977931401
"BP","GO:0000184","nuclear-transcribed mRNA catabolic process, nonsense-mediated decay","1/156","45/18805",0.0222222222222222,2.67877492877493,1.0311977590436,0.312918991939329,0.540496440622477,0.514564589233055,"SMG6",1,"BP",0.00641025641025641,0.00239298059026855
"BP","GO:0001825","blastocyst formation","1/156","45/18805",0.0222222222222222,2.67877492877493,1.0311977590436,0.312918991939329,0.540496440622477,0.514564589233055,"CNOT1",1,"BP",0.00641025641025641,0.00239298059026855
"BP","GO:0007007","inner mitochondrial membrane organization","1/156","45/18805",0.0222222222222222,2.67877492877493,1.0311977590436,0.312918991939329,0.540496440622477,0.514564589233055,"DNAJC11",1,"BP",0.00641025641025641,0.00239298059026855
"BP","GO:0032092","positive regulation of protein binding","1/156","45/18805",0.0222222222222222,2.67877492877493,1.0311977590436,0.312918991939329,0.540496440622477,0.514564589233055,"EPB41",1,"BP",0.00641025641025641,0.00239298059026855
"BP","GO:0032196","transposition","1/156","45/18805",0.0222222222222222,2.67877492877493,1.0311977590436,0.312918991939329,0.540496440622477,0.514564589233055,"MORC2",1,"BP",0.00641025641025641,0.00239298059026855
"BP","GO:0045687","positive regulation of glial cell differentiation","1/156","45/18805",0.0222222222222222,2.67877492877493,1.0311977590436,0.312918991939329,0.540496440622477,0.514564589233055,"PRMT5",1,"BP",0.00641025641025641,0.00239298059026855
"BP","GO:0048713","regulation of oligodendrocyte differentiation","1/156","45/18805",0.0222222222222222,2.67877492877493,1.0311977590436,0.312918991939329,0.540496440622477,0.514564589233055,"PRMT5",1,"BP",0.00641025641025641,0.00239298059026855
"BP","GO:0050691","regulation of defense response to virus by host","1/156","45/18805",0.0222222222222222,2.67877492877493,1.0311977590436,0.312918991939329,0.540496440622477,0.514564589233055,"NT5C2",1,"BP",0.00641025641025641,0.00239298059026855
"BP","GO:0060338","regulation of type I interferon-mediated signaling pathway","1/156","45/18805",0.0222222222222222,2.67877492877493,1.0311977590436,0.312918991939329,0.540496440622477,0.514564589233055,"OAS3",1,"BP",0.00641025641025641,0.00239298059026855
"BP","GO:0060428","lung epithelium development","1/156","45/18805",0.0222222222222222,2.67877492877493,1.0311977590436,0.312918991939329,0.540496440622477,0.514564589233055,"PKD1",1,"BP",0.00641025641025641,0.00239298059026855
"BP","GO:0061001","regulation of dendritic spine morphogenesis","1/156","45/18805",0.0222222222222222,2.67877492877493,1.0311977590436,0.312918991939329,0.540496440622477,0.514564589233055,"IL1RAPL1",1,"BP",0.00641025641025641,0.00239298059026855
"BP","GO:0071402","cellular response to lipoprotein particle stimulus","1/156","45/18805",0.0222222222222222,2.67877492877493,1.0311977590436,0.312918991939329,0.540496440622477,0.514564589233055,"LDLR",1,"BP",0.00641025641025641,0.00239298059026855
"BP","GO:1900077","negative regulation of cellular response to insulin stimulus","1/156","45/18805",0.0222222222222222,2.67877492877493,1.0311977590436,0.312918991939329,0.540496440622477,0.514564589233055,"IRS1",1,"BP",0.00641025641025641,0.00239298059026855
"BP","GO:0030879","mammary gland development","2/156","137/18805",0.0145985401459854,1.7597791502901,0.816316180679233,0.314689799203663,0.542474616141385,0.516447856164741,"HK2/ARHGAP5",2,"BP",0.0128205128205128,0.00728529646370646
"BP","GO:0006163","purine nucleotide metabolic process","5/156","448/18805",0.0111607142857143,1.34536687271062,0.676672422072517,0.315033484221051,0.542474616141385,0.516447856164741,"HK2/PFKP/NT5C2/PFKFB3/EP300",5,"BP",0.032051282051282,0.0238234512097846
"BP","GO:0010975","regulation of neuron projection development","5/156","448/18805",0.0111607142857143,1.34536687271062,0.676672422072517,0.315033484221051,0.542474616141385,0.516447856164741,"PLXNB3/SEMA3G/PTPRS/EP300/IL1RAPL1",5,"BP",0.032051282051282,0.0238234512097846
"BP","GO:0032102","negative regulation of response to external stimulus","5/156","448/18805",0.0111607142857143,1.34536687271062,0.676672422072517,0.315033484221051,0.542474616141385,0.516447856164741,"LDLR/GRIN3A/NT5C2/OAS3/PTPRS",5,"BP",0.032051282051282,0.0238234512097846
"BP","GO:0045739","positive regulation of DNA repair","2/156","138/18805",0.0144927536231884,1.74702712746191,0.805560751618594,0.317738793917346,0.542474616141385,0.516447856164741,"SMARCC2/KAT5",2,"BP",0.0128205128205128,0.00733847381015687
"BP","GO:0046632","alpha-beta T cell differentiation","2/156","138/18805",0.0144927536231884,1.74702712746191,0.805560751618594,0.317738793917346,0.542474616141385,0.516447856164741,"SLC4A2/EP300",2,"BP",0.0128205128205128,0.00733847381015687
"BP","GO:0048515","spermatid differentiation","3/156","239/18805",0.0125523012552301,1.51311554554232,0.73015421357263,0.318561877189372,0.542474616141385,0.516447856164741,"AFF4/KDM3A/KAT5",3,"BP",0.0192307692307692,0.0127093858016485
"BP","GO:0005978","glycogen biosynthetic process","1/156","46/18805",0.0217391304347826,2.62054069119287,1.0064533750828,0.318632458744098,0.542474616141385,0.516447856164741,"IRS1",1,"BP",0.00641025641025641,0.00244615793671896
"BP","GO:0009250","glucan biosynthetic process","1/156","46/18805",0.0217391304347826,2.62054069119287,1.0064533750828,0.318632458744098,0.542474616141385,0.516447856164741,"IRS1",1,"BP",0.00641025641025641,0.00244615793671896
"BP","GO:0010463","mesenchymal cell proliferation","1/156","46/18805",0.0217391304347826,2.62054069119287,1.0064533750828,0.318632458744098,0.542474616141385,0.516447856164741,"ARHGAP5",1,"BP",0.00641025641025641,0.00244615793671896
"BP","GO:0014014","negative regulation of gliogenesis","1/156","46/18805",0.0217391304347826,2.62054069119287,1.0064533750828,0.318632458744098,0.542474616141385,0.516447856164741,"LDLR",1,"BP",0.00641025641025641,0.00244615793671896
"BP","GO:0021587","cerebellum morphogenesis","1/156","46/18805",0.0217391304347826,2.62054069119287,1.0064533750828,0.318632458744098,0.542474616141385,0.516447856164741,"SPTBN2",1,"BP",0.00641025641025641,0.00244615793671896
"BP","GO:0030149","sphingolipid catabolic process","1/156","46/18805",0.0217391304347826,2.62054069119287,1.0064533750828,0.318632458744098,0.542474616141385,0.516447856164741,"ACER2",1,"BP",0.00641025641025641,0.00244615793671896
"BP","GO:0031018","endocrine pancreas development","1/156","46/18805",0.0217391304347826,2.62054069119287,1.0064533750828,0.318632458744098,0.542474616141385,0.516447856164741,"BHLHA15",1,"BP",0.00641025641025641,0.00244615793671896
"BP","GO:0042398","modified amino acid biosynthetic process","1/156","46/18805",0.0217391304347826,2.62054069119287,1.0064533750828,0.318632458744098,0.542474616141385,0.516447856164741,"CHDH",1,"BP",0.00641025641025641,0.00244615793671896
"BP","GO:0045646","regulation of erythrocyte differentiation","1/156","46/18805",0.0217391304347826,2.62054069119287,1.0064533750828,0.318632458744098,0.542474616141385,0.516447856164741,"KLF13",1,"BP",0.00641025641025641,0.00244615793671896
"BP","GO:0046633","alpha-beta T cell proliferation","1/156","46/18805",0.0217391304347826,2.62054069119287,1.0064533750828,0.318632458744098,0.542474616141385,0.516447856164741,"SLC4A2",1,"BP",0.00641025641025641,0.00244615793671896
"BP","GO:0060563","neuroepithelial cell differentiation","1/156","46/18805",0.0217391304347826,2.62054069119287,1.0064533750828,0.318632458744098,0.542474616141385,0.516447856164741,"DLG5",1,"BP",0.00641025641025641,0.00244615793671896
"BP","GO:1901524","regulation of mitophagy","1/156","46/18805",0.0217391304347826,2.62054069119287,1.0064533750828,0.318632458744098,0.542474616141385,0.516447856164741,"HK2",1,"BP",0.00641025641025641,0.00244615793671896
"BP","GO:1903214","regulation of protein targeting to mitochondrion","1/156","46/18805",0.0217391304347826,2.62054069119287,1.0064533750828,0.318632458744098,0.542474616141385,0.516447856164741,"RNF31",1,"BP",0.00641025641025641,0.00244615793671896
"BP","GO:0008360","regulation of cell shape","2/156","139/18805",0.0143884892086331,1.73445858697657,0.794893101787405,0.320784706705614,0.545045281588977,0.518895186638504,"PLXNB3/MYO10",2,"BP",0.0128205128205128,0.00739165115660729
"BP","GO:0051592","response to calcium ion","2/156","139/18805",0.0143884892086331,1.73445858697657,0.794893101787405,0.320784706705614,0.545045281588977,0.518895186638504,"ITPR3/ADAM9",2,"BP",0.0128205128205128,0.00739165115660729
"BP","GO:0015931","nucleobase-containing compound transport","3/156","240/18805",0.0125,1.5068108974359,0.722709451721728,0.320830864699533,0.545045281588977,0.518895186638504,"POM121/SMG6/KPNB1",3,"BP",0.0192307692307692,0.0127625631480989
"BP","GO:0007596","blood coagulation","3/156","241/18805",0.012448132780083,1.50055857006064,0.715298457806501,0.323100062754267,0.547801886627433,0.521519535723313,"ADRA2A/ITPR3/TLN1",3,"BP",0.0192307692307692,0.0128157404945493
"BP","GO:0007200","phospholipase C-activating G protein-coupled receptor signaling pathway","2/156","140/18805",0.0142857142857143,1.7220695970696,0.784311758331877,0.323827379548573,0.547801886627433,0.521519535723313,"GRPR/ADRA2A",2,"BP",0.0128205128205128,0.0074448285030577
"BP","GO:0032388","positive regulation of intracellular transport","2/156","140/18805",0.0142857142857143,1.7220695970696,0.784311758331877,0.323827379548573,0.547801886627433,0.521519535723313,"TM9SF4/EP300",2,"BP",0.0128205128205128,0.0074448285030577
"BP","GO:0061041","regulation of wound healing","2/156","140/18805",0.0142857142857143,1.7220695970696,0.784311758331877,0.323827379548573,0.547801886627433,0.521519535723313,"ADRA2A/FERMT1",2,"BP",0.0128205128205128,0.0074448285030577
"BP","GO:0030261","chromosome condensation","1/156","47/18805",0.0212765957446809,2.56478450627387,0.982358136191527,0.32429871688344,0.547801886627433,0.521519535723313,"SMC4",1,"BP",0.00641025641025641,0.00249933528316937
"BP","GO:0032480","negative regulation of type I interferon production","1/156","47/18805",0.0212765957446809,2.56478450627387,0.982358136191527,0.32429871688344,0.547801886627433,0.521519535723313,"PTPRS",1,"BP",0.00641025641025641,0.00249933528316937
"BP","GO:0042771","intrinsic apoptotic signaling pathway in response to DNA damage by p53 class mediator","1/156","47/18805",0.0212765957446809,2.56478450627387,0.982358136191527,0.32429871688344,0.547801886627433,0.521519535723313,"EP300",1,"BP",0.00641025641025641,0.00249933528316937
"BP","GO:0042789","mRNA transcription by RNA polymerase II","1/156","47/18805",0.0212765957446809,2.56478450627387,0.982358136191527,0.32429871688344,0.547801886627433,0.521519535723313,"TAF6",1,"BP",0.00641025641025641,0.00249933528316937
"BP","GO:0062012","regulation of small molecule metabolic process","4/156","347/18805",0.0115273775216138,1.38956624547403,0.669905251477537,0.325197780596565,0.548930155591217,0.522593672780027,"LDLR/IRS1/EP300/KPNB1",4,"BP",0.0256410256410256,0.018452539218293
"BP","GO:0008643","carbohydrate transport","2/156","141/18805",0.0141843971631206,1.70985633751591,0.773815283968242,0.326866657225387,0.550270367040268,0.523869583779499,"HK2/IRS1",2,"BP",0.0128205128205128,0.00749800584950811
"BP","GO:0042063","gliogenesis","4/156","348/18805",0.0114942528735632,1.38557323902151,0.664011491773765,0.327076250115621,0.550270367040268,0.523869583779499,"PRMT5/LDLR/B4GALT5/PFKFB3",4,"BP",0.0256410256410256,0.0185057165647434
"BP","GO:1903320","regulation of protein modification by small protein conjugation or removal","3/156","243/18805",0.0123456790123457,1.48820829376385,0.700576477841009,0.327638770640628,0.550270367040268,0.523869583779499,"SQSTM1/GNL3L/DDX3X",3,"BP",0.0192307692307692,0.0129220951874501
"BP","GO:0018105","peptidyl-serine phosphorylation","2/156","142/18805",0.0140845070422535,1.69781509570242,0.763402275872197,0.329902387279231,0.550270367040268,0.523869583779499,"PKD1/CSNK1A1",2,"BP",0.0128205128205128,0.00755118319595852
"BP","GO:0001914","regulation of T cell mediated cytotoxicity","1/156","48/18805",0.0208333333333333,2.5113514957265,0.958879547922329,0.329918153932496,0.550270367040268,0.523869583779499,"ULBP3",1,"BP",0.00641025641025641,0.00255251262961978
"BP","GO:0032527","protein exit from endoplasmic reticulum","1/156","48/18805",0.0208333333333333,2.5113514957265,0.958879547922329,0.329918153932496,0.550270367040268,0.523869583779499,"TM9SF4",1,"BP",0.00641025641025641,0.00255251262961978
"BP","GO:0032881","regulation of polysaccharide metabolic process","1/156","48/18805",0.0208333333333333,2.5113514957265,0.958879547922329,0.329918153932496,0.550270367040268,0.523869583779499,"IRS1",1,"BP",0.00641025641025641,0.00255251262961978
"BP","GO:0033120","positive regulation of RNA splicing","1/156","48/18805",0.0208333333333333,2.5113514957265,0.958879547922329,0.329918153932496,0.550270367040268,0.523869583779499,"PRMT5",1,"BP",0.00641025641025641,0.00255251262961978
"BP","GO:0048806","genitalia development","1/156","48/18805",0.0208333333333333,2.5113514957265,0.958879547922329,0.329918153932496,0.550270367040268,0.523869583779499,"PKD1",1,"BP",0.00641025641025641,0.00255251262961978
"BP","GO:0070266","necroptotic process","1/156","48/18805",0.0208333333333333,2.5113514957265,0.958879547922329,0.329918153932496,0.550270367040268,0.523869583779499,"RNF31",1,"BP",0.00641025641025641,0.00255251262961978
"BP","GO:0071985","multivesicular body sorting pathway","1/156","48/18805",0.0208333333333333,2.5113514957265,0.958879547922329,0.329918153932496,0.550270367040268,0.523869583779499,"HGS",1,"BP",0.00641025641025641,0.00255251262961978
"BP","GO:0090224","regulation of spindle organization","1/156","48/18805",0.0208333333333333,2.5113514957265,0.958879547922329,0.329918153932496,0.550270367040268,0.523869583779499,"PKD1",1,"BP",0.00641025641025641,0.00255251262961978
"BP","GO:1900271","regulation of long-term synaptic potentiation","1/156","48/18805",0.0208333333333333,2.5113514957265,0.958879547922329,0.329918153932496,0.550270367040268,0.523869583779499,"SQSTM1",1,"BP",0.00641025641025641,0.00255251262961978
"BP","GO:2000516","positive regulation of CD4-positive, alpha-beta T cell activation","1/156","48/18805",0.0208333333333333,2.5113514957265,0.958879547922329,0.329918153932496,0.550270367040268,0.523869583779499,"EP300",1,"BP",0.00641025641025641,0.00255251262961978
"BP","GO:0030111","regulation of Wnt signaling pathway","4/156","350/18805",0.0114285714285714,1.37765567765568,0.652277895922763,0.330835332137452,0.550270367040268,0.523869583779499,"USP34/CSNK1A1/FERMT1/DDX3X",4,"BP",0.0256410256410256,0.0186120712576442
"BP","GO:0043467","regulation of generation of precursor metabolites and energy","2/156","143/18805",0.013986013986014,1.68594226286534,0.753071364610684,0.332934419982638,0.550270367040268,0.523869583779499,"IRS1/EP300",2,"BP",0.0128205128205128,0.00760436054240893
"BP","GO:0045017","glycerolipid biosynthetic process","3/156","246/18805",0.0121951219512195,1.47005941213258,0.678738785084584,0.334446429327654,0.550270367040268,0.523869583779499,"LDLR/DAGLA/KAT5",3,"BP",0.0192307692307692,0.0130816272268014
"BP","GO:0050817","coagulation","3/156","246/18805",0.0121951219512195,1.47005941213258,0.678738785084584,0.334446429327654,0.550270367040268,0.523869583779499,"ADRA2A/ITPR3/TLN1",3,"BP",0.0192307692307692,0.0130816272268014
"BP","GO:0006310","DNA recombination","4/156","352/18805",0.0113636363636364,1.36982808857809,0.640615407524038,0.334596956550504,0.550270367040268,0.523869583779499,"RECQL/FAN1/RNF169/KAT5",4,"BP",0.0256410256410256,0.0187184259505451
"BP","GO:0021700","developmental maturation","4/156","352/18805",0.0113636363636364,1.36982808857809,0.640615407524038,0.334596956550504,0.550270367040268,0.523869583779499,"BHLHA15/CCDC154/FERMT1/B4GALT5",4,"BP",0.0256410256410256,0.0187184259505451
"BP","GO:0006869","lipid transport","5/156","460/18805",0.0108695652173913,1.31027034559643,0.616197558448289,0.334639917145231,0.550270367040268,0.523869583779499,"VPS52/LDLR/ATG9A/SPG11/ATP11A",5,"BP",0.032051282051282,0.0244615793671896
"BP","GO:0006458","'de novo' protein folding","1/156","49/18805",0.0204081632653061,2.46009942438514,0.935987402724468,0.335491154304972,0.550270367040268,0.523869583779499,"DNAJB1",1,"BP",0.00641025641025641,0.00260568997607019
"BP","GO:0007094","mitotic spindle assembly checkpoint signaling","1/156","49/18805",0.0204081632653061,2.46009942438514,0.935987402724468,0.335491154304972,0.550270367040268,0.523869583779499,"HASPIN",1,"BP",0.00641025641025641,0.00260568997607019
"BP","GO:0010453","regulation of cell fate commitment","1/156","49/18805",0.0204081632653061,2.46009942438514,0.935987402724468,0.335491154304972,0.550270367040268,0.523869583779499,"EP300",1,"BP",0.00641025641025641,0.00260568997607019
"BP","GO:0014003","oligodendrocyte development","1/156","49/18805",0.0204081632653061,2.46009942438514,0.935987402724468,0.335491154304972,0.550270367040268,0.523869583779499,"B4GALT5",1,"BP",0.00641025641025641,0.00260568997607019
"BP","GO:0021575","hindbrain morphogenesis","1/156","49/18805",0.0204081632653061,2.46009942438514,0.935987402724468,0.335491154304972,0.550270367040268,0.523869583779499,"SPTBN2",1,"BP",0.00641025641025641,0.00260568997607019
"BP","GO:0030330","DNA damage response, signal transduction by p53 class mediator","1/156","49/18805",0.0204081632653061,2.46009942438514,0.935987402724468,0.335491154304972,0.550270367040268,0.523869583779499,"ACER2",1,"BP",0.00641025641025641,0.00260568997607019
"BP","GO:0030850","prostate gland development","1/156","49/18805",0.0204081632653061,2.46009942438514,0.935987402724468,0.335491154304972,0.550270367040268,0.523869583779499,"TNC",1,"BP",0.00641025641025641,0.00260568997607019
"BP","GO:0045197","establishment or maintenance of epithelial cell apical/basal polarity","1/156","49/18805",0.0204081632653061,2.46009942438514,0.935987402724468,0.335491154304972,0.550270367040268,0.523869583779499,"DLG5",1,"BP",0.00641025641025641,0.00260568997607019
"BP","GO:0045622","regulation of T-helper cell differentiation","1/156","49/18805",0.0204081632653061,2.46009942438514,0.935987402724468,0.335491154304972,0.550270367040268,0.523869583779499,"EP300",1,"BP",0.00641025641025641,0.00260568997607019
"BP","GO:0046578","regulation of Ras protein signal transduction","1/156","49/18805",0.0204081632653061,2.46009942438514,0.935987402724468,0.335491154304972,0.550270367040268,0.523869583779499,"SQSTM1",1,"BP",0.00641025641025641,0.00260568997607019
"BP","GO:0048489","synaptic vesicle transport","1/156","49/18805",0.0204081632653061,2.46009942438514,0.935987402724468,0.335491154304972,0.550270367040268,0.523869583779499,"SPG11",1,"BP",0.00641025641025641,0.00260568997607019
"BP","GO:0050432","catecholamine secretion","1/156","49/18805",0.0204081632653061,2.46009942438514,0.935987402724468,0.335491154304972,0.550270367040268,0.523869583779499,"ADRA2A",1,"BP",0.00641025641025641,0.00260568997607019
"BP","GO:0051489","regulation of filopodium assembly","1/156","49/18805",0.0204081632653061,2.46009942438514,0.935987402724468,0.335491154304972,0.550270367040268,0.523869583779499,"MYO10",1,"BP",0.00641025641025641,0.00260568997607019
"BP","GO:0061028","establishment of endothelial barrier","1/156","49/18805",0.0204081632653061,2.46009942438514,0.935987402724468,0.335491154304972,0.550270367040268,0.523869583779499,"PTPRS",1,"BP",0.00641025641025641,0.00260568997607019
"BP","GO:0071173","spindle assembly checkpoint signaling","1/156","49/18805",0.0204081632653061,2.46009942438514,0.935987402724468,0.335491154304972,0.550270367040268,0.523869583779499,"HASPIN",1,"BP",0.00641025641025641,0.00260568997607019
"BP","GO:0071174","mitotic spindle checkpoint signaling","1/156","49/18805",0.0204081632653061,2.46009942438514,0.935987402724468,0.335491154304972,0.550270367040268,0.523869583779499,"HASPIN",1,"BP",0.00641025641025641,0.00260568997607019
"BP","GO:1902041","regulation of extrinsic apoptotic signaling pathway via death domain receptors","1/156","49/18805",0.0204081632653061,2.46009942438514,0.935987402724468,0.335491154304972,0.550270367040268,0.523869583779499,"DDX3X",1,"BP",0.00641025641025641,0.00260568997607019
"BP","GO:1903170","negative regulation of calcium ion transmembrane transport","1/156","49/18805",0.0204081632653061,2.46009942438514,0.935987402724468,0.335491154304972,0.550270367040268,0.523869583779499,"ADRA2A",1,"BP",0.00641025641025641,0.00260568997607019
"BP","GO:1904894","positive regulation of receptor signaling pathway via STAT","1/156","49/18805",0.0204081632653061,2.46009942438514,0.935987402724468,0.335491154304972,0.550270367040268,0.523869583779499,"EP300",1,"BP",0.00641025641025641,0.00260568997607019
"BP","GO:2000378","negative regulation of reactive oxygen species metabolic process","1/156","49/18805",0.0204081632653061,2.46009942438514,0.935987402724468,0.335491154304972,0.550270367040268,0.523869583779499,"HK2",1,"BP",0.00641025641025641,0.00260568997607019
"BP","GO:0031623","receptor internalization","2/156","144/18805",0.0138888888888889,1.67423433048433,0.742821213114093,0.335962608303211,0.550663350393462,0.524243712640512,"HGS/TBC1D5",2,"BP",0.0128205128205128,0.00765753788885935
"BP","GO:0032535","regulation of cellular component size","4/156","353/18805",0.0113314447592068,1.36594755574926,0.634810536395221,0.336478604878157,0.551128749369395,0.524686782779151,"ARHGAP5/SEMA3G/PTPRS/SPTBN2",4,"BP",0.0256410256410256,0.0187716032969955
"BP","GO:0007599","hemostasis","3/156","248/18805",0.0120967741935484,1.4582040942928,0.664340253715159,0.338983694913647,0.554467131831895,0.527864996864226,"ADRA2A/ITPR3/TLN1",3,"BP",0.0192307692307692,0.0131879819197022
"BP","GO:1901873","regulation of post-translational protein modification","3/156","248/18805",0.0120967741935484,1.4582040942928,0.664340253715159,0.338983694913647,0.554467131831895,0.527864996864226,"SQSTM1/GNL3L/DDX3X",3,"BP",0.0192307692307692,0.0131879819197022
"BP","GO:0001774","microglial cell activation","1/156","50/18805",0.02,2.41089743589744,0.913653575394955,0.341018099278762,0.554738346429494,0.528123199171436,"LDLR",1,"BP",0.00641025641025641,0.00265886732252061
"BP","GO:0010907","positive regulation of glucose metabolic process","1/156","50/18805",0.02,2.41089743589744,0.913653575394955,0.341018099278762,0.554738346429494,0.528123199171436,"IRS1",1,"BP",0.00641025641025641,0.00265886732252061
"BP","GO:0031577","spindle checkpoint signaling","1/156","50/18805",0.02,2.41089743589744,0.913653575394955,0.341018099278762,0.554738346429494,0.528123199171436,"HASPIN",1,"BP",0.00641025641025641,0.00265886732252061
"BP","GO:0035601","protein deacylation","1/156","50/18805",0.02,2.41089743589744,0.913653575394955,0.341018099278762,0.554738346429494,0.528123199171436,"EP300",1,"BP",0.00641025641025641,0.00265886732252061
"BP","GO:0042073","intraciliary transport","1/156","50/18805",0.02,2.41089743589744,0.913653575394955,0.341018099278762,0.554738346429494,0.528123199171436,"TUB",1,"BP",0.00641025641025641,0.00265886732252061
"BP","GO:0042551","neuron maturation","1/156","50/18805",0.02,2.41089743589744,0.913653575394955,0.341018099278762,0.554738346429494,0.528123199171436,"B4GALT5",1,"BP",0.00641025641025641,0.00265886732252061
"BP","GO:0045071","negative regulation of viral genome replication","1/156","50/18805",0.02,2.41089743589744,0.913653575394955,0.341018099278762,0.554738346429494,0.528123199171436,"OAS3",1,"BP",0.00641025641025641,0.00265886732252061
"BP","GO:0046636","negative regulation of alpha-beta T cell activation","1/156","50/18805",0.02,2.41089743589744,0.913653575394955,0.341018099278762,0.554738346429494,0.528123199171436,"SLC4A2",1,"BP",0.00641025641025641,0.00265886732252061
"BP","GO:0009799","specification of symmetry","2/156","146/18805",0.0136986301369863,1.65129961362838,0.72255799705643,0.34200687693859,0.555205969056152,0.528568386274843,"AIDA/PCSK6",2,"BP",0.0128205128205128,0.00776389258176017
"BP","GO:0009855","determination of bilateral symmetry","2/156","146/18805",0.0136986301369863,1.65129961362838,0.72255799705643,0.34200687693859,0.555205969056152,0.528568386274843,"AIDA/PCSK6",2,"BP",0.0128205128205128,0.00776389258176017
"BP","GO:1900180","regulation of protein localization to nucleus","2/156","146/18805",0.0136986301369863,1.65129961362838,0.72255799705643,0.34200687693859,0.555205969056152,0.528568386274843,"FERMT1/EP300",2,"BP",0.0128205128205128,0.00776389258176017
"BP","GO:0051783","regulation of nuclear division","2/156","147/18805",0.0136054421768707,1.64006628292343,0.712542411453894,0.345022676360675,0.557544713194947,0.530794922523101,"PRMT5/HASPIN",2,"BP",0.0128205128205128,0.00781706992821058
"BP","GO:0002274","myeloid leukocyte activation","3/156","251/18805",0.0119521912350598,1.44077536009807,0.642976409974756,0.345786314106868,0.557544713194947,0.530794922523101,"ADAM9/LDLR/MYO18A",3,"BP",0.0192307692307692,0.0133475139590534
"BP","GO:0031297","replication fork processing","1/156","51/18805",0.0196078431372549,2.36362493715435,0.891851840539363,0.346499367021365,0.557544713194947,0.530794922523101,"RECQL",1,"BP",0.00641025641025641,0.00271204466897102
"BP","GO:0032467","positive regulation of cytokinesis","1/156","51/18805",0.0196078431372549,2.36362493715435,0.891851840539363,0.346499367021365,0.557544713194947,0.530794922523101,"EXOC7",1,"BP",0.00641025641025641,0.00271204466897102
"BP","GO:0033046","negative regulation of sister chromatid segregation","1/156","51/18805",0.0196078431372549,2.36362493715435,0.891851840539363,0.346499367021365,0.557544713194947,0.530794922523101,"HASPIN",1,"BP",0.00641025641025641,0.00271204466897102
"BP","GO:0033048","negative regulation of mitotic sister chromatid segregation","1/156","51/18805",0.0196078431372549,2.36362493715435,0.891851840539363,0.346499367021365,0.557544713194947,0.530794922523101,"HASPIN",1,"BP",0.00641025641025641,0.00271204466897102
"BP","GO:0035384","thioester biosynthetic process","1/156","51/18805",0.0196078431372549,2.36362493715435,0.891851840539363,0.346499367021365,0.557544713194947,0.530794922523101,"ACACA",1,"BP",0.00641025641025641,0.00271204466897102
"BP","GO:0043368","positive T cell selection","1/156","51/18805",0.0196078431372549,2.36362493715435,0.891851840539363,0.346499367021365,0.557544713194947,0.530794922523101,"EP300",1,"BP",0.00641025641025641,0.00271204466897102
"BP","GO:0045841","negative regulation of mitotic metaphase/anaphase transition","1/156","51/18805",0.0196078431372549,2.36362493715435,0.891851840539363,0.346499367021365,0.557544713194947,0.530794922523101,"HASPIN",1,"BP",0.00641025641025641,0.00271204466897102
"BP","GO:0046850","regulation of bone remodeling","1/156","51/18805",0.0196078431372549,2.36362493715435,0.891851840539363,0.346499367021365,0.557544713194947,0.530794922523101,"SLC4A2",1,"BP",0.00641025641025641,0.00271204466897102
"BP","GO:0071616","acyl-CoA biosynthetic process","1/156","51/18805",0.0196078431372549,2.36362493715435,0.891851840539363,0.346499367021365,0.557544713194947,0.530794922523101,"ACACA",1,"BP",0.00641025641025641,0.00271204466897102
"BP","GO:1903146","regulation of autophagy of mitochondrion","1/156","51/18805",0.0196078431372549,2.36362493715435,0.891851840539363,0.346499367021365,0.557544713194947,0.530794922523101,"HK2",1,"BP",0.00641025641025641,0.00271204466897102
"BP","GO:2000816","negative regulation of mitotic sister chromatid separation","1/156","51/18805",0.0196078431372549,2.36362493715435,0.891851840539363,0.346499367021365,0.557544713194947,0.530794922523101,"HASPIN",1,"BP",0.00641025641025641,0.00271204466897102
"BP","GO:1901987","regulation of cell cycle phase transition","5/156","468/18805",0.0106837606837607,1.28787256191102,0.576791302260116,0.347775751433238,0.559219640930224,0.532389490844597,"SMARCC2/PKD1/RBL2/HASPIN/DDX3X",5,"BP",0.032051282051282,0.0248869981387929
"BP","GO:0007224","smoothened signaling pathway","2/156","148/18805",0.0135135135135135,1.62898475398475,0.702602541733213,0.348034069548519,0.559256370214974,0.532424457937624,"DLG5/EVC",2,"BP",0.0128205128205128,0.00787024727466099
"BP","GO:0051924","regulation of calcium ion transport","3/156","253/18805",0.0118577075098814,1.42938583155974,0.628886466139721,0.350318340186457,0.5613474915788,0.534415251816626,"ADRA2A/EPB41/SPG11",3,"BP",0.0192307692307692,0.0134538686519543
"BP","GO:0090090","negative regulation of canonical Wnt signaling pathway","2/156","149/18805",0.0134228187919463,1.61805197040096,0.692737198519111,0.351040922443874,0.5613474915788,0.534415251816626,"CSNK1A1/FERMT1",2,"BP",0.0128205128205128,0.00792342462111141
"BP","GO:0006636","unsaturated fatty acid biosynthetic process","1/156","52/18805",0.0192307692307692,2.31817061143984,0.870557709291541,0.351935332615088,0.5613474915788,0.534415251816626,"SCD5",1,"BP",0.00641025641025641,0.00276522201542143
"BP","GO:0009299","mRNA transcription","1/156","52/18805",0.0192307692307692,2.31817061143984,0.870557709291541,0.351935332615088,0.5613474915788,0.534415251816626,"TAF6",1,"BP",0.00641025641025641,0.00276522201542143
"BP","GO:0010171","body morphogenesis","1/156","52/18805",0.0192307692307692,2.31817061143984,0.870557709291541,0.351935332615088,0.5613474915788,0.534415251816626,"EP300",1,"BP",0.00641025641025641,0.00276522201542143
"BP","GO:0032506","cytokinetic process","1/156","52/18805",0.0192307692307692,2.31817061143984,0.870557709291541,0.351935332615088,0.5613474915788,0.534415251816626,"EXOC7",1,"BP",0.00641025641025641,0.00276522201542143
"BP","GO:0042311","vasodilation","1/156","52/18805",0.0192307692307692,2.31817061143984,0.870557709291541,0.351935332615088,0.5613474915788,0.534415251816626,"ADRA2A",1,"BP",0.00641025641025641,0.00276522201542143
"BP","GO:0045910","negative regulation of DNA recombination","1/156","52/18805",0.0192307692307692,2.31817061143984,0.870557709291541,0.351935332615088,0.5613474915788,0.534415251816626,"KAT5",1,"BP",0.00641025641025641,0.00276522201542143
"BP","GO:0046466","membrane lipid catabolic process","1/156","52/18805",0.0192307692307692,2.31817061143984,0.870557709291541,0.351935332615088,0.5613474915788,0.534415251816626,"ACER2",1,"BP",0.00641025641025641,0.00276522201542143
"BP","GO:1902743","regulation of lamellipodium organization","1/156","52/18805",0.0192307692307692,2.31817061143984,0.870557709291541,0.351935332615088,0.5613474915788,0.534415251816626,"PLXNB3",1,"BP",0.00641025641025641,0.00276522201542143
"BP","GO:1903747","regulation of establishment of protein localization to mitochondrion","1/156","52/18805",0.0192307692307692,2.31817061143984,0.870557709291541,0.351935332615088,0.5613474915788,0.534415251816626,"RNF31",1,"BP",0.00641025641025641,0.00276522201542143
"BP","GO:0034599","cellular response to oxidative stress","3/156","254/18805",0.0118110236220472,1.42375832828589,0.621886441319094,0.352583218055381,0.562003451598343,0.535039740291741,"SRXN1/PEX10/VRK2",3,"BP",0.0192307692307692,0.0135070459984047
"BP","GO:0050714","positive regulation of protein secretion","2/156","150/18805",0.0133333333333333,1.60726495726496,0.682945219387319,0.354043103485626,0.562392395092698,0.535410023117614,"ADAM9/MYO18A",2,"BP",0.0128205128205128,0.00797660196756182
"BP","GO:0071333","cellular response to glucose stimulus","2/156","150/18805",0.0133333333333333,1.60726495726496,0.682945219387319,0.354043103485626,0.562392395092698,0.535410023117614,"ADRA2A/KAT5",2,"BP",0.0128205128205128,0.00797660196756182
"BP","GO:0045765","regulation of angiogenesis","4/156","363/18805",0.0110192837465565,1.32831814649996,0.577701954620122,0.355314765335511,0.562392395092698,0.535410023117614,"HK2/SHC1/HGS/GTF2I",4,"BP",0.0256410256410256,0.0193033767614996
"BP","GO:0048863","stem cell differentiation","3/156","256/18805",0.01171875,1.41263521634615,0.607974925353769,0.357110344603187,0.562392395092698,0.535410023117614,"SEMA3G/KDM3A/KAT5",3,"BP",0.0192307692307692,0.0136134006913055
"BP","GO:0000387","spliceosomal snRNP assembly","1/156","53/18805",0.0188679245283019,2.27443154329947,0.849748282931053,0.357326368082055,0.562392395092698,0.535410023117614,"PRMT5",1,"BP",0.00641025641025641,0.00281839936187184
"BP","GO:0002269","leukocyte activation involved in inflammatory response","1/156","53/18805",0.0188679245283019,2.27443154329947,0.849748282931053,0.357326368082055,0.562392395092698,0.535410023117614,"LDLR",1,"BP",0.00641025641025641,0.00281839936187184
"BP","GO:0021695","cerebellar cortex development","1/156","53/18805",0.0188679245283019,2.27443154329947,0.849748282931053,0.357326368082055,0.562392395092698,0.535410023117614,"SPTBN2",1,"BP",0.00641025641025641,0.00281839936187184
"BP","GO:0022602","ovulation cycle process","1/156","53/18805",0.0188679245283019,2.27443154329947,0.849748282931053,0.357326368082055,0.562392395092698,0.535410023117614,"NRIP1",1,"BP",0.00641025641025641,0.00281839936187184
"BP","GO:0030520","estrogen receptor signaling pathway","1/156","53/18805",0.0188679245283019,2.27443154329947,0.849748282931053,0.357326368082055,0.562392395092698,0.535410023117614,"CNOT1",1,"BP",0.00641025641025641,0.00281839936187184
"BP","GO:0030834","regulation of actin filament depolymerization","1/156","53/18805",0.0188679245283019,2.27443154329947,0.849748282931053,0.357326368082055,0.562392395092698,0.535410023117614,"SPTBN2",1,"BP",0.00641025641025641,0.00281839936187184
"BP","GO:0032330","regulation of chondrocyte differentiation","1/156","53/18805",0.0188679245283019,2.27443154329947,0.849748282931053,0.357326368082055,0.562392395092698,0.535410023117614,"PRKG2",1,"BP",0.00641025641025641,0.00281839936187184
"BP","GO:0035088","establishment or maintenance of apical/basal cell polarity","1/156","53/18805",0.0188679245283019,2.27443154329947,0.849748282931053,0.357326368082055,0.562392395092698,0.535410023117614,"DLG5",1,"BP",0.00641025641025641,0.00281839936187184
"BP","GO:0044331","cell-cell adhesion mediated by cadherin","1/156","53/18805",0.0188679245283019,2.27443154329947,0.849748282931053,0.357326368082055,0.562392395092698,0.535410023117614,"BHLHA15",1,"BP",0.00641025641025641,0.00281839936187184
"BP","GO:0060324","face development","1/156","53/18805",0.0188679245283019,2.27443154329947,0.849748282931053,0.357326368082055,0.562392395092698,0.535410023117614,"EP300",1,"BP",0.00641025641025641,0.00281839936187184
"BP","GO:0061245","establishment or maintenance of bipolar cell polarity","1/156","53/18805",0.0188679245283019,2.27443154329947,0.849748282931053,0.357326368082055,0.562392395092698,0.535410023117614,"DLG5",1,"BP",0.00641025641025641,0.00281839936187184
"BP","GO:1901570","fatty acid derivative biosynthetic process","1/156","53/18805",0.0188679245283019,2.27443154329947,0.849748282931053,0.357326368082055,0.562392395092698,0.535410023117614,"ACACA",1,"BP",0.00641025641025641,0.00281839936187184
"BP","GO:1902100","negative regulation of metaphase/anaphase transition of cell cycle","1/156","53/18805",0.0188679245283019,2.27443154329947,0.849748282931053,0.357326368082055,0.562392395092698,0.535410023117614,"HASPIN",1,"BP",0.00641025641025641,0.00281839936187184
"BP","GO:1903539","protein localization to postsynaptic membrane","1/156","53/18805",0.0188679245283019,2.27443154329947,0.849748282931053,0.357326368082055,0.562392395092698,0.535410023117614,"RAB8A",1,"BP",0.00641025641025641,0.00281839936187184
"BP","GO:1905819","negative regulation of chromosome separation","1/156","53/18805",0.0188679245283019,2.27443154329947,0.849748282931053,0.357326368082055,0.562392395092698,0.535410023117614,"HASPIN",1,"BP",0.00641025641025641,0.00281839936187184
"BP","GO:0030177","positive regulation of Wnt signaling pathway","2/156","152/18805",0.0131578947368421,1.58611673414305,0.663576833714436,0.360032936059456,0.566276968967688,0.539108223531343,"USP34/DDX3X",2,"BP",0.0128205128205128,0.00808295666046264
"BP","GO:0008608","attachment of spindle microtubules to kinetochore","1/156","54/18805",0.0185185185185185,2.23231244064577,0.829402121365416,0.362672842409018,0.566473915633265,0.539295721121442,"KAT5",1,"BP",0.00641025641025641,0.00287157670832225
"BP","GO:0009395","phospholipid catabolic process","1/156","54/18805",0.0185185185185185,2.23231244064577,0.829402121365416,0.362672842409018,0.566473915633265,0.539295721121442,"LDLR",1,"BP",0.00641025641025641,0.00287157670832225
"BP","GO:0010559","regulation of glycoprotein biosynthetic process","1/156","54/18805",0.0185185185185185,2.23231244064577,0.829402121365416,0.362672842409018,0.566473915633265,0.539295721121442,"ACER2",1,"BP",0.00641025641025641,0.00287157670832225
"BP","GO:0030490","maturation of SSU-rRNA","1/156","54/18805",0.0185185185185185,2.23231244064577,0.829402121365416,0.362672842409018,0.566473915633265,0.539295721121442,"HEATR1",1,"BP",0.00641025641025641,0.00287157670832225
"BP","GO:0045581","negative regulation of T cell differentiation","1/156","54/18805",0.0185185185185185,2.23231244064577,0.829402121365416,0.362672842409018,0.566473915633265,0.539295721121442,"SLC4A2",1,"BP",0.00641025641025641,0.00287157670832225
"BP","GO:0051985","negative regulation of chromosome segregation","1/156","54/18805",0.0185185185185185,2.23231244064577,0.829402121365416,0.362672842409018,0.566473915633265,0.539295721121442,"HASPIN",1,"BP",0.00641025641025641,0.00287157670832225
"BP","GO:0062237","protein localization to postsynapse","1/156","54/18805",0.0185185185185185,2.23231244064577,0.829402121365416,0.362672842409018,0.566473915633265,0.539295721121442,"RAB8A",1,"BP",0.00641025641025641,0.00287157670832225
"BP","GO:0070169","positive regulation of biomineral tissue development","1/156","54/18805",0.0185185185185185,2.23231244064577,0.829402121365416,0.362672842409018,0.566473915633265,0.539295721121442,"SLC4A2",1,"BP",0.00641025641025641,0.00287157670832225
"BP","GO:0071827","plasma lipoprotein particle organization","1/156","54/18805",0.0185185185185185,2.23231244064577,0.829402121365416,0.362672842409018,0.566473915633265,0.539295721121442,"PCSK6",1,"BP",0.00641025641025641,0.00287157670832225
"BP","GO:2000772","regulation of cellular senescence","1/156","54/18805",0.0185185185185185,2.23231244064577,0.829402121365416,0.362672842409018,0.566473915633265,0.539295721121442,"NEK4",1,"BP",0.00641025641025641,0.00287157670832225
"BP","GO:0071331","cellular response to hexose stimulus","2/156","153/18805",0.0130718954248366,1.5757499581029,0.653998230106494,0.363020336671086,0.566473915633265,0.539295721121442,"ADRA2A/KAT5",2,"BP",0.0128205128205128,0.00813613400691305
"BP","GO:0098656","monoatomic anion transmembrane transport","2/156","153/18805",0.0130718954248366,1.5757499581029,0.653998230106494,0.363020336671086,0.566473915633265,0.539295721121442,"SLC4A2/SLC26A1",2,"BP",0.0128205128205128,0.00813613400691305
"BP","GO:0018209","peptidyl-serine modification","2/156","154/18805",0.012987012987013,1.56551781551782,0.644488595003211,0.366002563526478,0.568601765604025,0.541321481448176,"PKD1/CSNK1A1",2,"BP",0.0128205128205128,0.00818931135336347
"BP","GO:0007517","muscle organ development","4/156","369/18805",0.010840108401084,1.30671947745118,0.544227940985025,0.366621398896194,0.568601765604025,0.541321481448176,"EVC/BCL9L/SPG11/EP300",4,"BP",0.0256410256410256,0.0196224408402021
"BP","GO:0071375","cellular response to peptide hormone stimulus","4/156","369/18805",0.010840108401084,1.30671947745118,0.544227940985025,0.366621398896194,0.568601765604025,0.541321481448176,"RAB8A/SHC1/DENND4C/IRS1",4,"BP",0.0256410256410256,0.0196224408402021
"BP","GO:0006110","regulation of glycolytic process","1/156","55/18805",0.0181818181818182,2.19172494172494,0.809499124721681,0.367975121571952,0.568601765604025,0.541321481448176,"EP300",1,"BP",0.00641025641025641,0.00292475405477267
"BP","GO:0006111","regulation of gluconeogenesis","1/156","55/18805",0.0181818181818182,2.19172494172494,0.809499124721681,0.367975121571952,0.568601765604025,0.541321481448176,"EP300",1,"BP",0.00641025641025641,0.00292475405477267
"BP","GO:0007215","glutamate receptor signaling pathway","1/156","55/18805",0.0181818181818182,2.19172494172494,0.809499124721681,0.367975121571952,0.568601765604025,0.541321481448176,"GRIN3A",1,"BP",0.00641025641025641,0.00292475405477267
"BP","GO:0030811","regulation of nucleotide catabolic process","1/156","55/18805",0.0181818181818182,2.19172494172494,0.809499124721681,0.367975121571952,0.568601765604025,0.541321481448176,"EP300",1,"BP",0.00641025641025641,0.00292475405477267
"BP","GO:0032387","negative regulation of intracellular transport","1/156","55/18805",0.0181818181818182,2.19172494172494,0.809499124721681,0.367975121571952,0.568601765604025,0.541321481448176,"FERMT1",1,"BP",0.00641025641025641,0.00292475405477267
"BP","GO:0033121","regulation of purine nucleotide catabolic process","1/156","55/18805",0.0181818181818182,2.19172494172494,0.809499124721681,0.367975121571952,0.568601765604025,0.541321481448176,"EP300",1,"BP",0.00641025641025641,0.00292475405477267
"BP","GO:0034198","cellular response to amino acid starvation","1/156","55/18805",0.0181818181818182,2.19172494172494,0.809499124721681,0.367975121571952,0.568601765604025,0.541321481448176,"TRIM32",1,"BP",0.00641025641025641,0.00292475405477267
"BP","GO:0034381","plasma lipoprotein particle clearance","1/156","55/18805",0.0181818181818182,2.19172494172494,0.809499124721681,0.367975121571952,0.568601765604025,0.541321481448176,"LDLR",1,"BP",0.00641025641025641,0.00292475405477267
"BP","GO:0035176","social behavior","1/156","55/18805",0.0181818181818182,2.19172494172494,0.809499124721681,0.367975121571952,0.568601765604025,0.541321481448176,"GRPR",1,"BP",0.00641025641025641,0.00292475405477267
"BP","GO:0045815","transcription initiation-coupled chromatin remodeling","1/156","55/18805",0.0181818181818182,2.19172494172494,0.809499124721681,0.367975121571952,0.568601765604025,0.541321481448176,"EP300",1,"BP",0.00641025641025641,0.00292475405477267
"BP","GO:0072538","T-helper 17 type immune response","1/156","55/18805",0.0181818181818182,2.19172494172494,0.809499124721681,0.367975121571952,0.568601765604025,0.541321481448176,"EP300",1,"BP",0.00641025641025641,0.00292475405477267
"BP","GO:1903351","cellular response to dopamine","1/156","55/18805",0.0181818181818182,2.19172494172494,0.809499124721681,0.367975121571952,0.568601765604025,0.541321481448176,"PRMT5",1,"BP",0.00641025641025641,0.00292475405477267
"BP","GO:0050870","positive regulation of T cell activation","3/156","261/18805",0.0114942528735632,1.38557323902151,0.573700296169853,0.368409549373361,0.568902912718942,0.541608180175197,"SMARCC2/KAT5/EP300",3,"BP",0.0192307692307692,0.0138792874235576
"BP","GO:0071326","cellular response to monosaccharide stimulus","2/156","155/18805",0.0129032258064516,1.55541770057899,0.635046889427939,0.368979497081078,0.569043055563351,0.541741599268732,"ADRA2A/KAT5",2,"BP",0.0128205128205128,0.00824248869981388
"BP","GO:1903038","negative regulation of leukocyte cell-cell adhesion","2/156","155/18805",0.0129032258064516,1.55541770057899,0.635046889427939,0.368979497081078,0.569043055563351,0.541741599268732,"DLG5/SLC4A2",2,"BP",0.0128205128205128,0.00824248869981388
"BP","GO:0046883","regulation of hormone secretion","3/156","262/18805",0.0114503816793893,1.38028479154433,0.566929753037467,0.370665649872216,0.570785399440519,0.543400349251295,"ADRA2A/RAB11FIP1/IRS1",3,"BP",0.0192307692307692,0.013932464770008
"BP","GO:0071824","protein-DNA complex organization","3/156","262/18805",0.0114503816793893,1.38028479154433,0.566929753037467,0.370665649872216,0.570785399440519,0.543400349251295,"TAF6/SMARCC2/BAZ2A",3,"BP",0.0192307692307692,0.013932464770008
"BP","GO:0010876","lipid localization","5/156","482/18805",0.0103734439834025,1.25046547505054,0.509486574154001,0.370833899123027,0.570785399440519,0.543400349251295,"VPS52/LDLR/ATG9A/SPG11/ATP11A",5,"BP",0.032051282051282,0.0256314809890986
"BP","GO:0062013","positive regulation of small molecule metabolic process","2/156","156/18805",0.0128205128205128,1.54544707429323,0.625672097014303,0.371951020102216,0.570785399440519,0.543400349251295,"IRS1/KPNB1",2,"BP",0.0128205128205128,0.00829566604626429
"BP","GO:2000377","regulation of reactive oxygen species metabolic process","2/156","156/18805",0.0128205128205128,1.54544707429323,0.625672097014303,0.371951020102216,0.570785399440519,0.543400349251295,"HK2/SHC1",2,"BP",0.0128205128205128,0.00829566604626429
"BP","GO:0002768","immune response-regulating cell surface receptor signaling pathway","4/156","372/18805",0.010752688172043,1.29618141714916,0.527704637902995,0.372272358531933,0.570785399440519,0.543400349251295,"SQSTM1/TRIM32/RNF31/EP300",4,"BP",0.0256410256410256,0.0197819728795533
"BP","GO:1901342","regulation of vasculature development","4/156","372/18805",0.010752688172043,1.29618141714916,0.527704637902995,0.372272358531933,0.570785399440519,0.543400349251295,"HK2/SHC1/HGS/GTF2I",4,"BP",0.0256410256410256,0.0197819728795533
"BP","GO:0051347","positive regulation of transferase activity","3/156","263/18805",0.0114068441064639,1.37503656039778,0.560186758329667,0.372920346502827,0.570785399440519,0.543400349251295,"ADRA2A/ADAM9/DDX3X",3,"BP",0.0192307692307692,0.0139856421164584
"BP","GO:0001954","positive regulation of cell-matrix adhesion","1/156","56/18805",0.0178571428571429,2.152586996337,0.790020426527105,0.373233568560474,0.570785399440519,0.543400349251295,"FERMT1",1,"BP",0.00641025641025641,0.00297793140122308
"BP","GO:0007140","male meiotic nuclear division","1/156","56/18805",0.0178571428571429,2.152586996337,0.790020426527105,0.373233568560474,0.570785399440519,0.543400349251295,"ZSCAN21",1,"BP",0.00641025641025641,0.00297793140122308
"BP","GO:0046638","positive regulation of alpha-beta T cell differentiation","1/156","56/18805",0.0178571428571429,2.152586996337,0.790020426527105,0.373233568560474,0.570785399440519,0.543400349251295,"EP300",1,"BP",0.00641025641025641,0.00297793140122308
"BP","GO:0048260","positive regulation of receptor-mediated endocytosis","1/156","56/18805",0.0178571428571429,2.152586996337,0.790020426527105,0.373233568560474,0.570785399440519,0.543400349251295,"TBC1D5",1,"BP",0.00641025641025641,0.00297793140122308
"BP","GO:1900087","positive regulation of G1/S transition of mitotic cell cycle","1/156","56/18805",0.0178571428571429,2.152586996337,0.790020426527105,0.373233568560474,0.570785399440519,0.543400349251295,"DDX3X",1,"BP",0.00641025641025641,0.00297793140122308
"BP","GO:0009411","response to UV","2/156","157/18805",0.0127388535031847,1.53560346235505,0.616363223368898,0.374917017639418,0.572254445304381,0.544798913468725,"TRIM32/EP300",2,"BP",0.0128205128205128,0.0083488433927147
"BP","GO:0021915","neural tube development","2/156","157/18805",0.0127388535031847,1.53560346235505,0.616363223368898,0.374917017639418,0.572254445304381,0.544798913468725,"PKD1/KAT5",2,"BP",0.0128205128205128,0.0083488433927147
"BP","GO:0031960","response to corticosteroid","2/156","157/18805",0.0127388535031847,1.53560346235505,0.616363223368898,0.374917017639418,0.572254445304381,0.544798913468725,"BCHE/ADAM9",2,"BP",0.0128205128205128,0.0083488433927147
"BP","GO:0007173","epidermal growth factor receptor signaling pathway","2/156","158/18805",0.0126582278481013,1.52588445309964,0.607119295455941,0.377877376995038,0.573956124252778,0.546418949537935,"ADRA2A/SHC1",2,"BP",0.0128205128205128,0.00840202073916512
"BP","GO:0008037","cell recognition","2/156","158/18805",0.0126582278481013,1.52588445309964,0.607119295455941,0.377877376995038,0.573956124252778,0.546418949537935,"MYO18A/TUB",2,"BP",0.0128205128205128,0.00840202073916512
"BP","GO:0001895","retina homeostasis","1/156","57/18805",0.0175438596491228,2.11482231219073,0.770948297158835,0.378448543402042,0.573956124252778,0.546418949537935,"TUB",1,"BP",0.00641025641025641,0.00303110874767349
"BP","GO:0032147","activation of protein kinase activity","1/156","57/18805",0.0175438596491228,2.11482231219073,0.770948297158835,0.378448543402042,0.573956124252778,0.546418949537935,"ADRA2A",1,"BP",0.00641025641025641,0.00303110874767349
"BP","GO:0050805","negative regulation of synaptic transmission","1/156","57/18805",0.0175438596491228,2.11482231219073,0.770948297158835,0.378448543402042,0.573956124252778,0.546418949537935,"BCHE",1,"BP",0.00641025641025641,0.00303110874767349
"BP","GO:0050982","detection of mechanical stimulus","1/156","57/18805",0.0175438596491228,2.11482231219073,0.770948297158835,0.378448543402042,0.573956124252778,0.546418949537935,"PKD1",1,"BP",0.00641025641025641,0.00303110874767349
"BP","GO:0051703","biological process involved in intraspecies interaction between organisms","1/156","57/18805",0.0175438596491228,2.11482231219073,0.770948297158835,0.378448543402042,0.573956124252778,0.546418949537935,"GRPR",1,"BP",0.00641025641025641,0.00303110874767349
"BP","GO:0071470","cellular response to osmotic stress","1/156","57/18805",0.0175438596491228,2.11482231219073,0.770948297158835,0.378448543402042,0.573956124252778,0.546418949537935,"DDX3X",1,"BP",0.00641025641025641,0.00303110874767349
"BP","GO:0071825","protein-lipid complex organization","1/156","57/18805",0.0175438596491228,2.11482231219073,0.770948297158835,0.378448543402042,0.573956124252778,0.546418949537935,"PCSK6",1,"BP",0.00641025641025641,0.00303110874767349
"BP","GO:1903350","response to dopamine","1/156","57/18805",0.0175438596491228,2.11482231219073,0.770948297158835,0.378448543402042,0.573956124252778,0.546418949537935,"PRMT5",1,"BP",0.00641025641025641,0.00303110874767349
"BP","GO:0000288","nuclear-transcribed mRNA catabolic process, deadenylation-dependent decay","1/156","58/18805",0.0172413793103448,2.07835985853227,0.752266056413242,0.383620403185981,0.576520721676349,0.54886050311836,"CNOT1",1,"BP",0.00641025641025641,0.0030842860941239
"BP","GO:0001755","neural crest cell migration","1/156","58/18805",0.0172413793103448,2.07835985853227,0.752266056413242,0.383620403185981,0.576520721676349,0.54886050311836,"SEMA3G",1,"BP",0.00641025641025641,0.0030842860941239
"BP","GO:0006023","aminoglycan biosynthetic process","1/156","58/18805",0.0172413793103448,2.07835985853227,0.752266056413242,0.383620403185981,0.576520721676349,0.54886050311836,"B4GALT5",1,"BP",0.00641025641025641,0.0030842860941239
"BP","GO:0030042","actin filament depolymerization","1/156","58/18805",0.0172413793103448,2.07835985853227,0.752266056413242,0.383620403185981,0.576520721676349,0.54886050311836,"SPTBN2",1,"BP",0.00641025641025641,0.0030842860941239
"BP","GO:0030837","negative regulation of actin filament polymerization","1/156","58/18805",0.0172413793103448,2.07835985853227,0.752266056413242,0.383620403185981,0.576520721676349,0.54886050311836,"SPTBN2",1,"BP",0.00641025641025641,0.0030842860941239
"BP","GO:0032507","maintenance of protein location in cell","1/156","58/18805",0.0172413793103448,2.07835985853227,0.752266056413242,0.383620403185981,0.576520721676349,0.54886050311836,"HK2",1,"BP",0.00641025641025641,0.0030842860941239
"BP","GO:0035329","hippo signaling","1/156","58/18805",0.0172413793103448,2.07835985853227,0.752266056413242,0.383620403185981,0.576520721676349,0.54886050311836,"DLG5",1,"BP",0.00641025641025641,0.0030842860941239
"BP","GO:0043462","regulation of ATP-dependent activity","1/156","58/18805",0.0172413793103448,2.07835985853227,0.752266056413242,0.383620403185981,0.576520721676349,0.54886050311836,"DNAJB1",1,"BP",0.00641025641025641,0.0030842860941239
"BP","GO:0061178","regulation of insulin secretion involved in cellular response to glucose stimulus","1/156","58/18805",0.0172413793103448,2.07835985853227,0.752266056413242,0.383620403185981,0.576520721676349,0.54886050311836,"ADRA2A",1,"BP",0.00641025641025641,0.0030842860941239
"BP","GO:0071868","cellular response to monoamine stimulus","1/156","58/18805",0.0172413793103448,2.07835985853227,0.752266056413242,0.383620403185981,0.576520721676349,0.54886050311836,"PRMT5",1,"BP",0.00641025641025641,0.0030842860941239
"BP","GO:0071870","cellular response to catecholamine stimulus","1/156","58/18805",0.0172413793103448,2.07835985853227,0.752266056413242,0.383620403185981,0.576520721676349,0.54886050311836,"PRMT5",1,"BP",0.00641025641025641,0.0030842860941239
"BP","GO:0098732","macromolecule deacylation","1/156","58/18805",0.0172413793103448,2.07835985853227,0.752266056413242,0.383620403185981,0.576520721676349,0.54886050311836,"EP300",1,"BP",0.00641025641025641,0.0030842860941239
"BP","GO:1990928","response to amino acid starvation","1/156","58/18805",0.0172413793103448,2.07835985853227,0.752266056413242,0.383620403185981,0.576520721676349,0.54886050311836,"TRIM32",1,"BP",0.00641025641025641,0.0030842860941239
"BP","GO:0035264","multicellular organism growth","2/156","160/18805",0.0125,1.5068108974359,0.588822487926886,0.383780741461183,0.576520721676349,0.54886050311836,"SPTBN2/EP300",2,"BP",0.0128205128205128,0.00850837543206594
"BP","GO:0061351","neural precursor cell proliferation","2/156","160/18805",0.0125,1.5068108974359,0.588822487926886,0.383780741461183,0.576520721676349,0.54886050311836,"HEATR1/DAGLA",2,"BP",0.0128205128205128,0.00850837543206594
"BP","GO:0007043","cell-cell junction assembly","2/156","161/18805",0.0124223602484472,1.49745182353878,0.579767763779084,0.386723532180809,0.577410923988325,0.549707995446836,"DLG5/TLN1",2,"BP",0.0128205128205128,0.00856155277851635
"BP","GO:0030902","hindbrain development","2/156","161/18805",0.0124223602484472,1.49745182353878,0.579767763779084,0.386723532180809,0.577410923988325,0.549707995446836,"PTPRS/SPTBN2",2,"BP",0.0128205128205128,0.00856155277851635
"BP","GO:0002699","positive regulation of immune effector process","3/156","270/18805",0.0111111111111111,1.33938746438746,0.513737218530629,0.388658446536873,0.577410923988325,0.549707995446836,"ULBP3/MYO18A/EP300",3,"BP",0.0192307692307692,0.0143578835416113
"BP","GO:0001913","T cell mediated cytotoxicity","1/156","59/18805",0.0169491525423729,2.04313342025206,0.733957994191679,0.388749502087298,0.577410923988325,0.549707995446836,"ULBP3",1,"BP",0.00641025641025641,0.00313746344057432
"BP","GO:0009161","ribonucleoside monophosphate metabolic process","1/156","59/18805",0.0169491525423729,2.04313342025206,0.733957994191679,0.388749502087298,0.577410923988325,0.549707995446836,"NT5C2",1,"BP",0.00641025641025641,0.00313746344057432
"BP","GO:0009948","anterior/posterior axis specification","1/156","59/18805",0.0169491525423729,2.04313342025206,0.733957994191679,0.388749502087298,0.577410923988325,0.549707995446836,"PCSK6",1,"BP",0.00641025641025641,0.00313746344057432
"BP","GO:0019369","arachidonate metabolic process","1/156","59/18805",0.0169491525423729,2.04313342025206,0.733957994191679,0.388749502087298,0.577410923988325,0.549707995446836,"DAGLA",1,"BP",0.00641025641025641,0.00313746344057432
"BP","GO:0032413","negative regulation of ion transmembrane transporter activity","1/156","59/18805",0.0169491525423729,2.04313342025206,0.733957994191679,0.388749502087298,0.577410923988325,0.549707995446836,"ADRA2A",1,"BP",0.00641025641025641,0.00313746344057432
"BP","GO:0034332","adherens junction organization","1/156","59/18805",0.0169491525423729,2.04313342025206,0.733957994191679,0.388749502087298,0.577410923988325,0.549707995446836,"DLG5",1,"BP",0.00641025641025641,0.00313746344057432
"BP","GO:0045005","DNA-templated DNA replication maintenance of fidelity","1/156","59/18805",0.0169491525423729,2.04313342025206,0.733957994191679,0.388749502087298,0.577410923988325,0.549707995446836,"RECQL",1,"BP",0.00641025641025641,0.00313746344057432
"BP","GO:0045839","negative regulation of mitotic nuclear division","1/156","59/18805",0.0169491525423729,2.04313342025206,0.733957994191679,0.388749502087298,0.577410923988325,0.549707995446836,"HASPIN",1,"BP",0.00641025641025641,0.00313746344057432
"BP","GO:0045912","negative regulation of carbohydrate metabolic process","1/156","59/18805",0.0169491525423729,2.04313342025206,0.733957994191679,0.388749502087298,0.577410923988325,0.549707995446836,"EP300",1,"BP",0.00641025641025641,0.00313746344057432
"BP","GO:0046902","regulation of mitochondrial membrane permeability","1/156","59/18805",0.0169491525423729,2.04313342025206,0.733957994191679,0.388749502087298,0.577410923988325,0.549707995446836,"HK2",1,"BP",0.00641025641025641,0.00313746344057432
"BP","GO:0060986","endocrine hormone secretion","1/156","59/18805",0.0169491525423729,2.04313342025206,0.733957994191679,0.388749502087298,0.577410923988325,0.549707995446836,"RAB11FIP1",1,"BP",0.00641025641025641,0.00313746344057432
"BP","GO:0061462","protein localization to lysosome","1/156","59/18805",0.0169491525423729,2.04313342025206,0.733957994191679,0.388749502087298,0.577410923988325,0.549707995446836,"HGS",1,"BP",0.00641025641025641,0.00313746344057432
"BP","GO:0061900","glial cell activation","1/156","59/18805",0.0169491525423729,2.04313342025206,0.733957994191679,0.388749502087298,0.577410923988325,0.549707995446836,"LDLR",1,"BP",0.00641025641025641,0.00313746344057432
"BP","GO:0141137","positive regulation of gene expression, epigenetic","1/156","59/18805",0.0169491525423729,2.04313342025206,0.733957994191679,0.388749502087298,0.577410923988325,0.549707995446836,"EP300",1,"BP",0.00641025641025641,0.00313746344057432
"BP","GO:1901019","regulation of calcium ion transmembrane transporter activity","1/156","59/18805",0.0169491525423729,2.04313342025206,0.733957994191679,0.388749502087298,0.577410923988325,0.549707995446836,"ADRA2A",1,"BP",0.00641025641025641,0.00313746344057432
"BP","GO:0000723","telomere maintenance","2/156","162/18805",0.0123456790123457,1.48820829376385,0.570774295209634,0.389660255880574,0.578401942322727,0.550651466862811,"SMG6/GNL3L",2,"BP",0.0128205128205128,0.00861473012496676
"BP","GO:0022613","ribonucleoprotein complex biogenesis","5/156","494/18805",0.0101214574898785,1.22008979549465,0.453384841684609,0.390616307178137,0.579458919143083,0.551657732219099,"HEATR1/PRMT5/SDAD1/GNL3L/DDX3X",5,"BP",0.032051282051282,0.0262696091465036
"BP","GO:0008277","regulation of G protein-coupled receptor signaling pathway","2/156","163/18805",0.0122699386503067,1.47907818153217,0.561841207449051,0.392590810697767,0.580248731111663,0.552409650715945,"PRMT5/TUB",2,"BP",0.0128205128205128,0.00866790747141718
"BP","GO:0009116","nucleoside metabolic process","1/156","60/18805",0.0166666666666667,2.0090811965812,0.716009298424853,0.393836191390316,0.580248731111663,0.552409650715945,"NT5C2",1,"BP",0.00641025641025641,0.00319064078702473
"BP","GO:0010718","positive regulation of epithelial to mesenchymal transition","1/156","60/18805",0.0166666666666667,2.0090811965812,0.716009298424853,0.393836191390316,0.580248731111663,0.552409650715945,"BCL9L",1,"BP",0.00641025641025641,0.00319064078702473
"BP","GO:0032091","negative regulation of protein binding","1/156","60/18805",0.0166666666666667,2.0090811965812,0.716009298424853,0.393836191390316,0.580248731111663,0.552409650715945,"GNL3L",1,"BP",0.00641025641025641,0.00319064078702473
"BP","GO:0042255","ribosome assembly","1/156","60/18805",0.0166666666666667,2.0090811965812,0.716009298424853,0.393836191390316,0.580248731111663,0.552409650715945,"DDX3X",1,"BP",0.00641025641025641,0.00319064078702473
"BP","GO:0043616","keratinocyte proliferation","1/156","60/18805",0.0166666666666667,2.0090811965812,0.716009298424853,0.393836191390316,0.580248731111663,0.552409650715945,"FERMT1",1,"BP",0.00641025641025641,0.00319064078702473
"BP","GO:0048168","regulation of neuronal synaptic plasticity","1/156","60/18805",0.0166666666666667,2.0090811965812,0.716009298424853,0.393836191390316,0.580248731111663,0.552409650715945,"RAB8A",1,"BP",0.00641025641025641,0.00319064078702473
"BP","GO:0060997","dendritic spine morphogenesis","1/156","60/18805",0.0166666666666667,2.0090811965812,0.716009298424853,0.393836191390316,0.580248731111663,0.552409650715945,"IL1RAPL1",1,"BP",0.00641025641025641,0.00319064078702473
"BP","GO:0090497","mesenchymal cell migration","1/156","60/18805",0.0166666666666667,2.0090811965812,0.716009298424853,0.393836191390316,0.580248731111663,0.552409650715945,"SEMA3G",1,"BP",0.00641025641025641,0.00319064078702473
"BP","GO:0140374","antiviral innate immune response","1/156","60/18805",0.0166666666666667,2.0090811965812,0.716009298424853,0.393836191390316,0.580248731111663,0.552409650715945,"OAS3",1,"BP",0.00641025641025641,0.00319064078702473
"BP","GO:1903018","regulation of glycoprotein metabolic process","1/156","60/18805",0.0166666666666667,2.0090811965812,0.716009298424853,0.393836191390316,0.580248731111663,0.552409650715945,"ACER2",1,"BP",0.00641025641025641,0.00319064078702473
"BP","GO:0032386","regulation of intracellular transport","3/156","273/18805",0.010989010989011,1.32466892082277,0.494220255813435,0.395375882389697,0.582156057455381,0.554225467662785,"FERMT1/TM9SF4/EP300",3,"BP",0.0192307692307692,0.0145174155809625
"BP","GO:0071322","cellular response to carbohydrate stimulus","2/156","165/18805",0.0121212121212121,1.46114996114996,0.544152765189713,0.398433016623175,0.585140176863046,0.557066415468952,"ADRA2A/KAT5",2,"BP",0.0128205128205128,0.008774262164318
"BP","GO:0001961","positive regulation of cytokine-mediated signaling pathway","1/156","61/18805",0.0163934426229508,1.97614543926019,0.698405989465889,0.398880819512114,0.585140176863046,0.557066415468952,"TRIM32",1,"BP",0.00641025641025641,0.00324381813347514
"BP","GO:0043113","receptor clustering","1/156","61/18805",0.0163934426229508,1.97614543926019,0.698405989465889,0.398880819512114,0.585140176863046,0.557066415468952,"SLITRK3",1,"BP",0.00641025641025641,0.00324381813347514
"BP","GO:0071867","response to monoamine","1/156","61/18805",0.0163934426229508,1.97614543926019,0.698405989465889,0.398880819512114,0.585140176863046,0.557066415468952,"PRMT5",1,"BP",0.00641025641025641,0.00324381813347514
"BP","GO:0071869","response to catecholamine","1/156","61/18805",0.0163934426229508,1.97614543926019,0.698405989465889,0.398880819512114,0.585140176863046,0.557066415468952,"PRMT5",1,"BP",0.00641025641025641,0.00324381813347514
"BP","GO:1902930","regulation of alcohol biosynthetic process","1/156","61/18805",0.0163934426229508,1.97614543926019,0.698405989465889,0.398880819512114,0.585140176863046,0.557066415468952,"KPNB1",1,"BP",0.00641025641025641,0.00324381813347514
"BP","GO:0048762","mesenchymal cell differentiation","3/156","275/18805",0.0109090909090909,1.31503496503497,0.481334555303785,0.399843794421322,0.586190747994221,0.558066582467186,"DLG5/BCL9L/SEMA3G",3,"BP",0.0192307692307692,0.0146237702738633
"BP","GO:0030307","positive regulation of cell growth","2/156","166/18805",0.0120481927710843,1.45234785295026,0.535395749627767,0.401344474314384,0.588027838677767,0.559815533509072,"TRIM32/DDX3X",2,"BP",0.0128205128205128,0.00882743951076841
"BP","GO:0050878","regulation of body fluid levels","4/156","388/18805",0.0103092783505155,1.24273063706053,0.4418660762888,0.402331461109057,0.588291831225202,0.560066860264481,"ADRA2A/HK2/ITPR3/TLN1",4,"BP",0.0256410256410256,0.0206328104227599
"BP","GO:0000768","syncytium formation by plasma membrane fusion","1/156","62/18805",0.0161290322580645,1.94427212572374,0.681134860275287,0.403883732025778,0.588291831225202,0.560066860264481,"ADAM9",1,"BP",0.00641025641025641,0.00329699547992555
"BP","GO:0010324","membrane invagination","1/156","62/18805",0.0161290322580645,1.94427212572374,0.681134860275287,0.403883732025778,0.588291831225202,0.560066860264481,"HGS",1,"BP",0.00641025641025641,0.00329699547992555
"BP","GO:0010965","regulation of mitotic sister chromatid separation","1/156","62/18805",0.0161290322580645,1.94427212572374,0.681134860275287,0.403883732025778,0.588291831225202,0.560066860264481,"HASPIN",1,"BP",0.00641025641025641,0.00329699547992555
"BP","GO:0046173","polyol biosynthetic process","1/156","62/18805",0.0161290322580645,1.94427212572374,0.681134860275287,0.403883732025778,0.588291831225202,0.560066860264481,"ACER2",1,"BP",0.00641025641025641,0.00329699547992555
"BP","GO:0051932","synaptic transmission, GABAergic","1/156","62/18805",0.0161290322580645,1.94427212572374,0.681134860275287,0.403883732025778,0.588291831225202,0.560066860264481,"SLITRK3",1,"BP",0.00641025641025641,0.00329699547992555
"BP","GO:0060261","positive regulation of transcription initiation by RNA polymerase II","1/156","62/18805",0.0161290322580645,1.94427212572374,0.681134860275287,0.403883732025778,0.588291831225202,0.560066860264481,"TAF6",1,"BP",0.00641025641025641,0.00329699547992555
"BP","GO:0071709","membrane assembly","1/156","62/18805",0.0161290322580645,1.94427212572374,0.681134860275287,0.403883732025778,0.588291831225202,0.560066860264481,"IL1RAPL1",1,"BP",0.00641025641025641,0.00329699547992555
"BP","GO:0140253","cell-cell fusion","1/156","62/18805",0.0161290322580645,1.94427212572374,0.681134860275287,0.403883732025778,0.588291831225202,0.560066860264481,"ADAM9",1,"BP",0.00641025641025641,0.00329699547992555
"BP","GO:0016311","dephosphorylation","2/156","167/18805",0.0119760479041916,1.44365115922002,0.526695791826472,0.404249376235592,0.588291831225202,0.560066860264481,"SMG6/PTPRS",2,"BP",0.0128205128205128,0.00888061685721882
"BP","GO:1902904","negative regulation of supramolecular fiber organization","2/156","167/18805",0.0119760479041916,1.44365115922002,0.526695791826472,0.404249376235592,0.588291831225202,0.560066860264481,"LDLR/SPTBN2",2,"BP",0.0128205128205128,0.00888061685721882
"BP","GO:0006611","protein export from nucleus","1/156","63/18805",0.0158730158730159,1.91341066341066,0.664183421801496,0.408845271683463,0.592800683912225,0.564359387941699,"PKD1",1,"BP",0.00641025641025641,0.00335017282637596
"BP","GO:0006940","regulation of smooth muscle contraction","1/156","63/18805",0.0158730158730159,1.91341066341066,0.664183421801496,0.408845271683463,0.592800683912225,0.564359387941699,"ADRA2A",1,"BP",0.00641025641025641,0.00335017282637596
"BP","GO:0033059","cellular pigmentation","1/156","63/18805",0.0158730158730159,1.91341066341066,0.664183421801496,0.408845271683463,0.592800683912225,0.564359387941699,"HPS3",1,"BP",0.00641025641025641,0.00335017282637596
"BP","GO:0043370","regulation of CD4-positive, alpha-beta T cell differentiation","1/156","63/18805",0.0158730158730159,1.91341066341066,0.664183421801496,0.408845271683463,0.592800683912225,0.564359387941699,"EP300",1,"BP",0.00641025641025641,0.00335017282637596
"BP","GO:0051893","regulation of focal adhesion assembly","1/156","63/18805",0.0158730158730159,1.91341066341066,0.664183421801496,0.408845271683463,0.592800683912225,0.564359387941699,"TLN1",1,"BP",0.00641025641025641,0.00335017282637596
"BP","GO:0090109","regulation of cell-substrate junction assembly","1/156","63/18805",0.0158730158730159,1.91341066341066,0.664183421801496,0.408845271683463,0.592800683912225,0.564359387941699,"TLN1",1,"BP",0.00641025641025641,0.00335017282637596
"BP","GO:0006367","transcription initiation at RNA polymerase II promoter","2/156","169/18805",0.0118343195266272,1.42656653011683,0.50946390907437,0.410039147860393,0.593083420321823,0.564628559269264,"TAF6/EP300",2,"BP",0.0128205128205128,0.00898697155011965
"BP","GO:0006694","steroid biosynthetic process","2/156","169/18805",0.0118343195266272,1.42656653011683,0.50946390907437,0.410039147860393,0.593083420321823,0.564628559269264,"CYP51A1/KPNB1",2,"BP",0.0128205128205128,0.00898697155011965
"BP","GO:0007156","homophilic cell adhesion via plasma membrane adhesion molecules","2/156","169/18805",0.0118343195266272,1.42656653011683,0.50946390907437,0.410039147860393,0.593083420321823,0.564628559269264,"PKD1/PLXNB3",2,"BP",0.0128205128205128,0.00898697155011965
"BP","GO:0007605","sensory perception of sound","2/156","169/18805",0.0118343195266272,1.42656653011683,0.50946390907437,0.410039147860393,0.593083420321823,0.564628559269264,"CCDC154/TUB",2,"BP",0.0128205128205128,0.00898697155011965
"BP","GO:0006633","fatty acid biosynthetic process","2/156","170/18805",0.0117647058823529,1.41817496229261,0.500930453022313,0.412923839960877,0.595933125405258,0.567341541660053,"ACACA/SCD5",2,"BP",0.0128205128205128,0.00904014889657006
"BP","GO:0007204","positive regulation of cytosolic calcium ion concentration","2/156","170/18805",0.0117647058823529,1.41817496229261,0.500930453022313,0.412923839960877,0.595933125405258,0.567341541660053,"ITPR3/PKD1",2,"BP",0.0128205128205128,0.00904014889657006
"BP","GO:0045058","T cell selection","1/156","64/18805",0.015625,1.88351362179487,0.647539853030674,0.413765778439272,0.595933125405258,0.567341541660053,"EP300",1,"BP",0.00641025641025641,0.00340335017282638
"BP","GO:0045620","negative regulation of lymphocyte differentiation","1/156","64/18805",0.015625,1.88351362179487,0.647539853030674,0.413765778439272,0.595933125405258,0.567341541660053,"SLC4A2",1,"BP",0.00641025641025641,0.00340335017282638
"BP","GO:0046824","positive regulation of nucleocytoplasmic transport","1/156","64/18805",0.015625,1.88351362179487,0.647539853030674,0.413765778439272,0.595933125405258,0.567341541660053,"EP300",1,"BP",0.00641025641025641,0.00340335017282638
"BP","GO:0048524","positive regulation of viral process","1/156","64/18805",0.015625,1.88351362179487,0.647539853030674,0.413765778439272,0.595933125405258,0.567341541660053,"DDX3X",1,"BP",0.00641025641025641,0.00340335017282638
"BP","GO:0097479","synaptic vesicle localization","1/156","64/18805",0.015625,1.88351362179487,0.647539853030674,0.413765778439272,0.595933125405258,0.567341541660053,"SPG11",1,"BP",0.00641025641025641,0.00340335017282638
"BP","GO:0001756","somitogenesis","1/156","65/18805",0.0153846153846154,1.85453648915187,0.631192955239892,0.418645589471953,0.598605222754899,0.569885437552365,"EP300",1,"BP",0.00641025641025641,0.00345652751927679
"BP","GO:0002011","morphogenesis of an epithelial sheet","1/156","65/18805",0.0153846153846154,1.85453648915187,0.631192955239892,0.418645589471953,0.598605222754899,0.569885437552365,"FERMT1",1,"BP",0.00641025641025641,0.00345652751927679
"BP","GO:0006903","vesicle targeting","1/156","65/18805",0.0153846153846154,1.85453648915187,0.631192955239892,0.418645589471953,0.598605222754899,0.569885437552365,"EXOC7",1,"BP",0.00641025641025641,0.00345652751927679
"BP","GO:0042273","ribosomal large subunit biogenesis","1/156","65/18805",0.0153846153846154,1.85453648915187,0.631192955239892,0.418645589471953,0.598605222754899,0.569885437552365,"SDAD1",1,"BP",0.00641025641025641,0.00345652751927679
"BP","GO:0048814","regulation of dendrite morphogenesis","1/156","65/18805",0.0153846153846154,1.85453648915187,0.631192955239892,0.418645589471953,0.598605222754899,0.569885437552365,"IL1RAPL1",1,"BP",0.00641025641025641,0.00345652751927679
"BP","GO:0051306","mitotic sister chromatid separation","1/156","65/18805",0.0153846153846154,1.85453648915187,0.631192955239892,0.418645589471953,0.598605222754899,0.569885437552365,"HASPIN",1,"BP",0.00641025641025641,0.00345652751927679
"BP","GO:0051784","negative regulation of nuclear division","1/156","65/18805",0.0153846153846154,1.85453648915187,0.631192955239892,0.418645589471953,0.598605222754899,0.569885437552365,"HASPIN",1,"BP",0.00641025641025641,0.00345652751927679
"BP","GO:0051937","catecholamine transport","1/156","65/18805",0.0153846153846154,1.85453648915187,0.631192955239892,0.418645589471953,0.598605222754899,0.569885437552365,"ADRA2A",1,"BP",0.00641025641025641,0.00345652751927679
"BP","GO:0070192","chromosome organization involved in meiotic cell cycle","1/156","65/18805",0.0153846153846154,1.85453648915187,0.631192955239892,0.418645589471953,0.598605222754899,0.569885437552365,"SMC4",1,"BP",0.00641025641025641,0.00345652751927679
"BP","GO:0072348","sulfur compound transport","1/156","65/18805",0.0153846153846154,1.85453648915187,0.631192955239892,0.418645589471953,0.598605222754899,0.569885437552365,"SLC26A1",1,"BP",0.00641025641025641,0.00345652751927679
"BP","GO:1903078","positive regulation of protein localization to plasma membrane","1/156","65/18805",0.0153846153846154,1.85453648915187,0.631192955239892,0.418645589471953,0.598605222754899,0.569885437552365,"SQSTM1",1,"BP",0.00641025641025641,0.00345652751927679
"BP","GO:2001244","positive regulation of intrinsic apoptotic signaling pathway","1/156","65/18805",0.0153846153846154,1.85453648915187,0.631192955239892,0.418645589471953,0.598605222754899,0.569885437552365,"TAF6",1,"BP",0.00641025641025641,0.00345652751927679
"BP","GO:0046777","protein autophosphorylation","2/156","173/18805",0.0115606936416185,1.39358233288869,0.475651154671532,0.421536115687127,0.601181690446855,0.572338291891343,"VRK2/DDX3X",2,"BP",0.0128205128205128,0.0091996809359213
"BP","GO:0051250","negative regulation of lymphocyte activation","2/156","173/18805",0.0115606936416185,1.39358233288869,0.475651154671532,0.421536115687127,0.601181690446855,0.572338291891343,"DLG5/SLC4A2",2,"BP",0.0128205128205128,0.0091996809359213
"BP","GO:1903039","positive regulation of leukocyte cell-cell adhesion","3/156","285/18805",0.0105263157894737,1.26889338731444,0.418351862573676,0.422041469256265,0.601181690446855,0.572338291891343,"SMARCC2/KAT5/EP300",3,"BP",0.0192307692307692,0.0151555437383675
"BP","GO:0001655","urogenital system development","1/156","66/18805",0.0151515151515152,1.82643745143745,0.615132110040925,0.423485039207405,0.601181690446855,0.572338291891343,"TNC",1,"BP",0.00641025641025641,0.0035097048657272
"BP","GO:0001885","endothelial cell development","1/156","66/18805",0.0151515151515152,1.82643745143745,0.615132110040925,0.423485039207405,0.601181690446855,0.572338291891343,"PTPRS",1,"BP",0.00641025641025641,0.0035097048657272
"BP","GO:0006949","syncytium formation","1/156","66/18805",0.0151515151515152,1.82643745143745,0.615132110040925,0.423485039207405,0.601181690446855,0.572338291891343,"ADAM9",1,"BP",0.00641025641025641,0.0035097048657272
"BP","GO:0010812","negative regulation of cell-substrate adhesion","1/156","66/18805",0.0151515151515152,1.82643745143745,0.615132110040925,0.423485039207405,0.601181690446855,0.572338291891343,"ACER2",1,"BP",0.00641025641025641,0.0035097048657272
"BP","GO:0017156","calcium-ion regulated exocytosis","1/156","66/18805",0.0151515151515152,1.82643745143745,0.615132110040925,0.423485039207405,0.601181690446855,0.572338291891343,"ADRA2A",1,"BP",0.00641025641025641,0.0035097048657272
"BP","GO:0031100","animal organ regeneration","1/156","66/18805",0.0151515151515152,1.82643745143745,0.615132110040925,0.423485039207405,0.601181690446855,0.572338291891343,"PRMT5",1,"BP",0.00641025641025641,0.0035097048657272
"BP","GO:0043470","regulation of carbohydrate catabolic process","1/156","66/18805",0.0151515151515152,1.82643745143745,0.615132110040925,0.423485039207405,0.601181690446855,0.572338291891343,"EP300",1,"BP",0.00641025641025641,0.0035097048657272
"BP","GO:0050688","regulation of defense response to virus","1/156","66/18805",0.0151515151515152,1.82643745143745,0.615132110040925,0.423485039207405,0.601181690446855,0.572338291891343,"NT5C2",1,"BP",0.00641025641025641,0.0035097048657272
"BP","GO:1901224","positive regulation of non-canonical NF-kappaB signal transduction","1/156","66/18805",0.0151515151515152,1.82643745143745,0.615132110040925,0.423485039207405,0.601181690446855,0.572338291891343,"DDX3X",1,"BP",0.00641025641025641,0.0035097048657272
"BP","GO:0050796","regulation of insulin secretion","2/156","174/18805",0.0114942528735632,1.38557323902151,0.467329364826524,0.424392666660574,0.602110264826083,0.573222315278194,"ADRA2A/IRS1",2,"BP",0.0128205128205128,0.00925285828237171
"BP","GO:0006937","regulation of muscle contraction","2/156","175/18805",0.0114285714285714,1.37765567765568,0.459058740820011,0.427241981345103,0.602592174724468,0.573681104180901,"ADRA2A/EHD3",2,"BP",0.0128205128205128,0.00930603562882212
"BP","GO:0009266","response to temperature stimulus","2/156","175/18805",0.0114285714285714,1.37765567765568,0.459058740820011,0.427241981345103,0.602592174724468,0.573681104180901,"DNAJB1/EP300",2,"BP",0.0128205128205128,0.00930603562882212
"BP","GO:0071897","DNA biosynthetic process","2/156","175/18805",0.0114285714285714,1.37765567765568,0.459058740820011,0.427241981345103,0.602592174724468,0.573681104180901,"SMG6/GNL3L",2,"BP",0.0128205128205128,0.00930603562882212
"BP","GO:0030219","megakaryocyte differentiation","1/156","67/18805",0.0149253731343284,1.79917719096824,0.599347240847923,0.428284459341011,0.602592174724468,0.573681104180901,"EP300",1,"BP",0.00641025641025641,0.00356288221217761
"BP","GO:0032623","interleukin-2 production","1/156","67/18805",0.0149253731343284,1.79917719096824,0.599347240847923,0.428284459341011,0.602592174724468,0.573681104180901,"KAT5",1,"BP",0.00641025641025641,0.00356288221217761
"BP","GO:0032663","regulation of interleukin-2 production","1/156","67/18805",0.0149253731343284,1.79917719096824,0.599347240847923,0.428284459341011,0.602592174724468,0.573681104180901,"KAT5",1,"BP",0.00641025641025641,0.00356288221217761
"BP","GO:0034394","protein localization to cell surface","1/156","67/18805",0.0149253731343284,1.79917719096824,0.599347240847923,0.428284459341011,0.602592174724468,0.573681104180901,"TM9SF4",1,"BP",0.00641025641025641,0.00356288221217761
"BP","GO:0042058","regulation of epidermal growth factor receptor signaling pathway","1/156","67/18805",0.0149253731343284,1.79917719096824,0.599347240847923,0.428284459341011,0.602592174724468,0.573681104180901,"ADRA2A",1,"BP",0.00641025641025641,0.00356288221217761
"BP","GO:0045185","maintenance of protein location","1/156","67/18805",0.0149253731343284,1.79917719096824,0.599347240847923,0.428284459341011,0.602592174724468,0.573681104180901,"HK2",1,"BP",0.00641025641025641,0.00356288221217761
"BP","GO:0050909","sensory perception of taste","1/156","67/18805",0.0149253731343284,1.79917719096824,0.599347240847923,0.428284459341011,0.602592174724468,0.573681104180901,"ITPR3",1,"BP",0.00641025641025641,0.00356288221217761
"BP","GO:0051123","RNA polymerase II preinitiation complex assembly","1/156","67/18805",0.0149253731343284,1.79917719096824,0.599347240847923,0.428284459341011,0.602592174724468,0.573681104180901,"TAF6",1,"BP",0.00641025641025641,0.00356288221217761
"BP","GO:0051926","negative regulation of calcium ion transport","1/156","67/18805",0.0149253731343284,1.79917719096824,0.599347240847923,0.428284459341011,0.602592174724468,0.573681104180901,"ADRA2A",1,"BP",0.00641025641025641,0.00356288221217761
"BP","GO:0061951","establishment of protein localization to plasma membrane","1/156","67/18805",0.0149253731343284,1.79917719096824,0.599347240847923,0.428284459341011,0.602592174724468,0.573681104180901,"RAB8A",1,"BP",0.00641025641025641,0.00356288221217761
"BP","GO:0071300","cellular response to retinoic acid","1/156","67/18805",0.0149253731343284,1.79917719096824,0.599347240847923,0.428284459341011,0.602592174724468,0.573681104180901,"TNC",1,"BP",0.00641025641025641,0.00356288221217761
"BP","GO:0008286","insulin receptor signaling pathway","2/156","176/18805",0.0113636363636364,1.36982808857809,0.450838609265875,0.430083982927486,0.604050537819503,0.57506949816567,"SHC1/IRS1",2,"BP",0.0128205128205128,0.00935921297527253
"BP","GO:0050905","neuromuscular process","2/156","176/18805",0.0113636363636364,1.36982808857809,0.450838609265875,0.430083982927486,0.604050537819503,0.57506949816567,"GRIN3A/POMK",2,"BP",0.0128205128205128,0.00935921297527253
"BP","GO:0051701","biological process involved in interaction with host","2/156","176/18805",0.0113636363636364,1.36982808857809,0.450838609265875,0.430083982927486,0.604050537819503,0.57506949816567,"EXOC7/LDLR",2,"BP",0.0128205128205128,0.00935921297527253
"BP","GO:0050806","positive regulation of synaptic transmission","2/156","177/18805",0.0112994350282486,1.36208894683471,0.442668309640707,0.432918596347508,0.604988191054113,0.575962164824037,"SQSTM1/ITPR3",2,"BP",0.0128205128205128,0.00941239032172295
"BP","GO:0000271","polysaccharide biosynthetic process","1/156","68/18805",0.0147058823529412,1.77271870286576,0.58382877744269,0.433044178859786,0.604988191054113,0.575962164824037,"IRS1",1,"BP",0.00641025641025641,0.00361605955862802
"BP","GO:0001912","positive regulation of leukocyte mediated cytotoxicity","1/156","68/18805",0.0147058823529412,1.77271870286576,0.58382877744269,0.433044178859786,0.604988191054113,0.575962164824037,"ULBP3",1,"BP",0.00641025641025641,0.00361605955862802
"BP","GO:0016925","protein sumoylation","1/156","68/18805",0.0147058823529412,1.77271870286576,0.58382877744269,0.433044178859786,0.604988191054113,0.575962164824037,"GNL3L",1,"BP",0.00641025641025641,0.00361605955862802
"BP","GO:0035019","somatic stem cell population maintenance","1/156","68/18805",0.0147058823529412,1.77271870286576,0.58382877744269,0.433044178859786,0.604988191054113,0.575962164824037,"BCL9L",1,"BP",0.00641025641025641,0.00361605955862802
"BP","GO:0035773","insulin secretion involved in cellular response to glucose stimulus","1/156","68/18805",0.0147058823529412,1.77271870286576,0.58382877744269,0.433044178859786,0.604988191054113,0.575962164824037,"ADRA2A",1,"BP",0.00641025641025641,0.00361605955862802
"BP","GO:0051057","positive regulation of small GTPase mediated signal transduction","1/156","68/18805",0.0147058823529412,1.77271870286576,0.58382877744269,0.433044178859786,0.604988191054113,0.575962164824037,"CSNK1A1",1,"BP",0.00641025641025641,0.00361605955862802
"BP","GO:0060760","positive regulation of response to cytokine stimulus","1/156","68/18805",0.0147058823529412,1.77271870286576,0.58382877744269,0.433044178859786,0.604988191054113,0.575962164824037,"TRIM32",1,"BP",0.00641025641025641,0.00361605955862802
"BP","GO:0150116","regulation of cell-substrate junction organization","1/156","68/18805",0.0147058823529412,1.77271870286576,0.58382877744269,0.433044178859786,0.604988191054113,0.575962164824037,"TLN1",1,"BP",0.00641025641025641,0.00361605955862802
"BP","GO:0061448","connective tissue development","3/156","291/18805",0.0103092783505155,1.24273063706053,0.381663480538799,0.435230829678433,0.607685608751486,0.578530166248506,"EVC/PKD1/PRKG2",3,"BP",0.0192307692307692,0.0154746078170699
"BP","GO:0019229","regulation of vasoconstriction","1/156","69/18805",0.0144927536231884,1.74702712746191,0.568567623346676,0.437764524064347,0.609431855013379,0.580192631387807,"ADRA2A",1,"BP",0.00641025641025641,0.00366923690507844
"BP","GO:0030199","collagen fibril organization","1/156","69/18805",0.0144927536231884,1.74702712746191,0.568567623346676,0.437764524064347,0.609431855013379,0.580192631387807,"P4HA1",1,"BP",0.00641025641025641,0.00366923690507844
"BP","GO:0044091","membrane biogenesis","1/156","69/18805",0.0144927536231884,1.74702712746191,0.568567623346676,0.437764524064347,0.609431855013379,0.580192631387807,"IL1RAPL1",1,"BP",0.00641025641025641,0.00366923690507844
"BP","GO:0046847","filopodium assembly","1/156","69/18805",0.0144927536231884,1.74702712746191,0.568567623346676,0.437764524064347,0.609431855013379,0.580192631387807,"MYO10",1,"BP",0.00641025641025641,0.00366923690507844
"BP","GO:2000144","positive regulation of DNA-templated transcription initiation","1/156","69/18805",0.0144927536231884,1.74702712746191,0.568567623346676,0.437764524064347,0.609431855013379,0.580192631387807,"TAF6",1,"BP",0.00641025641025641,0.00366923690507844
"BP","GO:0038127","ERBB signaling pathway","2/156","180/18805",0.0111111111111111,1.33938746438746,0.418449983414331,0.441377382835573,0.614101513904209,0.584638250134622,"ADRA2A/SHC1",2,"BP",0.0128205128205128,0.00957192236107418
"BP","GO:0006687","glycosphingolipid metabolic process","1/156","70/18805",0.0142857142857143,1.7220695970696,0.553555125739936,0.442445818590712,0.614508081375989,0.585025311377562,"B4GALT5",1,"BP",0.00641025641025641,0.00372241425152885
"BP","GO:0010803","regulation of tumor necrosis factor-mediated signaling pathway","1/156","70/18805",0.0142857142857143,1.7220695970696,0.553555125739936,0.442445818590712,0.614508081375989,0.585025311377562,"TRIM32",1,"BP",0.00641025641025641,0.00372241425152885
"BP","GO:0043627","response to estrogen","1/156","70/18805",0.0142857142857143,1.7220695970696,0.553555125739936,0.442445818590712,0.614508081375989,0.585025311377562,"EP300",1,"BP",0.00641025641025641,0.00372241425152885
"BP","GO:0019058","viral life cycle","3/156","295/18805",0.0101694915254237,1.22588005215124,0.357639372247566,0.443963034295681,0.616198365780045,0.586634499588049,"LDLR/OAS3/DDX3X",3,"BP",0.0192307692307692,0.0156873172028716
"BP","GO:0030178","negative regulation of Wnt signaling pathway","2/156","181/18805",0.0110497237569061,1.33198753364499,0.410472652561644,0.444181727248605,0.616198365780045,0.586634499588049,"CSNK1A1/FERMT1",2,"BP",0.0128205128205128,0.00962509970752459
"BP","GO:0031214","biomineral tissue development","2/156","182/18805",0.010989010989011,1.32466892082277,0.40254203312885,0.446978333681427,0.617705009104588,0.588068857421232,"CCDC154/SLC4A2",2,"BP",0.0128205128205128,0.00967827705397501
"BP","GO:0009064","glutamine family amino acid metabolic process","1/156","71/18805",0.0140845070422535,1.69781509570242,0.538783047694703,0.44708838343191,0.617705009104588,0.588068857421232,"GLYATL1B",1,"BP",0.00641025641025641,0.00377559159797926
"BP","GO:0031343","positive regulation of cell killing","1/156","71/18805",0.0140845070422535,1.69781509570242,0.538783047694703,0.44708838343191,0.617705009104588,0.588068857421232,"ULBP3",1,"BP",0.00641025641025641,0.00377559159797926
"BP","GO:0042987","amyloid precursor protein catabolic process","1/156","71/18805",0.0140845070422535,1.69781509570242,0.538783047694703,0.44708838343191,0.617705009104588,0.588068857421232,"ADAM9",1,"BP",0.00641025641025641,0.00377559159797926
"BP","GO:0048002","antigen processing and presentation of peptide antigen","1/156","71/18805",0.0140845070422535,1.69781509570242,0.538783047694703,0.44708838343191,0.617705009104588,0.588068857421232,"ULBP3",1,"BP",0.00641025641025641,0.00377559159797926
"BP","GO:0050435","amyloid-beta metabolic process","1/156","71/18805",0.0140845070422535,1.69781509570242,0.538783047694703,0.44708838343191,0.617705009104588,0.588068857421232,"LDLR",1,"BP",0.00641025641025641,0.00377559159797926
"BP","GO:1902808","positive regulation of cell cycle G1/S phase transition","1/156","71/18805",0.0140845070422535,1.69781509570242,0.538783047694703,0.44708838343191,0.617705009104588,0.588068857421232,"DDX3X",1,"BP",0.00641025641025641,0.00377559159797926
"BP","GO:1903532","positive regulation of secretion by cell","3/156","297/18805",0.0101010101010101,1.21762496762497,0.345753706700929,0.448309769613323,0.619032385367234,0.589332549038811,"ADAM9/HGS/MYO18A",3,"BP",0.0192307692307692,0.0157936718957724
"BP","GO:0002711","positive regulation of T cell mediated immunity","1/156","72/18805",0.0138888888888889,1.67423433048433,0.524243542515371,0.451692536959434,0.620815842175148,0.591030439442534,"ULBP3",1,"BP",0.00641025641025641,0.00382876894442967
"BP","GO:0006414","translational elongation","1/156","72/18805",0.0138888888888889,1.67423433048433,0.524243542515371,0.451692536959434,0.620815842175148,0.591030439442534,"NEMF",1,"BP",0.00641025641025641,0.00382876894442967
"BP","GO:0030032","lamellipodium assembly","1/156","72/18805",0.0138888888888889,1.67423433048433,0.524243542515371,0.451692536959434,0.620815842175148,0.591030439442534,"PLXNB3",1,"BP",0.00641025641025641,0.00382876894442967
"BP","GO:0033363","secretory granule organization","1/156","72/18805",0.0138888888888889,1.67423433048433,0.524243542515371,0.451692536959434,0.620815842175148,0.591030439442534,"HPS3",1,"BP",0.00641025641025641,0.00382876894442967
"BP","GO:0046626","regulation of insulin receptor signaling pathway","1/156","72/18805",0.0138888888888889,1.67423433048433,0.524243542515371,0.451692536959434,0.620815842175148,0.591030439442534,"IRS1",1,"BP",0.00641025641025641,0.00382876894442967
"BP","GO:0050918","positive chemotaxis","1/156","72/18805",0.0138888888888889,1.67423433048433,0.524243542515371,0.451692536959434,0.620815842175148,0.591030439442534,"PLXNB3",1,"BP",0.00641025641025641,0.00382876894442967
"BP","GO:0051148","negative regulation of muscle cell differentiation","1/156","72/18805",0.0138888888888889,1.67423433048433,0.524243542515371,0.451692536959434,0.620815842175148,0.591030439442534,"BHLHA15",1,"BP",0.00641025641025641,0.00382876894442967
"BP","GO:2000134","negative regulation of G1/S transition of mitotic cell cycle","1/156","72/18805",0.0138888888888889,1.67423433048433,0.524243542515371,0.451692536959434,0.620815842175148,0.591030439442534,"RBL2",1,"BP",0.00641025641025641,0.00382876894442967
"BP","GO:0001659","temperature homeostasis","2/156","184/18805",0.0108695652173913,1.31027034559643,0.386818580469657,0.452548074098014,0.62091373540311,0.591123635964934,"SQSTM1/KDM3A",2,"BP",0.0128205128205128,0.00978463174687583
"BP","GO:0006109","regulation of carbohydrate metabolic process","2/156","184/18805",0.0108695652173913,1.31027034559643,0.386818580469657,0.452548074098014,0.62091373540311,0.591123635964934,"IRS1/EP300",2,"BP",0.0128205128205128,0.00978463174687583
"BP","GO:0042129","regulation of T cell proliferation","2/156","184/18805",0.0108695652173913,1.31027034559643,0.386818580469657,0.452548074098014,0.62091373540311,0.591123635964934,"DLG5/SLC4A2",2,"BP",0.0128205128205128,0.00978463174687583
"BP","GO:0043122","regulation of canonical NF-kappaB signal transduction","3/156","300/18805",0.01,1.20544871794872,0.328079552651579,0.454804627871602,0.623483407936247,0.593570021162131,"SQSTM1/TRIM32/RNF31",3,"BP",0.0192307692307692,0.0159532039351236
"BP","GO:0006487","protein N-linked glycosylation","1/156","73/18805",0.0136986301369863,1.65129961362838,0.509929129998057,0.456258594944504,0.623483407936247,0.593570021162131,"ALG12",1,"BP",0.00641025641025641,0.00388194629088009
"BP","GO:0014015","positive regulation of gliogenesis","1/156","73/18805",0.0136986301369863,1.65129961362838,0.509929129998057,0.456258594944504,0.623483407936247,0.593570021162131,"PRMT5",1,"BP",0.00641025641025641,0.00388194629088009
"BP","GO:0032272","negative regulation of protein polymerization","1/156","73/18805",0.0136986301369863,1.65129961362838,0.509929129998057,0.456258594944504,0.623483407936247,0.593570021162131,"SPTBN2",1,"BP",0.00641025641025641,0.00388194629088009
"BP","GO:0060260","regulation of transcription initiation by RNA polymerase II","1/156","73/18805",0.0136986301369863,1.65129961362838,0.509929129998057,0.456258594944504,0.623483407936247,0.593570021162131,"TAF6",1,"BP",0.00641025641025641,0.00388194629088009
"BP","GO:0061035","regulation of cartilage development","1/156","73/18805",0.0136986301369863,1.65129961362838,0.509929129998057,0.456258594944504,0.623483407936247,0.593570021162131,"PRKG2",1,"BP",0.00641025641025641,0.00388194629088009
"BP","GO:0071901","negative regulation of protein serine/threonine kinase activity","1/156","73/18805",0.0136986301369863,1.65129961362838,0.509929129998057,0.456258594944504,0.623483407936247,0.593570021162131,"AIDA",1,"BP",0.00641025641025641,0.00388194629088009
"BP","GO:0006635","fatty acid beta-oxidation","1/156","74/18805",0.0135135135135135,1.62898475398475,0.495832674441777,0.460786870579175,0.62758159663111,0.597471587618226,"IRS1",1,"BP",0.00641025641025641,0.0039351236373305
"BP","GO:0007405","neuroblast proliferation","1/156","74/18805",0.0135135135135135,1.62898475398475,0.495832674441777,0.460786870579175,0.62758159663111,0.597471587618226,"DAGLA",1,"BP",0.00641025641025641,0.0039351236373305
"BP","GO:0033344","cholesterol efflux","1/156","74/18805",0.0135135135135135,1.62898475398475,0.495832674441777,0.460786870579175,0.62758159663111,0.597471587618226,"SPG11",1,"BP",0.00641025641025641,0.0039351236373305
"BP","GO:0050772","positive regulation of axonogenesis","1/156","74/18805",0.0135135135135135,1.62898475398475,0.495832674441777,0.460786870579175,0.62758159663111,0.597471587618226,"PLXNB3",1,"BP",0.00641025641025641,0.0039351236373305
"BP","GO:1901184","regulation of ERBB signaling pathway","1/156","74/18805",0.0135135135135135,1.62898475398475,0.495832674441777,0.460786870579175,0.62758159663111,0.597471587618226,"ADRA2A",1,"BP",0.00641025641025641,0.0039351236373305
"BP","GO:0043484","regulation of RNA splicing","2/156","187/18805",0.0106951871657754,1.28924996572055,0.363569340496952,0.460843075589329,0.62758159663111,0.597471587618226,"USP22/PRMT5",2,"BP",0.0128205128205128,0.00994416378622707
"BP","GO:0051345","positive regulation of hydrolase activity","2/156","188/18805",0.0106382978723404,1.28239225313693,0.355906975370997,0.463591943647278,0.630963247084404,0.600690993789385,"RGP1/RALGAPA2",2,"BP",0.0128205128205128,0.00999734113267748
"BP","GO:0002090","regulation of receptor internalization","1/156","75/18805",0.0133333333333333,1.60726495726496,0.481947364260084,0.46527767449726,0.631087651017129,0.600809429090213,"TBC1D5",1,"BP",0.00641025641025641,0.00398830098378091
"BP","GO:0006406","mRNA export from nucleus","1/156","75/18805",0.0133333333333333,1.60726495726496,0.481947364260084,0.46527767449726,0.631087651017129,0.600809429090213,"SMG6",1,"BP",0.00641025641025641,0.00398830098378091
"BP","GO:0046635","positive regulation of alpha-beta T cell activation","1/156","75/18805",0.0133333333333333,1.60726495726496,0.481947364260084,0.46527767449726,0.631087651017129,0.600809429090213,"EP300",1,"BP",0.00641025641025641,0.00398830098378091
"BP","GO:0090307","mitotic spindle assembly","1/156","75/18805",0.0133333333333333,1.60726495726496,0.481947364260084,0.46527767449726,0.631087651017129,0.600809429090213,"KPNB1",1,"BP",0.00641025641025641,0.00398830098378091
"BP","GO:0090559","regulation of membrane permeability","1/156","75/18805",0.0133333333333333,1.60726495726496,0.481947364260084,0.46527767449726,0.631087651017129,0.600809429090213,"HK2",1,"BP",0.00641025641025641,0.00398830098378091
"BP","GO:1901880","negative regulation of protein depolymerization","1/156","75/18805",0.0133333333333333,1.60726495726496,0.481947364260084,0.46527767449726,0.631087651017129,0.600809429090213,"SPTBN2",1,"BP",0.00641025641025641,0.00398830098378091
"BP","GO:0032200","telomere organization","2/156","189/18805",0.0105820105820106,1.27560710894044,0.348287412114634,0.466332651274726,0.632157560946047,0.601828007052458,"SMG6/GNL3L",2,"BP",0.0128205128205128,0.0100505184791279
"BP","GO:0006081","aldehyde metabolic process","1/156","76/18805",0.0131578947368421,1.58611673414305,0.468266693056841,0.469731314795094,0.634230740556196,0.603801719984358,"KDM3A",1,"BP",0.00641025641025641,0.00404147833023132
"BP","GO:0045911","positive regulation of DNA recombination","1/156","76/18805",0.0131578947368421,1.58611673414305,0.468266693056841,0.469731314795094,0.634230740556196,0.603801719984358,"KAT5",1,"BP",0.00641025641025641,0.00404147833023132
"BP","GO:0050795","regulation of behavior","1/156","76/18805",0.0131578947368421,1.58611673414305,0.468266693056841,0.469731314795094,0.634230740556196,0.603801719984358,"GRPR",1,"BP",0.00641025641025641,0.00404147833023132
"BP","GO:0061077","chaperone-mediated protein folding","1/156","76/18805",0.0131578947368421,1.58611673414305,0.468266693056841,0.469731314795094,0.634230740556196,0.603801719984358,"DNAJB1",1,"BP",0.00641025641025641,0.00404147833023132
"BP","GO:0062208","positive regulation of pattern recognition receptor signaling pathway","1/156","76/18805",0.0131578947368421,1.58611673414305,0.468266693056841,0.469731314795094,0.634230740556196,0.603801719984358,"DDX3X",1,"BP",0.00641025641025641,0.00404147833023132
"BP","GO:0070527","platelet aggregation","1/156","76/18805",0.0131578947368421,1.58611673414305,0.468266693056841,0.469731314795094,0.634230740556196,0.603801719984358,"TLN1",1,"BP",0.00641025641025641,0.00404147833023132
"BP","GO:1903578","regulation of ATP metabolic process","1/156","76/18805",0.0131578947368421,1.58611673414305,0.468266693056841,0.469731314795094,0.634230740556196,0.603801719984358,"EP300",1,"BP",0.00641025641025641,0.00404147833023132
"BP","GO:0009615","response to virus","4/156","425/18805",0.00941176470588235,1.13453996983409,0.256585838698143,0.470639619149823,0.634735431846013,0.604282197276559,"NT5C2/OAS3/TRIM32/DDX3X",4,"BP",0.0256410256410256,0.0226003722414252
"BP","GO:0044782","cilium organization","4/156","425/18805",0.00941176470588235,1.13453996983409,0.256585838698143,0.470639619149823,0.634735431846013,0.604282197276559,"RAB8A/TRIM32/TUB/EHD3",4,"BP",0.0256410256410256,0.0226003722414252
"BP","GO:0031348","negative regulation of defense response","3/156","308/18805",0.00974025974025974,1.17413836163836,0.281824542109317,0.471967820243133,0.635259317763099,0.604780948279285,"LDLR/NT5C2/OAS3",3,"BP",0.0192307692307692,0.0163786227067269
"BP","GO:0030100","regulation of endocytosis","3/156","309/18805",0.00970873786407767,1.17033856111526,0.276129592286106,0.474096469159628,0.635259317763099,0.604780948279285,"TBC1D5/MYO18A/TUB",3,"BP",0.0192307692307692,0.0164318000531773
"BP","GO:0006801","superoxide metabolic process","1/156","77/18805",0.012987012987013,1.56551781551782,0.454784442043093,0.474148097052127,0.635259317763099,0.604780948279285,"SHC1",1,"BP",0.00641025641025641,0.00409465567668173
"BP","GO:0009123","nucleoside monophosphate metabolic process","1/156","77/18805",0.012987012987013,1.56551781551782,0.454784442043093,0.474148097052127,0.635259317763099,0.604780948279285,"NT5C2",1,"BP",0.00641025641025641,0.00409465567668173
"BP","GO:0009880","embryonic pattern specification","1/156","77/18805",0.012987012987013,1.56551781551782,0.454784442043093,0.474148097052127,0.635259317763099,0.604780948279285,"PCSK6",1,"BP",0.00641025641025641,0.00409465567668173
"BP","GO:0015844","monoamine transport","1/156","77/18805",0.012987012987013,1.56551781551782,0.454784442043093,0.474148097052127,0.635259317763099,0.604780948279285,"ADRA2A",1,"BP",0.00641025641025641,0.00409465567668173
"BP","GO:0046470","phosphatidylcholine metabolic process","1/156","77/18805",0.012987012987013,1.56551781551782,0.454784442043093,0.474148097052127,0.635259317763099,0.604780948279285,"LDLR",1,"BP",0.00641025641025641,0.00409465567668173
"BP","GO:1900076","regulation of cellular response to insulin stimulus","1/156","77/18805",0.012987012987013,1.56551781551782,0.454784442043093,0.474148097052127,0.635259317763099,0.604780948279285,"IRS1",1,"BP",0.00641025641025641,0.00409465567668173
"BP","GO:1902017","regulation of cilium assembly","1/156","77/18805",0.012987012987013,1.56551781551782,0.454784442043093,0.474148097052127,0.635259317763099,0.604780948279285,"TRIM32",1,"BP",0.00641025641025641,0.00409465567668173
"BP","GO:0140694","membraneless organelle assembly","4/156","427/18805",0.00936768149882904,1.12922596529154,0.247043962598856,0.474259714624842,0.635259317763099,0.604780948279285,"CNOT1/SQSTM1/KPNB1/DDX3X",4,"BP",0.0256410256410256,0.022706726934326
"BP","GO:0001837","epithelial to mesenchymal transition","2/156","192/18805",0.0104166666666667,1.25567574786325,0.325680387866585,0.4745052756681,0.635259317763099,0.604780948279285,"DLG5/BCL9L",2,"BP",0.0128205128205128,0.0102100505184791
"BP","GO:0048771","tissue remodeling","2/156","192/18805",0.0104166666666667,1.25567574786325,0.325680387866585,0.4745052756681,0.635259317763099,0.604780948279285,"CCDC154/SLC4A2",2,"BP",0.0128205128205128,0.0102100505184791
"BP","GO:1901991","negative regulation of mitotic cell cycle phase transition","2/156","192/18805",0.0104166666666667,1.25567574786325,0.325680387866585,0.4745052756681,0.635259317763099,0.604780948279285,"RBL2/HASPIN",2,"BP",0.0128205128205128,0.0102100505184791
"BP","GO:0042692","muscle cell differentiation","4/156","429/18805",0.00932400932400932,1.12396150857689,0.237547056747986,0.477870738172577,0.638844727562933,0.608194337863792,"BHLHA15/TRIM32/SPG11/ATP11A",4,"BP",0.0256410256410256,0.0228130816272268
"BP","GO:0007585","respiratory gaseous exchange by respiratory system","1/156","78/18805",0.0128205128205128,1.54544707429323,0.441494663683788,0.478528324351351,0.638844727562933,0.608194337863792,"GRPR",1,"BP",0.00641025641025641,0.00414783302313215
"BP","GO:0072078","nephron tubule morphogenesis","1/156","78/18805",0.0128205128205128,1.54544707429323,0.441494663683788,0.478528324351351,0.638844727562933,0.608194337863792,"PKD1",1,"BP",0.00641025641025641,0.00414783302313215
"BP","GO:0097120","receptor localization to synapse","1/156","78/18805",0.0128205128205128,1.54544707429323,0.441494663683788,0.478528324351351,0.638844727562933,0.608194337863792,"RAB8A",1,"BP",0.00641025641025641,0.00414783302313215
"BP","GO:1903533","regulation of protein targeting","1/156","78/18805",0.0128205128205128,1.54544707429323,0.441494663683788,0.478528324351351,0.638844727562933,0.608194337863792,"RNF31",1,"BP",0.00641025641025641,0.00414783302313215
"BP","GO:0021543","pallium development","2/156","194/18805",0.0103092783505155,1.24273063706053,0.310813770686359,0.479911932269223,0.640331932100789,0.609610189541272,"CCDC85C/PTPRS",2,"BP",0.0128205128205128,0.01031640521138
"BP","GO:0009247","glycolipid biosynthetic process","1/156","79/18805",0.0126582278481013,1.52588445309964,0.428391666473626,0.482872297299564,0.643197816088875,0.612338574607824,"B4GALT5",1,"BP",0.00641025641025641,0.00420101036958256
"BP","GO:0055117","regulation of cardiac muscle contraction","1/156","79/18805",0.0126582278481013,1.52588445309964,0.428391666473626,0.482872297299564,0.643197816088875,0.612338574607824,"EHD3",1,"BP",0.00641025641025641,0.00420101036958256
"BP","GO:1901568","fatty acid derivative metabolic process","1/156","79/18805",0.0126582278481013,1.52588445309964,0.428391666473626,0.482872297299564,0.643197816088875,0.612338574607824,"ACACA",1,"BP",0.00641025641025641,0.00420101036958256
"BP","GO:0030098","lymphocyte differentiation","4/156","432/18805",0.00925925925925926,1.11615622032289,0.223384972323258,0.48326978037245,0.643366439677449,0.612499108000957,"SMARCC2/SLC4A2/KAT5/EP300",4,"BP",0.0256410256410256,0.022972613666578
"BP","GO:0048608","reproductive structure development","3/156","314/18805",0.00955414012738853,1.15170259676629,0.247934684211858,0.484681116697608,0.644883838743316,0.613943705538235,"NRIP1/PKD1/TNC",3,"BP",0.0192307692307692,0.0166976867854294
"BP","GO:0050954","sensory perception of mechanical stimulus","2/156","196/18805",0.0102040816326531,1.23004971219257,0.296106443429415,0.485284730273362,0.6453254391933,0.61436411895278,"CCDC154/TUB",2,"BP",0.0128205128205128,0.0104227599042808
"BP","GO:0010469","regulation of signaling receptor activity","1/156","80/18805",0.0125,1.5068108974359,0.41547000075075,0.487180314047469,0.646398461375832,0.615385659849434,"ADRA2A",1,"BP",0.00641025641025641,0.00425418771603297
"BP","GO:0031016","pancreas development","1/156","80/18805",0.0125,1.5068108974359,0.41547000075075,0.487180314047469,0.646398461375832,0.615385659849434,"BHLHA15",1,"BP",0.00641025641025641,0.00425418771603297
"BP","GO:0035914","skeletal muscle cell differentiation","1/156","80/18805",0.0125,1.5068108974359,0.41547000075075,0.487180314047469,0.646398461375832,0.615385659849434,"BCL9L",1,"BP",0.00641025641025641,0.00425418771603297
"BP","GO:0072088","nephron epithelium morphogenesis","1/156","80/18805",0.0125,1.5068108974359,0.41547000075075,0.487180314047469,0.646398461375832,0.615385659849434,"PKD1",1,"BP",0.00641025641025641,0.00425418771603297
"BP","GO:0140013","meiotic nuclear division","2/156","197/18805",0.0101522842639594,1.22380580502408,0.288811350493061,0.487958318321618,0.647069238422023,0.616024254462274,"SMC4/ZSCAN21",2,"BP",0.0128205128205128,0.0104759372507312
"BP","GO:0001666","response to hypoxia","3/156","316/18805",0.00949367088607595,1.14441333982473,0.236784782477558,0.488886932846386,0.647938875842727,0.616852168558527,"HK2/TM9SF4/EP300",3,"BP",0.0192307692307692,0.0168040414783302
"BP","GO:0071466","cellular response to xenobiotic stimulus","2/156","198/18805",0.0101010101010101,1.21762496762497,0.281554700236901,0.490623307591917,0.648804942737813,0.617676683435267,"ACER2/BCHE",2,"BP",0.0128205128205128,0.0105291145971816
"BP","GO:0001510","RNA methylation","1/156","81/18805",0.0123456790123457,1.48820829376385,0.4027244454654,0.49145267030961,0.648804942737813,0.617676683435267,"RNMT",1,"BP",0.00641025641025641,0.00430736506248338
"BP","GO:0014032","neural crest cell development","1/156","81/18805",0.0123456790123457,1.48820829376385,0.4027244454654,0.49145267030961,0.648804942737813,0.617676683435267,"SEMA3G",1,"BP",0.00641025641025641,0.00430736506248338
"BP","GO:0032410","negative regulation of transporter activity","1/156","81/18805",0.0123456790123457,1.48820829376385,0.4027244454654,0.49145267030961,0.648804942737813,0.617676683435267,"ADRA2A",1,"BP",0.00641025641025641,0.00430736506248338
"BP","GO:0032436","positive regulation of proteasomal ubiquitin-dependent protein catabolic process","1/156","81/18805",0.0123456790123457,1.48820829376385,0.4027244454654,0.49145267030961,0.648804942737813,0.617676683435267,"CSNK1A1",1,"BP",0.00641025641025641,0.00430736506248338
"BP","GO:0045921","positive regulation of exocytosis","1/156","81/18805",0.0123456790123457,1.48820829376385,0.4027244454654,0.49145267030961,0.648804942737813,0.617676683435267,"HGS",1,"BP",0.00641025641025641,0.00430736506248338
"BP","GO:1902807","negative regulation of cell cycle G1/S phase transition","1/156","81/18805",0.0123456790123457,1.48820829376385,0.4027244454654,0.49145267030961,0.648804942737813,0.617676683435267,"RBL2",1,"BP",0.00641025641025641,0.00430736506248338
"BP","GO:0061458","reproductive system development","3/156","318/18805",0.00943396226415094,1.13721577164973,0.225706474708551,0.493076291532279,0.650586773549535,0.619373025854582,"NRIP1/PKD1/TNC",3,"BP",0.0192307692307692,0.0169103961712311
"BP","GO:0010569","regulation of double-strand break repair via homologous recombination","1/156","82/18805",0.0121951219512195,1.47005941213258,0.390149995828224,0.495689659384151,0.652535951495103,0.621228686453842,"KAT5",1,"BP",0.00641025641025641,0.00436054240893379
"BP","GO:0043297","apical junction assembly","1/156","82/18805",0.0121951219512195,1.47005941213258,0.390149995828224,0.495689659384151,0.652535951495103,0.621228686453842,"DLG5",1,"BP",0.00641025641025641,0.00436054240893379
"BP","GO:0072028","nephron morphogenesis","1/156","82/18805",0.0121951219512195,1.47005941213258,0.390149995828224,0.495689659384151,0.652535951495103,0.621228686453842,"PKD1",1,"BP",0.00641025641025641,0.00436054240893379
"BP","GO:2000142","regulation of DNA-templated transcription initiation","1/156","82/18805",0.0121951219512195,1.47005941213258,0.390149995828224,0.495689659384151,0.652535951495103,0.621228686453842,"TAF6",1,"BP",0.00641025641025641,0.00436054240893379
"BP","GO:0061136","regulation of proteasomal protein catabolic process","2/156","200/18805",0.01,1.20544871794872,0.267154960249542,0.495927323136278,0.652535951495103,0.621228686453842,"PKD1/CSNK1A1",2,"BP",0.0128205128205128,0.0106354692900824
"BP","GO:0046879","hormone secretion","3/156","320/18805",0.009375,1.13010817307692,0.214698735399548,0.49724891530407,0.652689655805203,0.621375016363247,"ADRA2A/RAB11FIP1/IRS1",3,"BP",0.0192307692307692,0.0170167508641319
"BP","GO:0000302","response to reactive oxygen species","2/156","201/18805",0.00995024875621891,1.19945146064549,0.260011005269648,0.49856626925041,0.652689655805203,0.621375016363247,"ADAM9/PEX10",2,"BP",0.0128205128205128,0.0106886466365328
"BP","GO:0046631","alpha-beta T cell activation","2/156","201/18805",0.00995024875621891,1.19945146064549,0.260011005269648,0.49856626925041,0.652689655805203,0.621375016363247,"SLC4A2/EP300",2,"BP",0.0128205128205128,0.0106886466365328
"BP","GO:0031400","negative regulation of protein modification process","3/156","321/18805",0.00934579439252336,1.12658758686796,0.209221014316108,0.49932886708868,0.652689655805203,0.621375016363247,"SQSTM1/GNL3L/AIDA",3,"BP",0.0192307692307692,0.0170699282105823
"BP","GO:0051047","positive regulation of secretion","3/156","321/18805",0.00934579439252336,1.12658758686796,0.209221014316108,0.49932886708868,0.652689655805203,0.621375016363247,"ADAM9/HGS/MYO18A",3,"BP",0.0192307692307692,0.0170699282105823
"BP","GO:0051607","defense response to virus","3/156","321/18805",0.00934579439252336,1.12658758686796,0.209221014316108,0.49932886708868,0.652689655805203,0.621375016363247,"NT5C2/OAS3/TRIM32",3,"BP",0.0192307692307692,0.0170699282105823
"BP","GO:0006446","regulation of translational initiation","1/156","83/18805",0.0120481927710843,1.45234785295026,0.377741851769724,0.49989157217249,0.652689655805203,0.621375016363247,"DDX3X",1,"BP",0.00641025641025641,0.00441371975538421
"BP","GO:0008088","axo-dendritic transport","1/156","83/18805",0.0120481927710843,1.45234785295026,0.377741851769724,0.49989157217249,0.652689655805203,0.621375016363247,"SPG11",1,"BP",0.00641025641025641,0.00441371975538421
"BP","GO:0019233","sensory perception of pain","1/156","83/18805",0.0120481927710843,1.45234785295026,0.377741851769724,0.49989157217249,0.652689655805203,0.621375016363247,"POMK",1,"BP",0.00641025641025641,0.00441371975538421
"BP","GO:0042267","natural killer cell mediated cytotoxicity","1/156","83/18805",0.0120481927710843,1.45234785295026,0.377741851769724,0.49989157217249,0.652689655805203,0.621375016363247,"ULBP3",1,"BP",0.00641025641025641,0.00441371975538421
"BP","GO:0048844","artery morphogenesis","1/156","83/18805",0.0120481927710843,1.45234785295026,0.377741851769724,0.49989157217249,0.652689655805203,0.621375016363247,"LDLR",1,"BP",0.00641025641025641,0.00441371975538421
"BP","GO:0061053","somite development","1/156","83/18805",0.0120481927710843,1.45234785295026,0.377741851769724,0.49989157217249,0.652689655805203,0.621375016363247,"EP300",1,"BP",0.00641025641025641,0.00441371975538421
"BP","GO:0061333","renal tubule morphogenesis","1/156","83/18805",0.0120481927710843,1.45234785295026,0.377741851769724,0.49989157217249,0.652689655805203,0.621375016363247,"PKD1",1,"BP",0.00641025641025641,0.00441371975538421
"BP","GO:2000027","regulation of animal organ morphogenesis","1/156","83/18805",0.0120481927710843,1.45234785295026,0.377741851769724,0.49989157217249,0.652689655805203,0.621375016363247,"SAPCD2",1,"BP",0.00641025641025641,0.00441371975538421
"BP","GO:0051952","regulation of amine transport","1/156","84/18805",0.0119047619047619,1.435057997558,0.365495407148406,0.504058697198721,0.657407691294323,0.625866690703692,"ADRA2A",1,"BP",0.00641025641025641,0.00446689710183462
"BP","GO:0097009","energy homeostasis","1/156","84/18805",0.0119047619047619,1.435057997558,0.365495407148406,0.504058697198721,0.657407691294323,0.625866690703692,"SQSTM1",1,"BP",0.00641025641025641,0.00446689710183462
"BP","GO:0043588","skin development","3/156","324/18805",0.00925925925925926,1.11615622032289,0.192890966584367,0.505542888294572,0.658981536607907,0.627365026319683,"ADAM9/PKD1/FERMT1",3,"BP",0.0192307692307692,0.0172294602499335
"BP","GO:0002822","regulation of adaptive immune response based on somatic recombination of immune receptors built from immunoglobulin superfamily domains","2/156","204/18805",0.00980392156862745,1.18181246857717,0.238797758994472,0.506430406039759,0.659414591197603,0.627777303885851,"ULBP3/EP300",2,"BP",0.0128205128205128,0.0108481786758841
"BP","GO:0090276","regulation of peptide hormone secretion","2/156","204/18805",0.00980392156862745,1.18181246857717,0.238797758994472,0.506430406039759,0.659414591197603,0.627777303885851,"ADRA2A/IRS1",2,"BP",0.0128205128205128,0.0108481786758841
"BP","GO:0006970","response to osmotic stress","1/156","85/18805",0.0117647058823529,1.41817496229261,0.353406239650701,0.508191320628933,0.659537916116784,0.627894711941874,"DDX3X",1,"BP",0.00641025641025641,0.00452007444828503
"BP","GO:0043242","negative regulation of protein-containing complex disassembly","1/156","85/18805",0.0117647058823529,1.41817496229261,0.353406239650701,0.508191320628933,0.659537916116784,0.627894711941874,"SPTBN2",1,"BP",0.00641025641025641,0.00452007444828503
"BP","GO:0048041","focal adhesion assembly","1/156","85/18805",0.0117647058823529,1.41817496229261,0.353406239650701,0.508191320628933,0.659537916116784,0.627894711941874,"TLN1",1,"BP",0.00641025641025641,0.00452007444828503
"BP","GO:0060337","type I interferon-mediated signaling pathway","1/156","85/18805",0.0117647058823529,1.41817496229261,0.353406239650701,0.508191320628933,0.659537916116784,0.627894711941874,"OAS3",1,"BP",0.00641025641025641,0.00452007444828503
"BP","GO:1901657","glycosyl compound metabolic process","1/156","85/18805",0.0117647058823529,1.41817496229261,0.353406239650701,0.508191320628933,0.659537916116784,0.627894711941874,"NT5C2",1,"BP",0.00641025641025641,0.00452007444828503
"BP","GO:2000514","regulation of CD4-positive, alpha-beta T cell activation","1/156","85/18805",0.0117647058823529,1.41817496229261,0.353406239650701,0.508191320628933,0.659537916116784,0.627894711941874,"EP300",1,"BP",0.00641025641025641,0.00452007444828503
"BP","GO:0007051","spindle organization","2/156","206/18805",0.00970873786407767,1.17033856111526,0.224833713320475,0.511628891006184,0.661963057638521,0.630203500413315,"PKD1/KPNB1",2,"BP",0.0128205128205128,0.0109545333687849
"BP","GO:0008625","extrinsic apoptotic signaling pathway via death domain receptors","1/156","86/18805",0.0116279069767442,1.40168455575432,0.341470101330667,0.512289726290358,0.661963057638521,0.630203500413315,"DDX3X",1,"BP",0.00641025641025641,0.00457325179473544
"BP","GO:0035023","regulation of Rho protein signal transduction","1/156","86/18805",0.0116279069767442,1.40168455575432,0.341470101330667,0.512289726290358,0.661963057638521,0.630203500413315,"CSNK1A1",1,"BP",0.00641025641025641,0.00457325179473544
"BP","GO:0042093","T-helper cell differentiation","1/156","86/18805",0.0116279069767442,1.40168455575432,0.341470101330667,0.512289726290358,0.661963057638521,0.630203500413315,"EP300",1,"BP",0.00641025641025641,0.00457325179473544
"BP","GO:0045913","positive regulation of carbohydrate metabolic process","1/156","86/18805",0.0116279069767442,1.40168455575432,0.341470101330667,0.512289726290358,0.661963057638521,0.630203500413315,"IRS1",1,"BP",0.00641025641025641,0.00457325179473544
"BP","GO:0071357","cellular response to type I interferon","1/156","86/18805",0.0116279069767442,1.40168455575432,0.341470101330667,0.512289726290358,0.661963057638521,0.630203500413315,"OAS3",1,"BP",0.00641025641025641,0.00457325179473544
"BP","GO:0072332","intrinsic apoptotic signaling pathway by p53 class mediator","1/156","86/18805",0.0116279069767442,1.40168455575432,0.341470101330667,0.512289726290358,0.661963057638521,0.630203500413315,"EP300",1,"BP",0.00641025641025641,0.00457325179473544
"BP","GO:0097061","dendritic spine organization","1/156","86/18805",0.0116279069767442,1.40168455575432,0.341470101330667,0.512289726290358,0.661963057638521,0.630203500413315,"IL1RAPL1",1,"BP",0.00641025641025641,0.00457325179473544
"BP","GO:0002791","regulation of peptide secretion","2/156","207/18805",0.00966183574879227,1.16468475164127,0.217903941620969,0.514214751323707,0.663367753608801,0.631540802106019,"ADRA2A/IRS1",2,"BP",0.0128205128205128,0.0110077107152353
"BP","GO:0016051","carbohydrate biosynthetic process","2/156","207/18805",0.00966183574879227,1.16468475164127,0.217903941620969,0.514214751323707,0.663367753608801,0.631540802106019,"IRS1/EP300",2,"BP",0.0128205128205128,0.0110077107152353
"BP","GO:0030073","insulin secretion","2/156","207/18805",0.00966183574879227,1.16468475164127,0.217903941620969,0.514214751323707,0.663367753608801,0.631540802106019,"ADRA2A/IRS1",2,"BP",0.0128205128205128,0.0110077107152353
"BP","GO:0042060","wound healing","4/156","450/18805",0.00888888888888889,1.07150997150997,0.140428518277761,0.51518546022498,0.664259211745021,0.632389490007005,"ADRA2A/ITPR3/TLN1/FERMT1",4,"BP",0.0256410256410256,0.0239298059026855
"BP","GO:0001892","embryonic placenta development","1/156","87/18805",0.0114942528735632,1.38557323902151,0.329682909741951,0.516354195690364,0.66432351829069,0.632450711263558,"PKD1",1,"BP",0.00641025641025641,0.00462642914118586
"BP","GO:0005977","glycogen metabolic process","1/156","87/18805",0.0114942528735632,1.38557323902151,0.329682909741951,0.516354195690364,0.66432351829069,0.632450711263558,"IRS1",1,"BP",0.00641025641025641,0.00462642914118586
"BP","GO:0048864","stem cell development","1/156","87/18805",0.0114942528735632,1.38557323902151,0.329682909741951,0.516354195690364,0.66432351829069,0.632450711263558,"SEMA3G",1,"BP",0.00641025641025641,0.00462642914118586
"BP","GO:1900542","regulation of purine nucleotide metabolic process","1/156","87/18805",0.0114942528735632,1.38557323902151,0.329682909741951,0.516354195690364,0.66432351829069,0.632450711263558,"EP300",1,"BP",0.00641025641025641,0.00462642914118586
"BP","GO:0009749","response to glucose","2/156","208/18805",0.00961538461538462,1.15908530571992,0.211008492505332,0.51679164830531,0.664526347983276,0.63264380962574,"ADRA2A/KAT5",2,"BP",0.0128205128205128,0.0110608880616857
"BP","GO:0036293","response to decreased oxygen levels","3/156","330/18805",0.00909090909090909,1.09586247086247,0.16068413941141,0.517851855550786,0.664827538506623,0.632930549678549,"HK2/TM9SF4/EP300",3,"BP",0.0192307692307692,0.017548524328636
"BP","GO:0022408","negative regulation of cell-cell adhesion","2/156","209/18805",0.00956937799043062,1.15353944301313,0.204146990055443,0.519359551937004,0.664827538506623,0.632930549678549,"DLG5/SLC4A2",2,"BP",0.0128205128205128,0.0111140654081361
"BP","GO:0051098","regulation of binding","2/156","209/18805",0.00956937799043062,1.15353944301313,0.204146990055443,0.519359551937004,0.664827538506623,0.632930549678549,"EPB41/GNL3L",2,"BP",0.0128205128205128,0.0111140654081361
"BP","GO:0090087","regulation of peptide transport","2/156","209/18805",0.00956937799043062,1.15353944301313,0.204146990055443,0.519359551937004,0.664827538506623,0.632930549678549,"ADRA2A/IRS1",2,"BP",0.0128205128205128,0.0111140654081361
"BP","GO:0009914","hormone transport","3/156","331/18805",0.00906344410876133,1.09255170811062,0.155373737077688,0.519887564059847,0.664827538506623,0.632930549678549,"ADRA2A/RAB11FIP1/IRS1",3,"BP",0.0192307692307692,0.0176017016750864
"BP","GO:0002228","natural killer cell mediated immunity","1/156","88/18805",0.0113636363636364,1.36982808857809,0.318040739618533,0.520385008035289,0.664827538506623,0.632930549678549,"ULBP3",1,"BP",0.00641025641025641,0.00467960648763627
"BP","GO:0002294","CD4-positive, alpha-beta T cell differentiation involved in immune response","1/156","88/18805",0.0113636363636364,1.36982808857809,0.318040739618533,0.520385008035289,0.664827538506623,0.632930549678549,"EP300",1,"BP",0.00641025641025641,0.00467960648763627
"BP","GO:0006140","regulation of nucleotide metabolic process","1/156","88/18805",0.0113636363636364,1.36982808857809,0.318040739618533,0.520385008035289,0.664827538506623,0.632930549678549,"EP300",1,"BP",0.00641025641025641,0.00467960648763627
"BP","GO:0030968","endoplasmic reticulum unfolded protein response","1/156","88/18805",0.0113636363636364,1.36982808857809,0.318040739618533,0.520385008035289,0.664827538506623,0.632930549678549,"BHLHA15",1,"BP",0.00641025641025641,0.00467960648763627
"BP","GO:0034103","regulation of tissue remodeling","1/156","88/18805",0.0113636363636364,1.36982808857809,0.318040739618533,0.520385008035289,0.664827538506623,0.632930549678549,"SLC4A2",1,"BP",0.00641025641025641,0.00467960648763627
"BP","GO:0050810","regulation of steroid biosynthetic process","1/156","88/18805",0.0113636363636364,1.36982808857809,0.318040739618533,0.520385008035289,0.664827538506623,0.632930549678549,"KPNB1",1,"BP",0.00641025641025641,0.00467960648763627
"BP","GO:0071347","cellular response to interleukin-1","1/156","88/18805",0.0113636363636364,1.36982808857809,0.318040739618533,0.520385008035289,0.664827538506623,0.632930549678549,"VRK2",1,"BP",0.00641025641025641,0.00467960648763627
"BP","GO:0051090","regulation of DNA-binding transcription factor activity","3/156","332/18805",0.00903614457831325,1.0892608897127,0.150079434312987,0.521918685652863,0.666428429261048,0.634454633153565,"TRIM32/RNF31/EP300",3,"BP",0.0192307692307692,0.0176548790215368
"BP","GO:0002287","alpha-beta T cell activation involved in immune response","1/156","89/18805",0.0112359550561798,1.35443676174013,0.306539815064397,0.524382440249131,0.667173073609346,0.635163551074959,"EP300",1,"BP",0.00641025641025641,0.00473278383408668
"BP","GO:0002293","alpha-beta T cell differentiation involved in immune response","1/156","89/18805",0.0112359550561798,1.35443676174013,0.306539815064397,0.524382440249131,0.667173073609346,0.635163551074959,"EP300",1,"BP",0.00641025641025641,0.00473278383408668
"BP","GO:0006094","gluconeogenesis","1/156","89/18805",0.0112359550561798,1.35443676174013,0.306539815064397,0.524382440249131,0.667173073609346,0.635163551074959,"EP300",1,"BP",0.00641025641025641,0.00473278383408668
"BP","GO:0042310","vasoconstriction","1/156","89/18805",0.0112359550561798,1.35443676174013,0.306539815064397,0.524382440249131,0.667173073609346,0.635163551074959,"ADRA2A",1,"BP",0.00641025641025641,0.00473278383408668
"BP","GO:0044042","glucan metabolic process","1/156","89/18805",0.0112359550561798,1.35443676174013,0.306539815064397,0.524382440249131,0.667173073609346,0.635163551074959,"IRS1",1,"BP",0.00641025641025641,0.00473278383408668
"BP","GO:0098586","cellular response to virus","1/156","89/18805",0.0112359550561798,1.35443676174013,0.306539815064397,0.524382440249131,0.667173073609346,0.635163551074959,"DDX3X",1,"BP",0.00641025641025641,0.00473278383408668
"BP","GO:0048469","cell maturation","2/156","211/18805",0.00947867298578199,1.1426054198566,0.190524351430476,0.524468264601537,0.667173073609346,0.635163551074959,"BHLHA15/B4GALT5",2,"BP",0.0128205128205128,0.011220420101037
"BP","GO:0051651","maintenance of location in cell","2/156","212/18805",0.00943396226415094,1.13721577164973,0.183762492996319,0.527009019065291,0.670046263533225,0.637898891554291,"HK2/ITPR3",2,"BP",0.0128205128205128,0.0112735974474874
"BP","GO:0008202","steroid metabolic process","3/156","335/18805",0.00895522388059702,1.07950631458094,0.134292025571904,0.527984254358821,0.670311736969126,0.638151628148336,"LDLR/CYP51A1/KPNB1",3,"BP",0.0192307692307692,0.0178144110608881
"BP","GO:0009953","dorsal/ventral pattern formation","1/156","90/18805",0.0111111111111111,1.33938746438746,0.295176502215631,0.528346766992086,0.670311736969126,0.638151628148336,"AIDA",1,"BP",0.00641025641025641,0.00478596118053709
"BP","GO:0048145","regulation of fibroblast proliferation","1/156","90/18805",0.0111111111111111,1.33938746438746,0.295176502215631,0.528346766992086,0.670311736969126,0.638151628148336,"TRIM32",1,"BP",0.00641025641025641,0.00478596118053709
"BP","GO:0061515","myeloid cell development","1/156","90/18805",0.0111111111111111,1.33938746438746,0.295176502215631,0.528346766992086,0.670311736969126,0.638151628148336,"EP300",1,"BP",0.00641025641025641,0.00478596118053709
"BP","GO:0009746","response to hexose","2/156","213/18805",0.00938967136150235,1.13187673046828,0.177033136468533,0.529540671009448,0.671109441647512,0.638911060679826,"ADRA2A/KAT5",2,"BP",0.0128205128205128,0.0113267747939378
"BP","GO:0017148","negative regulation of translation","2/156","213/18805",0.00938967136150235,1.13187673046828,0.177033136468533,0.529540671009448,0.671109441647512,0.638911060679826,"CNOT1/DDX3X",2,"BP",0.0128205128205128,0.0113267747939378
"BP","GO:0051251","positive regulation of lymphocyte activation","3/156","337/18805",0.00890207715133531,1.07309974891577,0.123845590634994,0.532004536833582,0.671711407604916,0.63948414561124,"SMARCC2/KAT5/EP300",3,"BP",0.0192307692307692,0.0179207657537889
"BP","GO:0060562","epithelial tube morphogenesis","3/156","337/18805",0.00890207715133531,1.07309974891577,0.123845590634994,0.532004536833582,0.671711407604916,0.63948414561124,"DLG5/PKD1/TNC",3,"BP",0.0192307692307692,0.0179207657537889
"BP","GO:0043123","positive regulation of canonical NF-kappaB signal transduction","2/156","214/18805",0.00934579439252336,1.12658758686796,0.170335934782323,0.53206319578435,0.671711407604916,0.63948414561124,"TRIM32/RNF31",2,"BP",0.0128205128205128,0.0113799521403882
"BP","GO:0050777","negative regulation of immune response","2/156","214/18805",0.00934579439252336,1.12658758686796,0.170335934782323,0.53206319578435,0.671711407604916,0.63948414561124,"OAS3/SMCR8",2,"BP",0.0128205128205128,0.0113799521403882
"BP","GO:0034644","cellular response to UV","1/156","91/18805",0.010989010989011,1.32466892082277,0.283947302341401,0.532278260678927,0.671711407604916,0.63948414561124,"EP300",1,"BP",0.00641025641025641,0.0048391385269875
"BP","GO:0045995","regulation of embryonic development","1/156","91/18805",0.010989010989011,1.32466892082277,0.283947302341401,0.532278260678927,0.671711407604916,0.63948414561124,"B4GALT5",1,"BP",0.00641025641025641,0.0048391385269875
"BP","GO:0048708","astrocyte differentiation","1/156","91/18805",0.010989010989011,1.32466892082277,0.283947302341401,0.532278260678927,0.671711407604916,0.63948414561124,"LDLR",1,"BP",0.00641025641025641,0.0048391385269875
"BP","GO:0097581","lamellipodium organization","1/156","91/18805",0.010989010989011,1.32466892082277,0.283947302341401,0.532278260678927,0.671711407604916,0.63948414561124,"PLXNB3",1,"BP",0.00641025641025641,0.0048391385269875
"BP","GO:0021953","central nervous system neuron differentiation","2/156","215/18805",0.00930232558139535,1.12134764460346,0.163670546292243,0.534576569766567,0.674253506742218,0.641904280324558,"SPG11/B4GALT5",2,"BP",0.0128205128205128,0.0114331294868386
"BP","GO:0019319","hexose biosynthetic process","1/156","92/18805",0.0108695652173913,1.31027034559643,0.272848845353004,0.53617719149725,0.674838807528335,0.642461499643596,"EP300",1,"BP",0.00641025641025641,0.00489231587343792
"BP","GO:0034340","response to type I interferon","1/156","92/18805",0.0108695652173913,1.31027034559643,0.272848845353004,0.53617719149725,0.674838807528335,0.642461499643596,"OAS3",1,"BP",0.00641025641025641,0.00489231587343792
"BP","GO:0071230","cellular response to amino acid stimulus","1/156","92/18805",0.0108695652173913,1.31027034559643,0.272848845353004,0.53617719149725,0.674838807528335,0.642461499643596,"EP300",1,"BP",0.00641025641025641,0.00489231587343792
"BP","GO:1904063","negative regulation of cation transmembrane transport","1/156","92/18805",0.0108695652173913,1.31027034559643,0.272848845353004,0.53617719149725,0.674838807528335,0.642461499643596,"ADRA2A",1,"BP",0.00641025641025641,0.00489231587343792
"BP","GO:0042098","T cell proliferation","2/156","217/18805",0.00921658986175115,1.11101264327071,0.150433868756539,0.539575775899799,0.678626502717301,0.646067469401335,"DLG5/SLC4A2",2,"BP",0.0128205128205128,0.0115394841797394
"BP","GO:0030901","midbrain development","1/156","93/18805",0.010752688172043,1.29618141714916,0.261877883692667,0.540043827425558,0.678626502717301,0.646067469401335,"DLG5",1,"BP",0.00641025641025641,0.00494549321988833
"BP","GO:1901879","regulation of protein depolymerization","1/156","93/18805",0.010752688172043,1.29618141714916,0.261877883692667,0.540043827425558,0.678626502717301,0.646067469401335,"SPTBN2",1,"BP",0.00641025641025641,0.00494549321988833
"BP","GO:0060485","mesenchyme development","3/156","342/18805",0.0087719298245614,1.05741115609537,0.0979981453378251,0.541971754785667,0.680689009844505,0.648031021892962,"DLG5/BCL9L/SEMA3G",3,"BP",0.0192307692307692,0.0181866524860409
"BP","GO:0014033","neural crest cell differentiation","1/156","94/18805",0.0106382978723404,1.28239225313693,0.251031286576014,0.54387843425121,0.68101365020172,0.648340086707278,"SEMA3G",1,"BP",0.00641025641025641,0.00499867056633874
"BP","GO:0021766","hippocampus development","1/156","94/18805",0.0106382978723404,1.28239225313693,0.251031286576014,0.54387843425121,0.68101365020172,0.648340086707278,"PTPRS",1,"BP",0.00641025641025641,0.00499867056633874
"BP","GO:0046364","monosaccharide biosynthetic process","1/156","94/18805",0.0106382978723404,1.28239225313693,0.251031286576014,0.54387843425121,0.68101365020172,0.648340086707278,"EP300",1,"BP",0.00641025641025641,0.00499867056633874
"BP","GO:0050886","endocrine process","1/156","94/18805",0.0106382978723404,1.28239225313693,0.251031286576014,0.54387843425121,0.68101365020172,0.648340086707278,"RAB11FIP1",1,"BP",0.00641025641025641,0.00499867056633874
"BP","GO:1900182","positive regulation of protein localization to nucleus","1/156","94/18805",0.0106382978723404,1.28239225313693,0.251031286576014,0.54387843425121,0.68101365020172,0.648340086707278,"EP300",1,"BP",0.00641025641025641,0.00499867056633874
"BP","GO:0042742","defense response to bacterium","3/156","343/18805",0.0087463556851312,1.05432832473649,0.0928738920939154,0.5439506923927,0.68101365020172,0.648340086707278,"SHC1/OAS3/RNF31",3,"BP",0.0192307692307692,0.0182398298324914
"BP","GO:0002819","regulation of adaptive immune response","2/156","219/18805",0.0091324200913242,1.10086640908559,0.137320474962571,0.544538120375991,0.681031087884665,0.648356687767872,"ULBP3/EP300",2,"BP",0.0128205128205128,0.0116458388726403
"BP","GO:0009952","anterior/posterior pattern specification","2/156","219/18805",0.0091324200913242,1.10086640908559,0.137320474962571,0.544538120375991,0.681031087884665,0.648356687767872,"PCSK6/EP300",2,"BP",0.0128205128205128,0.0116458388726403
"BP","GO:0034284","response to monosaccharide","2/156","220/18805",0.00909090909090909,1.09586247086247,0.13080920988135,0.547005420912555,0.682804739906575,0.650045243798038,"ADRA2A/KAT5",2,"BP",0.0128205128205128,0.0116990162190907
"BP","GO:0044403","biological process involved in symbiotic interaction","2/156","220/18805",0.00909090909090909,1.09586247086247,0.13080920988135,0.547005420912555,0.682804739906575,0.650045243798038,"EXOC7/LDLR",2,"BP",0.0128205128205128,0.0116990162190907
"BP","GO:1903046","meiotic cell cycle process","2/156","220/18805",0.00909090909090909,1.09586247086247,0.13080920988135,0.547005420912555,0.682804739906575,0.650045243798038,"SMC4/ZSCAN21",2,"BP",0.0128205128205128,0.0116990162190907
"BP","GO:0006470","protein dephosphorylation","1/156","95/18805",0.0105263157894737,1.26889338731444,0.240306034564154,0.547681275588221,0.682804739906575,0.650045243798038,"PTPRS",1,"BP",0.00641025641025641,0.00505184791278915
"BP","GO:0007589","body fluid secretion","1/156","95/18805",0.0105263157894737,1.26889338731444,0.240306034564154,0.547681275588221,0.682804739906575,0.650045243798038,"HK2",1,"BP",0.00641025641025641,0.00505184791278915
"BP","GO:0032465","regulation of cytokinesis","1/156","95/18805",0.0105263157894737,1.26889338731444,0.240306034564154,0.547681275588221,0.682804739906575,0.650045243798038,"EXOC7",1,"BP",0.00641025641025641,0.00505184791278915
"BP","GO:0007044","cell-substrate junction assembly","1/156","96/18805",0.0104166666666667,1.25567574786325,0.229699214443255,0.551452612894915,0.68534796212738,0.65246644771174,"TLN1",1,"BP",0.00641025641025641,0.00510502525923956
"BP","GO:0045104","intermediate filament cytoskeleton organization","1/156","96/18805",0.0104166666666667,1.25567574786325,0.229699214443255,0.551452612894915,0.68534796212738,0.65246644771174,"CSNK1A1",1,"BP",0.00641025641025641,0.00510502525923956
"BP","GO:0045132","meiotic chromosome segregation","1/156","96/18805",0.0104166666666667,1.25567574786325,0.229699214443255,0.551452612894915,0.68534796212738,0.65246644771174,"SMC4",1,"BP",0.00641025641025641,0.00510502525923956
"BP","GO:0045666","positive regulation of neuron differentiation","1/156","96/18805",0.0104166666666667,1.25567574786325,0.229699214443255,0.551452612894915,0.68534796212738,0.65246644771174,"TRIM32",1,"BP",0.00641025641025641,0.00510502525923956
"BP","GO:0072091","regulation of stem cell proliferation","1/156","96/18805",0.0104166666666667,1.25567574786325,0.229699214443255,0.551452612894915,0.68534796212738,0.65246644771174,"FERMT1",1,"BP",0.00641025641025641,0.00510502525923956
"BP","GO:0106027","neuron projection organization","1/156","96/18805",0.0104166666666667,1.25567574786325,0.229699214443255,0.551452612894915,0.68534796212738,0.65246644771174,"IL1RAPL1",1,"BP",0.00641025641025641,0.00510502525923956
"BP","GO:0043269","regulation of monoatomic ion transport","4/156","472/18805",0.00847457627118644,1.02156671012603,0.043400804226381,0.552932459191532,0.686047177701442,0.653132116433328,"ADRA2A/EPB41/SPG11/PRKG2",4,"BP",0.0256410256410256,0.0250997075245945
"BP","GO:0009612","response to mechanical stimulus","2/156","223/18805",0.00896860986547085,1.08111992641141,0.111453419507176,0.554351625116082,0.686047177701442,0.653132116433328,"PKD1/TNC",2,"BP",0.0128205128205128,0.0118585482584419
"BP","GO:0032259","methylation","2/156","223/18805",0.00896860986547085,1.08111992641141,0.111453419507176,0.554351625116082,0.686047177701442,0.653132116433328,"PRMT5/RNMT",2,"BP",0.0128205128205128,0.0118585482584419
"BP","GO:0001942","hair follicle development","1/156","97/18805",0.0103092783505155,1.24273063706053,0.219208014391114,0.555192705491441,0.686047177701442,0.653132116433328,"FERMT1",1,"BP",0.00641025641025641,0.00515820260568998
"BP","GO:0002292","T cell differentiation involved in immune response","1/156","97/18805",0.0103092783505155,1.24273063706053,0.219208014391114,0.555192705491441,0.686047177701442,0.653132116433328,"EP300",1,"BP",0.00641025641025641,0.00515820260568998
"BP","GO:0015837","amine transport","1/156","97/18805",0.0103092783505155,1.24273063706053,0.219208014391114,0.555192705491441,0.686047177701442,0.653132116433328,"ADRA2A",1,"BP",0.00641025641025641,0.00515820260568998
"BP","GO:0019915","lipid storage","1/156","97/18805",0.0103092783505155,1.24273063706053,0.219208014391114,0.555192705491441,0.686047177701442,0.653132116433328,"NRIP1",1,"BP",0.00641025641025641,0.00515820260568998
"BP","GO:0045103","intermediate filament-based process","1/156","97/18805",0.0103092783505155,1.24273063706053,0.219208014391114,0.555192705491441,0.686047177701442,0.653132116433328,"CSNK1A1",1,"BP",0.00641025641025641,0.00515820260568998
"BP","GO:0051100","negative regulation of binding","1/156","97/18805",0.0103092783505155,1.24273063706053,0.219208014391114,0.555192705491441,0.686047177701442,0.653132116433328,"GNL3L",1,"BP",0.00641025641025641,0.00515820260568998
"BP","GO:0061337","cardiac conduction","1/156","97/18805",0.0103092783505155,1.24273063706053,0.219208014391114,0.555192705491441,0.686047177701442,0.653132116433328,"EHD3",1,"BP",0.00641025641025641,0.00515820260568998
"BP","GO:0170062","nutrient storage","1/156","97/18805",0.0103092783505155,1.24273063706053,0.219208014391114,0.555192705491441,0.686047177701442,0.653132116433328,"NRIP1",1,"BP",0.00641025641025641,0.00515820260568998
"BP","GO:0051235","maintenance of location","2/156","224/18805",0.00892857142857143,1.0762934981685,0.105059817451327,0.556781740890238,0.687652956117688,0.654660853070712,"HK2/ITPR3",2,"BP",0.0128205128205128,0.0119117256048923
"BP","GO:0000281","mitotic cytokinesis","1/156","98/18805",0.0102040816326531,1.23004971219257,0.20882971941186,0.558901810577144,0.688838505511529,0.655789522366211,"EXOC7",1,"BP",0.00641025641025641,0.00521137995214039
"BP","GO:0006022","aminoglycan metabolic process","1/156","98/18805",0.0102040816326531,1.23004971219257,0.20882971941186,0.558901810577144,0.688838505511529,0.655789522366211,"B4GALT5",1,"BP",0.00641025641025641,0.00521137995214039
"BP","GO:0042157","lipoprotein metabolic process","1/156","98/18805",0.0102040816326531,1.23004971219257,0.20882971941186,0.558901810577144,0.688838505511529,0.655789522366211,"LDLR",1,"BP",0.00641025641025641,0.00521137995214039
"BP","GO:1990542","mitochondrial transmembrane transport","1/156","98/18805",0.0102040816326531,1.23004971219257,0.20882971941186,0.558901810577144,0.688838505511529,0.655789522366211,"BHLHA15",1,"BP",0.00641025641025641,0.00521137995214039
"BP","GO:1901654","response to ketone","2/156","225/18805",0.00888888888888889,1.07150997150997,0.098694887241857,0.559202522839242,0.688851655468464,0.655802041416625,"ACACA/TNC",2,"BP",0.0128205128205128,0.0119649029513427
"BP","GO:0009798","axis specification","1/156","99/18805",0.0101010101010101,1.21762496762497,0.198561707021288,0.5625801832478,0.690505392875207,0.657376436075765,"PCSK6",1,"BP",0.00641025641025641,0.0052645572985908
"BP","GO:0034766","negative regulation of monoatomic ion transmembrane transport","1/156","99/18805",0.0101010101010101,1.21762496762497,0.198561707021288,0.5625801832478,0.690505392875207,0.657376436075765,"ADRA2A",1,"BP",0.00641025641025641,0.0052645572985908
"BP","GO:0042542","response to hydrogen peroxide","1/156","99/18805",0.0101010101010101,1.21762496762497,0.198561707021288,0.5625801832478,0.690505392875207,0.657376436075765,"ADAM9",1,"BP",0.00641025641025641,0.0052645572985908
"BP","GO:0042982","amyloid precursor protein metabolic process","1/156","99/18805",0.0101010101010101,1.21762496762497,0.198561707021288,0.5625801832478,0.690505392875207,0.657376436075765,"ADAM9",1,"BP",0.00641025641025641,0.0052645572985908
"BP","GO:0051781","positive regulation of cell division","1/156","99/18805",0.0101010101010101,1.21762496762497,0.198561707021288,0.5625801832478,0.690505392875207,0.657376436075765,"EXOC7",1,"BP",0.00641025641025641,0.0052645572985908
"BP","GO:0060993","kidney morphogenesis","1/156","99/18805",0.0101010101010101,1.21762496762497,0.198561707021288,0.5625801832478,0.690505392875207,0.657376436075765,"PKD1",1,"BP",0.00641025641025641,0.0052645572985908
"BP","GO:0098869","cellular oxidant detoxification","1/156","99/18805",0.0101010101010101,1.21762496762497,0.198561707021288,0.5625801832478,0.690505392875207,0.657376436075765,"SRXN1",1,"BP",0.00641025641025641,0.0052645572985908
"BP","GO:0001910","regulation of leukocyte mediated cytotoxicity","1/156","100/18805",0.01,1.20544871794872,0.188401443166671,0.566228076512706,0.691630205913617,0.658447283014936,"ULBP3",1,"BP",0.00641025641025641,0.00531773464504121
"BP","GO:0006637","acyl-CoA metabolic process","1/156","100/18805",0.01,1.20544871794872,0.188401443166671,0.566228076512706,0.691630205913617,0.658447283014936,"ACACA",1,"BP",0.00641025641025641,0.00531773464504121
"BP","GO:0022404","molting cycle process","1/156","100/18805",0.01,1.20544871794872,0.188401443166671,0.566228076512706,0.691630205913617,0.658447283014936,"FERMT1",1,"BP",0.00641025641025641,0.00531773464504121
"BP","GO:0022405","hair cycle process","1/156","100/18805",0.01,1.20544871794872,0.188401443166671,0.566228076512706,0.691630205913617,0.658447283014936,"FERMT1",1,"BP",0.00641025641025641,0.00531773464504121
"BP","GO:0035383","thioester metabolic process","1/156","100/18805",0.01,1.20544871794872,0.188401443166671,0.566228076512706,0.691630205913617,0.658447283014936,"ACACA",1,"BP",0.00641025641025641,0.00531773464504121
"BP","GO:0045638","negative regulation of myeloid cell differentiation","1/156","100/18805",0.01,1.20544871794872,0.188401443166671,0.566228076512706,0.691630205913617,0.658447283014936,"KLF13",1,"BP",0.00641025641025641,0.00531773464504121
"BP","GO:0045824","negative regulation of innate immune response","1/156","100/18805",0.01,1.20544871794872,0.188401443166671,0.566228076512706,0.691630205913617,0.658447283014936,"OAS3",1,"BP",0.00641025641025641,0.00531773464504121
"BP","GO:0051346","negative regulation of hydrolase activity","1/156","100/18805",0.01,1.20544871794872,0.188401443166671,0.566228076512706,0.691630205913617,0.658447283014936,"PLXNB3",1,"BP",0.00641025641025641,0.00531773464504121
"BP","GO:0060349","bone morphogenesis","1/156","100/18805",0.01,1.20544871794872,0.188401443166671,0.566228076512706,0.691630205913617,0.658447283014936,"ATG9A",1,"BP",0.00641025641025641,0.00531773464504121
"BP","GO:0045055","regulated exocytosis","2/156","228/18805",0.0087719298245614,1.05741115609537,0.0797692614841679,0.566408737053467,0.691630205913617,0.658447283014936,"ADRA2A/RAB11FIP1",2,"BP",0.0128205128205128,0.012124434990694
"BP","GO:0007018","microtubule-based movement","4/156","481/18805",0.00831600831600832,1.00245215629831,0.00498276254087875,0.567928557442095,0.69226784430442,0.659054328893471,"FYCO1/SPG11/TUB/KPNB1",4,"BP",0.0256410256410256,0.0255783036426482
"BP","GO:0072330","monocarboxylic acid biosynthetic process","2/156","229/18805",0.00873362445414847,1.05279364012988,0.0735161734323791,0.568792059248016,0.69226784430442,0.659054328893471,"ACACA/SCD5",2,"BP",0.0128205128205128,0.0121776123371444
"BP","GO:0006942","regulation of striated muscle contraction","1/156","101/18805",0.0099009900990099,1.19351358212744,0.17834647836607,0.569845741311638,0.69226784430442,0.659054328893471,"EHD3",1,"BP",0.00641025641025641,0.00537091199149162
"BP","GO:0034109","homotypic cell-cell adhesion","1/156","101/18805",0.0099009900990099,1.19351358212744,0.17834647836607,0.569845741311638,0.69226784430442,0.659054328893471,"TLN1",1,"BP",0.00641025641025641,0.00537091199149162
"BP","GO:0071229","cellular response to acid chemical","1/156","101/18805",0.0099009900990099,1.19351358212744,0.17834647836607,0.569845741311638,0.69226784430442,0.659054328893471,"EP300",1,"BP",0.00641025641025641,0.00537091199149162
"BP","GO:0072080","nephron tubule development","1/156","101/18805",0.0099009900990099,1.19351358212744,0.17834647836607,0.569845741311638,0.69226784430442,0.659054328893471,"PKD1",1,"BP",0.00641025641025641,0.00537091199149162
"BP","GO:0072163","mesonephric epithelium development","1/156","101/18805",0.0099009900990099,1.19351358212744,0.17834647836607,0.569845741311638,0.69226784430442,0.659054328893471,"PKD1",1,"BP",0.00641025641025641,0.00537091199149162
"BP","GO:0072164","mesonephric tubule development","1/156","101/18805",0.0099009900990099,1.19351358212744,0.17834647836607,0.569845741311638,0.69226784430442,0.659054328893471,"PKD1",1,"BP",0.00641025641025641,0.00537091199149162
"BP","GO:0120162","positive regulation of cold-induced thermogenesis","1/156","101/18805",0.0099009900990099,1.19351358212744,0.17834647836607,0.569845741311638,0.69226784430442,0.659054328893471,"KDM3A",1,"BP",0.00641025641025641,0.00537091199149162
"BP","GO:1903035","negative regulation of response to wounding","1/156","101/18805",0.0099009900990099,1.19351358212744,0.17834647836607,0.569845741311638,0.69226784430442,0.659054328893471,"PTPRS",1,"BP",0.00641025641025641,0.00537091199149162
"BP","GO:0006402","mRNA catabolic process","3/156","357/18805",0.00840336134453781,1.01298211592329,0.0226498114927424,0.571132798428299,0.693476685208185,0.660205172222574,"CNOT1/EDC4/SMG6",3,"BP",0.0192307692307692,0.0189843126827971
"BP","GO:0070482","response to oxygen levels","3/156","358/18805",0.00837988826815642,1.01015255694027,0.0177383704003756,0.573036230357145,0.69414087054674,0.660837491383667,"HK2/TM9SF4/EP300",3,"BP",0.0192307692307692,0.0190374900292475
"BP","GO:0006112","energy reserve metabolic process","1/156","102/18805",0.00980392156862745,1.18181246857717,0.168394444053266,0.573433426531665,0.69414087054674,0.660837491383667,"IRS1",1,"BP",0.00641025641025641,0.00542408933794204
"BP","GO:0034620","cellular response to unfolded protein","1/156","102/18805",0.00980392156862745,1.18181246857717,0.168394444053266,0.573433426531665,0.69414087054674,0.660837491383667,"BHLHA15",1,"BP",0.00641025641025641,0.00542408933794204
"BP","GO:0050773","regulation of dendrite development","1/156","102/18805",0.00980392156862745,1.18181246857717,0.168394444053266,0.573433426531665,0.69414087054674,0.660837491383667,"IL1RAPL1",1,"BP",0.00641025641025641,0.00542408933794204
"BP","GO:0051099","positive regulation of binding","1/156","102/18805",0.00980392156862745,1.18181246857717,0.168394444053266,0.573433426531665,0.69414087054674,0.660837491383667,"EPB41",1,"BP",0.00641025641025641,0.00542408933794204
"BP","GO:2001237","negative regulation of extrinsic apoptotic signaling pathway","1/156","102/18805",0.00980392156862745,1.18181246857717,0.168394444053266,0.573433426531665,0.69414087054674,0.660837491383667,"DDX3X",1,"BP",0.00641025641025641,0.00542408933794204
"BP","GO:0031346","positive regulation of cell projection organization","3/156","360/18805",0.00833333333333333,1.0045405982906,0.00795581448964357,0.5768275307069,0.697026716775997,0.66358488094619,"PLXNB3/EP300/IL1RAPL1",3,"BP",0.0192307692307692,0.0191438447221484
"BP","GO:0030101","natural killer cell activation","1/156","103/18805",0.00970873786407767,1.17033856111526,0.158543049115438,0.576991379023835,0.697026716775997,0.66358488094619,"ULBP3",1,"BP",0.00641025641025641,0.00547726668439245
"BP","GO:0070167","regulation of biomineral tissue development","1/156","103/18805",0.00970873786407767,1.17033856111526,0.158543049115438,0.576991379023835,0.697026716775997,0.66358488094619,"SLC4A2",1,"BP",0.00641025641025641,0.00547726668439245
"BP","GO:0150115","cell-substrate junction organization","1/156","103/18805",0.00970873786407767,1.17033856111526,0.158543049115438,0.576991379023835,0.697026716775997,0.66358488094619,"TLN1",1,"BP",0.00641025641025641,0.00547726668439245
"BP","GO:0048705","skeletal system morphogenesis","2/156","233/18805",0.00858369098712446,1.03471992956971,0.0487738574347607,0.578231341838568,0.698169515438027,0.664672850597621,"PKD1/ATG9A",2,"BP",0.0128205128205128,0.012390321722946
"BP","GO:0001960","negative regulation of cytokine-mediated signaling pathway","1/156","104/18805",0.00961538461538462,1.15908530571992,0.148790076611636,0.580519843619723,0.699922893462287,0.666342105332739,"OAS3",1,"BP",0.00641025641025641,0.00553044403084286
"BP","GO:0043266","regulation of potassium ion transport","1/156","104/18805",0.00961538461538462,1.15908530571992,0.148790076611636,0.580519843619723,0.699922893462287,0.666342105332739,"ADRA2A",1,"BP",0.00641025641025641,0.00553044403084286
"BP","GO:1903313","positive regulation of mRNA metabolic process","2/156","234/18805",0.00854700854700855,1.03029804952882,0.0426544749931167,0.580567621103455,0.699922893462287,0.666342105332739,"CNOT1/PRMT5",2,"BP",0.0128205128205128,0.0124434990693964
"BP","GO:0019722","calcium-mediated signaling","2/156","235/18805",0.00851063829787234,1.02591380250955,0.0365610592692062,0.582894470575903,0.702371571597042,0.668673301181361,"BHLHA15/ITPR3",2,"BP",0.0128205128205128,0.0124966764158468
"BP","GO:0001823","mesonephros development","1/156","105/18805",0.00952380952380952,1.1480463980464,0.139133380660957,0.58401906314784,0.702657180838966,0.668945207508964,"PKD1",1,"BP",0.00641025641025641,0.00558362137729327
"BP","GO:0009062","fatty acid catabolic process","1/156","105/18805",0.00952380952380952,1.1480463980464,0.139133380660957,0.58401906314784,0.702657180838966,0.668945207508964,"IRS1",1,"BP",0.00641025641025641,0.00558362137729327
"BP","GO:1901992","positive regulation of mitotic cell cycle phase transition","1/156","105/18805",0.00952380952380952,1.1480463980464,0.139133380660957,0.58401906314784,0.702657180838966,0.668945207508964,"DDX3X",1,"BP",0.00641025641025641,0.00558362137729327
"BP","GO:0002709","regulation of T cell mediated immunity","1/156","106/18805",0.00943396226415094,1.13721577164973,0.129570883490085,0.587489278449922,0.704334697788271,0.670542240819593,"ULBP3",1,"BP",0.00641025641025641,0.00563679872374368
"BP","GO:0006835","dicarboxylic acid transport","1/156","106/18805",0.00943396226415094,1.13721577164973,0.129570883490085,0.587489278449922,0.704334697788271,0.670542240819593,"SLC26A1",1,"BP",0.00641025641025641,0.00563679872374368
"BP","GO:0008585","female gonad development","1/156","106/18805",0.00943396226415094,1.13721577164973,0.129570883490085,0.587489278449922,0.704334697788271,0.670542240819593,"NRIP1",1,"BP",0.00641025641025641,0.00563679872374368
"BP","GO:0048008","platelet-derived growth factor receptor signaling pathway","1/156","106/18805",0.00943396226415094,1.13721577164973,0.129570883490085,0.587489278449922,0.704334697788271,0.670542240819593,"HGS",1,"BP",0.00641025641025641,0.00563679872374368
"BP","GO:0061326","renal tubule development","1/156","106/18805",0.00943396226415094,1.13721577164973,0.129570883490085,0.587489278449922,0.704334697788271,0.670542240819593,"PKD1",1,"BP",0.00641025641025641,0.00563679872374368
"BP","GO:1905477","positive regulation of protein localization to membrane","1/156","106/18805",0.00943396226415094,1.13721577164973,0.129570883490085,0.587489278449922,0.704334697788271,0.670542240819593,"SQSTM1",1,"BP",0.00641025641025641,0.00563679872374368
"BP","GO:2000060","positive regulation of ubiquitin-dependent protein catabolic process","1/156","106/18805",0.00943396226415094,1.13721577164973,0.129570883490085,0.587489278449922,0.704334697788271,0.670542240819593,"CSNK1A1",1,"BP",0.00641025641025641,0.00563679872374368
"BP","GO:0043434","response to peptide hormone","4/156","494/18805",0.00809716599190283,0.976071836395723,-0.0492920021264321,0.589097546788964,0.705906495269319,0.672038626853627,"RAB8A/SHC1/DENND4C/IRS1",4,"BP",0.0256410256410256,0.0262696091465036
"BP","GO:0008637","apoptotic mitochondrial changes","1/156","107/18805",0.00934579439252336,1.12658758686796,0.120100572630622,0.590930728397075,0.70667697882329,0.672772144271436,"HK2",1,"BP",0.00641025641025641,0.0056899760701941
"BP","GO:0019395","fatty acid oxidation","1/156","107/18805",0.00934579439252336,1.12658758686796,0.120100572630622,0.590930728397075,0.70667697882329,0.672772144271436,"IRS1",1,"BP",0.00641025641025641,0.0056899760701941
"BP","GO:0043367","CD4-positive, alpha-beta T cell differentiation","1/156","107/18805",0.00934579439252336,1.12658758686796,0.120100572630622,0.590930728397075,0.70667697882329,0.672772144271436,"EP300",1,"BP",0.00641025641025641,0.0056899760701941
"BP","GO:1901222","regulation of non-canonical NF-kappaB signal transduction","1/156","107/18805",0.00934579439252336,1.12658758686796,0.120100572630622,0.590930728397075,0.70667697882329,0.672772144271436,"DDX3X",1,"BP",0.00641025641025641,0.0056899760701941
"BP","GO:1903050","regulation of proteolysis involved in protein catabolic process","2/156","239/18805",0.00836820083682008,1.00874369702822,0.0124421239676273,0.592107475329937,0.707727858031505,0.673772604565839,"PKD1/CSNK1A1",2,"BP",0.0128205128205128,0.0127093858016485
"BP","GO:0001938","positive regulation of endothelial cell proliferation","1/156","108/18805",0.00925925925925926,1.11615622032289,0.110720498257245,0.594343649905795,0.709025307857505,0.675007805552541,"PLXNB3",1,"BP",0.00641025641025641,0.00574315341664451
"BP","GO:0042274","ribosomal small subunit biogenesis","1/156","108/18805",0.00925925925925926,1.11615622032289,0.110720498257245,0.594343649905795,0.709025307857505,0.675007805552541,"HEATR1",1,"BP",0.00641025641025641,0.00574315341664451
"BP","GO:0048010","vascular endothelial growth factor receptor signaling pathway","1/156","108/18805",0.00925925925925926,1.11615622032289,0.110720498257245,0.594343649905795,0.709025307857505,0.675007805552541,"HGS",1,"BP",0.00641025641025641,0.00574315341664451
"BP","GO:0042445","hormone metabolic process","2/156","240/18805",0.00833333333333333,1.0045405982906,0.00647486728815255,0.594387110713386,0.709025307857505,0.675007805552541,"BCHE/PCSK6",2,"BP",0.0128205128205128,0.0127625631480989
"BP","GO:0044282","small molecule catabolic process","3/156","370/18805",0.00810810810810811,0.977390852390852,-0.0401719696836533,0.595468770741173,0.709959001260184,0.675896702363158,"HK2/PFKP/IRS1",3,"BP",0.0192307692307692,0.0196756181866525
"BP","GO:0034612","response to tumor necrosis factor","2/156","241/18805",0.00829875518672199,1.00037238004043,0.000532131272080963,0.596657295215136,0.711019104935248,0.676905944554421,"ADAM9/TRIM32",2,"BP",0.0128205128205128,0.0128157404945493
"BP","GO:0019217","regulation of fatty acid metabolic process","1/156","109/18805",0.00917431192660551,1.10591625499882,0.101428770658383,0.597728277953862,0.71122477962947,0.677101751421208,"IRS1",1,"BP",0.00641025641025641,0.00579633076309492
"BP","GO:0051851","host-mediated perturbation of symbiont process","1/156","109/18805",0.00917431192660551,1.10591625499882,0.101428770658383,0.597728277953862,0.71122477962947,0.677101751421208,"EP300",1,"BP",0.00641025641025641,0.00579633076309492
"BP","GO:0060761","negative regulation of response to cytokine stimulus","1/156","109/18805",0.00917431192660551,1.10591625499882,0.101428770658383,0.597728277953862,0.71122477962947,0.677101751421208,"OAS3",1,"BP",0.00641025641025641,0.00579633076309492
"BP","GO:0065004","protein-DNA complex assembly","2/156","242/18805",0.00826446280991736,0.996238609874973,-0.00538631349475004,0.598918027748357,0.711753293240046,0.67760490809069,"TAF6/BAZ2A",2,"BP",0.0128205128205128,0.0128689178409997
"BP","GO:0002696","positive regulation of leukocyte activation","3/156","372/18805",0.00806451612903226,0.972136062861869,-0.049645008115496,0.59913318300444,0.711753293240046,0.67760490809069,"SMARCC2/KAT5/EP300",3,"BP",0.0192307692307692,0.0197819728795533
"BP","GO:0006939","smooth muscle contraction","1/156","110/18805",0.00909090909090909,1.09586247086247,0.0922235578316401,0.601084845596095,0.711753293240046,0.67760490809069,"ADRA2A",1,"BP",0.00641025641025641,0.00584950810954533
"BP","GO:0031341","regulation of cell killing","1/156","110/18805",0.00909090909090909,1.09586247086247,0.0922235578316401,0.601084845596095,0.711753293240046,0.67760490809069,"ULBP3",1,"BP",0.00641025641025641,0.00584950810954533
"BP","GO:0031398","positive regulation of protein ubiquitination","1/156","110/18805",0.00909090909090909,1.09586247086247,0.0922235578316401,0.601084845596095,0.711753293240046,0.67760490809069,"DDX3X",1,"BP",0.00641025641025641,0.00584950810954533
"BP","GO:0032760","positive regulation of tumor necrosis factor production","1/156","110/18805",0.00909090909090909,1.09586247086247,0.0922235578316401,0.601084845596095,0.711753293240046,0.67760490809069,"OAS3",1,"BP",0.00641025641025641,0.00584950810954533
"BP","GO:0046545","development of primary female sexual characteristics","1/156","110/18805",0.00909090909090909,1.09586247086247,0.0922235578316401,0.601084845596095,0.711753293240046,0.67760490809069,"NRIP1",1,"BP",0.00641025641025641,0.00584950810954533
"BP","GO:0048144","fibroblast proliferation","1/156","110/18805",0.00909090909090909,1.09586247086247,0.0922235578316401,0.601084845596095,0.711753293240046,0.67760490809069,"TRIM32",1,"BP",0.00641025641025641,0.00584950810954533
"BP","GO:0050670","regulation of lymphocyte proliferation","2/156","243/18805",0.00823045267489712,0.992138862509233,-0.0112806932726332,0.601169307890329,0.711753293240046,0.67760490809069,"DLG5/SLC4A2",2,"BP",0.0128205128205128,0.0129220951874501
"BP","GO:2001234","negative regulation of apoptotic signaling pathway","2/156","243/18805",0.00823045267489712,0.992138862509233,-0.0112806932726332,0.601169307890329,0.711753293240046,0.67760490809069,"TRIM32/DDX3X",2,"BP",0.0128205128205128,0.0129220951874501
"BP","GO:0001676","long-chain fatty acid metabolic process","1/156","111/18805",0.00900900900900901,1.08598983598984,0.0831030831967342,0.604413583979995,0.713105942350963,0.678892660019886,"DAGLA",1,"BP",0.00641025641025641,0.00590268545599575
"BP","GO:0007040","lysosome organization","1/156","111/18805",0.00900900900900901,1.08598983598984,0.0831030831967342,0.604413583979995,0.713105942350963,0.678892660019886,"SPG11",1,"BP",0.00641025641025641,0.00590268545599575
"BP","GO:0009308","amine metabolic process","1/156","111/18805",0.00900900900900901,1.08598983598984,0.0831030831967342,0.604413583979995,0.713105942350963,0.678892660019886,"CHDH",1,"BP",0.00641025641025641,0.00590268545599575
"BP","GO:0035249","synaptic transmission, glutamatergic","1/156","111/18805",0.00900900900900901,1.08598983598984,0.0831030831967342,0.604413583979995,0.713105942350963,0.678892660019886,"GRIN3A",1,"BP",0.00641025641025641,0.00590268545599575
"BP","GO:0042632","cholesterol homeostasis","1/156","111/18805",0.00900900900900901,1.08598983598984,0.0831030831967342,0.604413583979995,0.713105942350963,0.678892660019886,"LDLR",1,"BP",0.00641025641025641,0.00590268545599575
"BP","GO:0048024","regulation of mRNA splicing, via spliceosome","1/156","111/18805",0.00900900900900901,1.08598983598984,0.0831030831967342,0.604413583979995,0.713105942350963,0.678892660019886,"PRMT5",1,"BP",0.00641025641025641,0.00590268545599575
"BP","GO:0080171","lytic vacuole organization","1/156","111/18805",0.00900900900900901,1.08598983598984,0.0831030831967342,0.604413583979995,0.713105942350963,0.678892660019886,"SPG11",1,"BP",0.00641025641025641,0.00590268545599575
"BP","GO:0009743","response to carbohydrate","2/156","245/18805",0.00816326530612245,0.984039769754055,-0.0229981474719758,0.605643512565535,0.713847812577243,0.679598936915642,"ADRA2A/KAT5",2,"BP",0.0128205128205128,0.013028449880351
"BP","GO:0072593","reactive oxygen species metabolic process","2/156","245/18805",0.00816326530612245,0.984039769754055,-0.0229981474719758,0.605643512565535,0.713847812577243,0.679598936915642,"HK2/SHC1",2,"BP",0.0128205128205128,0.013028449880351
"BP","GO:0055092","sterol homeostasis","1/156","112/18805",0.00892857142857143,1.0762934981685,0.0740656234191819,0.607714722361247,0.715402771931931,0.681079292680238,"LDLR",1,"BP",0.00641025641025641,0.00595586280244616
"BP","GO:0140888","interferon-mediated signaling pathway","1/156","112/18805",0.00892857142857143,1.0762934981685,0.0740656234191819,0.607714722361247,0.715402771931931,0.681079292680238,"OAS3",1,"BP",0.00641025641025641,0.00595586280244616
"BP","GO:0045930","negative regulation of mitotic cell cycle","2/156","246/18805",0.00813008130081301,0.980039608088389,-0.0288216591482227,0.607866439477321,0.715402771931931,0.681079292680238,"RBL2/HASPIN",2,"BP",0.0128205128205128,0.0130816272268014
"BP","GO:0006664","glycolipid metabolic process","1/156","113/18805",0.00884955752212389,1.06676877694577,0.0651095063384266,0.610988488119105,0.717654628725458,0.683223110250319,"B4GALT5",1,"BP",0.00641025641025641,0.00600904014889657
"BP","GO:0030316","osteoclast differentiation","1/156","113/18805",0.00884955752212389,1.06676877694577,0.0651095063384266,0.610988488119105,0.717654628725458,0.683223110250319,"SLC4A2",1,"BP",0.00641025641025641,0.00600904014889657
"BP","GO:0042752","regulation of circadian rhythm","1/156","113/18805",0.00884955752212389,1.06676877694577,0.0651095063384266,0.610988488119105,0.717654628725458,0.683223110250319,"KAT5",1,"BP",0.00641025641025641,0.00600904014889657
"BP","GO:0043473","pigmentation","1/156","113/18805",0.00884955752212389,1.06676877694577,0.0651095063384266,0.610988488119105,0.717654628725458,0.683223110250319,"HPS3",1,"BP",0.00641025641025641,0.00600904014889657
"BP","GO:0032944","regulation of mononuclear cell proliferation","2/156","248/18805",0.00806451612903226,0.972136062861869,-0.040399322700115,0.612283953074015,0.718820755586152,0.684333288863846,"DLG5/SLC4A2",2,"BP",0.0128205128205128,0.0131879819197022
"BP","GO:0007218","neuropeptide signaling pathway","1/156","114/18805",0.0087719298245614,1.05741115609537,0.0562331089945061,0.614235106771653,0.719688395946066,0.685159301713972,"GRPR",1,"BP",0.00641025641025641,0.00606221749534698
"BP","GO:0034440","lipid oxidation","1/156","114/18805",0.0087719298245614,1.05741115609537,0.0562331089945061,0.614235106771653,0.719688395946066,0.685159301713972,"IRS1",1,"BP",0.00641025641025641,0.00606221749534698
"BP","GO:1903509","liposaccharide metabolic process","1/156","114/18805",0.0087719298245614,1.05741115609537,0.0562331089945061,0.614235106771653,0.719688395946066,0.685159301713972,"B4GALT5",1,"BP",0.00641025641025641,0.00606221749534698
"BP","GO:1903557","positive regulation of tumor necrosis factor superfamily cytokine production","1/156","114/18805",0.0087719298245614,1.05741115609537,0.0562331089945061,0.614235106771653,0.719688395946066,0.685159301713972,"OAS3",1,"BP",0.00641025641025641,0.00606221749534698
"BP","GO:0030072","peptide hormone secretion","2/156","250/18805",0.008,0.964358974358974,-0.0518859011803703,0.616663700953736,0.722036019068672,0.687394290951583,"ADRA2A/IRS1",2,"BP",0.0128205128205128,0.013294336612603
"BP","GO:0005976","polysaccharide metabolic process","1/156","115/18805",0.00869565217391304,1.04821627647715,0.0474348557477406,0.617454801990936,0.722036019068672,0.687394290951583,"IRS1",1,"BP",0.00641025641025641,0.00611539484179739
"BP","GO:0036503","ERAD pathway","1/156","115/18805",0.00869565217391304,1.04821627647715,0.0474348557477406,0.617454801990936,0.722036019068672,0.687394290951583,"UBE4A",1,"BP",0.00641025641025641,0.00611539484179739
"BP","GO:1901800","positive regulation of proteasomal protein catabolic process","1/156","115/18805",0.00869565217391304,1.04821627647715,0.0474348557477406,0.617454801990936,0.722036019068672,0.687394290951583,"CSNK1A1",1,"BP",0.00641025641025641,0.00611539484179739
"BP","GO:0002062","chondrocyte differentiation","1/156","116/18805",0.00862068965517241,1.03917992926614,0.0387132164862811,0.620647795617978,0.72398748260938,0.689252127488066,"PRKG2",1,"BP",0.00641025641025641,0.00616857218824781
"BP","GO:0002065","columnar/cuboidal epithelial cell differentiation","1/156","116/18805",0.00862068965517241,1.03917992926614,0.0387132164862811,0.620647795617978,0.72398748260938,0.689252127488066,"DLG5",1,"BP",0.00641025641025641,0.00616857218824781
"BP","GO:0045833","negative regulation of lipid metabolic process","1/156","116/18805",0.00862068965517241,1.03917992926614,0.0387132164862811,0.620647795617978,0.72398748260938,0.689252127488066,"ADRA2A",1,"BP",0.00641025641025641,0.00616857218824781
"BP","GO:0060840","artery development","1/156","116/18805",0.00862068965517241,1.03917992926614,0.0387132164862811,0.620647795617978,0.72398748260938,0.689252127488066,"LDLR",1,"BP",0.00641025641025641,0.00616857218824781
"BP","GO:0070555","response to interleukin-1","1/156","116/18805",0.00862068965517241,1.03917992926614,0.0387132164862811,0.620647795617978,0.72398748260938,0.689252127488066,"VRK2",1,"BP",0.00641025641025641,0.00616857218824781
"BP","GO:0045444","fat cell differentiation","2/156","252/18805",0.00793650793650794,0.956705331705332,-0.0632830293600469,0.621005716868733,0.724049375337869,0.689311050737171,"TRIM32/EP300",2,"BP",0.0128205128205128,0.0134006913055039
"BP","GO:0019882","antigen processing and presentation","1/156","117/18805",0.00854700854700855,1.03029804952882,0.0300667049166825,0.623814307677671,0.726967115178836,0.692088803724827,"ULBP3",1,"BP",0.00641025641025641,0.00622174953469822
"BP","GO:0033209","tumor necrosis factor-mediated signaling pathway","1/156","118/18805",0.00847457627118644,1.02156671012603,0.0214938769329716,0.626954556393546,0.729552705259516,0.694550342780029,"TRIM32",1,"BP",0.00641025641025641,0.00627492688114863
"BP","GO:0035967","cellular response to topologically incorrect protein","1/156","118/18805",0.00847457627118644,1.02156671012603,0.0214938769329716,0.626954556393546,0.729552705259516,0.694550342780029,"BHLHA15",1,"BP",0.00641025641025641,0.00627492688114863
"BP","GO:1903076","regulation of protein localization to plasma membrane","1/156","118/18805",0.00847457627118644,1.02156671012603,0.0214938769329716,0.626954556393546,0.729552705259516,0.694550342780029,"SQSTM1",1,"BP",0.00641025641025641,0.00627492688114863
"BP","GO:0001818","negative regulation of cytokine production","3/156","389/18805",0.0077120822622108,0.929651967569705,-0.12822973613634,0.62940389490763,0.731886804416836,0.696772456902987,"OAS3/KAT5/PTPRS",3,"BP",0.0192307692307692,0.0206859877692103
"BP","GO:0090257","regulation of muscle system process","2/156","256/18805",0.0078125,0.941756810897436,-0.0858152604146407,0.629576733230988,0.731886804416836,0.696772456902987,"ADRA2A/EHD3",2,"BP",0.0128205128205128,0.0136134006913055
"BP","GO:0099072","regulation of postsynaptic membrane neurotransmitter receptor levels","1/156","119/18805",0.00840336134453781,1.01298211592329,0.012993329059967,0.63006875820243,0.732100440670632,0.696975843350921,"RAB8A",1,"BP",0.00641025641025641,0.00632810422759904
"BP","GO:0002790","peptide secretion","2/156","257/18805",0.00778210116731518,0.93809238750873,-0.0913948489658984,0.631695982498189,0.733632253512567,0.698434163122435,"ADRA2A/IRS1",2,"BP",0.0128205128205128,0.0136665780377559
"BP","GO:0007281","germ cell development","3/156","391/18805",0.00767263427109974,0.924896714538658,-0.137256490821841,0.632860833410253,0.734252040259429,0.699024213840334,"AFF4/KDM3A/KAT5",3,"BP",0.0192307692307692,0.0207923424621111
"BP","GO:0015695","organic cation transport","1/156","120/18805",0.00833333333333333,1.0045405982906,0.00456369696686542,0.633157127768973,0.734252040259429,0.699024213840334,"ADRA2A",1,"BP",0.00641025641025641,0.00638128157404945
"BP","GO:1902106","negative regulation of leukocyte differentiation","1/156","120/18805",0.00833333333333333,1.0045405982906,0.00456369696686542,0.633157127768973,0.734252040259429,0.699024213840334,"SLC4A2",1,"BP",0.00641025641025641,0.00638128157404945
"BP","GO:0050867","positive regulation of cell activation","3/156","392/18805",0.0076530612244898,0.922537284144427,-0.141753281798652,0.634580995703937,0.73554410190183,0.700254285156845,"SMARCC2/KAT5/EP300",3,"BP",0.0192307692307692,0.0208455198085616
"BP","GO:0045927","positive regulation of growth","2/156","259/18805",0.00772200772200772,0.930848430848431,-0.102491167337743,0.635906331611932,0.736365599537117,0.701036369110572,"TRIM32/DDX3X",2,"BP",0.0128205128205128,0.0137729327306567
"BP","GO:0042303","molting cycle","1/156","121/18805",0.00826446280991736,0.996238609874973,-0.00379634595263783,0.636219878000069,0.736365599537117,0.701036369110572,"FERMT1",1,"BP",0.00641025641025641,0.00643445892049987
"BP","GO:0042633","hair cycle","1/156","121/18805",0.00826446280991736,0.996238609874973,-0.00379634595263783,0.636219878000069,0.736365599537117,0.701036369110572,"FERMT1",1,"BP",0.00641025641025641,0.00643445892049987
"BP","GO:0051261","protein depolymerization","1/156","122/18805",0.00819672131147541,0.988072719630097,-0.0120880899372072,0.639257220059157,0.738962524672573,0.703508699389114,"SPTBN2",1,"BP",0.00641025641025641,0.00648763626695028
"BP","GO:0071482","cellular response to light stimulus","1/156","122/18805",0.00819672131147541,0.988072719630097,-0.0120880899372072,0.639257220059157,0.738962524672573,0.703508699389114,"EP300",1,"BP",0.00641025641025641,0.00648763626695028
"BP","GO:0046486","glycerolipid metabolic process","3/156","395/18805",0.00759493670886076,0.915530671859786,-0.155178067599377,0.63970818977971,0.738962524672573,0.703508699389114,"LDLR/DAGLA/KAT5",3,"BP",0.0192307692307692,0.0210050518479128
"BP","GO:0060271","cilium assembly","3/156","395/18805",0.00759493670886076,0.915530671859786,-0.155178067599377,0.63970818977971,0.738962524672573,0.703508699389114,"RAB8A/TRIM32/EHD3",3,"BP",0.0192307692307692,0.0210050518479128
"BP","GO:0035821","modulation of process of another organism","1/156","123/18805",0.00813008130081301,0.980039608088389,-0.0203127901549982,0.642269363380399,0.741560397680335,0.705981932063095,"EP300",1,"BP",0.00641025641025641,0.00654081361340069
"BP","GO:0006413","translational initiation","1/156","124/18805",0.00806451612903226,0.972136062861869,-0.0284716679441602,0.645256515682757,0.742842571374963,0.707202589834203,"DDX3X",1,"BP",0.00641025641025641,0.0065939909598511
"BP","GO:0006690","icosanoid metabolic process","1/156","124/18805",0.00806451612903226,0.972136062861869,-0.0284716679441602,0.645256515682757,0.742842571374963,0.707202589834203,"DAGLA",1,"BP",0.00641025641025641,0.0065939909598511
"BP","GO:0030510","regulation of BMP signaling pathway","1/156","124/18805",0.00806451612903226,0.972136062861869,-0.0284716679441602,0.645256515682757,0.742842571374963,0.707202589834203,"PCSK6",1,"BP",0.00641025641025641,0.0065939909598511
"BP","GO:0045446","endothelial cell differentiation","1/156","124/18805",0.00806451612903226,0.972136062861869,-0.0284716679441602,0.645256515682757,0.742842571374963,0.707202589834203,"PTPRS",1,"BP",0.00641025641025641,0.0065939909598511
"BP","GO:0072009","nephron epithelium development","1/156","124/18805",0.00806451612903226,0.972136062861869,-0.0284716679441602,0.645256515682757,0.742842571374963,0.707202589834203,"PKD1",1,"BP",0.00641025641025641,0.0065939909598511
"BP","GO:0072329","monocarboxylic acid catabolic process","1/156","124/18805",0.00806451612903226,0.972136062861869,-0.0284716679441602,0.645256515682757,0.742842571374963,0.707202589834203,"IRS1",1,"BP",0.00641025641025641,0.0065939909598511
"BP","GO:2001233","regulation of apoptotic signaling pathway","3/156","399/18805",0.0075187969924812,0.906352419510314,-0.172927055343122,0.646466589233242,0.743875072397746,0.708185553688802,"TAF6/TRIM32/DDX3X",3,"BP",0.0192307692307692,0.0212177612337144
"BP","GO:0021761","limbic system development","1/156","125/18805",0.008,0.964358974358974,-0.0365659119996231,0.648218882983945,0.744448668804096,0.708731630178924,"PTPRS",1,"BP",0.00641025641025641,0.00664716830630152
"BP","GO:0046660","female sex differentiation","1/156","125/18805",0.008,0.964358974358974,-0.0365659119996231,0.648218882983945,0.744448668804096,0.708731630178924,"NRIP1",1,"BP",0.00641025641025641,0.00664716830630152
"BP","GO:0062014","negative regulation of small molecule metabolic process","1/156","125/18805",0.008,0.964358974358974,-0.0365659119996231,0.648218882983945,0.744448668804096,0.708731630178924,"EP300",1,"BP",0.00641025641025641,0.00664716830630152
"BP","GO:1990748","cellular detoxification","1/156","125/18805",0.008,0.964358974358974,-0.0365659119996231,0.648218882983945,0.744448668804096,0.708731630178924,"SRXN1",1,"BP",0.00641025641025641,0.00664716830630152
"BP","GO:0006805","xenobiotic metabolic process","1/156","126/18805",0.00793650793650794,0.956705331705332,-0.0445966795089128,0.651156669614272,0.745659156380856,0.70988404117721,"BCHE",1,"BP",0.00641025641025641,0.00670034565275193
"BP","GO:0010717","regulation of epithelial to mesenchymal transition","1/156","126/18805",0.00793650793650794,0.956705331705332,-0.0445966795089128,0.651156669614272,0.745659156380856,0.70988404117721,"BCL9L",1,"BP",0.00641025641025641,0.00670034565275193
"BP","GO:0010811","positive regulation of cell-substrate adhesion","1/156","126/18805",0.00793650793650794,0.956705331705332,-0.0445966795089128,0.651156669614272,0.745659156380856,0.70988404117721,"FERMT1",1,"BP",0.00641025641025641,0.00670034565275193
"BP","GO:0061640","cytoskeleton-dependent cytokinesis","1/156","126/18805",0.00793650793650794,0.956705331705332,-0.0445966795089128,0.651156669614272,0.745659156380856,0.70988404117721,"EXOC7",1,"BP",0.00641025641025641,0.00670034565275193
"BP","GO:1901989","positive regulation of cell cycle phase transition","1/156","126/18805",0.00793650793650794,0.956705331705332,-0.0445966795089128,0.651156669614272,0.745659156380856,0.70988404117721,"DDX3X",1,"BP",0.00641025641025641,0.00670034565275193
"BP","GO:1903305","regulation of regulated secretory pathway","1/156","126/18805",0.00793650793650794,0.956705331705332,-0.0445966795089128,0.651156669614272,0.745659156380856,0.70988404117721,"ADRA2A",1,"BP",0.00641025641025641,0.00670034565275193
"BP","GO:0010959","regulation of metal ion transport","3/156","403/18805",0.00744416873449132,0.897356365718649,-0.190507323911044,0.653135777681146,0.747553626466381,0.711687618681345,"ADRA2A/EPB41/SPG11",3,"BP",0.0192307692307692,0.0214304706195161
"BP","GO:0022612","gland morphogenesis","1/156","127/18805",0.0078740157480315,0.949172218857258,-0.0525650972395733,0.654070078230374,0.747553626466381,0.711687618681345,"TNC",1,"BP",0.00641025641025641,0.00675352299920234
"BP","GO:0030833","regulation of actin filament polymerization","1/156","127/18805",0.0078740157480315,0.949172218857258,-0.0525650972395733,0.654070078230374,0.747553626466381,0.711687618681345,"SPTBN2",1,"BP",0.00641025641025641,0.00675352299920234
"BP","GO:1903707","negative regulation of hemopoiesis","1/156","127/18805",0.0078740157480315,0.949172218857258,-0.0525650972395733,0.654070078230374,0.747553626466381,0.711687618681345,"SLC4A2",1,"BP",0.00641025641025641,0.00675352299920234
"BP","GO:1903522","regulation of blood circulation","2/156","269/18805",0.00743494423791822,0.896244399961872,-0.156761468043847,0.656397726546748,0.749053461758754,0.713115495117032,"ADRA2A/EHD3",2,"BP",0.0128205128205128,0.0143047061951609
"BP","GO:0045786","negative regulation of cell cycle","3/156","405/18805",0.00740740740740741,0.89292497625831,-0.199235363004294,0.656436856908653,0.749053461758754,0.713115495117032,"TAF6/RBL2/HASPIN",3,"BP",0.0192307692307692,0.0215368253124169
"BP","GO:0030282","bone mineralization","1/156","128/18805",0.0078125,0.941756810897436,-0.060472262580627,0.656959309828836,0.749053461758754,0.713115495117032,"CCDC154",1,"BP",0.00641025641025641,0.00680670034565275
"BP","GO:0048259","regulation of receptor-mediated endocytosis","1/156","128/18805",0.0078125,0.941756810897436,-0.060472262580627,0.656959309828836,0.749053461758754,0.713115495117032,"TBC1D5",1,"BP",0.00641025641025641,0.00680670034565275
"BP","GO:0072089","stem cell proliferation","1/156","128/18805",0.0078125,0.941756810897436,-0.060472262580627,0.656959309828836,0.749053461758754,0.713115495117032,"FERMT1",1,"BP",0.00641025641025641,0.00680670034565275
"BP","GO:0007188","adenylate cyclase-modulating G protein-coupled receptor signaling pathway","2/156","272/18805",0.00735294117647059,0.886359351432881,-0.172665248797146,0.662364199023789,0.754835414691685,0.718620042441103,"ADRA2A/PRMT5",2,"BP",0.0128205128205128,0.0144642382345121
"BP","GO:0007127","meiosis I","1/156","130/18805",0.00769230769230769,0.927268244575937,-0.0761070847026213,0.662666037739858,0.754835414691685,0.718620042441103,"ZSCAN21",1,"BP",0.00641025641025641,0.00691305503855358
"BP","GO:0070663","regulation of leukocyte proliferation","2/156","273/18805",0.00732600732600733,0.883112613881845,-0.177929300169182,0.664334592504483,0.756010856347938,0.719739088946425,"DLG5/SLC4A2",2,"BP",0.0128205128205128,0.0145174155809625
"BP","GO:1901988","negative regulation of cell cycle phase transition","2/156","273/18805",0.00732600732600733,0.883112613881845,-0.177929300169182,0.664334592504483,0.756010856347938,0.719739088946425,"RBL2/HASPIN",2,"BP",0.0128205128205128,0.0145174155809625
"BP","GO:0043200","response to amino acid","1/156","131/18805",0.00763358778625954,0.920189861029556,-0.0838367981435826,0.665483927866369,0.756231736211783,0.719949371471649,"EP300",1,"BP",0.00641025641025641,0.00696623238500399
"BP","GO:0046718","symbiont entry into host cell","1/156","131/18805",0.00763358778625954,0.920189861029556,-0.0838367981435826,0.665483927866369,0.756231736211783,0.719949371471649,"LDLR",1,"BP",0.00641025641025641,0.00696623238500399
"BP","GO:0051209","release of sequestered calcium ion into cytosol","1/156","131/18805",0.00763358778625954,0.920189861029556,-0.0838367981435826,0.665483927866369,0.756231736211783,0.719949371471649,"ITPR3",1,"BP",0.00641025641025641,0.00696623238500399
"BP","GO:0032434","regulation of proteasomal ubiquitin-dependent protein catabolic process","1/156","132/18805",0.00757575757575758,0.913218725718726,-0.0915093743110311,0.668278428629614,0.758318809362319,0.721936311361889,"CSNK1A1",1,"BP",0.00641025641025641,0.0070194097314544
"BP","GO:0032543","mitochondrial translation","1/156","132/18805",0.00757575757575758,0.913218725718726,-0.0915093743110311,0.668278428629614,0.758318809362319,0.721936311361889,"DDX3X",1,"BP",0.00641025641025641,0.0070194097314544
"BP","GO:0051283","negative regulation of sequestering of calcium ion","1/156","132/18805",0.00757575757575758,0.913218725718726,-0.0915093743110311,0.668278428629614,0.758318809362319,0.721936311361889,"ITPR3",1,"BP",0.00641025641025641,0.0070194097314544
"BP","GO:0030900","forebrain development","3/156","413/18805",0.00726392251815981,0.875628608679456,-0.233744114990282,0.669417385265298,0.758564072203801,0.722169807022167,"CCDC85C/DNAJB1/PTPRS",3,"BP",0.0192307692307692,0.0219622440840202
"BP","GO:0001934","positive regulation of protein phosphorylation","3/156","414/18805",0.0072463768115942,0.873513563730955,-0.238013231566502,0.671014758781554,0.758564072203801,0.722169807022167,"ADRA2A/ADAM9/DDX3X",3,"BP",0.0192307692307692,0.0220154214304706
"BP","GO:0002697","regulation of immune effector process","3/156","414/18805",0.0072463768115942,0.873513563730955,-0.238013231566502,0.671014758781554,0.758564072203801,0.722169807022167,"ULBP3/MYO18A/EP300",3,"BP",0.0192307692307692,0.0220154214304706
"BP","GO:0002708","positive regulation of lymphocyte mediated immunity","1/156","133/18805",0.0075187969924812,0.906352419510314,-0.0991257778678579,0.671049732926394,0.758564072203801,0.722169807022167,"ULBP3",1,"BP",0.00641025641025641,0.00707258707790481
"BP","GO:0038061","non-canonical NF-kappaB signal transduction","1/156","133/18805",0.0075187969924812,0.906352419510314,-0.0991257778678579,0.671049732926394,0.758564072203801,0.722169807022167,"DDX3X",1,"BP",0.00641025641025641,0.00707258707790481
"BP","GO:0050684","regulation of mRNA processing","1/156","133/18805",0.0075187969924812,0.906352419510314,-0.0991257778678579,0.671049732926394,0.758564072203801,0.722169807022167,"PRMT5",1,"BP",0.00641025641025641,0.00707258707790481
"BP","GO:0098773","skin epidermis development","1/156","133/18805",0.0075187969924812,0.906352419510314,-0.0991257778678579,0.671049732926394,0.758564072203801,0.722169807022167,"FERMT1",1,"BP",0.00641025641025641,0.00707258707790481
"BP","GO:1903322","positive regulation of protein modification by small protein conjugation or removal","1/156","133/18805",0.0075187969924812,0.906352419510314,-0.0991257778678579,0.671049732926394,0.758564072203801,0.722169807022167,"DDX3X",1,"BP",0.00641025641025641,0.00707258707790481
"BP","GO:0006401","RNA catabolic process","3/156","415/18805",0.0072289156626506,0.871408711770158,-0.242272642815547,0.672606533020332,0.759862453073661,0.723405894383257,"CNOT1/EDC4/SMG6",3,"BP",0.0192307692307692,0.022068598776921
"BP","GO:0030512","negative regulation of transforming growth factor beta receptor signaling pathway","1/156","134/18805",0.00746268656716418,0.899588595484118,-0.106686949501549,0.673798032072896,0.759862453073661,0.723405894383257,"BCL9L",1,"BP",0.00641025641025641,0.00712576442435522
"BP","GO:0035710","CD4-positive, alpha-beta T cell activation","1/156","134/18805",0.00746268656716418,0.899588595484118,-0.106686949501549,0.673798032072896,0.759862453073661,0.723405894383257,"EP300",1,"BP",0.00641025641025641,0.00712576442435522
"BP","GO:0051282","regulation of sequestering of calcium ion","1/156","134/18805",0.00746268656716418,0.899588595484118,-0.106686949501549,0.673798032072896,0.759862453073661,0.723405894383257,"ITPR3",1,"BP",0.00641025641025641,0.00712576442435522
"BP","GO:1901875","positive regulation of post-translational protein modification","1/156","134/18805",0.00746268656716418,0.899588595484118,-0.106686949501549,0.673798032072896,0.759862453073661,0.723405894383257,"DDX3X",1,"BP",0.00641025641025641,0.00712576442435522
"BP","GO:0090150","establishment of protein localization to membrane","2/156","279/18805",0.00716845878136201,0.864120944766106,-0.209133418402504,0.675964529251985,0.761943880860686,0.725387459762328,"RAB8A/HSPA4",2,"BP",0.0128205128205128,0.014836479659665
"BP","GO:0097237","cellular response to toxic substance","1/156","135/18805",0.00740740740740741,0.89292497625831,-0.114193806701265,0.676523515817561,0.762212215401664,0.725642920191811,"SRXN1",1,"BP",0.00641025641025641,0.00717894177080564
"BP","GO:0006260","DNA replication","2/156","280/18805",0.00714285714285714,0.861034798534798,-0.214272094421877,0.677870937138446,0.763006386589483,0.726398988761976,"ADRA2A/RECQL",2,"BP",0.0128205128205128,0.0148896570061154
"BP","GO:0021537","telencephalon development","2/156","280/18805",0.00714285714285714,0.861034798534798,-0.214272094421877,0.677870937138446,0.763006386589483,0.726398988761976,"CCDC85C/PTPRS",2,"BP",0.0128205128205128,0.0148896570061154
"BP","GO:0006469","negative regulation of protein kinase activity","1/156","136/18805",0.00735294117647059,0.886359351432881,-0.121647244504043,0.679226372353847,0.763446585111399,0.726818067509933,"AIDA",1,"BP",0.00641025641025641,0.00723211911725605
"BP","GO:0007368","determination of left/right symmetry","1/156","136/18805",0.00735294117647059,0.886359351432881,-0.121647244504043,0.679226372353847,0.763446585111399,0.726818067509933,"PCSK6",1,"BP",0.00641025641025641,0.00723211911725605
"BP","GO:0051225","spindle assembly","1/156","136/18805",0.00735294117647059,0.886359351432881,-0.121647244504043,0.679226372353847,0.763446585111399,0.726818067509933,"KPNB1",1,"BP",0.00641025641025641,0.00723211911725605
"BP","GO:0051258","protein polymerization","2/156","282/18805",0.00709219858156028,0.854928168757956,-0.22449756247959,0.681656555317566,0.765372694844338,0.728651766659563,"TRIM32/SPTBN2",2,"BP",0.0128205128205128,0.0149960116990162
"BP","GO:0002456","T cell mediated immunity","1/156","137/18805",0.0072992700729927,0.87988957514505,-0.129048136211577,0.681906788332892,0.765372694844338,0.728651766659563,"ULBP3",1,"BP",0.00641025641025641,0.00728529646370646
"BP","GO:0007093","mitotic cell cycle checkpoint signaling","1/156","137/18805",0.0072992700729927,0.87988957514505,-0.129048136211577,0.681906788332892,0.765372694844338,0.728651766659563,"HASPIN",1,"BP",0.00641025641025641,0.00728529646370646
"BP","GO:0015833","peptide transport","2/156","283/18805",0.00706713780918728,0.851907221165172,-0.229584627971651,0.683535802392413,0.766838701314114,0.730047437306467,"ADRA2A/IRS1",2,"BP",0.0128205128205128,0.0150491890454666
"BP","GO:0030218","erythrocyte differentiation","1/156","138/18805",0.0072463768115942,0.873513563730955,-0.136397334078935,0.684564948876072,0.766906487538052,0.730111971293844,"KLF13",1,"BP",0.00641025641025641,0.00733847381015687
"BP","GO:0051208","sequestering of calcium ion","1/156","138/18805",0.0072463768115942,0.873513563730955,-0.136397334078935,0.684564948876072,0.766906487538052,0.730111971293844,"ITPR3",1,"BP",0.00641025641025641,0.00733847381015687
"BP","GO:1903052","positive regulation of proteolysis involved in protein catabolic process","1/156","138/18805",0.0072463768115942,0.873513563730955,-0.136397334078935,0.684564948876072,0.766906487538052,0.730111971293844,"CSNK1A1",1,"BP",0.00641025641025641,0.00733847381015687
"BP","GO:0014706","striated muscle tissue development","3/156","423/18805",0.00709219858156028,0.854928168757956,-0.276004740895668,0.685139241264153,0.767187976427328,0.730379954954416,"BCL9L/SPG11/EP300",3,"BP",0.0192307692307692,0.0224940175485243
"BP","GO:0035270","endocrine system development","1/156","139/18805",0.00719424460431655,0.867229293488286,-0.143695669976513,0.687201037587452,0.768771768379744,0.731887759990999,"BHLHA15",1,"BP",0.00641025641025641,0.00739165115660729
"BP","GO:0046328","regulation of JNK cascade","1/156","139/18805",0.00719424460431655,0.867229293488286,-0.143695669976513,0.687201037587452,0.768771768379744,0.731887759990999,"AIDA",1,"BP",0.00641025641025641,0.00739165115660729
"BP","GO:0002286","T cell activation involved in immune response","1/156","140/18805",0.00714285714285714,0.861034798534798,-0.150943956026458,0.689815236566149,0.76988307652472,0.732945749972342,"EP300",1,"BP",0.00641025641025641,0.0074448285030577
"BP","GO:0034728","nucleosome organization","1/156","140/18805",0.00714285714285714,0.861034798534798,-0.150943956026458,0.689815236566149,0.76988307652472,0.732945749972342,"SMARCC2",1,"BP",0.00641025641025641,0.0074448285030577
"BP","GO:0045727","positive regulation of translation","1/156","140/18805",0.00714285714285714,0.861034798534798,-0.150943956026458,0.689815236566149,0.76988307652472,0.732945749972342,"DDX3X",1,"BP",0.00641025641025641,0.0074448285030577
"BP","GO:0061982","meiosis I cell cycle process","1/156","140/18805",0.00714285714285714,0.861034798534798,-0.150943956026458,0.689815236566149,0.76988307652472,0.732945749972342,"ZSCAN21",1,"BP",0.00641025641025641,0.0074448285030577
"BP","GO:0090288","negative regulation of cellular response to growth factor stimulus","1/156","140/18805",0.00714285714285714,0.861034798534798,-0.150943956026458,0.689815236566149,0.76988307652472,0.732945749972342,"HGS",1,"BP",0.00641025641025641,0.0074448285030577
"BP","GO:0030183","B cell differentiation","1/156","141/18805",0.00709219858156028,0.854928168757956,-0.158142985214721,0.692407726418583,0.772413504107155,0.735354773106779,"EP300",1,"BP",0.00641025641025641,0.00749800584950811
"BP","GO:0022412","cellular process involved in reproduction in multicellular organism","3/156","429/18805",0.00699300699300699,0.84297113143267,-0.300913936760437,0.694304040715757,0.774165303614988,0.737022525059277,"AFF4/KDM3A/KAT5",3,"BP",0.0192307692307692,0.0228130816272268
"BP","GO:0000018","regulation of DNA recombination","1/156","142/18805",0.00704225352112676,0.84890754785121,-0.165293531979832,0.694978686270635,0.774190609705796,0.737046617018526,"KAT5",1,"BP",0.00641025641025641,0.00755118319595852
"BP","GO:0010565","regulation of ketone metabolic process","1/156","142/18805",0.00704225352112676,0.84890754785121,-0.165293531979832,0.694978686270635,0.774190609705796,0.737046617018526,"IRS1",1,"BP",0.00641025641025641,0.00755118319595852
"BP","GO:0003002","regionalization","3/156","430/18805",0.00697674418604651,0.841010733452594,-0.305033828564979,0.695811988693001,0.774755496083392,0.737584401368256,"AIDA/PCSK6/EP300",3,"BP",0.0192307692307692,0.0228662589736772
"BP","GO:0000086","G2/M transition of mitotic cell cycle","1/156","143/18805",0.00699300699300699,0.84297113143267,-0.172396352779455,0.697528293779705,0.775212773854375,0.738019739939811,"USP22",1,"BP",0.00641025641025641,0.00760436054240893
"BP","GO:0010212","response to ionizing radiation","1/156","143/18805",0.00699300699300699,0.84297113143267,-0.172396352779455,0.697528293779705,0.775212773854375,0.738019739939811,"KAT5",1,"BP",0.00641025641025641,0.00760436054240893
"BP","GO:0034763","negative regulation of transmembrane transport","1/156","143/18805",0.00699300699300699,0.84297113143267,-0.172396352779455,0.697528293779705,0.775212773854375,0.738019739939811,"ADRA2A",1,"BP",0.00641025641025641,0.00760436054240893
"BP","GO:0060972","left/right pattern formation","1/156","143/18805",0.00699300699300699,0.84297113143267,-0.172396352779455,0.697528293779705,0.775212773854375,0.738019739939811,"PCSK6",1,"BP",0.00641025641025641,0.00760436054240893
"BP","GO:0033673","negative regulation of kinase activity","1/156","144/18805",0.00694444444444444,0.837117165242165,-0.17945218663571,0.700056725146674,0.777295335307784,0.740002384594402,"AIDA",1,"BP",0.00641025641025641,0.00765753788885935
"BP","GO:0048813","dendrite morphogenesis","1/156","144/18805",0.00694444444444444,0.837117165242165,-0.17945218663571,0.700056725146674,0.777295335307784,0.740002384594402,"IL1RAPL1",1,"BP",0.00641025641025641,0.00765753788885935
"BP","GO:0051054","positive regulation of DNA metabolic process","2/156","293/18805",0.0068259385665529,0.82283188938479,-0.279545392818541,0.701835638121817,0.77854256914494,0.741189778846905,"SMARCC2/KAT5",2,"BP",0.0128205128205128,0.0155809625099708
"BP","GO:0051321","meiotic cell cycle","2/156","293/18805",0.0068259385665529,0.82283188938479,-0.279545392818541,0.701835638121817,0.77854256914494,0.741189778846905,"SMC4/ZSCAN21",2,"BP",0.0128205128205128,0.0155809625099708
"BP","GO:0009581","detection of external stimulus","1/156","145/18805",0.00689655172413793,0.831343943412909,-0.186461755660193,0.702564155127763,0.778986866679943,0.741612759946157,"PKD1",1,"BP",0.00641025641025641,0.00771071523530976
"BP","GO:0001101","response to acid chemical","1/156","146/18805",0.00684931506849315,0.82564980681419,-0.193425765559598,0.70505075704631,0.781014714545236,0.743543316052373,"EP300",1,"BP",0.00641025641025641,0.00776389258176017
"BP","GO:0008064","regulation of actin polymerization or depolymerization","1/156","146/18805",0.00684931506849315,0.82564980681419,-0.193425765559598,0.70505075704631,0.781014714545236,0.743543316052373,"SPTBN2",1,"BP",0.00641025641025641,0.00776389258176017
"BP","GO:0042327","positive regulation of phosphorylation","3/156","437/18805",0.0068649885583524,0.827539165639852,-0.333626017991271,0.706211933265014,0.781559148446755,0.744061629191636,"ADRA2A/ADAM9/DDX3X",3,"BP",0.0192307692307692,0.0232385003988301
"BP","GO:0007548","sex differentiation","2/156","296/18805",0.00675675675675676,0.814492376992377,-0.294222434335309,0.707152802429169,0.781559148446755,0.744061629191636,"NRIP1/PKD1",2,"BP",0.0128205128205128,0.015740494549322
"BP","GO:0070372","regulation of ERK1 and ERK2 cascade","2/156","296/18805",0.00675675675675676,0.814492376992377,-0.294222434335309,0.707152802429169,0.781559148446755,0.744061629191636,"PRMT5/SHC1",2,"BP",0.0128205128205128,0.015740494549322
"BP","GO:0003158","endothelium development","1/156","147/18805",0.00680272108843537,0.820033141461713,-0.200344906122784,0.70751670280443,0.781559148446755,0.744061629191636,"PTPRS",1,"BP",0.00641025641025641,0.00781706992821058
"BP","GO:0009582","detection of abiotic stimulus","1/156","147/18805",0.00680272108843537,0.820033141461713,-0.200344906122784,0.70751670280443,0.781559148446755,0.744061629191636,"PKD1",1,"BP",0.00641025641025641,0.00781706992821058
"BP","GO:0060048","cardiac muscle contraction","1/156","147/18805",0.00680272108843537,0.820033141461713,-0.200344906122784,0.70751670280443,0.781559148446755,0.744061629191636,"EHD3",1,"BP",0.00641025641025641,0.00781706992821058
"BP","GO:0030832","regulation of actin filament length","1/156","149/18805",0.00671140939597315,0.809025985200482,-0.21405126160562,0.712387306411166,0.785478111757901,0.74779256911068,"SPTBN2",1,"BP",0.00641025641025641,0.00792342462111141
"BP","GO:0034101","erythrocyte homeostasis","1/156","149/18805",0.00671140939597315,0.809025985200482,-0.21405126160562,0.712387306411166,0.785478111757901,0.74779256911068,"KLF13",1,"BP",0.00641025641025641,0.00792342462111141
"BP","GO:0034614","cellular response to reactive oxygen species","1/156","149/18805",0.00671140939597315,0.809025985200482,-0.21405126160562,0.712387306411166,0.785478111757901,0.74779256911068,"PEX10",1,"BP",0.00641025641025641,0.00792342462111141
"BP","GO:2001235","positive regulation of apoptotic signaling pathway","1/156","149/18805",0.00671140939597315,0.809025985200482,-0.21405126160562,0.712387306411166,0.785478111757901,0.74779256911068,"TAF6",1,"BP",0.00641025641025641,0.00792342462111141
"BP","GO:0009314","response to radiation","3/156","442/18805",0.00678733031674208,0.818177862861121,-0.35379013720377,0.713474222068039,0.785946789151944,0.748238760376012,"TRIM32/KAT5/EP300",3,"BP",0.0192307692307692,0.0235043871310822
"BP","GO:0050727","regulation of inflammatory response","3/156","442/18805",0.00678733031674208,0.818177862861121,-0.35379013720377,0.713474222068039,0.785946789151944,0.748238760376012,"LDLR/DAGLA/TNC",3,"BP",0.0192307692307692,0.0235043871310822
"BP","GO:0046651","lymphocyte proliferation","2/156","300/18805",0.00666666666666667,0.803632478632479,-0.313577856356528,0.714120031216801,0.786293497515023,0.74856883442095,"DLG5/SLC4A2",2,"BP",0.0128205128205128,0.0159532039351236
"BP","GO:0060078","regulation of postsynaptic membrane potential","1/156","150/18805",0.00666666666666667,0.803632478632479,-0.220839780653394,0.714792301061673,0.786669006034047,0.748926326852579,"GRIN3A",1,"BP",0.00641025641025641,0.00797660196756182
"BP","GO:0141188","nucleic acid catabolic process","3/156","444/18805",0.00675675675675676,0.814492376992377,-0.361796804201695,0.716340512022121,0.788007742497701,0.750200833633268,"CNOT1/EDC4/SMG6",3,"BP",0.0192307692307692,0.023610741823983
"BP","GO:0050852","T cell receptor signaling pathway","1/156","151/18805",0.00662251655629139,0.798310409237562,-0.227586039477752,0.71717731317823,0.788198111429105,0.750382069074667,"RNF31",1,"BP",0.00641025641025641,0.00802977931401223
"BP","GO:0120161","regulation of cold-induced thermogenesis","1/156","151/18805",0.00662251655629139,0.798310409237562,-0.227586039477752,0.71717731317823,0.788198111429105,0.750382069074667,"KDM3A",1,"BP",0.00641025641025641,0.00802977931401223
"BP","GO:0060537","muscle tissue development","3/156","446/18805",0.00672645739910314,0.810839944808555,-0.369770275156321,0.719184798719906,0.78933646921738,0.75146581091587,"BCL9L/SPG11/EP300",3,"BP",0.0192307692307692,0.0237170965168838
"BP","GO:0001890","placenta development","1/156","152/18805",0.00657894736842105,0.793058367071525,-0.234290654988973,0.719542507728686,0.78933646921738,0.75146581091587,"PKD1",1,"BP",0.00641025641025641,0.00808295666046264
"BP","GO:0030534","adult behavior","1/156","152/18805",0.00657894736842105,0.793058367071525,-0.234290654988973,0.719542507728686,0.78933646921738,0.75146581091587,"SPTBN2",1,"BP",0.00641025641025641,0.00808295666046264
"BP","GO:0106106","cold-induced thermogenesis","1/156","152/18805",0.00657894736842105,0.793058367071525,-0.234290654988973,0.719542507728686,0.78933646921738,0.75146581091587,"KDM3A",1,"BP",0.00641025641025641,0.00808295666046264
"BP","GO:0001909","leukocyte mediated cytotoxicity","1/156","153/18805",0.0065359477124183,0.78787497905145,-0.240954230754561,0.721888048327749,0.791543912640075,0.75356734597269,"ULBP3",1,"BP",0.00641025641025641,0.00813613400691305
"BP","GO:0043086","negative regulation of catalytic activity","2/156","306/18805",0.0065359477124183,0.78787497905145,-0.342167007208467,0.724311759892503,0.793834992960172,0.755748505209285,"AIDA/PLXNB3",2,"BP",0.0128205128205128,0.0162722680138261
"BP","GO:0002705","positive regulation of leukocyte mediated immunity","1/156","155/18805",0.00645161290322581,0.777708850289495,-0.254160612857421,0.726520815430921,0.795521870285125,0.757354449804963,"ULBP3",1,"BP",0.00641025641025641,0.00824248869981388
"BP","GO:0072073","kidney epithelium development","1/156","155/18805",0.00645161290322581,0.777708850289495,-0.254160612857421,0.726520815430921,0.795521870285125,0.757354449804963,"PKD1",1,"BP",0.00641025641025641,0.00824248869981388
"BP","GO:0032943","mononuclear cell proliferation","2/156","308/18805",0.00649350649350649,0.782758907758908,-0.351581758161474,0.727640670947098,0.796364876092795,0.758157010015434,"DLG5/SLC4A2",2,"BP",0.0128205128205128,0.0163786227067269
"BP","GO:0030041","actin filament polymerization","1/156","156/18805",0.00641025641025641,0.772723537146614,-0.260704562949082,0.728808362497557,0.796364876092795,0.758157010015434,"SPTBN2",1,"BP",0.00641025641025641,0.00829566604626429
"BP","GO:0035296","regulation of tube diameter","1/156","156/18805",0.00641025641025641,0.772723537146614,-0.260704562949082,0.728808362497557,0.796364876092795,0.758157010015434,"ADRA2A",1,"BP",0.00641025641025641,0.00829566604626429
"BP","GO:0097746","blood vessel diameter maintenance","1/156","156/18805",0.00641025641025641,0.772723537146614,-0.260704562949082,0.728808362497557,0.796364876092795,0.758157010015434,"ADRA2A",1,"BP",0.00641025641025641,0.00829566604626429
"BP","GO:0009410","response to xenobiotic stimulus","3/156","453/18805",0.00662251655629139,0.798310409237562,-0.39742074346022,0.728967259210836,0.796364876092795,0.758157010015434,"ACER2/BCHE/PARP4",3,"BP",0.0192307692307692,0.0240893379420367
"BP","GO:0035150","regulation of tube size","1/156","157/18805",0.00636942675159236,0.767801731177527,-0.267209761495573,0.731076896759469,0.798302358530454,0.760001536231985,"ADRA2A",1,"BP",0.00641025641025641,0.0083488433927147
"BP","GO:0030099","myeloid cell differentiation","3/156","455/18805",0.00659340659340659,0.79480135249366,-0.405248861988506,0.731713175554878,0.798629959532553,0.760313419645839,"SLC4A2/EP300/KLF13",3,"BP",0.0192307692307692,0.0241956926349375
"BP","GO:0042552","myelination","1/156","158/18805",0.00632911392405063,0.762942226549821,-0.273676750759841,0.733326575229306,0.800023250422417,0.761639863449242,"B4GALT5",1,"BP",0.00641025641025641,0.00840202073916512
"BP","GO:0007272","ensheathment of neurons","1/156","160/18805",0.00625,0.753405448717949,-0.286498214481422,0.737769986412365,0.803394643617316,0.764849504483101,"B4GALT5",1,"BP",0.00641025641025641,0.00850837543206594
"BP","GO:0007612","learning","1/156","160/18805",0.00625,0.753405448717949,-0.286498214481422,0.737769986412365,0.803394643617316,0.764849504483101,"BCHE",1,"BP",0.00641025641025641,0.00850837543206594
"BP","GO:0008366","axon ensheathment","1/156","160/18805",0.00625,0.753405448717949,-0.286498214481422,0.737769986412365,0.803394643617316,0.764849504483101,"B4GALT5",1,"BP",0.00641025641025641,0.00850837543206594
"BP","GO:0044839","cell cycle G2/M phase transition","1/156","160/18805",0.00625,0.753405448717949,-0.286498214481422,0.737769986412365,0.803394643617316,0.764849504483101,"USP22",1,"BP",0.00641025641025641,0.00850837543206594
"BP","GO:0010948","negative regulation of cell cycle process","2/156","315/18805",0.00634920634920635,0.765364265364265,-0.384096741144838,0.739026710097422,0.804394333859476,0.765801231747437,"RBL2/HASPIN",2,"BP",0.0128205128205128,0.0167508641318798
"BP","GO:0072006","nephron development","1/156","161/18805",0.0062111801242236,0.74872591176939,-0.292853718361597,0.739964026751312,0.805045608581936,0.7664212597159,"PKD1",1,"BP",0.00641025641025641,0.00856155277851635
"BP","GO:0006261","DNA-templated DNA replication","1/156","162/18805",0.00617283950617284,0.744104146881925,-0.299173072387802,0.742139826570385,0.806673724533028,0.767971262181471,"RECQL",1,"BP",0.00641025641025641,0.00861473012496676
"BP","GO:0051494","negative regulation of cytoskeleton organization","1/156","162/18805",0.00617283950617284,0.744104146881925,-0.299173072387802,0.742139826570385,0.806673724533028,0.767971262181471,"SPTBN2",1,"BP",0.00641025641025641,0.00861473012496676
"BP","GO:0043410","positive regulation of MAPK cascade","3/156","464/18805",0.00646551724137931,0.779384946949602,-0.440090782729629,0.743802144483208,0.808110747094062,0.769339339504951,"ADRA2A/ADAM9/SHC1",3,"BP",0.0192307692307692,0.0246742887529912
"BP","GO:0050729","positive regulation of inflammatory response","1/156","163/18805",0.00613496932515337,0.739539090766085,-0.305456765468319,0.744297536544908,0.80827921778425,0.769499727335433,"LDLR",1,"BP",0.00641025641025641,0.00866790747141718
"BP","GO:0070371","ERK1 and ERK2 cascade","2/156","319/18805",0.00626959247648903,0.755767221284463,-0.402380998262997,0.74535027445269,0.80905251454531,0.770235922988732,"PRMT5/SHC1",2,"BP",0.0128205128205128,0.0169635735176815
"BP","GO:0120254","olefinic compound metabolic process","1/156","165/18805",0.00606060606060606,0.730574980574981,-0.317919075534175,0.748559283488511,0.81179374350923,0.77284563370984,"DAGLA",1,"BP",0.00641025641025641,0.008774262164318
"BP","GO:2001236","regulation of extrinsic apoptotic signaling pathway","1/156","165/18805",0.00606060606060606,0.730574980574981,-0.317919075534175,0.748559283488511,0.81179374350923,0.77284563370984,"DDX3X",1,"BP",0.00641025641025641,0.008774262164318
"BP","GO:0070507","regulation of microtubule cytoskeleton organization","1/156","166/18805",0.00602409638554217,0.726173926475131,-0.324098622213633,0.750663615665324,0.813704284438678,0.774664511013532,"PKD1",1,"BP",0.00641025641025641,0.00882743951076841
"BP","GO:0051348","negative regulation of transferase activity","1/156","167/18805",0.00598802395209581,0.721825579610011,-0.330244367828901,0.752750448432973,0.814850644953651,0.775755871627897,"AIDA",1,"BP",0.00641025641025641,0.00888061685721882
"BP","GO:0170033","L-amino acid metabolic process","1/156","167/18805",0.00598802395209581,0.721825579610011,-0.330244367828901,0.752750448432973,0.814850644953651,0.775755871627897,"GLYATL1B",1,"BP",0.00641025641025641,0.00888061685721882
"BP","GO:0170039","proteinogenic amino acid metabolic process","1/156","167/18805",0.00598802395209581,0.721825579610011,-0.330244367828901,0.752750448432973,0.814850644953651,0.775755871627897,"GLYATL1B",1,"BP",0.00641025641025641,0.00888061685721882
"BP","GO:0001822","kidney development","2/156","325/18805",0.00615384615384615,0.74181459566075,-0.429419765290401,0.754590892795668,0.815975113864877,0.776826390950363,"DLG5/PKD1",2,"BP",0.0128205128205128,0.0172826375963839
"BP","GO:0032412","regulation of monoatomic ion transmembrane transporter activity","1/156","168/18805",0.00595238095238095,0.717528998778999,-0.336356754646228,0.754819926383636,0.815975113864877,0.776826390950363,"ADRA2A",1,"BP",0.00641025641025641,0.00893379420366924
"BP","GO:0098754","detoxification","1/156","168/18805",0.00595238095238095,0.717528998778999,-0.336356754646228,0.754819926383636,0.815975113864877,0.776826390950363,"SRXN1",1,"BP",0.00641025641025641,0.00893379420366924
"BP","GO:0009416","response to light stimulus","2/156","326/18805",0.00613496932515337,0.739539090766085,-0.433882132032766,0.756102788909729,0.816706705220742,0.777522882133697,"TRIM32/EP300",2,"BP",0.0128205128205128,0.0173358149428344
"BP","GO:0002181","cytoplasmic translation","1/156","169/18805",0.00591715976331361,0.713283265058413,-0.342436216316304,0.756872192922465,0.816706705220742,0.777522882133697,"NEMF",1,"BP",0.00641025641025641,0.00898697155011965
"BP","GO:0044272","sulfur compound biosynthetic process","1/156","169/18805",0.00591715976331361,0.713283265058413,-0.342436216316304,0.756872192922465,0.816706705220742,0.777522882133697,"ACACA",1,"BP",0.00641025641025641,0.00898697155011965
"BP","GO:1990845","adaptive thermogenesis","1/156","169/18805",0.00591715976331361,0.713283265058413,-0.342436216316304,0.756872192922465,0.816706705220742,0.777522882133697,"KDM3A",1,"BP",0.00641025641025641,0.00898697155011965
"BP","GO:0048638","regulation of developmental growth","2/156","327/18805",0.00611620795107034,0.737277503332549,-0.43833212760669,0.757606698427075,0.817128023961991,0.777923986912069,"SEMA3G/PTPRS",2,"BP",0.0128205128205128,0.0173889922892848
"BP","GO:0042886","amide transport","2/156","328/18805",0.00609756097560976,0.735029706066291,-0.442769835299829,0.759102648780347,0.818154867011412,0.778901564250643,"ADRA2A/IRS1",2,"BP",0.0128205128205128,0.0174421696357352
"BP","GO:0007389","pattern specification process","3/156","476/18805",0.00630252100840336,0.759736586942469,-0.485603019854512,0.759247716586591,0.818154867011412,0.778901564250643,"AIDA/PCSK6/EP300",3,"BP",0.0192307692307692,0.0253124169103962
"BP","GO:0009451","RNA modification","1/156","171/18805",0.00584795321637427,0.704940770730244,-0.354498057053716,0.760925659508109,0.818848410209225,0.779561832744339,"RNMT",1,"BP",0.00641025641025641,0.00909332624302047
"BP","GO:0042770","signal transduction in response to DNA damage","1/156","171/18805",0.00584795321637427,0.704940770730244,-0.354498057053716,0.760925659508109,0.818848410209225,0.779561832744339,"ACER2",1,"BP",0.00641025641025641,0.00909332624302047
"BP","GO:0043409","negative regulation of MAPK cascade","1/156","171/18805",0.00584795321637427,0.704940770730244,-0.354498057053716,0.760925659508109,0.818848410209225,0.779561832744339,"AIDA",1,"BP",0.00641025641025641,0.00909332624302047
"BP","GO:0034762","regulation of transmembrane transport","3/156","478/18805",0.00627615062761506,0.756557772771162,-0.493087300086724,0.761748192156505,0.819362299081385,0.780051066338755,"ADRA2A/HK2/IRS1",3,"BP",0.0192307692307692,0.025418771603297
"BP","GO:0007292","female gamete generation","1/156","172/18805",0.00581395348837209,0.700842277877162,-0.360481262291733,0.762927140516842,0.819887764130091,0.780551320709777,"NRIP1",1,"BP",0.00641025641025641,0.00914650358947089
"BP","GO:2000058","regulation of ubiquitin-dependent protein catabolic process","1/156","172/18805",0.00581395348837209,0.700842277877162,-0.360481262291733,0.762927140516842,0.819887764130091,0.780551320709777,"CSNK1A1",1,"BP",0.00641025641025641,0.00914650358947089
"BP","GO:0007009","plasma membrane organization","1/156","173/18805",0.00578034682080925,0.696791166444346,-0.366433195130591,0.76491197205655,0.821277546850952,0.781874424658546,"ATG9A",1,"BP",0.00641025641025641,0.0091996809359213
"BP","GO:0071774","response to fibroblast growth factor","1/156","173/18805",0.00578034682080925,0.696791166444346,-0.366433195130591,0.76491197205655,0.821277546850952,0.781874424658546,"TNC",1,"BP",0.00641025641025641,0.0091996809359213
"BP","GO:0008380","RNA splicing","3/156","482/18805",0.00622406639004149,0.750279285030322,-0.507971613810315,0.766686620355344,0.822647106090643,0.783178275405076,"USP22/PRMT5/DHX38",3,"BP",0.0192307692307692,0.0256314809890986
"BP","GO:0055002","striated muscle cell development","1/156","174/18805",0.00574712643678161,0.692786619510757,-0.372354249310948,0.76688029174092,0.822647106090643,0.783178275405076,"SPG11",1,"BP",0.00641025641025641,0.00925285828237171
"BP","GO:0046394","carboxylic acid biosynthetic process","2/156","334/18805",0.00598802395209581,0.721825579610011,-0.46914259636418,0.767912756454038,0.823382752405572,0.783878626999299,"ACACA/SCD5",2,"BP",0.0128205128205128,0.0177612337144376
"BP","GO:0060041","retina development in camera-type eye","1/156","175/18805",0.00571428571428571,0.688827838827839,-0.378244811180019,0.76883223605354,0.823490431626606,0.783981140003967,"TUB",1,"BP",0.00641025641025641,0.00930603562882212
"BP","GO:1903169","regulation of calcium ion transmembrane transport","1/156","175/18805",0.00571428571428571,0.688827838827839,-0.378244811180019,0.76883223605354,0.823490431626606,0.783981140003967,"ADRA2A",1,"BP",0.00641025641025641,0.00930603562882212
"BP","GO:0022898","regulation of transmembrane transporter activity","1/156","176/18805",0.00568181818181818,0.684914044289044,-0.384105259873851,0.770767940357117,0.823490431626606,0.783981140003967,"ADRA2A",1,"BP",0.00641025641025641,0.00935921297527253
"BP","GO:0030509","BMP signaling pathway","1/156","176/18805",0.00568181818181818,0.684914044289044,-0.384105259873851,0.770767940357117,0.823490431626606,0.783981140003967,"PCSK6",1,"BP",0.00641025641025641,0.00935921297527253
"BP","GO:0140053","mitochondrial gene expression","1/156","176/18805",0.00568181818181818,0.684914044289044,-0.384105259873851,0.770767940357117,0.823490431626606,0.783981140003967,"DDX3X",1,"BP",0.00641025641025641,0.00935921297527253
"BP","GO:0000377","RNA splicing, via transesterification reactions with bulged adenosine as nucleophile","2/156","336/18805",0.00595238095238095,0.717528998778999,-0.477838857449176,0.770787044002503,0.823490431626606,0.783981140003967,"PRMT5/DHX38",2,"BP",0.0128205128205128,0.0178675884073385
"BP","GO:0000398","mRNA splicing, via spliceosome","2/156","336/18805",0.00595238095238095,0.717528998778999,-0.477838857449176,0.770787044002503,0.823490431626606,0.783981140003967,"PRMT5/DHX38",2,"BP",0.0128205128205128,0.0178675884073385
"BP","GO:0072001","renal system development","2/156","336/18805",0.00595238095238095,0.717528998778999,-0.477838857449176,0.770787044002503,0.823490431626606,0.783981140003967,"DLG5/PKD1",2,"BP",0.0128205128205128,0.0178675884073385
"BP","GO:0016053","organic acid biosynthetic process","2/156","337/18805",0.00593471810089021,0.715399832610515,-0.482169588103247,0.772212611209482,0.824642514218759,0.785077948162612,"ACACA/SCD5",2,"BP",0.0128205128205128,0.0179207657537889
"BP","GO:0030216","keratinocyte differentiation","1/156","177/18805",0.00564971751412429,0.681044473417355,-0.389935967494069,0.772687538902626,0.824778833660106,0.785207727291705,"ADAM9",1,"BP",0.00641025641025641,0.00941239032172295
"BP","GO:0030198","extracellular matrix organization","2/156","339/18805",0.00589970501474926,0.711179184630512,-0.490796626752379,0.775040733742331,0.826919021849971,0.787245233876449,"FERMT1/P4HA1",2,"BP",0.0128205128205128,0.0180271204466897
"BP","GO:0000375","RNA splicing, via transesterification reactions","2/156","340/18805",0.00588235294117647,0.709087481146305,-0.495093083404793,0.776443345761039,0.827671878896978,0.787961970469012,"PRMT5/DHX38",2,"BP",0.0128205128205128,0.0180802977931401
"BP","GO:0043062","extracellular structure organization","2/156","340/18805",0.00588235294117647,0.709087481146305,-0.495093083404793,0.776443345761039,0.827671878896978,0.787961970469012,"FERMT1/P4HA1",2,"BP",0.0128205128205128,0.0180802977931401
"BP","GO:0045229","external encapsulating structure organization","2/156","341/18805",0.00586510263929619,0.707008045717723,-0.499378262852479,0.777838362842602,0.828786950090255,0.789023542955731,"FERMT1/P4HA1",2,"BP",0.0128205128205128,0.0181334751395905
"BP","GO:0001936","regulation of endothelial cell proliferation","1/156","180/18805",0.00555555555555556,0.669693732193732,-0.407253262976697,0.778351026014458,0.828961294522125,0.789189522718459,"PLXNB3",1,"BP",0.00641025641025641,0.00957192236107418
"BP","GO:0010562","positive regulation of phosphorus metabolic process","3/156","493/18805",0.00608519269776876,0.733538773599625,-0.548339129408897,0.77984247706829,0.829805503152863,0.789993228043146,"ADRA2A/ADAM9/DDX3X",3,"BP",0.0192307692307692,0.0262164318000532
"BP","GO:0045937","positive regulation of phosphate metabolic process","3/156","493/18805",0.00608519269776876,0.733538773599625,-0.548339129408897,0.77984247706829,0.829805503152863,0.789993228043146,"ADRA2A/ADAM9/DDX3X",3,"BP",0.0192307692307692,0.0262164318000532
"BP","GO:0035265","organ growth","1/156","181/18805",0.00552486187845304,0.665993766822496,-0.412968592522815,0.780207522118713,0.829822151828008,0.790009077950831,"EVC",1,"BP",0.00641025641025641,0.00962509970752459
"BP","GO:0070661","leukocyte proliferation","2/156","344/18805",0.00581395348837209,0.700842277877162,-0.512166859999768,0.781978129637386,0.830589471327725,0.790739583118871,"DLG5/SLC4A2",2,"BP",0.0128205128205128,0.0182930071789418
"BP","GO:0071214","cellular response to abiotic stimulus","2/156","344/18805",0.00581395348837209,0.700842277877162,-0.512166859999768,0.781978129637386,0.830589471327725,0.790739583118871,"EP300/DDX3X",2,"BP",0.0128205128205128,0.0182930071789418
"BP","GO:0104004","cellular response to environmental stimulus","2/156","344/18805",0.00581395348837209,0.700842277877162,-0.512166859999768,0.781978129637386,0.830589471327725,0.790739583118871,"EP300/DDX3X",2,"BP",0.0128205128205128,0.0182930071789418
"BP","GO:0002262","myeloid cell homeostasis","1/156","183/18805",0.00546448087431694,0.658715146420064,-0.424315644159714,0.78387428950293,0.832231308703379,0.792302648684702,"KLF13",1,"BP",0.00641025641025641,0.00973145440042542
"BP","GO:0023061","signal release","3/156","497/18805",0.00603621730382294,0.727635041015323,-0.562818832933883,0.78447407452399,0.832495945931402,0.792554589190316,"ADRA2A/RAB11FIP1/IRS1",3,"BP",0.0192307692307692,0.0264291411858548
"BP","GO:0006575","modified amino acid metabolic process","1/156","184/18805",0.00543478260869565,0.655135172798216,-0.429948026955887,0.78568481527017,0.833036355476185,0.793069071052785,"CHDH",1,"BP",0.00641025641025641,0.00978463174687583
"BP","GO:0007189","adenylate cyclase-activating G protein-coupled receptor signaling pathway","1/156","184/18805",0.00543478260869565,0.655135172798216,-0.429948026955887,0.78568481527017,0.833036355476185,0.793069071052785,"ADRA2A",1,"BP",0.00641025641025641,0.00978463174687583
"BP","GO:0010038","response to metal ion","2/156","347/18805",0.00576368876080692,0.694783122737013,-0.524856532858112,0.786050570694811,0.833052255867995,0.793084208578151,"ITPR3/ADAM9",2,"BP",0.0128205128205128,0.018452539218293
"BP","GO:0032956","regulation of actin cytoskeleton organization","2/156","348/18805",0.00574712643678161,0.692786619510757,-0.529064764943763,0.787393223728867,0.83382329115146,0.793818251254664,"SLC4A2/SPTBN2",2,"BP",0.0128205128205128,0.0185057165647434
"BP","GO:0071478","cellular response to radiation","1/156","185/18805",0.00540540540540541,0.651593901593902,-0.435553411785756,0.787480270337989,0.83382329115146,0.793818251254664,"EP300",1,"BP",0.00641025641025641,0.00983780909332624
"BP","GO:0000075","cell cycle checkpoint signaling","1/156","186/18805",0.00537634408602151,0.64809070857458,-0.441132114573925,0.789260779351269,0.835336163529084,0.79525853928442,"HASPIN",1,"BP",0.00641025641025641,0.00989098643977666
"BP","GO:0008154","actin polymerization or depolymerization","1/156","187/18805",0.0053475935828877,0.644624982860277,-0.446684445713664,0.791026465930635,0.836832007387642,0.796682615786662,"SPTBN2",1,"BP",0.00641025641025641,0.00994416378622707
"BP","GO:0015980","energy derivation by oxidation of organic compounds","2/156","352/18805",0.00568181818181818,0.684914044289044,-0.545791204499749,0.792690467531922,0.837565146849168,0.797380580800892,"ACO2/IRS1",2,"BP",0.0128205128205128,0.0187184259505451
"BP","GO:0071772","response to BMP","1/156","188/18805",0.00531914893617021,0.641196126568467,-0.452210710194277,0.792777452680813,0.837565146849168,0.797380580800892,"PCSK6",1,"BP",0.00641025641025641,0.00999734113267748
"BP","GO:0071773","cellular response to BMP stimulus","1/156","188/18805",0.00531914893617021,0.641196126568467,-0.452210710194277,0.792777452680813,0.837565146849168,0.797380580800892,"PCSK6",1,"BP",0.00641025641025641,0.00999734113267748
"BP","GO:0007565","female pregnancy","1/156","190/18805",0.00526315789473684,0.63444669365722,-0.463186232854542,0.796235812082738,0.840097758194804,0.799791682926288,"ADRA2A",1,"BP",0.00641025641025641,0.0101036958255783
"BP","GO:0051302","regulation of cell division","1/156","190/18805",0.00526315789473684,0.63444669365722,-0.463186232854542,0.796235812082738,0.840097758194804,0.799791682926288,"EXOC7",1,"BP",0.00641025641025641,0.0101036958255783
"BP","GO:0051897","positive regulation of phosphatidylinositol 3-kinase/protein kinase B signal transduction","1/156","190/18805",0.00526315789473684,0.63444669365722,-0.463186232854542,0.796235812082738,0.840097758194804,0.799791682926288,"IRS1",1,"BP",0.00641025641025641,0.0101036958255783
"BP","GO:0032640","tumor necrosis factor production","1/156","191/18805",0.00523560209424084,0.631124983219224,-0.468636075089416,0.797943424938773,0.84077889717373,0.800440142328719,"OAS3",1,"BP",0.00641025641025641,0.0101568731720287
"BP","GO:0032680","regulation of tumor necrosis factor production","1/156","191/18805",0.00523560209424084,0.631124983219224,-0.468636075089416,0.797943424938773,0.84077889717373,0.800440142328719,"OAS3",1,"BP",0.00641025641025641,0.0101568731720287
"BP","GO:0097553","calcium ion transmembrane import into cytosol","1/156","191/18805",0.00523560209424084,0.631124983219224,-0.468636075089416,0.797943424938773,0.84077889717373,0.800440142328719,"ITPR3",1,"BP",0.00641025641025641,0.0101568731720287
"BP","GO:0045766","positive regulation of angiogenesis","1/156","192/18805",0.00520833333333333,0.627837873931624,-0.474061019006114,0.799636818390452,0.842189553737173,0.801783118638204,"HK2",1,"BP",0.00641025641025641,0.0102100505184791
"BP","GO:0007254","JNK cascade","1/156","193/18805",0.00518134715025907,0.624584827952704,-0.479461344362295,0.8013161100861,0.843467874692135,0.80300010851577,"AIDA",1,"BP",0.00641025641025641,0.0102632278649295
"BP","GO:0006936","muscle contraction","2/156","359/18805",0.00557103064066852,0.67155917434469,-0.574662560129889,0.801682629541762,0.843467874692135,0.80300010851577,"ADRA2A/EHD3",2,"BP",0.0128205128205128,0.019090667375698
"BP","GO:0000910","cytokinesis","1/156","194/18805",0.00515463917525773,0.621365318530267,-0.484837326204055,0.802981416706912,0.843467874692135,0.80300010851577,"EXOC7",1,"BP",0.00641025641025641,0.01031640521138
"BP","GO:0006941","striated muscle contraction","1/156","194/18805",0.00515463917525773,0.621365318530267,-0.484837326204055,0.802981416706912,0.843467874692135,0.80300010851577,"EHD3",1,"BP",0.00641025641025641,0.01031640521138
"BP","GO:0030258","lipid modification","1/156","194/18805",0.00515463917525773,0.621365318530267,-0.484837326204055,0.802981416706912,0.843467874692135,0.80300010851577,"IRS1",1,"BP",0.00641025641025641,0.01031640521138
"BP","GO:0061157","mRNA destabilization","1/156","194/18805",0.00515463917525773,0.621365318530267,-0.484837326204055,0.802981416706912,0.843467874692135,0.80300010851577,"CNOT1",1,"BP",0.00641025641025641,0.01031640521138
"BP","GO:0045664","regulation of neuron differentiation","1/156","195/18805",0.00512820512820513,0.618178829717291,-0.490189234970384,0.804632853974857,0.844455602381921,0.803940447165148,"TRIM32",1,"BP",0.00641025641025641,0.0103695825578304
"BP","GO:1904018","positive regulation of vasculature development","1/156","195/18805",0.00512820512820513,0.618178829717291,-0.490189234970384,0.804632853974857,0.844455602381921,0.803940447165148,"HK2",1,"BP",0.00641025641025641,0.0103695825578304
"BP","GO:0071706","tumor necrosis factor superfamily cytokine production","1/156","196/18805",0.00510204081632653,0.615024856096285,-0.495517336594775,0.806270536660506,0.84542716316499,0.804865394561063,"OAS3",1,"BP",0.00641025641025641,0.0104227599042808
"BP","GO:1903555","regulation of tumor necrosis factor superfamily cytokine production","1/156","196/18805",0.00510204081632653,0.615024856096285,-0.495517336594775,0.806270536660506,0.84542716316499,0.804865394561063,"OAS3",1,"BP",0.00641025641025641,0.0104227599042808
"BP","GO:1905475","regulation of protein localization to membrane","1/156","197/18805",0.0050761421319797,0.611902902512039,-0.500821892604063,0.807894578590806,0.846756233077302,0.806130698570656,"SQSTM1",1,"BP",0.00641025641025641,0.0104759372507312
"BP","GO:0050779","RNA destabilization","1/156","198/18805",0.00505050505050505,0.608812483812484,-0.50610316021459,0.809505092656791,0.847696029567848,0.807025405656171,"CNOT1",1,"BP",0.00641025641025641,0.0105291145971816
"BP","GO:0070374","positive regulation of ERK1 and ERK2 cascade","1/156","198/18805",0.00505050505050505,0.608812483812484,-0.50610316021459,0.809505092656791,0.847696029567848,0.807025405656171,"SHC1",1,"BP",0.00641025641025641,0.0105291145971816
"BP","GO:0032271","regulation of protein polymerization","1/156","199/18805",0.0050251256281407,0.605753124597346,-0.511361392425788,0.81110219082122,0.848620133568457,0.807905173143511,"SPTBN2",1,"BP",0.00641025641025641,0.010582291943632
"BP","GO:0061014","positive regulation of mRNA catabolic process","1/156","199/18805",0.0050251256281407,0.605753124597346,-0.511361392425788,0.81110219082122,0.848620133568457,0.807905173143511,"CNOT1",1,"BP",0.00641025641025641,0.010582291943632
"BP","GO:0002706","regulation of lymphocyte mediated immunity","1/156","200/18805",0.005,0.602724358974359,-0.516596838111243,0.81268598412617,0.849902779524286,0.809126280517747,"ULBP3",1,"BP",0.00641025641025641,0.0106354692900824
"BP","GO:0009060","aerobic respiration","1/156","201/18805",0.00497512437810945,0.599725730322745,-0.521809742107348,0.814256582700549,0.851170503483188,0.810333181820227,"ACO2",1,"BP",0.00641025641025641,0.0106886466365328
"BP","GO:0032409","regulation of transporter activity","1/156","202/18805",0.00495049504950495,0.596756791063722,-0.527000345299594,0.815814095767562,0.852048582870695,0.811169132855957,"ADRA2A",1,"BP",0.00641025641025641,0.0107418239829832
"BP","GO:0055001","muscle cell development","1/156","202/18805",0.00495049504950495,0.596756791063722,-0.527000345299594,0.815814095767562,0.852048582870695,0.811169132855957,"SPG11",1,"BP",0.00641025641025641,0.0107418239829832
"BP","GO:0001935","endothelial cell proliferation","1/156","203/18805",0.00492610837438424,0.593817102437792,-0.53216888470659,0.817358631652111,0.852911577404992,0.811990722777141,"PLXNB3",1,"BP",0.00641025641025641,0.0107950013294337
"BP","GO:1901605","alpha-amino acid metabolic process","1/156","203/18805",0.00492610837438424,0.593817102437792,-0.53216888470659,0.817358631652111,0.852911577404992,0.811990722777141,"GLYATL1B",1,"BP",0.00641025641025641,0.0107950013294337
"BP","GO:0090101","negative regulation of transmembrane receptor protein serine/threonine kinase signaling pathway","1/156","206/18805",0.00485436893203883,0.58516928055763,-0.547544434102165,0.821915446139147,0.857289936135474,0.816159017315899,"BCL9L",1,"BP",0.00641025641025641,0.0109545333687849
"BP","GO:0050728","negative regulation of inflammatory response","1/156","207/18805",0.00483091787439614,0.582342375820637,-0.552627014035729,0.823409138832426,0.858470897597459,0.8172833187986,"LDLR",1,"BP",0.00641025641025641,0.0110077107152353
"BP","GO:0001933","negative regulation of protein phosphorylation","1/156","210/18805",0.00476190476190476,0.574023199023199,-0.567750008919404,0.827815935746579,0.862308266402687,0.820936578939821,"AIDA",1,"BP",0.00641025641025641,0.0111672427545865
"BP","GO:0043270","positive regulation of monoatomic ion transport","1/156","210/18805",0.00476190476190476,0.574023199023199,-0.567750008919404,0.827815935746579,0.862308266402687,0.820936578939821,"ADRA2A",1,"BP",0.00641025641025641,0.0111672427545865
"BP","GO:0034764","positive regulation of transmembrane transport","1/156","211/18805",0.004739336492891,0.571302709928302,-0.572750132730175,0.829260448466317,0.863055900572964,0.821648343237995,"IRS1",1,"BP",0.00641025641025641,0.011220420101037
"BP","GO:0044703","multi-organism reproductive process","1/156","211/18805",0.004739336492891,0.571302709928302,-0.572750132730175,0.829260448466317,0.863055900572964,0.821648343237995,"ADRA2A",1,"BP",0.00641025641025641,0.011220420101037
"BP","GO:0050851","antigen receptor-mediated signaling pathway","1/156","213/18805",0.00469483568075117,0.56593836523414,-0.582690307459072,0.832113449170641,0.865645835208179,0.824114018405393,"RNF31",1,"BP",0.00641025641025641,0.0113267747939378
"BP","GO:0008016","regulation of heart contraction","1/156","214/18805",0.00467289719626168,0.56329379343398,-0.587630760338733,0.833522135806258,0.866731642968416,0.825147731455361,"EHD3",1,"BP",0.00641025641025641,0.0113799521403882
"BP","GO:0007626","locomotory behavior","1/156","215/18805",0.00465116279069767,0.560673822301729,-0.592551719807419,0.834919077703639,0.867804293018006,0.826168918073208,"SPG11",1,"BP",0.00641025641025641,0.0114331294868386
"BP","GO:0030336","negative regulation of cell migration","2/156","388/18805",0.00515463917525773,0.621365318530267,-0.689265364578459,0.835368361913286,0.867891452119009,0.826251895468867,"DLG5/PLXNB3",2,"BP",0.0128205128205128,0.0206328104227599
"BP","GO:0050679","positive regulation of epithelial cell proliferation","1/156","218/18805",0.00458715596330275,0.552958127499412,-0.607199558119075,0.839040403905857,0.871325299202628,0.829520993988807,"PLXNB3",1,"BP",0.00641025641025641,0.0115926615261898
"BP","GO:0032970","regulation of actin filament-based process","2/156","392/18805",0.00510204081632653,0.615024856096285,-0.704487177560453,0.839589055730663,0.871513989230911,0.829700631077228,"SLC4A2/SPTBN2",2,"BP",0.0128205128205128,0.0208455198085616
"BP","GO:0044706","multi-multicellular organism process","1/156","219/18805",0.0045662100456621,0.550433204542794,-0.612044450072585,0.840391331811957,0.871584896529868,0.829768136397189,"ADRA2A",1,"BP",0.00641025641025641,0.0116458388726403
"BP","GO:0071356","cellular response to tumor necrosis factor","1/156","219/18805",0.0045662100456621,0.550433204542794,-0.612044450072585,0.840391331811957,0.871584896529868,0.829768136397189,"TRIM32",1,"BP",0.00641025641025641,0.0116458388726403
"BP","GO:0045637","regulation of myeloid cell differentiation","1/156","220/18805",0.00454545454545455,0.547931235431235,-0.616870787631956,0.841730993505562,0.872593238575168,0.830728100369844,"KLF13",1,"BP",0.00641025641025641,0.0116990162190907
"BP","GO:0008544","epidermis development","2/156","395/18805",0.00506329113924051,0.610353781239857,-0.715816600011726,0.842690475445888,0.873206753570674,0.831312180241466,"ADAM9/FERMT1",2,"BP",0.0128205128205128,0.0210050518479128
"BP","GO:0002460","adaptive immune response based on somatic recombination of immune receptors built from immunoglobulin superfamily domains","2/156","396/18805",0.00505050505050505,0.608812483812484,-0.719576757240691,0.843712223339226,0.873503282663758,0.831594482509364,"ULBP3/EP300",2,"BP",0.0128205128205128,0.0210582291943632
"BP","GO:1902903","regulation of supramolecular fiber organization","2/156","396/18805",0.00505050505050505,0.608812483812484,-0.719576757240691,0.843712223339226,0.873503282663758,0.831594482509364,"LDLR/SPTBN2",2,"BP",0.0128205128205128,0.0210582291943632
"BP","GO:0006364","rRNA processing","1/156","222/18805",0.0045045045045045,0.542994917994918,-0.6264685152116,0.844376890905424,0.873810508017596,0.831886967854536,"HEATR1",1,"BP",0.00641025641025641,0.0118053709119915
"BP","GO:0042326","negative regulation of phosphorylation","1/156","226/18805",0.00442477876106195,0.533384388472884,-0.645449045697155,0.849537547616964,0.878768151389499,0.836606754209261,"AIDA",1,"BP",0.00641025641025641,0.0120180802977931
"BP","GO:2000146","negative regulation of cell motility","2/156","403/18805",0.00496277915632754,0.598237577145766,-0.745673948139647,0.850698524359948,0.879309041877061,0.837121693939912,"DLG5/PLXNB3",2,"BP",0.0128205128205128,0.0214304706195161
"BP","GO:0042180","ketone metabolic process","1/156","227/18805",0.00440528634361234,0.531034677510448,-0.650150387007524,0.850800917150941,0.879309041877061,0.837121693939912,"IRS1",1,"BP",0.00641025641025641,0.0120712576442436
"BP","GO:1903311","regulation of mRNA metabolic process","2/156","404/18805",0.00495049504950495,0.596756791063722,-0.749370647487216,0.851673198051969,0.879827683937984,0.837615452675364,"CNOT1/PRMT5",2,"BP",0.0128205128205128,0.0214836479659665
"BP","GO:0022618","protein-RNA complex assembly","1/156","228/18805",0.0043859649122807,0.528705578047683,-0.654834539793882,0.852053746138155,0.879838107425268,0.83762537606625,"PRMT5",1,"BP",0.00641025641025641,0.012124434990694
"BP","GO:0002285","lymphocyte activation involved in immune response","1/156","231/18805",0.00432900432900433,0.521839271839272,-0.668785455234461,0.855749860019071,0.883270716012731,0.840893295510402,"EP300",1,"BP",0.00641025641025641,0.0122839670300452
"BP","GO:0071222","cellular response to lipopolysaccharide","1/156","232/18805",0.00431034482758621,0.519589964633068,-0.673402431071079,0.856961393444129,0.884136971950394,0.841717990359865,"ADAM9",1,"BP",0.00641025641025641,0.0123371443764956
"BP","GO:0050821","protein stabilization","1/156","234/18805",0.00427350427350427,0.515149024764409,-0.682587299189127,0.859354211766956,0.886220691683248,0.843701737722157,"EP300",1,"BP",0.00641025641025641,0.0124434990693964
"BP","GO:0001654","eye development","2/156","415/18805",0.00481927710843374,0.580939141180105,-0.789532348298594,0.862020584762834,0.888584587157869,0.845952218599492,"SIPA1L3/TUB",2,"BP",0.0128205128205128,0.022068598776921
"BP","GO:0071826","protein-RNA complex organization","1/156","237/18805",0.00421940928270042,0.508628151033214,-0.696244098551668,0.862869065193907,0.888687783970308,0.846050464251843,"PRMT5",1,"BP",0.00641025641025641,0.0126030311087477
"BP","GO:0097191","extrinsic apoptotic signaling pathway","1/156","237/18805",0.00421940928270042,0.508628151033214,-0.696244098551668,0.862869065193907,0.888687783970308,0.846050464251843,"DDX3X",1,"BP",0.00641025641025641,0.0126030311087477
"BP","GO:0007411","axon guidance","1/156","238/18805",0.00420168067226891,0.506491057961646,-0.700764805223615,0.86402117774398,0.889488642020785,0.846812898863445,"SEMA3G",1,"BP",0.00641025641025641,0.0126562084551981
"BP","GO:0097485","neuron projection guidance","1/156","239/18805",0.00418410041841004,0.504371848514108,-0.705269965637375,0.865163672291938,0.890278908879269,0.84756525042556,"SEMA3G",1,"BP",0.00641025641025641,0.0127093858016485
"BP","GO:0150063","visual system development","2/156","419/18805",0.00477326968973747,0.575393182791751,-0.803914740998455,0.865617631853114,0.890360275292831,0.847642713054405,"SIPA1L3/TUB",2,"BP",0.0128205128205128,0.0222813081627227
"BP","GO:0008406","gonad development","1/156","240/18805",0.00416666666666667,0.502270299145299,-0.709759717145423,0.866296628616534,0.890672940677173,0.847940377429171,"NRIP1",1,"BP",0.00641025641025641,0.0127625631480989
"BP","GO:0040013","negative regulation of locomotion","2/156","421/18805",0.00475059382422803,0.572659723491077,-0.811062860267415,0.867383946548085,0.891404964539897,0.84863728036862,"DLG5/PLXNB3",2,"BP",0.0128205128205128,0.0223876628556235
"BP","GO:0016054","organic acid catabolic process","1/156","242/18805",0.00413223140495868,0.498119304937487,-0.718693533697369,0.868534242428628,0.891815315939469,0.849027943994672,"IRS1",1,"BP",0.00641025641025641,0.0128689178409997
"BP","GO:0046395","carboxylic acid catabolic process","1/156","242/18805",0.00413223140495868,0.498119304937487,-0.718693533697369,0.868534242428628,0.891815315939469,0.849027943994672,"IRS1",1,"BP",0.00641025641025641,0.0128689178409997
"BP","GO:0048880","sensory system development","2/156","426/18805",0.00469483568075117,0.56593836523414,-0.828809858663204,0.871707500628047,0.893644830870592,0.850769682752369,"SIPA1L3/TUB",2,"BP",0.0128205128205128,0.0226535495878756
"BP","GO:0006813","potassium ion transport","1/156","245/18805",0.00408163265306122,0.492019884877028,-0.731982021587562,0.871821083421963,0.893644830870592,0.850769682752369,"ADRA2A",1,"BP",0.00641025641025641,0.013028449880351
"BP","GO:0045137","development of primary sexual characteristics","1/156","245/18805",0.00408163265306122,0.492019884877028,-0.731982021587562,0.871821083421963,0.893644830870592,0.850769682752369,"NRIP1",1,"BP",0.00641025641025641,0.013028449880351
"BP","GO:0045333","cellular respiration","1/156","245/18805",0.00408163265306122,0.492019884877028,-0.731982021587562,0.871821083421963,0.893644830870592,0.850769682752369,"ACO2",1,"BP",0.00641025641025641,0.013028449880351
"BP","GO:0071219","cellular response to molecule of bacterial origin","1/156","246/18805",0.0040650406504065,0.490019804044194,-0.73638210338103,0.872898449315615,0.894363165282392,0.851453553031171,"ADAM9",1,"BP",0.00641025641025641,0.0130816272268014
"BP","GO:0002573","myeloid leukocyte differentiation","1/156","250/18805",0.004,0.482179487179487,-0.753838686573798,0.877118677657644,0.898299637532085,0.85520116184772,"SLC4A2",1,"BP",0.00641025641025641,0.013294336612603
"BP","GO:0009913","epidermal cell differentiation","1/156","251/18805",0.00398406374501992,0.480258453366023,-0.758167502137798,0.878151794676528,0.898970048429636,0.85583940787894,"ADAM9",1,"BP",0.00641025641025641,0.0133475139590534
"BP","GO:0060047","heart contraction","1/156","254/18805",0.00393700787401575,0.474586109428629,-0.77107103935574,0.881199647780146,0.901701492235177,0.858439802912426,"EHD3",1,"BP",0.00641025641025641,0.0135070459984047
"BP","GO:0099003","vesicle-mediated transport in synapse","1/156","258/18805",0.00387596899224806,0.467228185251441,-0.788086529332903,0.88514592622513,0.905349515411147,0.861912801818568,"RAB8A",1,"BP",0.00641025641025641,0.0137197553842063
"BP","GO:0002703","regulation of leukocyte mediated immunity","1/156","260/18805",0.00384615384615385,0.463634122287968,-0.796515153237025,0.887069942291242,0.906926867387732,0.863414475855445,"ULBP3",1,"BP",0.00641025641025641,0.0138261100771072
"BP","GO:0001649","osteoblast differentiation","1/156","262/18805",0.00381679389312977,0.460094930514778,-0.804892161119332,0.888961930729609,0.908470131446997,0.864883697439623,"TNC",1,"BP",0.00641025641025641,0.013932464770008
"BP","GO:0001906","cell killing","1/156","263/18805",0.00380228136882129,0.458345520132592,-0.809061566930538,0.889896080479173,0.908642816482389,0.865048097420132,"ULBP3",1,"BP",0.00641025641025641,0.0139856421164584
"BP","GO:0003015","heart process","1/156","263/18805",0.00380228136882129,0.458345520132592,-0.809061566930538,0.889896080479173,0.908642816482389,0.865048097420132,"EHD3",1,"BP",0.00641025641025641,0.0139856421164584
"BP","GO:0072522","purine-containing compound biosynthetic process","1/156","264/18805",0.00378787878787879,0.456609362859363,-0.813218375683473,0.89082242129706,0.909197787099492,0.865576441746131,"ACACA",1,"BP",0.00641025641025641,0.0140388194629088
"BP","GO:0006417","regulation of translation","2/156","451/18805",0.00443458980044346,0.534567058957303,-0.915039138815331,0.891452736097499,0.909353764643005,0.865724935824121,"CNOT1/DDX3X",2,"BP",0.0128205128205128,0.0239829832491359
"BP","GO:0016072","rRNA metabolic process","1/156","265/18805",0.00377358490566038,0.454886308659894,-0.817362687118085,0.891741018043603,0.909353764643005,0.865724935824121,"HEATR1",1,"BP",0.00641025641025641,0.0140919968093592
"BP","GO:0110053","regulation of actin filament organization","1/156","267/18805",0.00374531835205993,0.451478920580044,-0.825614211004063,0.893555236092115,0.910812740651834,0.867113913316405,"SPTBN2",1,"BP",0.00641025641025641,0.01419835150226
"BP","GO:0032886","regulation of microtubule-based process","1/156","269/18805",0.00371747211895911,0.448122199980936,-0.833816912822107,0.89533924288103,0.912239683330093,0.868472394368106,"PKD1",1,"BP",0.00641025641025641,0.0143047061951609
"BP","GO:0048568","embryonic organ development","2/156","457/18805",0.00437636761487965,0.527548673062896,-0.935148223913385,0.895755344575018,0.912272274170527,0.868503421570434,"VPS52/PKD1",2,"BP",0.0128205128205128,0.0243020473278383
"BP","GO:0001503","ossification","2/156","458/18805",0.00436681222707424,0.526396820064942,-0.938478795122414,0.896456940924797,0.912461307704158,0.86868338568356,"CCDC154/TNC",2,"BP",0.0128205128205128,0.0243552246742888
"BP","GO:0010563","negative regulation of phosphorus metabolic process","1/156","271/18805",0.003690036900369,0.444815025073328,-0.841971548483714,0.897093538311246,0.912461307704158,0.86868338568356,"AIDA",1,"BP",0.00641025641025641,0.0144110608880617
"BP","GO:0045936","negative regulation of phosphate metabolic process","1/156","271/18805",0.003690036900369,0.444815025073328,-0.841971548483714,0.897093538311246,0.912461307704158,0.86868338568356,"AIDA",1,"BP",0.00641025641025641,0.0144110608880617
"BP","GO:0009636","response to toxic substance","1/156","272/18805",0.00367647058823529,0.44317967571644,-0.846031072859845,0.897959698234816,0.912951319909113,0.869149888161673,"SRXN1",1,"BP",0.00641025641025641,0.0144642382345121
"BP","GO:0071216","cellular response to biotic stimulus","1/156","273/18805",0.00366300366300366,0.441556306940922,-0.850078856151799,0.898818614064707,0.91335993333064,0.869538897194112,"ADAM9",1,"BP",0.00641025641025641,0.0145174155809625
"BP","GO:0043488","regulation of mRNA stability","1/156","274/18805",0.00364963503649635,0.439944787572525,-0.854114987947179,0.899670345998978,0.91335993333064,0.869538897194112,"CNOT1",1,"BP",0.00641025641025641,0.0145705929274129
"BP","GO:0007015","actin filament organization","2/156","463/18805",0.00431965442764579,0.520712189178712,-0.955043561567689,0.899899892207872,0.91335993333064,0.869538897194112,"CAP1/SPTBN2",2,"BP",0.0128205128205128,0.0246211114065408
"BP","GO:0042391","regulation of membrane potential","2/156","463/18805",0.00431965442764579,0.520712189178712,-0.955043561567689,0.899899892207872,0.91335993333064,0.869538897194112,"GRIN3A/EHD3",2,"BP",0.0128205128205128,0.0246211114065408
"BP","GO:0006935","chemotaxis","2/156","466/18805",0.00429184549356223,0.517359964784857,-0.964912923296386,0.901914478718706,0.914791860138402,0.870902123247551,"PLXNB3/SEMA3G",2,"BP",0.0128205128205128,0.0247806434458921
"BP","GO:0003012","muscle system process","2/156","467/18805",0.00428265524625268,0.516252127601164,-0.968191286962806,0.902577615548637,0.914791860138402,0.870902123247551,"ADRA2A/EHD3",2,"BP",0.0128205128205128,0.0248338207923425
"BP","GO:0003018","vascular process in circulatory system","1/156","278/18805",0.00359712230215827,0.433614646744143,-0.870144755797241,0.903006621430673,0.914791860138402,0.870902123247551,"ADRA2A",1,"BP",0.00641025641025641,0.0147833023132146
"BP","GO:0051896","regulation of phosphatidylinositol 3-kinase/protein kinase B signal transduction","1/156","278/18805",0.00359712230215827,0.433614646744143,-0.870144755797241,0.903006621430673,0.914791860138402,0.870902123247551,"IRS1",1,"BP",0.00641025641025641,0.0147833023132146
"BP","GO:0042330","taxis","2/156","468/18805",0.00427350427350427,0.515149024764409,-0.971463982366826,0.903236594536653,0.914791860138402,0.870902123247551,"PLXNB3/SEMA3G",2,"BP",0.0128205128205128,0.0248869981387929
"BP","GO:0015711","organic anion transport","2/156","469/18805",0.00426439232409382,0.514050625990925,-0.974731035354141,0.903891438447159,0.915064862025576,0.871162027094044,"SLC4A2/SLC26A1",2,"BP",0.0128205128205128,0.0249401754852433
"BP","GO:0006520","amino acid metabolic process","1/156","283/18805",0.00353356890459364,0.425953610582586,-0.889930135620304,0.907022347957153,0.917843236641772,0.873807101299292,"GLYATL1B",1,"BP",0.00641025641025641,0.0150491890454666
"BP","GO:0042113","B cell activation","1/156","287/18805",0.00348432055749129,0.420016974895024,-0.905563349760073,0.910115629726366,0.920189280800391,0.876040587328195,"EP300",1,"BP",0.00641025641025641,0.0152618984312683
"BP","GO:0043487","regulation of RNA stability","1/156","287/18805",0.00348432055749129,0.420016974895024,-0.905563349760073,0.910115629726366,0.920189280800391,0.876040587328195,"CNOT1",1,"BP",0.00641025641025641,0.0152618984312683
"BP","GO:0061013","regulation of mRNA catabolic process","1/156","290/18805",0.00344827586206897,0.415671971706454,-0.91717773871207,0.912368288823712,0.922074334449496,0.877835200176185,"CNOT1",1,"BP",0.00641025641025641,0.0154214304706195
"BP","GO:0050673","epithelial cell proliferation","2/156","488/18805",0.00409836065573771,0.494036359815048,-1.03576610001332,0.915577434816042,0.92492403559681,0.8805481788197,"PLXNB3/FERMT1",2,"BP",0.0128205128205128,0.0259505450678011
"BP","GO:0045165","cell fate commitment","1/156","295/18805",0.00338983050847458,0.408626684050413,-0.936330496942521,0.915998735052904,0.924956205676296,0.880578805448281,"EP300",1,"BP",0.00641025641025641,0.0156873172028716
"BP","GO:0006650","glycerophospholipid metabolic process","1/156","302/18805",0.0033112582781457,0.399155204618781,-0.962729648362769,0.920831612836936,0.929441173177952,0.884848593899719,"LDLR",1,"BP",0.00641025641025641,0.0160595586280245
"BP","GO:0006874","intracellular calcium ion homeostasis","1/156","306/18805",0.00326797385620915,0.393937489525725,-0.977605538766359,0.923468143514953,0.931706389485137,0.887005130022858,"ITPR3",1,"BP",0.00641025641025641,0.0162722680138261
"BP","GO:0051402","neuron apoptotic process","1/156","309/18805",0.00323624595469256,0.390112853705087,-0.988665678190139,0.925388118739325,0.933247041191464,0.888471864589147,"SPG11",1,"BP",0.00641025641025641,0.0164318000531773
"BP","GO:1904062","regulation of monoatomic cation transmembrane transport","1/156","311/18805",0.00321543408360129,0.387604089372578,-0.995993939469627,0.926641436259014,0.934114351067555,0.889297562811349,"ADRA2A",1,"BP",0.00641025641025641,0.0165381547460782
"BP","GO:0043491","phosphatidylinositol 3-kinase/protein kinase B signal transduction","1/156","316/18805",0.00316455696202532,0.381471113274911,-1.01415996664184,0.929683961159543,0.936783796246888,0.891838933778755,"IRS1",1,"BP",0.00641025641025641,0.0168040414783302
"BP","GO:0002366","leukocyte activation involved in immune response","1/156","319/18805",0.00313479623824451,0.377883610642231,-1.02495584377358,0.931448944577315,0.938164225348229,0.893153132874457,"EP300",1,"BP",0.00641025641025641,0.0169635735176815
"BP","GO:1901293","nucleoside phosphate biosynthetic process","1/156","322/18805",0.0031055900621118,0.374362955884695,-1.03567574531315,0.933169902527549,0.939270714820425,0.894206535372531,"ACACA",1,"BP",0.00641025641025641,0.0171231055570327
"BP","GO:0002263","cell activation involved in immune response","1/156","323/18805",0.00309597523219814,0.373203937445424,-1.03923241336455,0.933733961133063,0.939270714820425,0.894206535372531,"EP300",1,"BP",0.00641025641025641,0.0171762829034831
"BP","GO:0044248","cellular catabolic process","1/156","323/18805",0.00309597523219814,0.373203937445424,-1.03923241336455,0.933733961133063,0.939270714820425,0.894206535372531,"IRS1",1,"BP",0.00641025641025641,0.0171762829034831
"BP","GO:0060326","cell chemotaxis","1/156","325/18805",0.00307692307692308,0.370907297830375,-1.04632111641996,0.934847926265565,0.939993151939338,0.894894311519423,"PLXNB3",1,"BP",0.00641025641025641,0.0172826375963839
"BP","GO:0006790","sulfur compound metabolic process","1/156","329/18805",0.00303951367781155,0.366397786610553,-1.06040142790622,0.937020340573622,0.941778801888426,0.896594289842145,"ACACA",1,"BP",0.00641025641025641,0.0174953469821856
"BP","GO:0055074","calcium ion homeostasis","1/156","331/18805",0.00302114803625378,0.36418390270354,-1.06739384013341,0.938079402396283,0.942444408075792,0.897227961682792,"ITPR3",1,"BP",0.00641025641025641,0.0176017016750864
"BP","GO:0048872","homeostasis of number of cells","1/156","339/18805",0.00294985250737463,0.355589592315256,-1.0950542256838,0.942141595274329,0.946125280666609,0.900732233959834,"KLF13",1,"BP",0.00641025641025641,0.0180271204466897
"BP","GO:0034765","regulation of monoatomic ion transmembrane transport","1/156","345/18805",0.00289855072463768,0.349405425492382,-1.11548512260497,0.945013442968528,0.948608168660293,0.90309599835227,"ADRA2A",1,"BP",0.00641025641025641,0.0183461845253922
"BP","GO:0032496","response to lipopolysaccharide","1/156","357/18805",0.00280112044817927,0.337660705307764,-1.15557897169127,0.950339051130565,0.953551012435612,0.907801695163078,"ADAM9",1,"BP",0.00641025641025641,0.0189843126827971
"BP","GO:0046942","carboxylic acid transport","1/156","360/18805",0.00277777777777778,0.334846866096866,-1.16544882455151,0.951588323867825,0.954401296108988,0.908611184062983,"SLC26A1",1,"BP",0.00641025641025641,0.0191438447221484
"BP","GO:0015849","organic acid transport","1/156","361/18805",0.00277008310249307,0.333919312451168,-1.16872553260231,0.951997769326031,0.954408907618963,0.908618430389156,"SLC26A1",1,"BP",0.00641025641025641,0.0191970220685988
"BP","GO:0043010","camera-type eye development","1/156","366/18805",0.00273224043715847,0.329357573210032,-1.18501140775481,0.953993954117681,0.956006599590504,0.910139468551978,"TUB",1,"BP",0.00641025641025641,0.0194629088008508
"BP","GO:0002237","response to molecule of bacterial origin","1/156","379/18805",0.00263852242744063,0.318060347743725,-1.22661892602775,0.958806332427618,0.960423888450271,0.914344825436535,"ADAM9",1,"BP",0.00641025641025641,0.0201542143047062
"BP","GO:0006644","phospholipid metabolic process","1/156","383/18805",0.00261096605744125,0.314738568655018,-1.23921577424267,0.960183858200936,0.961330568232821,0.915208004682149,"LDLR",1,"BP",0.00641025641025641,0.0203669236905078
"BP","GO:0002449","lymphocyte mediated immunity","1/156","384/18805",0.00260416666666667,0.313918936965812,-1.2423503569829,0.960521026701677,0.961330568232821,0.915208004682149,"ULBP3",1,"BP",0.00641025641025641,0.0204201010369583
"BP","GO:0050678","regulation of epithelial cell proliferation","1/156","410/18805",0.0024390243902439,0.294011882426517,-1.32190142202753,0.968357654339815,0.968765555626394,0.922286277445095,"PLXNB3",1,"BP",0.00641025641025641,0.021802712044669
"BP","GO:0002443","leukocyte mediated immunity","1/156","483/18805",0.0020703933747412,0.24957530392313,-1.52810743905222,0.983028256468311,0.983028256468311,0.935864684717532,"ULBP3",1,"BP",0.00641025641025641,0.0256846583355491
"CC","GO:0005776","autophagosome","7/161","117/19880",0.0598290598290598,7.38758825715347,6.26139598953209,4.71563194189241e-05,0.0164103991577856,0.015139660445023,"TBC1D14/SQSTM1/TBC1D5/TRIM32/FYCO1/ATG9A/STX17",7,"CC",0.0434782608695652,0.00588531187122736
"CC","GO:0001650","fibrillar center","6/161","150/19880",0.04,4.93913043478261,4.37572691169793,0.00140873129464032,0.146921970982602,0.135545073048075,"NRIP1/HEATR1/RNMT/BCL9L/AFF4/ACACA",6,"CC",0.0372670807453416,0.00754527162977867
"CC","GO:0016323","basolateral plasma membrane","8/161","264/19880",0.0303030303030303,3.74176548089592,4.05223667373865,0.00142385616966686,0.146921970982602,0.135545073048075,"ADRA2A/EPB41/ADAM9/LDLR/CA12/PKD1/SLC4A2/SLC26A1",8,"CC",0.0496894409937888,0.0132796780684105
"CC","GO:0055037","recycling endosome","7/161","211/19880",0.033175355450237,4.09643519472491,4.08582577639588,0.00168875828715634,0.146921970982602,0.135545073048075,"TBC1D14/VPS52/RAB8A/RAB11FIP1/ATG9A/ATP11A/EHD3",7,"CC",0.0434782608695652,0.0106136820925553
"CC","GO:0009925","basal plasma membrane","8/161","298/19880",0.0268456375838926,3.3148526407937,3.63806722802645,0.00301944544258301,0.184589379603522,0.170295707135736,"ADRA2A/EPB41/ADAM9/LDLR/CA12/PKD1/SLC4A2/SLC26A1",8,"CC",0.0496894409937888,0.014989939637827
"CC","GO:0098839","postsynaptic density membrane","5/161","126/19880",0.0396825396825397,4.89993098688751,3.96809838072403,0.00364106156218209,0.184589379603522,0.170295707135736,"ADRA2A/GRIN3A/DAGLA/SLITRK3/PTPRS",5,"CC",0.031055900621118,0.00633802816901408
"CC","GO:0060170","ciliary membrane","4/161","78/19880",0.0512820512820513,6.33221850613155,4.26352164805614,0.00371300476213982,0.184589379603522,0.170295707135736,"EVC/RAB8A/PKD1/EHD3",4,"CC",0.0248447204968944,0.00392354124748491
"CC","GO:0045178","basal part of cell","8/161","317/19880",0.0252365930599369,3.11617062131395,3.43186618725567,0.00438039815972697,0.190547319948123,0.17579229456799,"ADRA2A/EPB41/ADAM9/LDLR/CA12/PKD1/SLC4A2/SLC26A1",8,"CC",0.0496894409937888,0.0159456740442656
"CC","GO:0000123","histone acetyltransferase complex","4/161","95/19880",0.0421052631578947,5.19908466819222,3.70694522098568,0.00745607855135429,0.21012928745633,0.193857933073747,"TAF6/USP22/KAT5/EP300",4,"CC",0.0248447204968944,0.00477867203219316
"CC","GO:0005925","focal adhesion","9/161","424/19880",0.0212264150943396,2.62100082034454,3.04864703357712,0.00779396166234977,0.21012928745633,0.193857933073747,"CAP1/ADAM9/SHC1/SLC4A2/TLN1/EFS/FERMT1/TNC/EHD3",9,"CC",0.0559006211180124,0.021327967806841
"CC","GO:0099634","postsynaptic specialization membrane","5/161","156/19880",0.032051282051282,3.95763656633222,3.3510227060179,0.00887557729084727,0.21012928745633,0.193857933073747,"ADRA2A/GRIN3A/DAGLA/SLITRK3/PTPRS",5,"CC",0.031055900621118,0.00784708249496982
"CC","GO:0000932","P-body","4/161","100/19880",0.04,4.93913043478261,3.56824757570104,0.0089036383194252,0.21012928745633,0.193857933073747,"CNOT1/SQSTM1/EDC4/MEX3A",4,"CC",0.0248447204968944,0.00503018108651911
"CC","GO:0030055","cell-substrate junction","9/161","434/19880",0.0207373271889401,2.56060909637347,2.97024052656054,0.00900153142909586,0.21012928745633,0.193857933073747,"CAP1/ADAM9/SHC1/SLC4A2/TLN1/EFS/FERMT1/TNC/EHD3",9,"CC",0.0559006211180124,0.021830985915493
"CC","GO:0031253","cell projection membrane","8/161","359/19880",0.0222841225626741,2.75160469904324,3.02621692975167,0.00902973728572035,0.21012928745633,0.193857933073747,"EVC/RAB8A/PKD1/TLN1/FERMT1/DAGLA/MYO10/EHD3",8,"CC",0.0496894409937888,0.0180583501006036
"CC","GO:0033276","transcription factor TFTC complex","2/161","18/19880",0.111111111111111,13.719806763285,4.87835093227104,0.00915905825369003,0.21012928745633,0.193857933073747,"TAF6/USP22",2,"CC",0.0124223602484472,0.000905432595573441
"CC","GO:0005769","early endosome","9/161","440/19880",0.0204545454545455,2.52569169960474,2.92423824521477,0.00979130542960609,0.21012928745633,0.193857933073747,"CCDC154/ZFYVE9/LDLR/HGS/DAGLA/HPS3/ATP11A/TM9SF4/EHD3",9,"CC",0.0559006211180124,0.0221327967806841
"CC","GO:0031248","protein acetyltransferase complex","4/161","105/19880",0.0380952380952381,4.70393374741201,3.43848690426688,0.010523472012538,0.21012928745633,0.193857933073747,"TAF6/USP22/KAT5/EP300",4,"CC",0.0248447204968944,0.00528169014084507
"CC","GO:1902493","acetyltransferase complex","4/161","106/19880",0.0377358490566038,4.65955701394586,3.41351603048882,0.0108687562477412,0.21012928745633,0.193857933073747,"TAF6/USP22/KAT5/EP300",4,"CC",0.0248447204968944,0.00533199195171026
"CC","GO:0030904","retromer complex","2/161","21/19880",0.0952380952380952,11.75983436853,4.45763296976092,0.0123733791799952,0.22662820813886,0.209079260382191,"TBC1D5/DENND4C",2,"CC",0.0124223602484472,0.00105633802816901
"CC","GO:0005697","telomerase holoenzyme complex","2/161","22/19880",0.0909090909090909,11.2252964426877,4.33597985844745,0.0135390200346732,0.235578948603314,0.217336900556596,"SMG6/GNL3L",2,"CC",0.0124223602484472,0.00110663983903421
"CC","GO:0032045","guanyl-nucleotide exchange factor complex","2/161","23/19880",0.0869565217391304,10.7372400756144,4.22192718989827,0.0147503900530384,0.238262844733686,0.219812969279414,"RGP1/SMCR8",2,"CC",0.0124223602484472,0.0011569416498994
"CC","GO:0099572","postsynaptic specialization","8/161","396/19880",0.0202020202020202,2.49451032059728,2.71440853600598,0.0155602007870849,0.238262844733686,0.219812969279414,"DLG5/ADRA2A/SIPA1L3/GRIN3A/DNAJB1/DAGLA/SLITRK3/PTPRS",8,"CC",0.0496894409937888,0.0199195171026157
"CC","GO:0032982","myosin filament","2/161","24/19880",0.0833333333333333,10.2898550724638,4.1146835367362,0.0160066817026523,0.238262844733686,0.219812969279414,"TRIM32/MYO18A",2,"CC",0.0124223602484472,0.00120724346076459
"CC","GO:0099023","vesicle tethering complex","3/161","66/19880",0.0454545454545455,5.61264822134387,3.39159498705509,0.0164412757744551,0.238262844733686,0.219812969279414,"VPS52/EXOC7/STX17",3,"CC",0.0186335403726708,0.00331991951710262
"CC","GO:0036064","ciliary basal body","5/161","184/19880",0.0271739130434783,3.35538752362949,2.9003474340903,0.017116583673397,0.238262844733686,0.219812969279414,"DLG5/EVC/RAB8A/CSNK1A1/NEK4",5,"CC",0.031055900621118,0.00925553319919517
"CC","GO:0036464","cytoplasmic ribonucleoprotein granule","6/161","261/19880",0.0229885057471264,2.83858070964518,2.70166987772394,0.0197377767267892,0.258256723030478,0.238258622275547,"CNOT1/SQSTM1/EDC4/MEX3A/KPNB1/DDX3X",6,"CC",0.0372670807453416,0.0131287726358149
"CC","GO:0000124","SAGA complex","2/161","27/19880",0.0740740740740741,9.14653784219002,3.82745110517114,0.0200371595454682,0.258256723030478,0.238258622275547,"TAF6/USP22",2,"CC",0.0124223602484472,0.00135814889336016
"CC","GO:0035770","ribonucleoprotein granule","6/161","278/19880",0.0215827338129496,2.66499843603378,2.5261189501426,0.0259060644158356,0.321975372025385,0.297043219805633,"CNOT1/SQSTM1/EDC4/MEX3A/KPNB1/DDX3X",6,"CC",0.0372670807453416,0.0139839034205231
"CC","GO:0014069","postsynaptic density","7/161","360/19880",0.0194444444444444,2.40096618357488,2.42385567895657,0.0275699619738327,0.330839543685992,0.305220994628638,"DLG5/ADRA2A/GRIN3A/DNAJB1/DAGLA/SLITRK3/PTPRS",7,"CC",0.0434782608695652,0.0181086519114688
"CC","GO:0000118","histone deacetylase complex","3/161","83/19880",0.036144578313253,4.46306966998428,2.85672440371845,0.0299038308957445,0.346884438390636,0.320023453445686,"NRIP1/KDM3A/KAT5",3,"CC",0.0186335403726708,0.00417505030181086
"CC","GO:0032279","asymmetric synapse","7/161","376/19880",0.0186170212765957,2.29879740980574,2.2974245286562,0.0337350447706165,0.37503076735197,0.345990272360408,"DLG5/ADRA2A/GRIN3A/DNAJB1/DAGLA/SLITRK3/PTPRS",7,"CC",0.0434782608695652,0.0189134808853119
"CC","GO:0042641","actomyosin","3/161","91/19880",0.032967032967033,4.07071189679885,2.65286777843108,0.0377501418172662,0.37503076735197,0.345990272360408,"CDC42BPB/SIPA1L3/MYO18A",3,"CC",0.0186335403726708,0.00457746478873239
"CC","GO:0000407","phagophore assembly site","2/161","38/19880",0.0526315789473684,6.49885583524027,3.06576718153142,0.0378823247628838,0.37503076735197,0.345990272360408,"SQSTM1/ATG9A",2,"CC",0.0124223602484472,0.00191146881287726
"CC","GO:0061695","transferase complex, transferring phosphorus-containing groups","6/161","305/19880",0.019672131147541,2.42908054169637,2.27260261259221,0.0381318287107692,0.37503076735197,0.345990272360408,"TAF6/USP22/PFKP/TBC1D5/SMCR8/IRS1",6,"CC",0.0372670807453416,0.0153420523138833
"CC","GO:0098791","Golgi apparatus subcompartment","7/161","388/19880",0.0180412371134021,2.22770058269834,2.20672332129508,0.0389208039826602,0.37503076735197,0.345990272360408,"VPS52/RAB8A/RGP1/ASAP2/ATG9A/MYO18A/B4GALT5",7,"CC",0.0434782608695652,0.0195171026156942
"CC","GO:0045177","apical part of cell","8/161","479/19880",0.0167014613778706,2.06226740491967,2.1264604801407,0.0415422096548914,0.37503076735197,0.345990272360408,"ITPR3/SIPA1L3/LDLR/CA12/SLC4A2/PRKG2/SPTBN2/SAPCD2",8,"CC",0.0496894409937888,0.0240945674044266
"CC","GO:0070461","SAGA-type complex","2/161","40/19880",0.05,6.17391304347826,2.95968879627025,0.0415950540551417,0.37503076735197,0.345990272360408,"TAF6/USP22",2,"CC",0.0124223602484472,0.00201207243460765
"CC","GO:0031965","nuclear membrane","6/161","312/19880",0.0192307692307692,2.37458193979933,2.21127355468905,0.0418140355921412,0.37503076735197,0.345990272360408,"ITPR3/POM121/RNF123/KLHDC2/PRKG2/KPNB1",6,"CC",0.0372670807453416,0.0156941649899396
"CC","GO:0070603","SWI/SNF superfamily-type complex","3/161","95/19880",0.0315789473684211,3.89931350114416,2.55950931607022,0.0420293101342725,0.37503076735197,0.345990272360408,"SMARCC2/KAT5/BAZ2A",3,"CC",0.0186335403726708,0.00477867203219316
"CC","GO:0045211","postsynaptic membrane","6/161","321/19880",0.0186915887850467,2.30800487606664,2.13479568945888,0.0468684108612669,0.398432719987757,0.367580095572492,"ADRA2A/GRIN3A/DAGLA/SLITRK3/PTPRS/IL1RAPL1",6,"CC",0.0372670807453416,0.0161468812877264
"CC","GO:0034708","methyltransferase complex","3/161","101/19880",0.0297029702970297,3.66767111493758,2.42861442028685,0.0488839940321248,0.398432719987757,0.367580095572492,"TAF6/PRMT5/RNMT",3,"CC",0.0186335403726708,0.00508048289738431
"CC","GO:0005635","nuclear envelope","8/161","496/19880",0.0161290322580645,1.99158485273492,2.02076952166767,0.049164864367664,0.398432719987757,0.367580095572492,"ITPR3/BCHE/POM121/RNF123/KLHDC2/VRK2/PRKG2/KPNB1",8,"CC",0.0496894409937888,0.0249496981891348
"CC","GO:0005938","cell cortex","6/161","325/19880",0.0184615384615385,2.27959866220736,2.10162056297459,0.0492316291938895,0.398432719987757,0.367580095572492,"CAP1/EXOC7/EPB41/MYO10/SPTBN2/SAPCD2",6,"CC",0.0372670807453416,0.0163480885311871
"CC","GO:0098984","neuron to neuron synapse","7/161","414/19880",0.0169082125603865,2.08779668136946,2.0210511356271,0.0518838896346456,0.410354399837652,0.378578620539878,"DLG5/ADRA2A/GRIN3A/DNAJB1/DAGLA/SLITRK3/PTPRS",7,"CC",0.0434782608695652,0.0208249496981891
"CC","GO:0030863","cortical cytoskeleton","3/161","109/19880",0.0275229357798165,3.39848424411647,2.26883839056796,0.0588159373175966,0.416371997498233,0.384130245725835,"CAP1/EPB41/SPTBN2",3,"CC",0.0186335403726708,0.00548289738430584
"CC","GO:0055038","recycling endosome membrane","3/161","109/19880",0.0275229357798165,3.39848424411647,2.26883839056796,0.0588159373175966,0.416371997498233,0.384130245725835,"RAB8A/ATG9A/EHD3",3,"CC",0.0186335403726708,0.00548289738430584
"CC","GO:0032588","trans-Golgi network membrane","3/161","112/19880",0.0267857142857143,3.30745341614907,2.21272961560689,0.0627670817530449,0.416371997498233,0.384130245725835,"VPS52/RAB8A/RGP1",3,"CC",0.0186335403726708,0.00563380281690141
"CC","GO:0005802","trans-Golgi network","5/161","265/19880",0.0188679245283019,2.32977850697293,1.96913663141026,0.0647341722073411,0.416371997498233,0.384130245725835,"VPS52/RAB8A/RGP1/ATG9A/MYO18A",5,"CC",0.031055900621118,0.0133299798792757
"CC","GO:0030139","endocytic vesicle","6/161","358/19880",0.0167597765363128,2.06946805926646,1.8450788854361,0.0715106495134215,0.416371997498233,0.384130245725835,"RAB8A/LDLR/HGS/TBC1D5/RAB11FIP1/EHD3",6,"CC",0.0372670807453416,0.0180080482897384
"CC","GO:0016459","myosin complex","2/161","57/19880",0.0350877192982456,4.33257055682685,2.27666877813702,0.0779273093909475,0.416371997498233,0.384130245725835,"MYO18A/MYO10",2,"CC",0.0124223602484472,0.0028672032193159
"CC","GO:0005641","nuclear envelope lumen","1/161","10/19880",0.1,12.3478260869565,3.24325800837998,0.0781143806254517,0.416371997498233,0.384130245725835,"BCHE",1,"CC",0.0062111801242236,0.000503018108651912
"CC","GO:0030868","smooth endoplasmic reticulum membrane","1/161","10/19880",0.1,12.3478260869565,3.24325800837998,0.0781143806254517,0.416371997498233,0.384130245725835,"STX17",1,"CC",0.0062111801242236,0.000503018108651912
"CC","GO:0042564","NLS-dependent protein nuclear import complex","1/161","10/19880",0.1,12.3478260869565,3.24325800837998,0.0781143806254517,0.416371997498233,0.384130245725835,"KPNB1",1,"CC",0.0062111801242236,0.000503018108651912
"CC","GO:0140092","bBAF complex","1/161","10/19880",0.1,12.3478260869565,3.24325800837998,0.0781143806254517,0.416371997498233,0.384130245725835,"SMARCC2",1,"CC",0.0062111801242236,0.000503018108651912
"CC","GO:1904949","ATPase complex","3/161","127/19880",0.0236220472440945,2.91680931187949,1.95808707402333,0.0842790111893178,0.416371997498233,0.384130245725835,"SMARCC2/KAT5/BAZ2A",3,"CC",0.0186335403726708,0.00638832997987928
"CC","GO:0030662","coated vesicle membrane","4/161","205/19880",0.0195121951219512,2.40933191940615,1.83273894942738,0.0855254852502968,0.416371997498233,0.384130245725835,"SEC24C/LDLR/TBC1D5/STX17",4,"CC",0.0248447204968944,0.0103118712273642
"CC","GO:0005614","interstitial matrix","1/161","11/19880",0.0909090909090909,11.2252964426877,3.06515193424212,0.0855841131226482,0.416371997498233,0.384130245725835,"TNC",1,"CC",0.0062111801242236,0.000553319919517103
"CC","GO:0030122","AP-2 adaptor complex","1/161","11/19880",0.0909090909090909,11.2252964426877,3.06515193424212,0.0855841131226482,0.416371997498233,0.384130245725835,"TBC1D5",1,"CC",0.0062111801242236,0.000553319919517103
"CC","GO:0030128","clathrin coat of endocytic vesicle","1/161","11/19880",0.0909090909090909,11.2252964426877,3.06515193424212,0.0855841131226482,0.416371997498233,0.384130245725835,"TBC1D5",1,"CC",0.0062111801242236,0.000553319919517103
"CC","GO:0031094","platelet dense tubular network","1/161","11/19880",0.0909090909090909,11.2252964426877,3.06515193424212,0.0855841131226482,0.416371997498233,0.384130245725835,"ITPR3",1,"CC",0.0062111801242236,0.000553319919517103
"CC","GO:0035631","CD40 receptor complex","1/161","11/19880",0.0909090909090909,11.2252964426877,3.06515193424212,0.0855841131226482,0.416371997498233,0.384130245725835,"RNF31",1,"CC",0.0062111801242236,0.000553319919517103
"CC","GO:0098966","perisynaptic extracellular matrix","1/161","11/19880",0.0909090909090909,11.2252964426877,3.06515193424212,0.0855841131226482,0.416371997498233,0.384130245725835,"TNC",1,"CC",0.0062111801242236,0.000553319919517103
"CC","GO:0030666","endocytic vesicle membrane","4/161","207/19880",0.0193236714975845,2.38605335013653,1.81133002030093,0.0878773283407109,0.416371997498233,0.384130245725835,"RAB8A/LDLR/TBC1D5/RAB11FIP1",4,"CC",0.0248447204968944,0.0104124748490946
"CC","GO:0098562","cytoplasmic side of membrane","4/161","209/19880",0.0191387559808612,2.36322030372374,1.79016775843213,0.0902603565436609,0.416371997498233,0.384130245725835,"ITPR3/EPB41/RNF31/GNG12",4,"CC",0.0248447204968944,0.010513078470825
"CC","GO:0030120","vesicle coat","2/161","63/19880",0.0317460317460317,3.91994478951001,2.09746016412546,0.0924597769919337,0.416371997498233,0.384130245725835,"SEC24C/TBC1D5",2,"CC",0.0124223602484472,0.00316901408450704
"CC","GO:0030877","beta-catenin destruction complex","1/161","12/19880",0.0833333333333333,10.2898550724638,2.90864184323433,0.0929936937652202,0.416371997498233,0.384130245725835,"CSNK1A1",1,"CC",0.0062111801242236,0.000603621730382294
"CC","GO:0031074","nucleocytoplasmic transport complex","1/161","12/19880",0.0833333333333333,10.2898550724638,2.90864184323433,0.0929936937652202,0.416371997498233,0.384130245725835,"KPNB1",1,"CC",0.0062111801242236,0.000603621730382294
"CC","GO:0099535","synapse-associated extracellular matrix","1/161","12/19880",0.0833333333333333,10.2898550724638,2.90864184323433,0.0929936937652202,0.416371997498233,0.384130245725835,"TNC",1,"CC",0.0062111801242236,0.000603621730382294
"CC","GO:0012507","ER to Golgi transport vesicle membrane","2/161","64/19880",0.03125,3.85869565217391,2.06974895846239,0.0949537865707126,0.416371997498233,0.384130245725835,"SEC24C/STX17",2,"CC",0.0124223602484472,0.00321931589537223
"CC","GO:0005778","peroxisomal membrane","2/161","65/19880",0.0307692307692308,3.79933110367893,2.04259220885649,0.0974670544787713,0.416371997498233,0.384130245725835,"CNOT1/PEX10",2,"CC",0.0124223602484472,0.00326961770623742
"CC","GO:0031903","microbody membrane","2/161","65/19880",0.0307692307692308,3.79933110367893,2.04259220885649,0.0974670544787713,0.416371997498233,0.384130245725835,"CNOT1/PEX10",2,"CC",0.0124223602484472,0.00326961770623742
"CC","GO:0070160","tight junction","3/161","136/19880",0.0220588235294118,2.72378516624041,1.82264791670398,0.098500126793121,0.416371997498233,0.384130245725835,"SIPA1L3/CCDC85C/SAPCD2",3,"CC",0.0186335403726708,0.006841046277666
"CC","GO:0000812","Swr1 complex","1/161","13/19880",0.0769230769230769,9.49832775919732,2.7695344289177,0.100343603937547,0.416371997498233,0.384130245725835,"KAT5",1,"CC",0.0062111801242236,0.000653923541247485
"CC","GO:0001401","SAM complex","1/161","13/19880",0.0769230769230769,9.49832775919732,2.7695344289177,0.100343603937547,0.416371997498233,0.384130245725835,"DNAJC11",1,"CC",0.0062111801242236,0.000653923541247485
"CC","GO:0005677","chromatin silencing complex","1/161","13/19880",0.0769230769230769,9.49832775919732,2.7695344289177,0.100343603937547,0.416371997498233,0.384130245725835,"BAZ2A",1,"CC",0.0062111801242236,0.000653923541247485
"CC","GO:0030897","HOPS complex","1/161","13/19880",0.0769230769230769,9.49832775919732,2.7695344289177,0.100343603937547,0.416371997498233,0.384130245725835,"STX17",1,"CC",0.0062111801242236,0.000653923541247485
"CC","GO:0034709","methylosome","1/161","13/19880",0.0769230769230769,9.49832775919732,2.7695344289177,0.100343603937547,0.416371997498233,0.384130245725835,"PRMT5",1,"CC",0.0062111801242236,0.000653923541247485
"CC","GO:0140275","MIB complex","1/161","13/19880",0.0769230769230769,9.49832775919732,2.7695344289177,0.100343603937547,0.416371997498233,0.384130245725835,"DNAJC11",1,"CC",0.0062111801242236,0.000653923541247485
"CC","GO:1990907","beta-catenin-TCF complex","1/161","13/19880",0.0769230769230769,9.49832775919732,2.7695344289177,0.100343603937547,0.416371997498233,0.384130245725835,"BCL9L",1,"CC",0.0062111801242236,0.000653923541247485
"CC","GO:0035097","histone methyltransferase complex","2/161","68/19880",0.0294117647058824,3.63171355498721,1.96424960931568,0.105117732949899,0.416371997498233,0.384130245725835,"TAF6/PRMT5",2,"CC",0.0124223602484472,0.003420523138833
"CC","GO:0002116","semaphorin receptor complex","1/161","14/19880",0.0714285714285714,8.81987577639751,2.64470001519659,0.107634321195616,0.416371997498233,0.384130245725835,"PLXNB3",1,"CC",0.0062111801242236,0.000704225352112676
"CC","GO:0035060","brahma complex","1/161","14/19880",0.0714285714285714,8.81987577639751,2.64470001519659,0.107634321195616,0.416371997498233,0.384130245725835,"SMARCC2",1,"CC",0.0062111801242236,0.000704225352112676
"CC","GO:0035253","ciliary rootlet","1/161","14/19880",0.0714285714285714,8.81987577639751,2.64470001519659,0.107634321195616,0.416371997498233,0.384130245725835,"NEK4",1,"CC",0.0062111801242236,0.000704225352112676
"CC","GO:0044753","amphisome","1/161","14/19880",0.0714285714285714,8.81987577639751,2.64470001519659,0.107634321195616,0.416371997498233,0.384130245725835,"SQSTM1",1,"CC",0.0062111801242236,0.000704225352112676
"CC","GO:0071564","npBAF complex","1/161","14/19880",0.0714285714285714,8.81987577639751,2.64470001519659,0.107634321195616,0.416371997498233,0.384130245725835,"SMARCC2",1,"CC",0.0062111801242236,0.000704225352112676
"CC","GO:0099571","postsynaptic cytoskeleton","1/161","14/19880",0.0714285714285714,8.81987577639751,2.64470001519659,0.107634321195616,0.416371997498233,0.384130245725835,"SPTBN2",1,"CC",0.0062111801242236,0.000704225352112676
"CC","GO:1990531","phospholipid-translocating ATPase complex","1/161","14/19880",0.0714285714285714,8.81987577639751,2.64470001519659,0.107634321195616,0.416371997498233,0.384130245725835,"ATP11A",1,"CC",0.0062111801242236,0.000704225352112676
"CC","GO:0045335","phagocytic vesicle","3/161","145/19880",0.0206896551724138,2.55472263868066,1.69779839854689,0.113616897275071,0.416371997498233,0.384130245725835,"RAB8A/HGS/RAB11FIP1",3,"CC",0.0186335403726708,0.00729376257545272
"CC","GO:0016586","RSC-type complex","1/161","15/19880",0.0666666666666667,8.23188405797101,2.53174849853195,0.114866319297273,0.416371997498233,0.384130245725835,"SMARCC2",1,"CC",0.0062111801242236,0.000754527162977867
"CC","GO:0031010","ISWI-type complex","1/161","15/19880",0.0666666666666667,8.23188405797101,2.53174849853195,0.114866319297273,0.416371997498233,0.384130245725835,"BAZ2A",1,"CC",0.0062111801242236,0.000754527162977867
"CC","GO:0034362","low-density lipoprotein particle","1/161","15/19880",0.0666666666666667,8.23188405797101,2.53174849853195,0.114866319297273,0.416371997498233,0.384130245725835,"LDLR",1,"CC",0.0062111801242236,0.000754527162977867
"CC","GO:0044754","autolysosome","1/161","15/19880",0.0666666666666667,8.23188405797101,2.53174849853195,0.114866319297273,0.416371997498233,0.384130245725835,"SQSTM1",1,"CC",0.0062111801242236,0.000754527162977867
"CC","GO:0098691","dopaminergic synapse","1/161","15/19880",0.0666666666666667,8.23188405797101,2.53174849853195,0.114866319297273,0.416371997498233,0.384130245725835,"ADRA2A",1,"CC",0.0062111801242236,0.000754527162977867
"CC","GO:0005770","late endosome","5/161","320/19880",0.015625,1.92934782608696,1.51438609283925,0.118952907365746,0.416371997498233,0.384130245725835,"SQSTM1/LDLR/HGS/FYCO1/ATG9A",5,"CC",0.031055900621118,0.0160965794768612
"CC","GO:0016324","apical plasma membrane","6/161","413/19880",0.0145278450363196,1.79387303926729,1.47314103068317,0.11957858503274,0.416371997498233,0.384130245725835,"SIPA1L3/CA12/SLC4A2/PRKG2/SPTBN2/SAPCD2",6,"CC",0.0372670807453416,0.0207746478873239
"CC","GO:0030135","coated vesicle","5/161","322/19880",0.015527950310559,1.91736429921685,1.49959958355678,0.121239242578119,0.416371997498233,0.384130245725835,"SEC24C/RAB8A/LDLR/TBC1D5/STX17",5,"CC",0.031055900621118,0.0161971830985915
"CC","GO:0000145","exocyst","1/161","16/19880",0.0625,7.71739130434783,2.42881841598195,0.122040068232241,0.416371997498233,0.384130245725835,"EXOC7",1,"CC",0.0062111801242236,0.000804828973843058
"CC","GO:0005852","eukaryotic translation initiation factor 3 complex","1/161","16/19880",0.0625,7.71739130434783,2.42881841598195,0.122040068232241,0.416371997498233,0.384130245725835,"DDX3X",1,"CC",0.0062111801242236,0.000804828973843058
"CC","GO:0030014","CCR4-NOT complex","1/161","16/19880",0.0625,7.71739130434783,2.42881841598195,0.122040068232241,0.416371997498233,0.384130245725835,"CNOT1",1,"CC",0.0062111801242236,0.000804828973843058
"CC","GO:0030127","COPII vesicle coat","1/161","16/19880",0.0625,7.71739130434783,2.42881841598195,0.122040068232241,0.416371997498233,0.384130245725835,"SEC24C",1,"CC",0.0062111801242236,0.000804828973843058
"CC","GO:0032591","dendritic spine membrane","1/161","16/19880",0.0625,7.71739130434783,2.42881841598195,0.122040068232241,0.416371997498233,0.384130245725835,"DAGLA",1,"CC",0.0062111801242236,0.000804828973843058
"CC","GO:0071565","nBAF complex","1/161","16/19880",0.0625,7.71739130434783,2.42881841598195,0.122040068232241,0.416371997498233,0.384130245725835,"SMARCC2",1,"CC",0.0062111801242236,0.000804828973843058
"CC","GO:0030669","clathrin-coated endocytic vesicle membrane","2/161","75/19880",0.0266666666666667,3.29275362318841,1.7974977611379,0.123558449055986,0.417459614286244,0.385133642944055,"LDLR/TBC1D5",2,"CC",0.0124223602484472,0.00377263581488934
"CC","GO:0016529","sarcoplasmic reticulum","2/161","77/19880",0.025974025974026,3.20722755505364,1.75345546298788,0.128963244131971,0.419746454799752,0.387243402038488,"HK2/ITPR3",2,"CC",0.0124223602484472,0.00387323943661972
"CC","GO:0061702","canonical inflammasome complex","1/161","17/19880",0.0588235294117647,7.26342710997442,2.33443522870952,0.129156034251905,0.419746454799752,0.387243402038488,"DDX3X",1,"CC",0.0062111801242236,0.00085513078470825
"CC","GO:0098637","protein complex involved in cell-matrix adhesion","1/161","17/19880",0.0588235294117647,7.26342710997442,2.33443522870952,0.129156034251905,0.419746454799752,0.387243402038488,"TNC",1,"CC",0.0062111801242236,0.00085513078470825
"CC","GO:1902911","protein kinase complex","3/161","154/19880",0.0194805194805195,2.40542066629023,1.58203083076379,0.129551745302294,0.419746454799752,0.387243402038488,"TBC1D5/SMCR8/IRS1",3,"CC",0.0186335403726708,0.00774647887323944
"CC","GO:0005905","clathrin-coated pit","2/161","78/19880",0.0256410256410256,3.16610925306577,1.73197210164606,0.131686256228713,0.419746454799752,0.387243402038488,"LDLR/TBC1D5",2,"CC",0.0124223602484472,0.00392354124748491
"CC","GO:0000159","protein phosphatase type 2A complex","1/161","18/19880",0.0555555555555556,6.85990338164251,2.24741347544427,0.136214679898858,0.419746454799752,0.387243402038488,"PPP2R5D",1,"CC",0.0062111801242236,0.000905432595573441
"CC","GO:0030132","clathrin coat of coated pit","1/161","18/19880",0.0555555555555556,6.85990338164251,2.24741347544427,0.136214679898858,0.419746454799752,0.387243402038488,"TBC1D5",1,"CC",0.0062111801242236,0.000905432595573441
"CC","GO:0031527","filopodium membrane","1/161","18/19880",0.0555555555555556,6.85990338164251,2.24741347544427,0.136214679898858,0.419746454799752,0.387243402038488,"MYO10",1,"CC",0.0062111801242236,0.000905432595573441
"CC","GO:0030864","cortical actin cytoskeleton","2/161","80/19880",0.025,3.08695652173913,1.69002668131045,0.137171537821078,0.419746454799752,0.387243402038488,"CAP1/SPTBN2",2,"CC",0.0124223602484472,0.00402414486921529
"CC","GO:0031252","cell leading edge","6/161","434/19880",0.0138248847926267,1.70707273091565,1.34574127849944,0.141337201157444,0.419746454799752,0.387243402038488,"CDC42BPB/TLN1/FERMT1/DAGLA/MYO10/DDX3X",6,"CC",0.0372670807453416,0.021830985915493
"CC","GO:0009898","cytoplasmic side of plasma membrane","3/161","161/19880",0.0186335403726708,2.30083715906022,1.49748054959176,0.142460286089245,0.419746454799752,0.387243402038488,"EPB41/RNF31/GNG12",3,"CC",0.0186335403726708,0.00809859154929577
"CC","GO:0000792","heterochromatin","2/161","82/19880",0.024390243902439,3.01166489925769,1.64937598057353,0.142706596616273,0.419746454799752,0.387243402038488,"BAZ2A/MORC2",2,"CC",0.0124223602484472,0.00412474849094567
"CC","GO:0030670","phagocytic vesicle membrane","2/161","82/19880",0.024390243902439,3.01166489925769,1.64937598057353,0.142706596616273,0.419746454799752,0.387243402038488,"RAB8A/RAB11FIP1",2,"CC",0.0124223602484472,0.00412474849094567
"CC","GO:0032433","filopodium tip","1/161","19/19880",0.0526315789473684,6.49885583524027,2.16678759210829,0.143216464036221,0.419746454799752,0.387243402038488,"MYO10",1,"CC",0.0062111801242236,0.000955734406438632
"CC","GO:0036020","endolysosome membrane","1/161","19/19880",0.0526315789473684,6.49885583524027,2.16678759210829,0.143216464036221,0.419746454799752,0.387243402038488,"LDLR",1,"CC",0.0062111801242236,0.000955734406438632
"CC","GO:0031082","BLOC complex","1/161","20/19880",0.05,6.17391304347826,2.0917619681071,0.15016184187672,0.419746454799752,0.387243402038488,"HPS3",1,"CC",0.0062111801242236,0.00100603621730382
"CC","GO:0030658","transport vesicle membrane","4/161","254/19880",0.015748031496063,1.944539541253,1.36895403419127,0.151459443330944,0.419746454799752,0.387243402038488,"SEC24C/ITPR3/PTPRS/STX17",4,"CC",0.0248447204968944,0.0127766599597586
"CC","GO:0090575","RNA polymerase II transcription regulator complex","4/161","254/19880",0.015748031496063,1.944539541253,1.36895403419127,0.151459443330944,0.419746454799752,0.387243402038488,"TAF6/CEBPZ/USP22/BCL9L",4,"CC",0.0248447204968944,0.0127766599597586
"CC","GO:0034045","phagophore assembly site membrane","1/161","21/19880",0.0476190476190476,5.87991718426501,2.02167421776535,0.157051265011557,0.419746454799752,0.387243402038488,"ATG9A",1,"CC",0.0062111801242236,0.00105633802816901
"CC","GO:0035145","exon-exon junction complex","1/161","21/19880",0.0476190476190476,5.87991718426501,2.02167421776535,0.157051265011557,0.419746454799752,0.387243402038488,"SMG6",1,"CC",0.0062111801242236,0.00105633802816901
"CC","GO:0061827","sperm head","1/161","21/19880",0.0476190476190476,5.87991718426501,2.02167421776535,0.157051265011557,0.419746454799752,0.387243402038488,"DNAJB1",1,"CC",0.0062111801242236,0.00105633802816901
"CC","GO:0016591","RNA polymerase II, holoenzyme","2/161","88/19880",0.0227272727272727,2.80632411067194,1.53447541690178,0.159580797189023,0.419746454799752,0.387243402038488,"TAF6/USP22",2,"CC",0.0124223602484472,0.00442655935613682
"CC","GO:0097060","synaptic membrane","6/161","452/19880",0.0132743362831858,1.63909195844556,1.24189901986422,0.16134755093238,0.419746454799752,0.387243402038488,"ADRA2A/GRIN3A/DAGLA/SLITRK3/PTPRS/IL1RAPL1",6,"CC",0.0372670807453416,0.0227364185110664
"CC","GO:0005742","mitochondrial outer membrane translocase complex","1/161","22/19880",0.0454545454545455,5.61264822134387,1.95596772122465,0.163885181439027,0.419746454799752,0.387243402038488,"DNAJC11",1,"CC",0.0062111801242236,0.00110663983903421
"CC","GO:0140047","specialized extracellular matrix","1/161","22/19880",0.0454545454545455,5.61264822134387,1.95596772122465,0.163885181439027,0.419746454799752,0.387243402038488,"TNC",1,"CC",0.0062111801242236,0.00110663983903421
"CC","GO:0000776","kinetochore","3/161","174/19880",0.0172413793103448,2.12893553223388,1.35148829458703,0.167490282310981,0.419746454799752,0.387243402038488,"SMARCC2/CSNK1A1/KAT5",3,"CC",0.0186335403726708,0.00875251509054326
"CC","GO:0000775","chromosome, centromeric region","4/161","265/19880",0.0150943396226415,1.86382280557834,1.27914921213757,0.168366632794324,0.419746454799752,0.387243402038488,"SMC4/SMARCC2/CSNK1A1/KAT5",4,"CC",0.0248447204968944,0.0133299798792757
"CC","GO:0005767","secondary lysosome","1/161","23/19880",0.0434782608695652,5.36862003780718,1.89417078933312,0.170664035592936,0.419746454799752,0.387243402038488,"SQSTM1",1,"CC",0.0062111801242236,0.0011569416498994
"CC","GO:0071682","endocytic vesicle lumen","1/161","23/19880",0.0434782608695652,5.36862003780718,1.89417078933312,0.170664035592936,0.419746454799752,0.387243402038488,"HGS",1,"CC",0.0062111801242236,0.0011569416498994
"CC","GO:0098554","cytoplasmic side of endoplasmic reticulum membrane","1/161","23/19880",0.0434782608695652,5.36862003780718,1.89417078933312,0.170664035592936,0.419746454799752,0.387243402038488,"ITPR3",1,"CC",0.0062111801242236,0.0011569416498994
"CC","GO:0098799","outer mitochondrial membrane protein complex","1/161","23/19880",0.0434782608695652,5.36862003780718,1.89417078933312,0.170664035592936,0.419746454799752,0.387243402038488,"DNAJC11",1,"CC",0.0062111801242236,0.0011569416498994
"CC","GO:0045171","intercellular bridge","2/161","92/19880",0.0217391304347826,2.68431001890359,1.46312946443111,0.171026230345517,0.419746454799752,0.387243402038488,"FAN1/EPB41",2,"CC",0.0124223602484472,0.00462776659959759
"CC","GO:0045334","clathrin-coated endocytic vesicle","2/161","93/19880",0.021505376344086,2.65544647031323,1.4458871596721,0.173908996605415,0.419746454799752,0.387243402038488,"LDLR/TBC1D5",2,"CC",0.0124223602484472,0.00467806841046278
"CC","GO:0043197","dendritic spine","3/161","178/19880",0.0168539325842697,2.08109428431851,1.3091402524561,0.175438497204792,0.419746454799752,0.387243402038488,"RAB8A/DNAJB1/DAGLA",3,"CC",0.0186335403726708,0.00895372233400402
"CC","GO:0032580","Golgi cisterna membrane","2/161","94/19880",0.0212765957446809,2.62719703977798,1.42887037262669,0.176799680795233,0.419746454799752,0.387243402038488,"ASAP2/B4GALT5",2,"CC",0.0124223602484472,0.00472837022132797
"CC","GO:0005847","mRNA cleavage and polyadenylation specificity factor complex","1/161","24/19880",0.0416666666666667,5.14492753623188,1.8358806419759,0.177388268370774,0.419746454799752,0.387243402038488,"CSNK1A1",1,"CC",0.0062111801242236,0.00120724346076459
"CC","GO:0099091","postsynaptic specialization, intracellular component","1/161","24/19880",0.0416666666666667,5.14492753623188,1.8358806419759,0.177388268370774,0.419746454799752,0.387243402038488,"SIPA1L3",1,"CC",0.0062111801242236,0.00120724346076459
"CC","GO:0044309","neuron spine","3/161","180/19880",0.0166666666666667,2.05797101449275,1.28838206398884,0.179452014678391,0.419746454799752,0.387243402038488,"RAB8A/DNAJB1/DAGLA",3,"CC",0.0186335403726708,0.00905432595573441
"CC","GO:0005798","Golgi-associated vesicle","2/161","95/19880",0.0210526315789474,2.59954233409611,1.41207341115476,0.179697968336329,0.419746454799752,0.387243402038488,"RAB8A/PKD1",2,"CC",0.0124223602484472,0.00477867203219316
"CC","GO:0030134","COPII-coated ER to Golgi transport vesicle","2/161","95/19880",0.0210526315789474,2.59954233409611,1.41207341115476,0.179697968336329,0.419746454799752,0.387243402038488,"SEC24C/STX17",2,"CC",0.0124223602484472,0.00477867203219316
"CC","GO:0005643","nuclear pore","2/161","96/19880",0.0208333333333333,2.57246376811594,1.39549078710123,0.182603549166287,0.419746454799752,0.387243402038488,"POM121/KPNB1",2,"CC",0.0124223602484472,0.00482897384305835
"CC","GO:0010494","cytoplasmic stress granule","2/161","96/19880",0.0208333333333333,2.57246376811594,1.39549078710123,0.182603549166287,0.419746454799752,0.387243402038488,"KPNB1/DDX3X",2,"CC",0.0124223602484472,0.00482897384305835
"CC","GO:0044233","mitochondria-associated endoplasmic reticulum membrane contact site","1/161","25/19880",0.04,4.93913043478261,1.7807509375447,0.184058317161684,0.419746454799752,0.387243402038488,"STX17",1,"CC",0.0062111801242236,0.00125754527162978
"CC","GO:0098688","parallel fiber to Purkinje cell synapse","1/161","25/19880",0.04,4.93913043478261,1.7807509375447,0.184058317161684,0.419746454799752,0.387243402038488,"SPTBN2",1,"CC",0.0062111801242236,0.00125754527162978
"CC","GO:0016528","sarcoplasm","2/161","97/19880",0.0206185567010309,2.54594352308382,1.37911720691387,0.185516117687176,0.419746454799752,0.387243402038488,"HK2/ITPR3",2,"CC",0.0124223602484472,0.00487927565392354
"CC","GO:0030117","membrane coat","2/161","97/19880",0.0206185567010309,2.54594352308382,1.37911720691387,0.185516117687176,0.419746454799752,0.387243402038488,"SEC24C/TBC1D5",2,"CC",0.0124223602484472,0.00487927565392354
"CC","GO:0048475","coated membrane","2/161","97/19880",0.0206185567010309,2.54594352308382,1.37911720691387,0.185516117687176,0.419746454799752,0.387243402038488,"SEC24C/TBC1D5",2,"CC",0.0124223602484472,0.00487927565392354
"CC","GO:0031256","leading edge membrane","3/161","183/19880",0.0163934426229508,2.02423378474697,1.25774430890642,0.185519141092668,0.419746454799752,0.387243402038488,"TLN1/FERMT1/DAGLA",3,"CC",0.0186335403726708,0.00920523138832998
"CC","GO:0001726","ruffle","3/161","185/19880",0.0162162162162162,2.00235017626322,1.23764218564154,0.189593883673023,0.419746454799752,0.387243402038488,"TLN1/FERMT1/MYO10",3,"CC",0.0186335403726708,0.00930583501006036
"CC","GO:0036379","myofilament","1/161","26/19880",0.0384615384615385,4.74916387959866,1.72848195858413,0.190674615874198,0.419746454799752,0.387243402038488,"TRIM32",1,"CC",0.0062111801242236,0.00130784708249497
"CC","GO:0035861","site of double-strand break","2/161","99/19880",0.0202020202020202,2.49451032059728,1.34697692428517,0.19136101742572,0.419746454799752,0.387243402038488,"RNF169/KAT5",2,"CC",0.0124223602484472,0.00497987927565392
"CC","GO:0000779","condensed chromosome, centromeric region","3/161","186/19880",0.0161290322580645,1.99158485273492,1.22768556825524,0.191639934960086,0.419746454799752,0.387243402038488,"SMARCC2/CSNK1A1/KAT5",3,"CC",0.0186335403726708,0.00935613682092555
"CC","GO:0032587","ruffle membrane","2/161","101/19880",0.0198019801980198,2.44511407662505,1.31561378229836,0.197230310125418,0.419746454799752,0.387243402038488,"TLN1/FERMT1",2,"CC",0.0124223602484472,0.00508048289738431
"CC","GO:0016460","myosin II complex","1/161","27/19880",0.037037037037037,4.57326892109501,1.67881280932492,0.197237594963765,0.419746454799752,0.387243402038488,"MYO18A",1,"CC",0.0062111801242236,0.00135814889336016
"CC","GO:0030131","clathrin adaptor complex","1/161","27/19880",0.037037037037037,4.57326892109501,1.67881280932492,0.197237594963765,0.419746454799752,0.387243402038488,"TBC1D5",1,"CC",0.0062111801242236,0.00135814889336016
"CC","GO:0030686","90S preribosome","1/161","27/19880",0.037037037037037,4.57326892109501,1.67881280932492,0.197237594963765,0.419746454799752,0.387243402038488,"HEATR1",1,"CC",0.0062111801242236,0.00135814889336016
"CC","GO:0043186","P granule","1/161","27/19880",0.037037037037037,4.57326892109501,1.67881280932492,0.197237594963765,0.419746454799752,0.387243402038488,"DDX3X",1,"CC",0.0062111801242236,0.00135814889336016
"CC","GO:0045495","pole plasm","1/161","27/19880",0.037037037037037,4.57326892109501,1.67881280932492,0.197237594963765,0.419746454799752,0.387243402038488,"DDX3X",1,"CC",0.0062111801242236,0.00135814889336016
"CC","GO:0060293","germ plasm","1/161","27/19880",0.037037037037037,4.57326892109501,1.67881280932492,0.197237594963765,0.419746454799752,0.387243402038488,"DDX3X",1,"CC",0.0062111801242236,0.00135814889336016
"CC","GO:0097346","INO80-type complex","1/161","27/19880",0.037037037037037,4.57326892109501,1.67881280932492,0.197237594963765,0.419746454799752,0.387243402038488,"KAT5",1,"CC",0.0062111801242236,0.00135814889336016
"CC","GO:0005912","adherens junction","3/161","189/19880",0.0158730158730159,1.959972394755,1.19818401646124,0.197811547664251,0.419746454799752,0.387243402038488,"DLG5/CCDC85C/TLN1",3,"CC",0.0186335403726708,0.00950704225352113
"CC","GO:0000793","condensed chromosome","4/161","285/19880",0.0140350877192982,1.73302822273074,1.12625894547582,0.200685748203695,0.42326448712052,0.390489015643553,"SMC4/SMARCC2/CSNK1A1/KAT5",4,"CC",0.0248447204968944,0.0143360160965795
"CC","GO:0036019","endolysosome","1/161","28/19880",0.0357142857142857,4.40993788819876,1.63151515474989,0.203747681460054,0.427133693663247,0.394058610306383,"LDLR",1,"CC",0.0062111801242236,0.00140845070422535
"CC","GO:0005849","mRNA cleavage factor complex","1/161","29/19880",0.0344827586206897,4.25787106446777,1.58638815338673,0.210205298994052,0.435425262201965,0.40170812151119,"CSNK1A1",1,"CC",0.0062111801242236,0.00145875251509054
"CC","GO:0032585","multivesicular body membrane","1/161","29/19880",0.0344827586206897,4.25787106446777,1.58638815338673,0.210205298994052,0.435425262201965,0.40170812151119,"HGS",1,"CC",0.0062111801242236,0.00145875251509054
"CC","GO:0016514","SWI/SNF complex","1/161","30/19880",0.0333333333333333,4.11594202898551,1.54325432358389,0.21661086782494,0.440822116977072,0.406687071016355,"SMARCC2",1,"CC",0.0062111801242236,0.00150905432595573
"CC","GO:0036452","ESCRT complex","1/161","30/19880",0.0333333333333333,4.11594202898551,1.54325432358389,0.21661086782494,0.440822116977072,0.406687071016355,"HGS",1,"CC",0.0062111801242236,0.00150905432595573
"CC","GO:0071782","endoplasmic reticulum tubular network","1/161","30/19880",0.0333333333333333,4.11594202898551,1.54325432358389,0.21661086782494,0.440822116977072,0.406687071016355,"KPNB1",1,"CC",0.0062111801242236,0.00150905432595573
"CC","GO:0098982","GABA-ergic synapse","2/161","108/19880",0.0185185185185185,2.2866344605475,1.21146122232369,0.217932475788662,0.440933148688688,0.406789504991077,"ADRA2A/SLITRK3",2,"CC",0.0124223602484472,0.00543259557344064
"CC","GO:0031901","early endosome membrane","3/161","200/19880",0.015,1.85217391304348,1.09445635537451,0.220830314752521,0.441918551002577,0.407698602709577,"ZFYVE9/HGS/DAGLA",3,"CC",0.0186335403726708,0.0100603621730382
"CC","GO:0005640","nuclear outer membrane","1/161","31/19880",0.032258064516129,3.98316970546985,1.50195614640665,0.222964804866763,0.441918551002577,0.407698602709577,"ITPR3",1,"CC",0.0062111801242236,0.00155935613682093
"CC","GO:0071339","MLL1 complex","1/161","31/19880",0.032258064516129,3.98316970546985,1.50195614640665,0.222964804866763,0.441918551002577,0.407698602709577,"TAF6",1,"CC",0.0062111801242236,0.00155935613682093
"CC","GO:0030027","lamellipodium","3/161","203/19880",0.0147783251231527,1.8248018847719,1.06729870434108,0.22720228200855,0.441918551002577,0.407698602709577,"CDC42BPB/MYO10/DDX3X",3,"CC",0.0186335403726708,0.0102112676056338
"CC","GO:0005790","smooth endoplasmic reticulum","1/161","32/19880",0.03125,3.85869565217391,1.4623532547197,0.229267523714889,0.441918551002577,0.407698602709577,"STX17",1,"CC",0.0062111801242236,0.00160965794768612
"CC","GO:0035267","NuA4 histone acetyltransferase complex","1/161","32/19880",0.03125,3.85869565217391,1.4623532547197,0.229267523714889,0.441918551002577,0.407698602709577,"KAT5",1,"CC",0.0062111801242236,0.00160965794768612
"CC","GO:0043189","H4/H2A histone acetyltransferase complex","1/161","32/19880",0.03125,3.85869565217391,1.4623532547197,0.229267523714889,0.441918551002577,0.407698602709577,"KAT5",1,"CC",0.0062111801242236,0.00160965794768612
"CC","GO:0044665","MLL1/2 complex","1/161","32/19880",0.03125,3.85869565217391,1.4623532547197,0.229267523714889,0.441918551002577,0.407698602709577,"TAF6",1,"CC",0.0062111801242236,0.00160965794768612
"CC","GO:0055029","nuclear DNA-directed RNA polymerase complex","2/161","112/19880",0.0178571428571429,2.20496894409938,1.15550348701948,0.229848441757088,0.441918551002577,0.407698602709577,"TAF6/USP22",2,"CC",0.0124223602484472,0.00563380281690141
"CC","GO:0048787","presynaptic active zone membrane","1/161","33/19880",0.0303030303030303,3.74176548089592,1.42432009241474,0.23551943467226,0.442357001648789,0.408103101944587,"ADRA2A",1,"CC",0.0062111801242236,0.00165995975855131
"CC","GO:0070971","endoplasmic reticulum exit site","1/161","33/19880",0.0303030303030303,3.74176548089592,1.42432009241474,0.23551943467226,0.442357001648789,0.408103101944587,"SEC24C",1,"CC",0.0062111801242236,0.00165995975855131
"CC","GO:0098687","chromosomal region","5/161","408/19880",0.0122549019607843,1.51321398124467,0.946435542866458,0.236312935395775,0.442357001648789,0.408103101944587,"SMC4/SMARCC2/SMG6/CSNK1A1/KAT5",5,"CC",0.031055900621118,0.020523138832998
"CC","GO:0000428","DNA-directed RNA polymerase complex","2/161","115/19880",0.0173913043478261,2.14744801512287,1.11506784223073,0.238814274519035,0.442357001648789,0.408103101944587,"TAF6/USP22",2,"CC",0.0124223602484472,0.00578470824949698
"CC","GO:0090543","Flemming body","1/161","34/19880",0.0294117647058824,3.63171355498721,1.3877439534826,0.241720944775438,0.442357001648789,0.408103101944587,"EXOC7",1,"CC",0.0062111801242236,0.0017102615694165
"CC","GO:0016607","nuclear speck","5/161","415/19880",0.0120481927710843,1.48768988999476,0.907211106234179,0.246822305326558,0.442357001648789,0.408103101944587,"SMC4/NRIP1/DNAJC11/CSNK1A1/BAZ2A",5,"CC",0.031055900621118,0.0208752515090543
"CC","GO:0022626","cytosolic ribosome","2/161","118/19880",0.0169491525423729,2.09285187914517,1.07585717587325,0.247797809295769,0.442357001648789,0.408103101944587,"NEMF/DDX3X",2,"CC",0.0124223602484472,0.00593561368209256
"CC","GO:0030880","RNA polymerase complex","2/161","118/19880",0.0169491525423729,2.09285187914517,1.07585717587325,0.247797809295769,0.442357001648789,0.408103101944587,"TAF6/USP22",2,"CC",0.0124223602484472,0.00593561368209256
"CC","GO:0031985","Golgi cisterna","2/161","118/19880",0.0169491525423729,2.09285187914517,1.07585717587325,0.247797809295769,0.442357001648789,0.408103101944587,"ASAP2/B4GALT5",2,"CC",0.0124223602484472,0.00593561368209256
"CC","GO:0005834","heterotrimeric G-protein complex","1/161","35/19880",0.0285714285714286,3.52795031055901,1.35252333008154,0.247872457820442,0.442357001648789,0.408103101944587,"GNG12",1,"CC",0.0062111801242236,0.00176056338028169
"CC","GO:0016235","aggresome","1/161","35/19880",0.0285714285714286,3.52795031055901,1.35252333008154,0.247872457820442,0.442357001648789,0.408103101944587,"SQSTM1",1,"CC",0.0062111801242236,0.00176056338028169
"CC","GO:0030125","clathrin vesicle coat","1/161","35/19880",0.0285714285714286,3.52795031055901,1.35252333008154,0.247872457820442,0.442357001648789,0.408103101944587,"TBC1D5",1,"CC",0.0062111801242236,0.00176056338028169
"CC","GO:0098553","lumenal side of endoplasmic reticulum membrane","1/161","35/19880",0.0285714285714286,3.52795031055901,1.35252333008154,0.247872457820442,0.442357001648789,0.408103101944587,"ALG12",1,"CC",0.0062111801242236,0.00176056338028169
"CC","GO:0099738","cell cortex region","1/161","35/19880",0.0285714285714286,3.52795031055901,1.35252333008154,0.247872457820442,0.442357001648789,0.408103101944587,"SAPCD2",1,"CC",0.0062111801242236,0.00176056338028169
"CC","GO:0034358","plasma lipoprotein particle","1/161","37/19880",0.027027027027027,3.33725029377203,1.2857904040182,0.260027091870926,0.459337197822753,0.4237684371928,"LDLR",1,"CC",0.0062111801242236,0.00186116700201207
"CC","GO:1990777","lipoprotein particle","1/161","37/19880",0.027027027027027,3.33725029377203,1.2857904040182,0.260027091870926,0.459337197822753,0.4237684371928,"LDLR",1,"CC",0.0062111801242236,0.00186116700201207
"CC","GO:1904813","ficolin-1-rich granule lumen","2/161","124/19880",0.0161290322580645,1.99158485273492,1.00082692175962,0.265794184093595,0.465220048062427,0.429195749119903,"KPNB1/DDX3X",2,"CC",0.0124223602484472,0.0062374245472837
"CC","GO:0030140","trans-Golgi network transport vesicle","1/161","38/19880",0.0263157894736842,3.24942791762014,1.25411949207049,0.266031004495468,0.465220048062427,0.429195749119903,"RAB8A",1,"CC",0.0062111801242236,0.00191146881287726
"CC","GO:0030136","clathrin-coated vesicle","3/161","222/19880",0.0135135135135135,1.66862514688602,0.905226563250395,0.268270048472232,0.466789884341684,0.430644025179109,"RAB8A/LDLR/TBC1D5",3,"CC",0.0186335403726708,0.0111670020120724
"CC","GO:0097431","mitotic spindle pole","1/161","39/19880",0.0256410256410256,3.16610925306577,1.22348498490775,0.271986503350232,0.470902005800402,0.434437724649494,"KAT5",1,"CC",0.0062111801242236,0.00196177062374245
"CC","GO:0005819","spindle","5/161","435/19880",0.0114942528735632,1.41929035482259,0.79895678321279,0.277479887306263,0.472470456351891,0.435884722284715,"EPB41/PARP4/CSNK1A1/KAT5/HASPIN",5,"CC",0.031055900621118,0.0218812877263581
"CC","GO:0032994","protein-lipid complex","1/161","40/19880",0.025,3.08695652173913,1.19382405227708,0.277893976409081,0.472470456351891,0.435884722284715,"LDLR",1,"CC",0.0062111801242236,0.00201207243460765
"CC","GO:0005923","bicellular tight junction","2/161","129/19880",0.0155038759689922,1.91439164138861,0.941456632729602,0.280794555637486,0.472470456351891,0.435884722284715,"CCDC85C/SAPCD2",2,"CC",0.0124223602484472,0.00648893360160966
"CC","GO:0016363","nuclear matrix","2/161","129/19880",0.0155038759689922,1.91439164138861,0.941456632729602,0.280794555637486,0.472470456351891,0.435884722284715,"SMARCC2/MORC2",2,"CC",0.0124223602484472,0.00648893360160966
"CC","GO:1905368","peptidase complex","2/161","129/19880",0.0155038759689922,1.91439164138861,0.941456632729602,0.280794555637486,0.472470456351891,0.435884722284715,"TAF6/USP22",2,"CC",0.0124223602484472,0.00648893360160966
"CC","GO:0008328","ionotropic glutamate receptor complex","1/161","41/19880",0.024390243902439,3.01166489925769,1.16507917382815,0.283753808556164,0.472470456351891,0.435884722284715,"GRIN3A",1,"CC",0.0062111801242236,0.00206237424547284
"CC","GO:0030119","AP-type membrane coat adaptor complex","1/161","41/19880",0.024390243902439,3.01166489925769,1.16507917382815,0.283753808556164,0.472470456351891,0.435884722284715,"TBC1D5",1,"CC",0.0062111801242236,0.00206237424547284
"CC","GO:1905360","GTPase complex","1/161","41/19880",0.024390243902439,3.01166489925769,1.16507917382815,0.283753808556164,0.472470456351891,0.435884722284715,"GNG12",1,"CC",0.0062111801242236,0.00206237424547284
"CC","GO:0090734","site of DNA damage","2/161","131/19880",0.0152671755725191,1.88516428808497,0.91844835006852,0.286789703030091,0.475251507878436,0.438450423178836,"RNF169/KAT5",2,"CC",0.0124223602484472,0.00658953722334004
"CC","GO:0022627","cytosolic small ribosomal subunit","1/161","42/19880",0.0238095238095238,2.93995859213251,1.13719757193674,0.289566381610374,0.475325947171746,0.438519098267944,"DDX3X",1,"CC",0.0062111801242236,0.00211267605633803
"CC","GO:0032590","dendrite membrane","1/161","42/19880",0.0238095238095238,2.93995859213251,1.13719757193674,0.289566381610374,0.475325947171746,0.438519098267944,"DAGLA",1,"CC",0.0062111801242236,0.00211267605633803
"CC","GO:0030133","transport vesicle","5/161","444/19880",0.0112612612612613,1.39052095573835,0.751969359481483,0.291530826480537,0.476303885517497,0.439421309990432,"SEC24C/ITPR3/RAB8A/PTPRS/STX17",5,"CC",0.031055900621118,0.0223340040241449
"CC","GO:0005793","endoplasmic reticulum-Golgi intermediate compartment","2/161","136/19880",0.0147058823529412,1.81585677749361,0.86264790122933,0.301752492943243,0.490700315627329,0.452702953013719,"MYO18A/STX17",2,"CC",0.0124223602484472,0.006841046277666
"CC","GO:0005669","transcription factor TFIID complex","1/161","45/19880",0.0222222222222222,2.743961352657,1.05826582693836,0.30672431893386,0.493492895131824,0.4552792892172,"TAF6",1,"CC",0.0062111801242236,0.0022635814889336
"CC","GO:1902562","H4 histone acetyltransferase complex","1/161","45/19880",0.0222222222222222,2.743961352657,1.05826582693836,0.30672431893386,0.493492895131824,0.4552792892172,"KAT5",1,"CC",0.0062111801242236,0.0022635814889336
"CC","GO:0030665","clathrin-coated vesicle membrane","2/161","138/19880",0.0144927536231884,1.78954001260239,0.840980401616657,0.307724017941396,0.493492895131824,0.4552792892172,"LDLR/TBC1D5",2,"CC",0.0124223602484472,0.00694164989939638
"CC","GO:0098576","lumenal side of membrane","1/161","46/19880",0.0217391304347826,2.68431001890359,1.03338833474357,0.312351613345337,0.496193956682401,0.45777119415648,"ALG12",1,"CC",0.0062111801242236,0.00231388329979879
"CC","GO:0098878","neurotransmitter receptor complex","1/161","46/19880",0.0217391304347826,2.68431001890359,1.03338833474357,0.312351613345337,0.496193956682401,0.45777119415648,"GRIN3A",1,"CC",0.0062111801242236,0.00231388329979879
"CC","GO:1902554","serine/threonine protein kinase complex","2/161","140/19880",0.0142857142857143,1.7639751552795,0.819666980784775,0.313685834684276,0.496193956682401,0.45777119415648,"TBC1D5/SMCR8",2,"CC",0.0124223602484472,0.00704225352112676
"CC","GO:0031462","Cul2-RING ubiquitin ligase complex","1/161","47/19880",0.0212765957446809,2.62719703977798,1.00916604579643,0.317933512621903,0.499901119023528,0.46119129250507,"KLHDC2",1,"CC",0.0062111801242236,0.00236418511066398
"CC","GO:0000151","ubiquitin ligase complex","4/161","352/19880",0.0113636363636364,1.40316205533597,0.689588262105016,0.318902437997768,0.499901119023528,0.46119129250507,"UBE4A/KLHL11/KLHDC2/RNF31",4,"CC",0.0248447204968944,0.0177062374245473
"CC","GO:0097546","ciliary base","1/161","48/19880",0.0208333333333333,2.57246376811594,0.985566131202982,0.323470380693696,0.504787858661015,0.465699627621323,"RAB8A",1,"CC",0.0062111801242236,0.00241448692152917
"CC","GO:0031201","SNARE complex","1/161","49/19880",0.0204081632653061,2.51996450754215,0.962558073525837,0.328962578591453,0.508795454888114,0.469396895767921,"STX17",1,"CC",0.0062111801242236,0.00246478873239437
"CC","GO:0031234","extrinsic component of cytoplasmic side of plasma membrane","1/161","49/19880",0.0204081632653061,2.51996450754215,0.962558073525837,0.328962578591453,0.508795454888114,0.469396895767921,"GNG12",1,"CC",0.0062111801242236,0.00246478873239437
"CC","GO:0005777","peroxisome","2/161","147/19880",0.0136054421768707,1.67997633836143,0.747693613869134,0.334458282450012,0.512737807456406,0.47303397239626,"CNOT1/PEX10",2,"CC",0.0124223602484472,0.0073943661971831
"CC","GO:0042579","microbody","2/161","147/19880",0.0136054421768707,1.67997633836143,0.747693613869134,0.334458282450012,0.512737807456406,0.47303397239626,"CNOT1/PEX10",2,"CC",0.0124223602484472,0.0073943661971831
"CC","GO:0008023","transcription elongation factor complex","1/161","51/19880",0.0196078431372549,2.42114236999147,0.918205797919432,0.339814393628332,0.51415395209852,0.474340457925132,"AFF4",1,"CC",0.0062111801242236,0.00256539235412475
"CC","GO:0030118","clathrin coat","1/161","51/19880",0.0196078431372549,2.42114236999147,0.918205797919432,0.339814393628332,0.51415395209852,0.474340457925132,"TBC1D5",1,"CC",0.0062111801242236,0.00256539235412475
"CC","GO:0098800","inner mitochondrial membrane protein complex","1/161","51/19880",0.0196078431372549,2.42114236999147,0.918205797919432,0.339814393628332,0.51415395209852,0.474340457925132,"DNAJC11",1,"CC",0.0062111801242236,0.00256539235412475
"CC","GO:0031968","organelle outer membrane","3/161","257/19880",0.0116731517509728,1.44138047707664,0.643523988830416,0.345541720474845,0.520556358117948,0.480247093847471,"HK2/ITPR3/DNAJC11",3,"CC",0.0186335403726708,0.0129275653923541
"CC","GO:0005795","Golgi stack","2/161","152/19880",0.0131578947368421,1.62471395881007,0.698601052800424,0.349186564680205,0.521244198814651,0.480881671622712,"ASAP2/B4GALT5",2,"CC",0.0124223602484472,0.00764587525150905
"CC","GO:0019867","outer membrane","3/161","259/19880",0.0115830115830116,1.4302501259023,0.629764362127761,0.349964860633364,0.521244198814651,0.480881671622712,"HK2/ITPR3/DNAJC11",3,"CC",0.0186335403726708,0.0130281690140845
"CC","GO:0001673","male germ cell nucleus","1/161","53/19880",0.0188679245283019,2.32977850697293,0.875903984800432,0.350491788858127,0.521244198814651,0.480881671622712,"KDM3A",1,"CC",0.0062111801242236,0.00266599597585513
"CC","GO:0000421","autophagosome membrane","1/161","54/19880",0.0185185185185185,2.2866344605475,0.855465046748147,0.355765951464363,0.5256297989126,0.484927672922998,"STX17",1,"CC",0.0062111801242236,0.00271629778672032
"CC","GO:0034399","nuclear periphery","2/161","155/19880",0.0129032258064516,1.59326788218794,0.670001757697285,0.35797201822496,0.5256297989126,0.484927672922998,"SMARCC2/MORC2",2,"CC",0.0124223602484472,0.00779678068410463
"CC","GO:0043296","apical junction complex","2/161","155/19880",0.0129032258064516,1.59326788218794,0.670001757697285,0.35797201822496,0.5256297989126,0.484927672922998,"CCDC85C/SAPCD2",2,"CC",0.0124223602484472,0.00779678068410463
"CC","GO:0008287","protein serine/threonine phosphatase complex","1/161","56/19880",0.0178571428571429,2.20496894409938,0.815909489504975,0.366186927231836,0.530971044486162,0.489855319323289,"PPP2R5D",1,"CC",0.0062111801242236,0.0028169014084507
"CC","GO:0044232","organelle membrane contact site","1/161","56/19880",0.0178571428571429,2.20496894409938,0.815909489504975,0.366186927231836,0.530971044486162,0.489855319323289,"STX17",1,"CC",0.0062111801242236,0.0028169014084507
"CC","GO:1903293","phosphatase complex","1/161","56/19880",0.0178571428571429,2.20496894409938,0.815909489504975,0.366186927231836,0.530971044486162,0.489855319323289,"PPP2R5D",1,"CC",0.0062111801242236,0.0028169014084507
"CC","GO:0030660","Golgi-associated vesicle membrane","1/161","57/19880",0.0175438596491228,2.16628527841342,0.7967559079358,0.371334420407566,0.535687392730518,0.49420645729827,"PKD1",1,"CC",0.0062111801242236,0.0028672032193159
"CC","GO:0042581","specific granule","2/161","160/19880",0.0125,1.54347826086956,0.623672327020865,0.372518244370073,0.535687392730518,0.49420645729827,"ATP11A/KPNB1",2,"CC",0.0124223602484472,0.00804828973843058
"CC","GO:0097225","sperm midpiece","1/161","58/19880",0.0172413793103448,2.12893553223388,0.777995642489867,0.376440365941258,0.536890357981795,0.49531627097534,"SQSTM1",1,"CC",0.0062111801242236,0.00291750503018109
"CC","GO:0098636","protein complex involved in cell adhesion","1/161","58/19880",0.0172413793103448,2.12893553223388,0.777995642489867,0.376440365941258,0.536890357981795,0.49531627097534,"TNC",1,"CC",0.0062111801242236,0.00291750503018109
"CC","GO:0031463","Cul3-RING ubiquitin ligase complex","1/161","59/19880",0.0169491525423729,2.09285187914517,0.759612827127566,0.381505097102768,0.541892954252095,0.4999314913699,"KLHL11",1,"CC",0.0062111801242236,0.00296780684104628
"CC","GO:0150034","distal axon","3/161","277/19880",0.0108303249097473,1.33730968450793,0.51082857887025,0.389578630852296,0.549189358825464,0.506662899097902,"ADRA2A/EXOC7/PTPRS",3,"CC",0.0186335403726708,0.0139336016096579
"CC","GO:0030426","growth cone","2/161","166/19880",0.0120481927710843,1.48768988999476,0.570135629031142,0.389798194338763,0.549189358825464,0.506662899097902,"EXOC7/PTPRS",2,"CC",0.0124223602484472,0.00835010060362173
"CC","GO:0035580","specific granule lumen","1/161","62/19880",0.0161290322580645,1.99158485273492,0.706583640524167,0.396455297329736,0.556316304317533,0.513237969802927,"KPNB1",1,"CC",0.0062111801242236,0.00311871227364185
"CC","GO:0000791","euchromatin","1/161","63/19880",0.0158730158730159,1.959972394755,0.689569153462187,0.401358450883572,0.558690963629932,0.515428747450482,"AFF4",1,"CC",0.0062111801242236,0.00316901408450704
"CC","GO:0032589","neuron projection membrane","1/161","63/19880",0.0158730158730159,1.959972394755,0.689569153462187,0.401358450883572,0.558690963629932,0.515428747450482,"DAGLA",1,"CC",0.0062111801242236,0.00316901408450704
"CC","GO:0030427","site of polarized growth","2/161","171/19880",0.0116959064327485,1.44419018560895,0.527111486726287,0.404037295089502,0.560179197972697,0.516801740416432,"EXOC7/PTPRS",2,"CC",0.0124223602484472,0.00860160965794769
"CC","GO:0005771","multivesicular body","1/161","67/19880",0.0149253731343284,1.8429591174562,0.624505913798816,0.420578354344325,0.578965447720878,0.534133277540435,"HGS",1,"CC",0.0062111801242236,0.00337022132796781
"CC","GO:0031902","late endosome membrane","2/161","177/19880",0.0112994350282486,1.39523458609678,0.477246945632808,0.42091453526834,0.578965447720878,0.534133277540435,"HGS/ATG9A",2,"CC",0.0124223602484472,0.00890342052313883
"CC","GO:0043073","germ cell nucleus","1/161","68/19880",0.0147058823529412,1.81585677749361,0.608936467805347,0.425286721827824,0.58267629604757,0.53755677645042,"KDM3A",1,"CC",0.0062111801242236,0.003420523138833
"CC","GO:0016328","lateral plasma membrane","1/161","69/19880",0.0144927536231884,1.78954001260239,0.593626461736654,0.429957064942387,0.586464349498799,0.541051502108692,"PKD1",1,"CC",0.0062111801242236,0.00347082494969819
"CC","GO:0042734","presynaptic membrane","2/161","181/19880",0.0110497237569061,1.36440067259188,0.445004219148589,0.43203097592023,0.586464349498799,0.541051502108692,"ADRA2A/PTPRS",2,"CC",0.0124223602484472,0.0091046277665996
"CC","GO:0060076","excitatory synapse","1/161","70/19880",0.0142857142857143,1.7639751552795,0.57856715994321,0.434589688865676,0.586464349498799,0.541051502108692,"SPTBN2",1,"CC",0.0062111801242236,0.00352112676056338
"CC","GO:0072686","mitotic spindle","2/161","182/19880",0.010989010989011,1.35690396559962,0.437062718082044,0.434792534973247,0.586464349498799,0.541051502108692,"EPB41/KAT5",2,"CC",0.0124223602484472,0.00915492957746479
"CC","GO:0101002","ficolin-1-rich granule","2/161","185/19880",0.0108108108108108,1.33490011750881,0.413514681017397,0.443034010079921,0.592318255532075,0.546452111123058,"KPNB1/DDX3X",2,"CC",0.0124223602484472,0.00930583501006036
"CC","GO:0034704","calcium channel complex","1/161","72/19880",0.0138888888888889,1.71497584541063,0.549167801318578,0.443742987698237,0.592318255532075,0.546452111123058,"PKD1",1,"CC",0.0062111801242236,0.00362173038229376
"CC","GO:0044304","main axon","1/161","73/19880",0.0136986301369863,1.69148302561048,0.534812272070142,0.448264260869712,0.592318255532075,0.546452111123058,"DAGLA",1,"CC",0.0062111801242236,0.00367203219315895
"CC","GO:0070821","tertiary granule membrane","1/161","73/19880",0.0136986301369863,1.69148302561048,0.534812272070142,0.448264260869712,0.592318255532075,0.546452111123058,"ATP11A",1,"CC",0.0062111801242236,0.00367203219315895
"CC","GO:0015935","small ribosomal subunit","1/161","74/19880",0.0135135135135135,1.66862514688602,0.520676456051514,0.452749011412448,0.592318255532075,0.546452111123058,"DDX3X",1,"CC",0.0062111801242236,0.00372233400402415
"CC","GO:0016234","inclusion body","1/161","74/19880",0.0135135135135135,1.66862514688602,0.520676456051514,0.452749011412448,0.592318255532075,0.546452111123058,"SQSTM1",1,"CC",0.0062111801242236,0.00372233400402415
"CC","GO:0032040","small-subunit processome","1/161","74/19880",0.0135135135135135,1.66862514688602,0.520676456051514,0.452749011412448,0.592318255532075,0.546452111123058,"HEATR1",1,"CC",0.0062111801242236,0.00372233400402415
"CC","GO:0035869","ciliary transition zone","1/161","74/19880",0.0135135135135135,1.66862514688602,0.520676456051514,0.452749011412448,0.592318255532075,0.546452111123058,"NEK4",1,"CC",0.0062111801242236,0.00372233400402415
"CC","GO:0005788","endoplasmic reticulum lumen","3/161","315/19880",0.00952380952380952,1.175983436853,0.284482075055482,0.470888517041226,0.613742336817778,0.566217219387242,"BCHE/P4HA1/TNC",3,"CC",0.0186335403726708,0.0158450704225352
"CC","GO:0000794","condensed nuclear chromosome","1/161","81/19880",0.0123456790123457,1.52442297369834,0.427336857293372,0.483143967917344,0.622718891982355,0.574498675301326,"SMC4",1,"CC",0.0062111801242236,0.00407444668008048
"CC","GO:0005901","caveola","1/161","81/19880",0.0123456790123457,1.52442297369834,0.427336857293372,0.483143967917344,0.622718891982355,0.574498675301326,"IRS1",1,"CC",0.0062111801242236,0.00407444668008048
"CC","GO:0033116","endoplasmic reticulum-Golgi intermediate compartment membrane","1/161","81/19880",0.0123456790123457,1.52442297369834,0.427336857293372,0.483143967917344,0.622718891982355,0.574498675301326,"STX17",1,"CC",0.0062111801242236,0.00407444668008048
"CC","GO:0034774","secretory granule lumen","3/161","324/19880",0.00925925925925926,1.14331723027375,0.235016664740991,0.489466390767406,0.62784850911377,0.579231080700846,"CAP1/KPNB1/DDX3X",3,"CC",0.0186335403726708,0.0162977867203219
"CC","GO:0005876","spindle microtubule","1/161","83/19880",0.0120481927710843,1.48768988999476,0.402300774445905,0.491515862431336,0.62784850911377,0.579231080700846,"PARP4",1,"CC",0.0062111801242236,0.00417505030181086
"CC","GO:0098802","plasma membrane signaling receptor complex","3/161","326/19880",0.00920245398773006,1.1363030141371,0.224214768777182,0.493552433962688,0.62784850911377,0.579231080700846,"GRIN3A/RNF31/IRS1",3,"CC",0.0186335403726708,0.0163983903420523
"CC","GO:0060205","cytoplasmic vesicle lumen","3/161","329/19880",0.00911854103343465,1.12594158847628,0.208137526522271,0.499651460540967,0.62784850911377,0.579231080700846,"CAP1/KPNB1/DDX3X",3,"CC",0.0186335403726708,0.0165492957746479
"CC","GO:0001725","stress fiber","1/161","85/19880",0.0117647058823529,1.45268542199488,0.377916609933086,0.4997529799555,0.62784850911377,0.579231080700846,"SIPA1L3",1,"CC",0.0062111801242236,0.00427565392354125
"CC","GO:0048786","presynaptic active zone","1/161","85/19880",0.0117647058823529,1.45268542199488,0.377916609933086,0.4997529799555,0.62784850911377,0.579231080700846,"ADRA2A",1,"CC",0.0062111801242236,0.00427565392354125
"CC","GO:0097517","contractile actin filament bundle","1/161","85/19880",0.0117647058823529,1.45268542199488,0.377916609933086,0.4997529799555,0.62784850911377,0.579231080700846,"SIPA1L3",1,"CC",0.0062111801242236,0.00427565392354125
"CC","GO:0031983","vesicle lumen","3/161","330/19880",0.00909090909090909,1.12252964426877,0.202811474776989,0.50167633493649,0.627997714237045,0.579368732130365,"CAP1/KPNB1/DDX3X",3,"CC",0.0186335403726708,0.0165995975855131
"CC","GO:0030496","midbody","2/161","209/19880",0.00956937799043062,1.18161015186187,0.238488700306921,0.506463787939502,0.631718273128841,0.582801189668169,"RAB8A/EXOC7",2,"CC",0.0124223602484472,0.010513078470825
"CC","GO:0071013","catalytic step 2 spliceosome","1/161","90/19880",0.0111111111111111,1.3719806763285,0.319585082103734,0.519770191540539,0.646000095200385,0.595977099322799,"DHX38",1,"CC",0.0062111801242236,0.0045271629778672
"CC","GO:0035578","azurophil granule lumen","1/161","91/19880",0.010989010989011,1.35690396559962,0.308338607513305,0.523677063655849,0.646239780681686,0.59619822476683,"CAP1",1,"CC",0.0062111801242236,0.00457746478873239
"CC","GO:0035579","specific granule membrane","1/161","91/19880",0.010989010989011,1.35690396559962,0.308338607513305,0.523677063655849,0.646239780681686,0.59619822476683,"ATP11A",1,"CC",0.0062111801242236,0.00457746478873239
"CC","GO:0045095","keratin filament","1/161","94/19880",0.0106382978723404,1.31359851988899,0.275376382217423,0.535209163846008,0.658136620521388,0.607173833209387,"CSNK1A1",1,"CC",0.0062111801242236,0.00472837022132797
"CC","GO:0030017","sarcomere","2/161","222/19880",0.00900900900900901,1.11241676459068,0.152196850411754,0.538827109178158,0.658136620521388,0.607173833209387,"SQSTM1/TRIM32",2,"CC",0.0124223602484472,0.0111670020120724
"CC","GO:0032432","actin filament bundle","1/161","95/19880",0.0105263157894737,1.29977116704805,0.264637506239305,0.538991197840792,0.658136620521388,0.607173833209387,"SIPA1L3",1,"CC",0.0062111801242236,0.00477867203219316
"CC","GO:0005604","basement membrane","1/161","97/19880",0.0103092783505155,1.27297176154191,0.243514751815177,0.546463756452198,0.661058860367332,0.609869789510092,"TNC",1,"CC",0.0062111801242236,0.00487927565392354
"CC","GO:0031970","organelle envelope lumen","1/161","97/19880",0.0103092783505155,1.27297176154191,0.243514751815177,0.546463756452198,0.661058860367332,0.609869789510092,"BCHE",1,"CC",0.0062111801242236,0.00487927565392354
"CC","GO:0008021","synaptic vesicle","2/161","226/19880",0.00884955752212389,1.09272797229704,0.126679770573793,0.548488983567092,0.661058860367332,0.609869789510092,"RAB8A/PTPRS",2,"CC",0.0124223602484472,0.0113682092555332
"CC","GO:0098685","Schaffer collateral - CA1 synapse","1/161","98/19880",0.0102040816326531,1.25998225377107,0.233125298246419,0.550154770717536,0.661058860367332,0.609869789510092,"PTPRS",1,"CC",0.0062111801242236,0.00492957746478873
"CC","GO:0031461","cullin-RING ubiquitin ligase complex","2/161","227/19880",0.00881057268722467,1.08791419268339,0.120371938679767,0.550882383639443,0.661058860367332,0.609869789510092,"KLHL11/KLHDC2",2,"CC",0.0124223602484472,0.0114185110663984
"CC","GO:0005741","mitochondrial outer membrane","2/161","228/19880",0.0087719298245614,1.08314263920671,0.114092110372585,0.553266924811379,0.661638796681649,0.610404818475205,"HK2/DNAJC11",2,"CC",0.0124223602484472,0.0114688128772636
"CC","GO:0005774","vacuolar membrane","4/161","495/19880",0.00808080808080808,0.997804128238911,-0.00447037990156232,0.571519629185562,0.679399074599108,0.626789829863061,"LDLR/SPG11/ATP11A/STX17",4,"CC",0.0248447204968944,0.0248993963782696
"CC","GO:0000228","nuclear chromosome","2/161","236/19880",0.00847457627118644,1.04642593957259,0.0648290267714867,0.572022784073387,0.679399074599108,0.626789829863061,"SMC4/KAT5",2,"CC",0.0124223602484472,0.0118712273641851
"CC","GO:0005796","Golgi lumen","1/161","106/19880",0.00943396226415094,1.16488925348646,0.153803345018663,0.578628075499693,0.679719774862297,0.62708569671204,"PCSK6",1,"CC",0.0062111801242236,0.00533199195171026
"CC","GO:0030684","preribosome","1/161","106/19880",0.00943396226415094,1.16488925348646,0.153803345018663,0.578628075499693,0.679719774862297,0.62708569671204,"HEATR1",1,"CC",0.0062111801242236,0.00533199195171026
"CC","GO:0032993","protein-DNA complex","2/161","240/19880",0.00833333333333333,1.02898550724638,0.0408209911572909,0.581186002880651,0.679719774862297,0.62708569671204,"KAT5/EP300",2,"CC",0.0124223602484472,0.0120724346076459
"CC","GO:0019897","extrinsic component of plasma membrane","1/161","107/19880",0.00934579439252336,1.15400243803332,0.144328122893496,0.582058887669438,0.679719774862297,0.62708569671204,"GNG12",1,"CC",0.0062111801242236,0.00538229376257545
"CC","GO:0030175","filopodium","1/161","107/19880",0.00934579439252336,1.15400243803332,0.144328122893496,0.582058887669438,0.679719774862297,0.62708569671204,"MYO10",1,"CC",0.0062111801242236,0.00538229376257545
"CC","GO:0070382","exocytic vesicle","2/161","243/19880",0.00823045267489712,1.01628198246556,0.0230749416140747,0.587964096724171,0.680104317893664,0.627440462666568,"RAB8A/PTPRS",2,"CC",0.0124223602484472,0.0122233400402414
"CC","GO:0005903","brush border","1/161","109/19880",0.00917431192660551,1.13282808137216,0.125648292708986,0.588837450484366,0.680104317893664,0.627440462666568,"ITPR3",1,"CC",0.0062111801242236,0.00548289738430584
"CC","GO:0005840","ribosome","2/161","244/19880",0.00819672131147541,1.01211689237349,0.0172078817577292,0.590205471275536,0.680104317893664,0.627440462666568,"NEMF/DDX3X",2,"CC",0.0124223602484472,0.0122736418511066
"CC","GO:0030016","myofibril","2/161","244/19880",0.00819672131147541,1.01211689237349,0.0172078817577292,0.590205471275536,0.680104317893664,0.627440462666568,"SQSTM1/TRIM32",2,"CC",0.0124223602484472,0.0122736418511066
"CC","GO:0016605","PML body","1/161","110/19880",0.00909090909090909,1.12252964426877,0.116439931681163,0.592185645844844,0.680134009089128,0.6274678547253,"SQSTM1",1,"CC",0.0062111801242236,0.00553319919517103
"CC","GO:0043679","axon terminus","1/161","115/19880",0.00869565217391304,1.07372400756144,0.0716435681169662,0.608524497690076,0.694316476052939,0.640552102831658,"ADRA2A",1,"CC",0.0062111801242236,0.00578470824949698
"CC","GO:0044853","plasma membrane raft","1/161","115/19880",0.00869565217391304,1.07372400756144,0.0716435681169662,0.608524497690076,0.694316476052939,0.640552102831658,"IRS1",1,"CC",0.0062111801242236,0.00578470824949698
"CC","GO:0043292","contractile muscle fiber","2/161","254/19880",0.0078740157480315,0.972269770626498,-0.0401903866507767,0.612124056430001,0.696141083783138,0.64223542212298,"SQSTM1/TRIM32",2,"CC",0.0124223602484472,0.0127766599597586
"CC","GO:0140534","endoplasmic reticulum protein-containing complex","1/161","118/19880",0.00847457627118644,1.04642593957259,0.0457039798246897,0.618013799425276,0.700549844299662,0.646302790415598,"P4HA1",1,"CC",0.0062111801242236,0.00593561368209256
"CC","GO:0009897","external side of plasma membrane","3/161","401/19880",0.00748129675810474,0.92377751273989,-0.139328427403735,0.633566958522938,0.715848381707736,0.660416686088504,"ULBP3/ADAM9/LDLR",3,"CC",0.0186335403726708,0.0201710261569416
"CC","GO:0034451","centriolar satellite","1/161","127/19880",0.0078740157480315,0.972269770626498,-0.028327389354508,0.645131723463769,0.726556115745604,0.670295267097427,"EXOC7",1,"CC",0.0062111801242236,0.00638832997987928
"CC","GO:0044306","neuron projection terminus","1/161","131/19880",0.00763358778625954,0.942582144042483,-0.0595768895994952,0.656561541117415,0.737043278415679,0.679970356675082,"ADRA2A",1,"CC",0.0062111801242236,0.00658953722334004
"CC","GO:0000786","nucleosome","1/161","135/19880",0.00740740740740741,0.914653784219002,-0.0899063457323561,0.667625433297115,0.747053539509312,0.689205473533999,"KAT5",1,"CC",0.0062111801242236,0.00679074446680081
"CC","GO:0030672","synaptic vesicle membrane","1/161","143/19880",0.00699300699300699,0.863484341745211,-0.148039522995744,0.688701649821692,0.765713016415172,0.706420054466508,"PTPRS",1,"CC",0.0062111801242236,0.00719315895372233
"CC","GO:0099501","exocytic vesicle membrane","1/161","143/19880",0.00699300699300699,0.863484341745211,-0.148039522995744,0.688701649821692,0.765713016415172,0.706420054466508,"PTPRS",1,"CC",0.0062111801242236,0.00719315895372233
"CC","GO:0072562","blood microparticle","1/161","145/19880",0.00689655172413793,0.851574212893553,-0.162084900150571,0.693759751514752,0.768880234162846,0.709342018813273,"BCHE",1,"CC",0.0062111801242236,0.00729376257545272
"CC","GO:0043204","perikaryon","1/161","152/19880",0.00657894736842105,0.812356979405034,-0.209836213661666,0.710828399129479,0.778230893653231,0.717968610297143,"PTPRS",1,"CC",0.0062111801242236,0.00764587525150905
"CC","GO:0005765","lysosomal membrane","3/161","451/19880",0.00665188470066519,0.821363154343006,-0.346738327157377,0.71086593144304,0.778230893653231,0.717968610297143,"LDLR/SPG11/ATP11A",3,"CC",0.0186335403726708,0.0226861167002012
"CC","GO:0098852","lytic vacuole membrane","3/161","451/19880",0.00665188470066519,0.821363154343006,-0.346738327157377,0.71086593144304,0.778230893653231,0.717968610297143,"LDLR/SPG11/ATP11A",3,"CC",0.0186335403726708,0.0226861167002012
"CC","GO:1990204","oxidoreductase complex","1/161","153/19880",0.0065359477124183,0.807047456663825,-0.216487817388664,0.713188325515334,0.778230893653231,0.717968610297143,"P4HA1",1,"CC",0.0062111801242236,0.00769617706237425
"CC","GO:0099568","cytoplasmic region","2/161","307/19880",0.00651465798045603,0.804418637586744,-0.312058285546456,0.713506753270544,0.778230893653231,0.717968610297143,"NEK4/SAPCD2",2,"CC",0.0124223602484472,0.0154426559356137
"CC","GO:0005766","primary lysosome","1/161","155/19880",0.00645161290322581,0.796633941093969,-0.229669633253206,0.717850910524963,0.778230893653231,0.717968610297143,"CAP1",1,"CC",0.0062111801242236,0.00779678068410463
"CC","GO:0042582","azurophil granule","1/161","155/19880",0.00645161290322581,0.796633941093969,-0.229669633253206,0.717850910524963,0.778230893653231,0.717968610297143,"CAP1",1,"CC",0.0062111801242236,0.00779678068410463
"CC","GO:0031514","motile cilium","2/161","318/19880",0.00628930817610063,0.776592835657643,-0.362887317422674,0.73155457327876,0.790000268284494,0.728826623795434,"SQSTM1/PKD1",2,"CC",0.0124223602484472,0.0159959758551308
"CC","GO:0030667","secretory granule membrane","2/161","322/19880",0.0062111801242236,0.76694571968674,-0.380969808834119,0.73787580876683,0.790000268284494,0.728826623795434,"ITPR3/ATP11A",2,"CC",0.0124223602484472,0.0161971830985915
"CC","GO:0005814","centriole","1/161","164/19880",0.00609756097560976,0.752916224814422,-0.287094259602123,0.737917568834153,0.790000268284494,0.728826623795434,"RAB8A",1,"CC",0.0062111801242236,0.00824949698189135
"CC","GO:0070820","tertiary granule","1/161","164/19880",0.00609756097560976,0.752916224814422,-0.287094259602123,0.737917568834153,0.790000268284494,0.728826623795434,"ATP11A",1,"CC",0.0062111801242236,0.00824949698189135
"CC","GO:0019898","extrinsic component of membrane","1/161","165/19880",0.00606060606060606,0.748353096179183,-0.293293834909884,0.740057722588347,0.790000268284494,0.728826623795434,"GNG12",1,"CC",0.0062111801242236,0.00829979879275654
"CC","GO:0097730","non-motile cilium","1/161","169/19880",0.00591715976331361,0.730640596861333,-0.317752463119405,0.748446045501661,0.796511387873328,0.73483355505555,"RAB8A",1,"CC",0.0062111801242236,0.0085010060362173
"CC","GO:0098862","cluster of actin-based cell projections","1/161","173/19880",0.00578034682080925,0.713747172656446,-0.34168848215118,0.756565304940961,0.802361165039077,0.740230354921109,"ITPR3",1,"CC",0.0062111801242236,0.00870221327967807
"CC","GO:0000781","chromosome, telomeric region","1/161","174/19880",0.00574712643678161,0.709645177411294,-0.347593934995601,0.758554089936369,0.802361165039077,0.740230354921109,"SMG6",1,"CC",0.0062111801242236,0.00875251509054326
"CC","GO:0005775","vacuolar lumen","1/161","178/19880",0.00561797752808989,0.693698094772838,-0.370913212060541,0.766349051154909,0.805708367981596,0.743318367315144,"CAP1",1,"CC",0.0062111801242236,0.00895372233400402
"CC","GO:0098798","mitochondrial protein-containing complex","1/161","178/19880",0.00561797752808989,0.693698094772838,-0.370913212060541,0.766349051154909,0.805708367981596,0.743318367315144,"DNAJC11",1,"CC",0.0062111801242236,0.00895372233400402
"CC","GO:0000922","spindle pole","1/161","180/19880",0.00555555555555556,0.685990338164251,-0.382396503010388,0.770152223205187,0.807267992998208,0.744757222820489,"KAT5",1,"CC",0.0062111801242236,0.00905432595573441
"CC","GO:0044391","ribosomal subunit","1/161","186/19880",0.00537634408602151,0.663861617578308,-0.416174409983744,0.781196521284467,0.813941285649684,0.750913769277537,"DDX3X",1,"CC",0.0062111801242236,0.00935613682092555
"CC","GO:0097014","ciliary plasm","1/161","186/19880",0.00537634408602151,0.663861617578308,-0.416174409983744,0.781196521284467,0.813941285649684,0.750913769277537,"NEK4",1,"CC",0.0062111801242236,0.00935613682092555
"CC","GO:0034702","monoatomic ion channel complex","2/161","361/19880",0.00554016620498615,0.684090087920029,-0.547338292430879,0.793126471773556,0.823904513961783,0.760105495336793,"GRIN3A/PKD1",2,"CC",0.0124223602484472,0.018158953722334
"CC","GO:0005681","spliceosomal complex","1/161","208/19880",0.00480769230769231,0.593645484949833,-0.532329164818437,0.817365606402293,0.846557235202375,0.78100410386184,"DHX38",1,"CC",0.0062111801242236,0.0104627766599598
"CC","GO:0036126","sperm flagellum","1/161","213/19880",0.00469483568075117,0.579710144927536,-0.557233748564215,0.824718609050366,0.851638207565363,0.785691631298958,"SQSTM1",1,"CC",0.0062111801242236,0.0107142857142857
"CC","GO:0005882","intermediate filament","1/161","216/19880",0.00462962962962963,0.571658615136876,-0.571937721161173,0.828988399975662,0.85351468399861,0.787422802842033,"CSNK1A1",1,"CC",0.0062111801242236,0.0108651911468813
"CC","GO:0034703","cation channel complex","1/161","223/19880",0.00448430493273543,0.553714174302983,-0.605584384058638,0.838553502634747,0.860815985005581,0.794158727848464,"PKD1",1,"CC",0.0062111801242236,0.0112173038229376
"CC","GO:0097729","9+2 motile cilium","1/161","232/19880",0.00431034482758621,0.532233883058471,-0.647561975356339,0.850074134804445,0.870075879152785,0.802701582400482,"SQSTM1",1,"CC",0.0062111801242236,0.0116700201207243
"CC","GO:0098858","actin-based cell projection","1/161","235/19880",0.00425531914893617,0.525439407955597,-0.661252530615627,0.853729777194184,0.87125502188732,0.803789418256602,"MYO10",1,"CC",0.0062111801242236,0.0118209255533199
"CC","GO:0062023","collagen-containing extracellular matrix","2/161","432/19880",0.00462962962962963,0.571658615136876,-0.813321397696453,0.867911186974145,0.883137699026323,0.814751960686717,"TNC/PCSK6",2,"CC",0.0124223602484472,0.0217303822937626
"CC","GO:0045111","intermediate filament cytoskeleton","1/161","253/19880",0.00395256916996047,0.48805636707338,-0.740496835217332,0.873876057911723,0.886614775957084,0.817959790281036,"CSNK1A1",1,"CC",0.0062111801242236,0.0127263581488934
"CC","GO:0032838","plasma membrane bounded cell projection cytoplasm","1/161","272/19880",0.00367647058823529,0.453964194373402,-0.819325904754554,0.89215516348749,0.902529060737345,0.832641752948851,"NEK4",1,"CC",0.0062111801242236,0.013682092555332
"CC","GO:0045121","membrane raft","1/161","291/19880",0.00343642611683849,0.42432392051397,-0.893894585665475,0.907799137487394,0.914564645347884,0.843745362465531,"IRS1",1,"CC",0.0062111801242236,0.0146378269617706
"CC","GO:0098857","membrane microdomain","1/161","293/19880",0.00341296928327645,0.421427511500223,-0.901520047374187,0.90930852669646,0.914564645347884,0.843745362465531,"IRS1",1,"CC",0.0062111801242236,0.014738430583501
"CC","GO:1902495","transmembrane transporter complex","2/161","498/19880",0.00401606425702811,0.495896629998254,-1.02944402888529,0.914403850493974,0.917039020091939,0.84602813408361,"GRIN3A/PKD1",2,"CC",0.0124223602484472,0.0250503018108652
"CC","GO:0005874","microtubule","1/161","486/19880",0.00205761316872428,0.254070495616389,-1.50435379473151,0.981705391922467,0.981705391922467,0.905687067563075,"PARP4",1,"CC",0.0062111801242236,0.0244466800804829
"MF","GO:0019200","carbohydrate kinase activity","4/158","21/18639",0.19047619047619,22.4701627486438,9.10214887458448,2.65855841922487e-05,0.0130801074225863,0.0113058694880721,"HK2/PFKP/POMK/PFKFB3",4,"MF",0.0253164556962025,0.00112666988572348
"MF","GO:0003713","transcription coactivator activity","9/158","256/18639",0.03515625,4.14732496044304,4.6883371867134,0.000342782811790386,0.084324571700435,0.0728864505070085,"TAF6/SMARCC2/NRIP1/CEBPZ/USP22/BCL9L/TRIM32/KAT5/EP300",9,"MF",0.0569620253164557,0.0137346424164387
"MF","GO:0140036","ubiquitin-modified protein reader activity","3/158","19/18639",0.157894736842105,18.626582278481,7.10756006220027,0.00052414299137953,0.0859594505862429,0.0742995679008176,"SQSTM1/FAN1/RNF169",3,"MF",0.0189873417721519,0.00101936799184506
"MF","GO:0140035","ubiquitin-like protein reader activity","3/158","22/18639",0.136363636363636,16.0865937859609,6.54655998503038,0.000817611423135413,0.0864012315067537,0.0746814238954397,"SQSTM1/FAN1/RNF169",3,"MF",0.0189873417721519,0.0011803208326627
"MF","GO:0003712","transcription coregulator activity","12/158","495/18639",0.0242424242424242,2.85983889528193,3.87772378485151,0.00106809866570311,0.0864012315067537,0.0746814238954397,"TAF6/SMARCC2/NRIP1/CEBPZ/USP22/PRMT5/BCL9L/TRIM32/DNAJB1/KDM3A/KAT5/EP300",12,"MF",0.0759493670886076,0.0265572187349107
"MF","GO:0070530","K63-linked polyubiquitin modification-dependent protein binding","3/158","25/18639",0.12,14.1562025316456,6.08619921605563,0.00119857109819098,0.0864012315067537,0.0746814238954397,"SQSTM1/RNF169/RNF31",3,"MF",0.0189873417721519,0.00134127367348034
"MF","GO:0016410","N-acyltransferase activity","5/158","94/18639",0.0531914893617021,6.27491246970105,4.74057726197907,0.00122928581412048,0.0864012315067537,0.0746814238954397,"USP22/CERS6/KAT5/GLYATL1B/EP300",5,"MF",0.0316455696202532,0.00504318901228607
"MF","GO:0035091","phosphatidylinositol binding","8/158","284/18639",0.028169014084507,3.32305223747549,3.64759334748299,0.00296269236352087,0.172888363305553,0.14943709622474,"ITPR3/EXOC7/EPB41/ZFYVE9/HGS/AIDA/TLN1/MYO10",8,"MF",0.0506329113924051,0.0152368689307366
"MF","GO:0010485","histone H4 acetyltransferase activity","3/158","35/18639",0.0857142857142857,10.1115732368897,4.98872645065678,0.00320588100102365,0.172888363305553,0.14943709622474,"USP22/KAT5/EP300",3,"MF",0.0189873417721519,0.00187778314287247
"MF","GO:0042169","SH2 domain binding","3/158","41/18639",0.0731707317073171,8.63183081197901,4.52327512680469,0.00503161932350418,0.172888363305553,0.14943709622474,"SQSTM1/ARHGAP5/IRS1",3,"MF",0.0189873417721519,0.00219968882450775
"MF","GO:0140666","annealing activity","2/158","13/18639",0.153846153846154,18.1489776046738,5.71894044119882,0.0052382396150996,0.172888363305553,0.14943709622474,"RECQL/DDX3X",2,"MF",0.0126582278481013,0.000697462310209775
"MF","GO:0004402","histone acetyltransferase activity","3/158","42/18639",0.0714285714285714,8.42631103074141,4.45493936998439,0.00538536413965998,0.172888363305553,0.14943709622474,"USP22/KAT5/EP300",3,"MF",0.0189873417721519,0.00225333977144697
"MF","GO:0005545","1-phosphatidylinositol binding","2/158","14/18639",0.142857142857143,16.8526220614828,5.48633656874126,0.00607742658151519,0.172888363305553,0.14943709622474,"EPB41/ZFYVE9",2,"MF",0.0126582278481013,0.000751113257148989
"MF","GO:0016922","nuclear receptor binding","5/158","137/18639",0.0364963503649635,4.30541439526933,3.59039576576154,0.00626175647055726,0.172888363305553,0.14943709622474,"CNOT1/NRIP1/KDM3A/BAZ2A/EP300",5,"MF",0.0316455696202532,0.00735017973067225
"MF","GO:0061733","protein-lysine-acetyltransferase activity","3/158","47/18639",0.0638297872340425,7.52989496364126,4.14436056678403,0.00737597865598607,0.172888363305553,0.14943709622474,"USP22/KAT5/EP300",3,"MF",0.0189873417721519,0.00252159450614303
"MF","GO:0005159","insulin-like growth factor receptor binding","2/158","16/18639",0.125,14.7460443037975,5.08602361905132,0.00792573643781162,0.172888363305553,0.14943709622474,"SHC1/IRS1",2,"MF",0.0126582278481013,0.000858415151027416
"MF","GO:0005096","GTPase activator activity","7/158","271/18639",0.025830258302583,3.04715306646737,3.13884225177706,0.0084500941757208,0.172888363305553,0.14943709622474,"TBC1D14/ARHGAP5/SIPA1L3/ASAP2/TBC1D5/SMCR8/RALGAPA2",7,"MF",0.0443037974683544,0.0145394066205269
"MF","GO:0005068","transmembrane receptor protein tyrosine kinase adaptor activity","2/158","17/18639",0.117647058823529,13.8786299329859,4.91186505869299,0.00893284449198563,0.172888363305553,0.14943709622474,"SHC1/IRS1",2,"MF",0.0126582278481013,0.000912066097966629
"MF","GO:0030695","GTPase regulator activity","10/158","489/18639",0.0204498977505112,2.41244078589734,2.92652223667426,0.00894377426370571,0.172888363305553,0.14943709622474,"TBC1D14/ADRA2A/ARHGAP5/SIPA1L3/RGP1/ASAP2/TBC1D5/SMCR8/DENND4C/RALGAPA2",10,"MF",0.0632911392405063,0.0262353130532754
"MF","GO:0060589","nucleoside-triphosphatase regulator activity","10/158","490/18639",0.0204081632653061,2.40751743735469,2.9193820759389,0.00906522700088689,0.172888363305553,0.14943709622474,"TBC1D14/ADRA2A/ARHGAP5/SIPA1L3/RGP1/ASAP2/TBC1D5/SMCR8/DENND4C/RALGAPA2",10,"MF",0.0632911392405063,0.0262889640002146
"MF","GO:0005080","protein kinase C binding","3/158","52/18639",0.0576923076923077,6.80586660175268,3.87640851669492,0.00974882003354876,0.172888363305553,0.14943709622474,"SQSTM1/ADAM9/IRS1",3,"MF",0.0189873417721519,0.0027898492408391
"MF","GO:0030159","signaling receptor complex adaptor activity","3/158","52/18639",0.0576923076923077,6.80586660175268,3.87640851669492,0.00974882003354876,0.172888363305553,0.14943709622474,"DLG5/SHC1/IRS1",3,"MF",0.0189873417721519,0.0027898492408391
"MF","GO:0061629","RNA polymerase II-specific DNA-binding transcription factor binding","8/158","349/18639",0.0229226361031519,2.70414566029524,2.97151575575283,0.00993359802036273,0.172888363305553,0.14943709622474,"CNOT1/TAF6/NRIP1/TRIM32/KDM3A/GTF2I/BAZ2A/EP300",8,"MF",0.0506329113924051,0.0187241804817855
"MF","GO:0005543","phospholipid binding","10/158","497/18639",0.0201207243460765,2.37360874105392,2.86988254312775,0.00995124476857046,0.172888363305553,0.14943709622474,"ITPR3/EXOC7/EPB41/ZFYVE9/SHC1/HGS/AIDA/TLN1/MYO10/SPTBN2",10,"MF",0.0632911392405063,0.0266645206287891
"MF","GO:0005506","iron ion binding","5/158","154/18639",0.0324675324675325,3.83014137760973,3.26080048970206,0.01011160211307,0.172888363305553,0.14943709622474,"CYP51A1/ACO2/P4HA1/KDM3A/SCD5",5,"MF",0.0316455696202532,0.00826224582863888
"MF","GO:0034212","protein N-acetyltransferase activity","3/158","53/18639",0.0566037735849057,6.67745402436112,3.82704931088825,0.0102705254546933,0.172888363305553,0.14943709622474,"USP22/KAT5/EP300",3,"MF",0.0189873417721519,0.00284350018777831
"MF","GO:0043130","ubiquitin binding","4/158","100/18639",0.04,4.71873417721519,3.44760456140638,0.0103894115218187,0.172888363305553,0.14943709622474,"SQSTM1/HGS/TRIM32/RNF31",4,"MF",0.0253164556962025,0.00536509469392135
"MF","GO:0031593","polyubiquitin modification-dependent protein binding","3/158","59/18639",0.0508474576271186,5.99839090323965,3.55548484740855,0.0137382070676924,0.172888363305553,0.14943709622474,"SQSTM1/RNF169/RNF31",3,"MF",0.0189873417721519,0.00316540586941359
"MF","GO:0004842","ubiquitin-protein transferase activity","9/158","449/18639",0.0200445434298441,2.36462180372699,2.70635392272578,0.0145045427480727,0.172888363305553,0.14943709622474,"UBE4A/RNF123/PEX10/NT5C2/TRIM32/RNF169/RNF31/TRIM49D1/TTC3",9,"MF",0.0569620253164557,0.0240892751757069
"MF","GO:0032931","histone H3K56 acetyltransferase activity","2/158","22/18639",0.0909090909090909,10.7243958573072,4.21972923121216,0.0147587627212058,0.172888363305553,0.14943709622474,"KAT5/EP300",2,"MF",0.0126582278481013,0.0011803208326627
"MF","GO:0043992","histone H3K9 acetyltransferase activity","2/158","22/18639",0.0909090909090909,10.7243958573072,4.21972923121216,0.0147587627212058,0.172888363305553,0.14943709622474,"KAT5/EP300",2,"MF",0.0126582278481013,0.0011803208326627
"MF","GO:0043993","histone H3K18 acetyltransferase activity","2/158","22/18639",0.0909090909090909,10.7243958573072,4.21972923121216,0.0147587627212058,0.172888363305553,0.14943709622474,"KAT5/EP300",2,"MF",0.0126582278481013,0.0011803208326627
"MF","GO:0043994","histone H3K23 acetyltransferase activity","2/158","22/18639",0.0909090909090909,10.7243958573072,4.21972923121216,0.0147587627212058,0.172888363305553,0.14943709622474,"KAT5/EP300",2,"MF",0.0126582278481013,0.0011803208326627
"MF","GO:0043999","histone H2AK5 acetyltransferase activity","2/158","22/18639",0.0909090909090909,10.7243958573072,4.21972923121216,0.0147587627212058,0.172888363305553,0.14943709622474,"KAT5/EP300",2,"MF",0.0126582278481013,0.0011803208326627
"MF","GO:0044012","histone H2AK9 acetyltransferase activity","2/158","22/18639",0.0909090909090909,10.7243958573072,4.21972923121216,0.0147587627212058,0.172888363305553,0.14943709622474,"KAT5/EP300",2,"MF",0.0126582278481013,0.0011803208326627
"MF","GO:0044014","histone H2BK5 acetyltransferase activity","2/158","22/18639",0.0909090909090909,10.7243958573072,4.21972923121216,0.0147587627212058,0.172888363305553,0.14943709622474,"KAT5/EP300",2,"MF",0.0126582278481013,0.0011803208326627
"MF","GO:0044015","histone H2BK12 acetyltransferase activity","2/158","22/18639",0.0909090909090909,10.7243958573072,4.21972923121216,0.0147587627212058,0.172888363305553,0.14943709622474,"KAT5/EP300",2,"MF",0.0126582278481013,0.0011803208326627
"MF","GO:0044016","histone H3K4 acetyltransferase activity","2/158","22/18639",0.0909090909090909,10.7243958573072,4.21972923121216,0.0147587627212058,0.172888363305553,0.14943709622474,"KAT5/EP300",2,"MF",0.0126582278481013,0.0011803208326627
"MF","GO:0044017","histone H3K27 acetyltransferase activity","2/158","22/18639",0.0909090909090909,10.7243958573072,4.21972923121216,0.0147587627212058,0.172888363305553,0.14943709622474,"KAT5/EP300",2,"MF",0.0126582278481013,0.0011803208326627
"MF","GO:0044018","histone H3K36 acetyltransferase activity","2/158","22/18639",0.0909090909090909,10.7243958573072,4.21972923121216,0.0147587627212058,0.172888363305553,0.14943709622474,"KAT5/EP300",2,"MF",0.0126582278481013,0.0011803208326627
"MF","GO:0046972","histone H4K16 acetyltransferase activity","2/158","22/18639",0.0909090909090909,10.7243958573072,4.21972923121216,0.0147587627212058,0.172888363305553,0.14943709622474,"KAT5/EP300",2,"MF",0.0126582278481013,0.0011803208326627
"MF","GO:0140908","histone H3K122 acetyltransferase activity","2/158","22/18639",0.0909090909090909,10.7243958573072,4.21972923121216,0.0147587627212058,0.172888363305553,0.14943709622474,"KAT5/EP300",2,"MF",0.0126582278481013,0.0011803208326627
"MF","GO:0140030","modification-dependent protein binding","5/158","173/18639",0.0289017341040462,3.40949001243872,2.94392831085988,0.0160524447896551,0.175757332700557,0.151916907169502,"SQSTM1/RNF169/RNF31/BAZ2A/EP300",5,"MF",0.0316455696202532,0.00928161382048393
"MF","GO:0005158","insulin receptor binding","2/158","23/18639",0.0869565217391304,10.2581177765548,4.1077962855388,0.0160753657957827,0.175757332700557,0.151916907169502,"SHC1/IRS1",2,"MF",0.0126582278481013,0.00123397177960191
"MF","GO:0044013","histone H2B acetyltransferase activity","2/158","23/18639",0.0869565217391304,10.2581177765548,4.1077962855388,0.0160753657957827,0.175757332700557,0.151916907169502,"KAT5/EP300",2,"MF",0.0126582278481013,0.00123397177960191
"MF","GO:0043998","histone H2A acetyltransferase activity","2/158","24/18639",0.0833333333333333,9.83069620253164,4.00252919560953,0.0174402799786065,0.180413319282688,0.15594133716347,"KAT5/EP300",2,"MF",0.0126582278481013,0.00128762272654112
"MF","GO:0140033","acetylation-dependent protein binding","2/158","24/18639",0.0833333333333333,9.83069620253164,4.00252919560953,0.0174402799786065,0.180413319282688,0.15594133716347,"BAZ2A/EP300",2,"MF",0.0126582278481013,0.00128762272654112
"MF","GO:1990782","protein tyrosine kinase binding","4/158","117/18639",0.0341880341880342,4.03310613437196,3.04300076822169,0.0176012994422134,0.180413319282688,0.15594133716347,"SQSTM1/RAB8A/SHC1/IRS1",4,"MF",0.0253164556962025,0.00627716079188798
"MF","GO:0008139","nuclear localization sequence binding","2/158","25/18639",0.08,9.43746835443038,3.9032625988166,0.018852602489947,0.184545421974195,0.159512944966998,"POM121/KPNB1",2,"MF",0.0126582278481013,0.00134127367348034
"MF","GO:0042974","nuclear retinoic acid receptor binding","2/158","25/18639",0.08,9.43746835443038,3.9032625988166,0.018852602489947,0.184545421974195,0.159512944966998,"CNOT1/NRIP1",2,"MF",0.0126582278481013,0.00134127367348034
"MF","GO:0032182","ubiquitin-like protein binding","4/158","120/18639",0.0333333333333333,3.93227848101266,2.97956273580328,0.0191297083753739,0.184545421974195,0.159512944966998,"SQSTM1/HGS/TRIM32/RNF31",4,"MF",0.0253164556962025,0.00643811363270562
"MF","GO:0030507","spectrin binding","2/158","26/18639",0.0769230769230769,9.0744888023369,3.80942112270656,0.0203114422137616,0.188551501305108,0.162975623721146,"EPB41/MYO10",2,"MF",0.0126582278481013,0.00139492462041955
"MF","GO:0050681","nuclear androgen receptor binding","2/158","26/18639",0.0769230769230769,9.0744888023369,3.80942112270656,0.0203114422137616,0.188551501305108,0.162975623721146,"KDM3A/EP300",2,"MF",0.0126582278481013,0.00139492462041955
"MF","GO:0008080","N-acetyltransferase activity","3/158","69/18639",0.0434782608695652,5.12905888827738,3.17713108667625,0.0208297821166499,0.188885810353927,0.163264585757352,"USP22/KAT5/EP300",3,"MF",0.0189873417721519,0.00370191533880573
"MF","GO:0019787","ubiquitin-like protein transferase activity","9/158","479/18639",0.0187891440501044,2.21652440474617,2.49399813298536,0.0211152836777764,0.188885810353927,0.163264585757352,"UBE4A/RNF123/PEX10/NT5C2/TRIM32/RNF169/RNF31/TRIM49D1/TTC3",9,"MF",0.0569620253164557,0.0256988035838833
"MF","GO:0036408","histone H3K14 acetyltransferase activity","2/158","28/18639",0.0714285714285714,8.42631103074141,3.63607438547718,0.0233651663695945,0.202547726134503,0.175073344797474,"KAT5/EP300",2,"MF",0.0126582278481013,0.00150222651429798
"MF","GO:0140297","DNA-binding transcription factor binding","9/158","488/18639",0.0184426229508197,2.17564588088815,2.43333343096646,0.0234658951009486,0.202547726134503,0.175073344797474,"CNOT1/TAF6/NRIP1/TRIM32/KDM3A/KAT5/GTF2I/BAZ2A/EP300",9,"MF",0.0569620253164557,0.0261816621063362
"MF","GO:0035591","signaling adaptor activity","4/158","129/18639",0.0310077519379845,3.65793347070945,2.80092329513141,0.0241976706606831,0.205262999397518,0.177420307566533,"DLG5/SHC1/IRS1/DDX3X",4,"MF",0.0253164556962025,0.00692097215515854
"MF","GO:0010484","histone H3 acetyltransferase activity","2/158","29/18639",0.0689655172413793,8.1357485814055,3.55574670197573,0.0249583257174721,0.207690785912589,0.179518779436641,"KAT5/EP300",2,"MF",0.0126582278481013,0.00155587746123719
"MF","GO:0016755","aminoacyltransferase activity","9/158","496/18639",0.0181451612903226,2.14055481829318,2.38049851646442,0.0257078982223186,0.207690785912589,0.179518779436641,"UBE4A/RNF123/PEX10/NT5C2/TRIM32/RNF169/RNF31/TRIM49D1/TTC3",9,"MF",0.0569620253164557,0.0266108696818499
"MF","GO:0043995","histone H4K5 acetyltransferase activity","2/158","30/18639",0.0666666666666667,7.86455696202532,3.47918150682279,0.0265945518546607,0.207690785912589,0.179518779436641,"KAT5/EP300",2,"MF",0.0126582278481013,0.0016095284081764
"MF","GO:0043996","histone H4K8 acetyltransferase activity","2/158","30/18639",0.0666666666666667,7.86455696202532,3.47918150682279,0.0265945518546607,0.207690785912589,0.179518779436641,"KAT5/EP300",2,"MF",0.0126582278481013,0.0016095284081764
"MF","GO:0043997","histone H4K12 acetyltransferase activity","2/158","30/18639",0.0666666666666667,7.86455696202532,3.47918150682279,0.0265945518546607,0.207690785912589,0.179518779436641,"KAT5/EP300",2,"MF",0.0126582278481013,0.0016095284081764
"MF","GO:0005452","solute:inorganic anion antiporter activity","2/158","31/18639",0.0645161290322581,7.61086157615353,3.40607750061666,0.0282730100483903,0.217348764747,0.187866711505751,"SLC4A2/SLC26A1",2,"MF",0.0126582278481013,0.00166317935511562
"MF","GO:0015106","bicarbonate transmembrane transporter activity","2/158","32/18639",0.0625,7.37302215189873,3.3361663844042,0.0299928764648269,0.223583260919619,0.193255535754228,"SLC4A2/SLC26A1",2,"MF",0.0126582278481013,0.00171683030205483
"MF","GO:0031369","translation initiation factor binding","2/158","32/18639",0.0625,7.37302215189873,3.3361663844042,0.0299928764648269,0.223583260919619,0.193255535754228,"TRIM32/DDX3X",2,"MF",0.0126582278481013,0.00171683030205483
"MF","GO:0061630","ubiquitin protein ligase activity","7/158","353/18639",0.0198300283286119,2.33931581023416,2.34896450490802,0.0310698501066747,0.226415106068639,0.195703258133783,"UBE4A/RNF123/PEX10/NT5C2/TRIM32/RNF31/TRIM49D1",7,"MF",0.0443037974683544,0.0189387842695424
"MF","GO:0030971","receptor tyrosine kinase binding","3/158","81/18639",0.037037037037037,4.36919831223629,2.80975829727919,0.0315338619891089,0.226415106068639,0.195703258133783,"SQSTM1/SHC1/IRS1",3,"MF",0.0189873417721519,0.00434572670207629
"MF","GO:0140416","transcription regulator inhibitor activity","2/158","33/18639",0.0606060606060606,7.14959723820483,3.26920834105944,0.0317533380462116,0.226415106068639,0.195703258133783,"PKD1/DNAJB1",2,"MF",0.0126582278481013,0.00177048124899404
"MF","GO:0051015","actin filament binding","5/158","209/18639",0.0239234449760766,2.82220943613349,2.44948187575283,0.032865183049428,0.230995286575979,0.199662164691262,"TLN1/FERMT1/MYO18A/MYO10/SPTBN2",5,"MF",0.0316455696202532,0.0112130479102956
"MF","GO:0008094","ATP-dependent activity, acting on DNA","5/158","210/18639",0.0238095238095238,2.80877034358047,2.43729251496499,0.0334451420202815,0.231760702450401,0.200323756503984,"RECQL/MYO18A/DHX38/MORC2/DDX3X",5,"MF",0.0316455696202532,0.0112666988572348
"MF","GO:0043394","proteoglycan binding","2/158","37/18639",0.0540540540540541,6.37666780704755,3.02691141006267,0.0391852452553537,0.251441317372659,0.217334814331524,"TNC/PTPRS",2,"MF",0.0126582278481013,0.0019850850367509
"MF","GO:0061659","ubiquitin-like protein ligase activity","7/158","372/18639",0.0188172043010753,2.21983462637811,2.19737549179845,0.0394845971432937,0.251441317372659,0.217334814331524,"UBE4A/RNF123/PEX10/NT5C2/TRIM32/RNF31/TRIM49D1",7,"MF",0.0443037974683544,0.0199581522613874
"MF","GO:0000510","H3-H4 histone complex chaperone activity","4/158","151/18639",0.0264900662251656,3.12498952133456,2.42418502369509,0.0397392527448335,0.251441317372659,0.217334814331524,"RECQL/DHX38/MORC2/DDX3X",4,"MF",0.0253164556962025,0.00810129298782124
"MF","GO:0140584","chromatin extrusion motor activity","4/158","151/18639",0.0264900662251656,3.12498952133456,2.42418502369509,0.0397392527448335,0.251441317372659,0.217334814331524,"RECQL/DHX38/MORC2/DDX3X",4,"MF",0.0253164556962025,0.00810129298782124
"MF","GO:0140665","ATP-dependent H3-H4 histone complex chaperone activity","4/158","151/18639",0.0264900662251656,3.12498952133456,2.42418502369509,0.0397392527448335,0.251441317372659,0.217334814331524,"RECQL/DHX38/MORC2/DDX3X",4,"MF",0.0253164556962025,0.00810129298782124
"MF","GO:0140849","ATP-dependent H2AZ histone chaperone activity","4/158","151/18639",0.0264900662251656,3.12498952133456,2.42418502369509,0.0397392527448335,0.251441317372659,0.217334814331524,"RECQL/DHX38/MORC2/DDX3X",4,"MF",0.0253164556962025,0.00810129298782124
"MF","GO:0015616","DNA translocase activity","4/158","152/18639",0.0263157894736842,3.10443037974684,2.40873265131237,0.0405540699971911,0.251441317372659,0.217334814331524,"RECQL/DHX38/MORC2/DDX3X",4,"MF",0.0253164556962025,0.00815494393476045
"MF","GO:0140674","ATP-dependent histone chaperone activity","4/158","152/18639",0.0263157894736842,3.10443037974684,2.40873265131237,0.0405540699971911,0.251441317372659,0.217334814331524,"RECQL/DHX38/MORC2/DDX3X",4,"MF",0.0253164556962025,0.00815494393476045
"MF","GO:0061775","cohesin loader activity","4/158","153/18639",0.0261437908496732,3.08413998510797,2.39340718538579,0.0413783687307817,0.251441317372659,0.217334814331524,"RECQL/DHX38/MORC2/DDX3X",4,"MF",0.0253164556962025,0.00820859488169966
"MF","GO:0051219","phosphoprotein binding","3/158","93/18639",0.032258064516129,3.80543078807677,2.5077334275341,0.044604450332496,0.251441317372659,0.217334814331524,"EPB41/SHC1/IRS1",3,"MF",0.0189873417721519,0.00498953806534685
"MF","GO:0030331","nuclear estrogen receptor binding","2/158","40/18639",0.05,5.89841772151899,2.86752015906711,0.0451471442678063,0.251441317372659,0.217334814331524,"CNOT1/NRIP1",2,"MF",0.0126582278481013,0.00214603787756854
"MF","GO:0032451","demethylase activity","2/158","40/18639",0.05,5.89841772151899,2.86752015906711,0.0451471442678063,0.251441317372659,0.217334814331524,"CYP51A1/KDM3A",2,"MF",0.0126582278481013,0.00214603787756854
"MF","GO:0140658","ATP-dependent chromatin remodeler activity","4/158","158/18639",0.0253164556962025,2.98654061849063,2.3186154372616,0.0456420556857319,0.251441317372659,0.217334814331524,"RECQL/DHX38/MORC2/DDX3X",4,"MF",0.0253164556962025,0.00847684961639573
"MF","GO:0016747","acyltransferase activity, transferring groups other than amino-acyl groups","5/158","229/18639",0.0218340611353712,2.57572826267205,2.21838865356612,0.0456858592521682,0.251441317372659,0.217334814331524,"USP22/CERS6/KAT5/GLYATL1B/EP300",5,"MF",0.0316455696202532,0.0122860668490799
"MF","GO:0003689","DNA clamp loader activity","4/158","160/18639",0.025,2.94920886075949,2.28952083060147,0.0474138280470396,0.251441317372659,0.217334814331524,"RECQL/DHX38/MORC2/DDX3X",4,"MF",0.0253164556962025,0.00858415151027416
"MF","GO:0016407","acetyltransferase activity","3/158","96/18639",0.03125,3.68651107594937,2.44005556627524,0.0482323084524817,0.251441317372659,0.217334814331524,"USP22/KAT5/EP300",3,"MF",0.0189873417721519,0.00515049090616449
"MF","GO:0005178","integrin binding","4/158","161/18639",0.0248447204968944,2.93089079330136,2.27514265126206,0.0483138989115834,0.251441317372659,0.217334814331524,"ADAM9/TLN1/FERMT1/TNC",4,"MF",0.0253164556962025,0.00863780245721337
"MF","GO:0140713","histone chaperone activity","4/158","164/18639",0.024390243902439,2.87727693732634,2.23266471552477,0.0510707512854059,0.251441317372659,0.217334814331524,"RECQL/DHX38/MORC2/DDX3X",4,"MF",0.0253164556962025,0.00879875529803101
"MF","GO:0001228","DNA-binding transcription activator activity, RNA polymerase II-specific","8/158","484/18639",0.0165289256198347,1.94989015587405,1.95777782346696,0.0542741400836705,0.251441317372659,0.217334814331524,"BHLHA15/EHF/ZNF770/ZNF384/ZSCAN21/GTF2I/RLF/KLF13",8,"MF",0.0506329113924051,0.0259670583185793
"MF","GO:0140303","intramembrane lipid transporter activity","2/158","45/18639",0.0444444444444444,5.24303797468354,2.63488840238808,0.0557635351292649,0.251441317372659,0.217334814331524,"ATG9A/ATP11A",2,"MF",0.0126582278481013,0.00241429261226461
"MF","GO:0004694","eukaryotic translation initiation factor 2alpha kinase activity","5/158","243/18639",0.0205761316872428,2.42733239568683,2.0707707551584,0.0562132095682489,0.251441317372659,0.217334814331524,"CDC42BPB/CSNK1A1/NEK4/VRK2/HASPIN",5,"MF",0.0316455696202532,0.0130371801062289
"MF","GO:0004676","3-phosphoinositide-dependent protein kinase activity","5/158","245/18639",0.0204081632653061,2.40751743735469,2.05052089280219,0.0578223625753851,0.251441317372659,0.217334814331524,"CDC42BPB/CSNK1A1/NEK4/VRK2/HASPIN",5,"MF",0.0316455696202532,0.0131444820001073
"MF","GO:0004711","ribosomal protein S6 kinase activity","5/158","245/18639",0.0204081632653061,2.40751743735469,2.05052089280219,0.0578223625753851,0.251441317372659,0.217334814331524,"CDC42BPB/CSNK1A1/NEK4/VRK2/HASPIN",5,"MF",0.0316455696202532,0.0131444820001073
"MF","GO:0035175","histone H3S10 kinase activity","5/158","245/18639",0.0204081632653061,2.40751743735469,2.05052089280219,0.0578223625753851,0.251441317372659,0.217334814331524,"CDC42BPB/CSNK1A1/NEK4/VRK2/HASPIN",5,"MF",0.0316455696202532,0.0131444820001073
"MF","GO:0035979","histone H2AXS139 kinase activity","5/158","245/18639",0.0204081632653061,2.40751743735469,2.05052089280219,0.0578223625753851,0.251441317372659,0.217334814331524,"CDC42BPB/CSNK1A1/NEK4/VRK2/HASPIN",5,"MF",0.0316455696202532,0.0131444820001073
"MF","GO:0044022","histone H3S28 kinase activity","5/158","245/18639",0.0204081632653061,2.40751743735469,2.05052089280219,0.0578223625753851,0.251441317372659,0.217334814331524,"CDC42BPB/CSNK1A1/NEK4/VRK2/HASPIN",5,"MF",0.0316455696202532,0.0131444820001073
"MF","GO:0044023","histone H4S1 kinase activity","5/158","245/18639",0.0204081632653061,2.40751743735469,2.05052089280219,0.0578223625753851,0.251441317372659,0.217334814331524,"CDC42BPB/CSNK1A1/NEK4/VRK2/HASPIN",5,"MF",0.0316455696202532,0.0131444820001073
"MF","GO:0044024","histone H2AS1 kinase activity","5/158","245/18639",0.0204081632653061,2.40751743735469,2.05052089280219,0.0578223625753851,0.251441317372659,0.217334814331524,"CDC42BPB/CSNK1A1/NEK4/VRK2/HASPIN",5,"MF",0.0316455696202532,0.0131444820001073
"MF","GO:0044025","histone H2BS14 kinase activity","5/158","245/18639",0.0204081632653061,2.40751743735469,2.05052089280219,0.0578223625753851,0.251441317372659,0.217334814331524,"CDC42BPB/CSNK1A1/NEK4/VRK2/HASPIN",5,"MF",0.0316455696202532,0.0131444820001073
"MF","GO:0072354","histone H3T3 kinase activity","5/158","245/18639",0.0204081632653061,2.40751743735469,2.05052089280219,0.0578223625753851,0.251441317372659,0.217334814331524,"CDC42BPB/CSNK1A1/NEK4/VRK2/HASPIN",5,"MF",0.0316455696202532,0.0131444820001073
"MF","GO:0072371","histone H2AS121 kinase activity","5/158","245/18639",0.0204081632653061,2.40751743735469,2.05052089280219,0.0578223625753851,0.251441317372659,0.217334814331524,"CDC42BPB/CSNK1A1/NEK4/VRK2/HASPIN",5,"MF",0.0316455696202532,0.0131444820001073
"MF","GO:0072518","Rho-dependent protein serine/threonine kinase activity","5/158","245/18639",0.0204081632653061,2.40751743735469,2.05052089280219,0.0578223625753851,0.251441317372659,0.217334814331524,"CDC42BPB/CSNK1A1/NEK4/VRK2/HASPIN",5,"MF",0.0316455696202532,0.0131444820001073
"MF","GO:0140823","histone H2BS36 kinase activity","5/158","245/18639",0.0204081632653061,2.40751743735469,2.05052089280219,0.0578223625753851,0.251441317372659,0.217334814331524,"CDC42BPB/CSNK1A1/NEK4/VRK2/HASPIN",5,"MF",0.0316455696202532,0.0131444820001073
"MF","GO:0140855","histone H3S57 kinase activity","5/158","245/18639",0.0204081632653061,2.40751743735469,2.05052089280219,0.0578223625753851,0.251441317372659,0.217334814331524,"CDC42BPB/CSNK1A1/NEK4/VRK2/HASPIN",5,"MF",0.0316455696202532,0.0131444820001073
"MF","GO:0140995","histone H2A kinase activity","5/158","245/18639",0.0204081632653061,2.40751743735469,2.05052089280219,0.0578223625753851,0.251441317372659,0.217334814331524,"CDC42BPB/CSNK1A1/NEK4/VRK2/HASPIN",5,"MF",0.0316455696202532,0.0131444820001073
"MF","GO:0140997","histone H4 kinase activity","5/158","245/18639",0.0204081632653061,2.40751743735469,2.05052089280219,0.0578223625753851,0.251441317372659,0.217334814331524,"CDC42BPB/CSNK1A1/NEK4/VRK2/HASPIN",5,"MF",0.0316455696202532,0.0131444820001073
"MF","GO:0140998","histone H2B kinase activity","5/158","245/18639",0.0204081632653061,2.40751743735469,2.05052089280219,0.0578223625753851,0.251441317372659,0.217334814331524,"CDC42BPB/CSNK1A1/NEK4/VRK2/HASPIN",5,"MF",0.0316455696202532,0.0131444820001073
"MF","GO:1990244","histone H2AT120 kinase activity","5/158","245/18639",0.0204081632653061,2.40751743735469,2.05052089280219,0.0578223625753851,0.251441317372659,0.217334814331524,"CDC42BPB/CSNK1A1/NEK4/VRK2/HASPIN",5,"MF",0.0316455696202532,0.0131444820001073
"MF","GO:0001216","DNA-binding transcription activator activity","8/158","491/18639",0.0162932790224033,1.92209131454794,1.91454578088259,0.05805521670021,0.251441317372659,0.217334814331524,"BHLHA15/EHF/ZNF770/ZNF384/ZSCAN21/GTF2I/RLF/KLF13",8,"MF",0.0506329113924051,0.0263426149471538
"MF","GO:0004677","DNA-dependent protein kinase activity","5/158","246/18639",0.0203252032520325,2.39773078110528,2.04047022193687,0.0586368058484944,0.251441317372659,0.217334814331524,"CDC42BPB/CSNK1A1/NEK4/VRK2/HASPIN",5,"MF",0.0316455696202532,0.0131981329470465
"MF","GO:0140857","histone H3T45 kinase activity","5/158","246/18639",0.0203252032520325,2.39773078110528,2.04047022193687,0.0586368058484944,0.251441317372659,0.217334814331524,"CDC42BPB/CSNK1A1/NEK4/VRK2/HASPIN",5,"MF",0.0316455696202532,0.0131981329470465
"MF","GO:0035402","histone H3T11 kinase activity","5/158","247/18639",0.0202429149797571,2.38802336903603,2.0304684197082,0.0594578241626331,0.251441317372659,0.217334814331524,"CDC42BPB/CSNK1A1/NEK4/VRK2/HASPIN",5,"MF",0.0316455696202532,0.0132517838939857
"MF","GO:0035403","histone H3T6 kinase activity","5/158","247/18639",0.0202429149797571,2.38802336903603,2.0304684197082,0.0594578241626331,0.251441317372659,0.217334814331524,"CDC42BPB/CSNK1A1/NEK4/VRK2/HASPIN",5,"MF",0.0316455696202532,0.0132517838939857
"MF","GO:0001784","phosphotyrosine residue binding","2/158","47/18639",0.0425531914893617,5.01992997576084,2.55134873769642,0.0602316086060052,0.251441317372659,0.217334814331524,"SHC1/IRS1",2,"MF",0.0126582278481013,0.00252159450614303
"MF","GO:0004679","AMP-activated protein kinase activity","5/158","248/18639",0.0201612903225806,2.37839424254798,2.02051501571149,0.0602854148396493,0.251441317372659,0.217334814331524,"CDC42BPB/CSNK1A1/NEK4/VRK2/HASPIN",5,"MF",0.0316455696202532,0.0133054348409249
"MF","GO:0042277","peptide binding","5/158","249/18639",0.0200803212851406,2.36884245844136,2.01060954601951,0.0611195747446458,0.251441317372659,0.217334814331524,"GRPR/BCHE/POM121/LDLR/KPNB1",5,"MF",0.0316455696202532,0.0133590857878642
"MF","GO:0140104","molecular carrier activity","5/158","249/18639",0.0200803212851406,2.36884245844136,2.01060954601951,0.0611195747446458,0.251441317372659,0.217334814331524,"RECQL/DHX38/KPNB1/MORC2/DDX3X",5,"MF",0.0316455696202532,0.0133590857878642
"MF","GO:0000149","SNARE binding","3/158","106/18639",0.0283018867924528,3.33872701218056,2.23267271597286,0.0613271505786974,0.251441317372659,0.217334814331524,"SEC24C/VPS52/STX17",3,"MF",0.0189873417721519,0.00568700037555663
"MF","GO:0008013","beta-catenin binding","3/158","106/18639",0.0283018867924528,3.33872701218056,2.23267271597286,0.0613271505786974,0.251441317372659,0.217334814331524,"DLG5/BCL9L/EP300",3,"MF",0.0189873417721519,0.00568700037555663
"MF","GO:0043021","ribonucleoprotein complex binding","4/158","177/18639",0.0225988700564972,2.66595151255095,2.05908882042149,0.063991325035599,0.258606368126167,0.223527969026469,"PRMT5/SMG6/NEMF/DDX3X",4,"MF",0.0253164556962025,0.00949621760824079
"MF","GO:0004843","cysteine-type deubiquitinase activity","3/158","108/18639",0.0277777777777778,3.27689873417722,2.19417685188867,0.0641259693320984,0.258606368126167,0.223527969026469,"USP54/USP22/USP34",3,"MF",0.0189873417721519,0.00579430226943506
"MF","GO:0060590","ATPase regulator activity","2/158","49/18639",0.0408163265306122,4.81503487470938,2.4724204161819,0.0648181418128701,0.25927256725148,0.22410380224561,"DNAJB1/HSPA4",2,"MF",0.0126582278481013,0.00262889640002146
"MF","GO:0140097","catalytic activity, acting on DNA","6/158","336/18639",0.0178571428571429,2.10657775768535,1.89258720249969,0.0667973371423214,0.265034595758243,0.229084246226637,"RECQL/FAN1/MYO18A/DHX38/MORC2/DDX3X",6,"MF",0.0379746835443038,0.0180267181715757
"MF","GO:0016705","oxidoreductase activity, acting on paired donors, with incorporation or reduction of molecular oxygen","4/158","181/18639",0.0220994475138122,2.60703545702497,2.00880550215977,0.0682813910225309,0.268755555064682,0.232300479773495,"CYP51A1/P4HA1/KDM3A/SCD5",4,"MF",0.0253164556962025,0.00971082139599764
"MF","GO:0005048","signal sequence binding","2/158","51/18639",0.0392156862745098,4.62620997766195,2.39765762781466,0.06951791928659,0.2707838314689,0.23405363267744,"POM121/KPNB1",2,"MF",0.0126582278481013,0.00273619829389989
"MF","GO:0005200","structural constituent of cytoskeleton","3/158","112/18639",0.0267857142857143,3.15986663652803,2.11981938936239,0.0698974524320128,0.2707838314689,0.23405363267744,"EPB41/TLN1/SPTBN2",3,"MF",0.0189873417721519,0.00600890605719191
"MF","GO:0101005","deubiquitinase activity","3/158","115/18639",0.0260869565217391,3.07743533296643,2.06621024924906,0.0743749966390003,0.273097852065835,0.23605377029225,"USP54/USP22/USP34",3,"MF",0.0189873417721519,0.00616985889800955
"MF","GO:0140597","protein carrier chaperone","4/158","188/18639",0.0212765957446809,2.50996498788042,1.92398335779478,0.0761379350928636,0.273097852065835,0.23605377029225,"RECQL/DHX38/MORC2/DDX3X",4,"MF",0.0253164556962025,0.0100863780245721
"MF","GO:0001164","RNA polymerase I core promoter sequence-specific DNA binding","1/158","10/18639",0.1,11.796835443038,3.1576731519832,0.0816259156444397,0.273097852065835,0.23605377029225,"BAZ2A",1,"MF",0.00632911392405063,0.000536509469392135
"MF","GO:0004935","adrenergic receptor activity","1/158","10/18639",0.1,11.796835443038,3.1576731519832,0.0816259156444397,0.273097852065835,0.23605377029225,"ADRA2A",1,"MF",0.00632911392405063,0.000536509469392135
"MF","GO:0008190","eukaryotic initiation factor 4E binding","1/158","10/18639",0.1,11.796835443038,3.1576731519832,0.0816259156444397,0.273097852065835,0.23605377029225,"DDX3X",1,"MF",0.00632911392405063,0.000536509469392135
"MF","GO:0019531","oxalate transmembrane transporter activity","1/158","10/18639",0.1,11.796835443038,3.1576731519832,0.0816259156444397,0.273097852065835,0.23605377029225,"SLC26A1",1,"MF",0.00632911392405063,0.000536509469392135
"MF","GO:0030957","Tat protein binding","1/158","10/18639",0.1,11.796835443038,3.1576731519832,0.0816259156444397,0.273097852065835,0.23605377029225,"TRIM32",1,"MF",0.00632911392405063,0.000536509469392135
"MF","GO:0031996","thioesterase binding","1/158","10/18639",0.1,11.796835443038,3.1576731519832,0.0816259156444397,0.273097852065835,0.23605377029225,"ADRA2A",1,"MF",0.00632911392405063,0.000536509469392135
"MF","GO:0035374","chondroitin sulfate binding","1/158","10/18639",0.1,11.796835443038,3.1576731519832,0.0816259156444397,0.273097852065835,0.23605377029225,"PTPRS",1,"MF",0.00632911392405063,0.000536509469392135
"MF","GO:0036435","K48-linked polyubiquitin modification-dependent protein binding","1/158","10/18639",0.1,11.796835443038,3.1576731519832,0.0816259156444397,0.273097852065835,0.23605377029225,"RNF31",1,"MF",0.00632911392405063,0.000536509469392135
"MF","GO:0043121","neurotrophin binding","1/158","10/18639",0.1,11.796835443038,3.1576731519832,0.0816259156444397,0.273097852065835,0.23605377029225,"PCSK6",1,"MF",0.00632911392405063,0.000536509469392135
"MF","GO:0050308","sugar-phosphatase activity","1/158","10/18639",0.1,11.796835443038,3.1576731519832,0.0816259156444397,0.273097852065835,0.23605377029225,"PFKFB3",1,"MF",0.00632911392405063,0.000536509469392135
"MF","GO:0140940","histone H2A methyltransferase activity","1/158","10/18639",0.1,11.796835443038,3.1576731519832,0.0816259156444397,0.273097852065835,0.23605377029225,"PRMT5",1,"MF",0.00632911392405063,0.000536509469392135
"MF","GO:1905394","retromer complex binding","1/158","10/18639",0.1,11.796835443038,3.1576731519832,0.0816259156444397,0.273097852065835,0.23605377029225,"TBC1D5",1,"MF",0.00632911392405063,0.000536509469392135
"MF","GO:1990259","histone H2AQ104 methyltransferase activity","1/158","10/18639",0.1,11.796835443038,3.1576731519832,0.0816259156444397,0.273097852065835,0.23605377029225,"PRMT5",1,"MF",0.00632911392405063,0.000536509469392135
"MF","GO:0003779","actin binding","7/158","443/18639",0.0158013544018059,1.86405977655228,1.70185733637907,0.0834250360206202,0.273097852065835,0.23605377029225,"CAP1/EPB41/TLN1/FERMT1/MYO18A/MYO10/SPTBN2",7,"MF",0.0443037974683544,0.0237673694940716
"MF","GO:0106310","protein serine kinase activity","6/158","361/18639",0.0166204986149584,1.96069287141905,1.70427352008102,0.0872410968550336,0.273097852065835,0.23605377029225,"CDC42BPB/CSNK1A1/NEK4/VRK2/HASPIN/PRKG2",6,"MF",0.0379746835443038,0.0193679918450561
"MF","GO:0045309","protein phosphorylated amino acid binding","2/158","59/18639",0.0338983050847458,3.99892726882643,2.13321460229968,0.0893500081029595,0.273097852065835,0.23605377029225,"SHC1/IRS1",2,"MF",0.0126582278481013,0.00316540586941359
"MF","GO:0070888","E-box binding","2/158","59/18639",0.0338983050847458,3.99892726882643,2.13321460229968,0.0893500081029595,0.273097852065835,0.23605377029225,"BHLHA15/PRMT5",2,"MF",0.0126582278481013,0.00316540586941359
"MF","GO:0001163","RNA polymerase I transcription regulatory region sequence-specific DNA binding","1/158","11/18639",0.0909090909090909,10.7243958573072,2.98291804407111,0.0894150135739141,0.273097852065835,0.23605377029225,"BAZ2A",1,"MF",0.00632911392405063,0.000590160416331348
"MF","GO:0003953","NAD+ nucleosidase activity","1/158","11/18639",0.0909090909090909,10.7243958573072,2.98291804407111,0.0894150135739141,0.273097852065835,0.23605377029225,"IL1RAPL1",1,"MF",0.00632911392405063,0.000590160416331348
"MF","GO:0005536","D-glucose binding","1/158","11/18639",0.0909090909090909,10.7243958573072,2.98291804407111,0.0894150135739141,0.273097852065835,0.23605377029225,"HK2",1,"MF",0.00632911392405063,0.000590160416331348
"MF","GO:0008271","secondary active sulfate transmembrane transporter activity","1/158","11/18639",0.0909090909090909,10.7243958573072,2.98291804407111,0.0894150135739141,0.273097852065835,0.23605377029225,"SLC26A1",1,"MF",0.00632911392405063,0.000590160416331348
"MF","GO:0016594","glycine binding","1/158","11/18639",0.0909090909090909,10.7243958573072,2.98291804407111,0.0894150135739141,0.273097852065835,0.23605377029225,"GRIN3A",1,"MF",0.00632911392405063,0.000590160416331348
"MF","GO:0016717","oxidoreductase activity, acting on paired donors, with oxidation of a pair of donors resulting in the reduction of molecular oxygen to two molecules of water","1/158","11/18639",0.0909090909090909,10.7243958573072,2.98291804407111,0.0894150135739141,0.273097852065835,0.23605377029225,"SCD5",1,"MF",0.00632911392405063,0.000590160416331348
"MF","GO:0019203","carbohydrate phosphatase activity","1/158","11/18639",0.0909090909090909,10.7243958573072,2.98291804407111,0.0894150135739141,0.273097852065835,0.23605377029225,"PFKFB3",1,"MF",0.00632911392405063,0.000590160416331348
"MF","GO:0032050","clathrin heavy chain binding","1/158","11/18639",0.0909090909090909,10.7243958573072,2.98291804407111,0.0894150135739141,0.273097852065835,0.23605377029225,"LDLR",1,"MF",0.00632911392405063,0.000590160416331348
"MF","GO:0016706","2-oxoglutarate-dependent dioxygenase activity","2/158","60/18639",0.0333333333333333,3.93227848101266,2.10346424753203,0.0919354203413207,0.273097852065835,0.23605377029225,"P4HA1/KDM3A",2,"MF",0.0126582278481013,0.00321905681635281
"MF","GO:0031267","small GTPase binding","5/158","283/18639",0.0176678445229682,2.08424654470636,1.69940817743616,0.0933383679735629,0.273097852065835,0.23605377029225,"CDC42BPB/RAB8A/RGP1/RAB11FIP1/KPNB1",5,"MF",0.0316455696202532,0.0151832179837974
"MF","GO:0019783","ubiquitin-like protein peptidase activity","3/158","127/18639",0.0236220472440945,2.78665404166251,1.86801826988642,0.0935004567513602,0.273097852065835,0.23605377029225,"USP54/USP22/USP34",3,"MF",0.0189873417721519,0.00681367026128011
"MF","GO:0016836","hydro-lyase activity","2/158","61/18639",0.0327868852459016,3.86781489935671,2.07434991856313,0.0945425765711443,0.273097852065835,0.23605377029225,"CA12/ACO2",2,"MF",0.0126582278481013,0.00327270776329202
"MF","GO:0031490","chromatin DNA binding","3/158","128/18639",0.0234375,2.76488330696203,1.8525566762504,0.0951781084087995,0.273097852065835,0.23605377029225,"SMARCC2/KDM3A/EP300",3,"MF",0.0189873417721519,0.00686732120821933
"MF","GO:0005165","neurotrophin receptor binding","1/158","12/18639",0.0833333333333333,9.83069620253164,2.82930373984667,0.0971384636413032,0.273097852065835,0.23605377029225,"SHC1",1,"MF",0.00632911392405063,0.000643811363270562
"MF","GO:0008179","adenylate cyclase binding","1/158","12/18639",0.0833333333333333,9.83069620253164,2.82930373984667,0.0971384636413032,0.273097852065835,0.23605377029225,"CAP1",1,"MF",0.00632911392405063,0.000643811363270562
"MF","GO:0016273","arginine N-methyltransferase activity","1/158","12/18639",0.0833333333333333,9.83069620253164,2.82930373984667,0.0971384636413032,0.273097852065835,0.23605377029225,"PRMT5",1,"MF",0.00632911392405063,0.000643811363270562
"MF","GO:0016274","protein-arginine N-methyltransferase activity","1/158","12/18639",0.0833333333333333,9.83069620253164,2.82930373984667,0.0971384636413032,0.273097852065835,0.23605377029225,"PRMT5",1,"MF",0.00632911392405063,0.000643811363270562
"MF","GO:0017166","vinculin binding","1/158","12/18639",0.0833333333333333,9.83069620253164,2.82930373984667,0.0971384636413032,0.273097852065835,0.23605377029225,"TLN1",1,"MF",0.00632911392405063,0.000643811363270562
"MF","GO:0031543","peptidyl-proline dioxygenase activity","1/158","12/18639",0.0833333333333333,9.83069620253164,2.82930373984667,0.0971384636413032,0.273097852065835,0.23605377029225,"P4HA1",1,"MF",0.00632911392405063,0.000643811363270562
"MF","GO:0035259","nuclear glucocorticoid receptor binding","1/158","12/18639",0.0833333333333333,9.83069620253164,2.82930373984667,0.0971384636413032,0.273097852065835,0.23605377029225,"NRIP1",1,"MF",0.00632911392405063,0.000643811363270562
"MF","GO:0036009","protein-glutamine N-methyltransferase activity","1/158","12/18639",0.0833333333333333,9.83069620253164,2.82930373984667,0.0971384636413032,0.273097852065835,0.23605377029225,"PRMT5",1,"MF",0.00632911392405063,0.000643811363270562
"MF","GO:0070679","inositol 1,4,5 trisphosphate binding","1/158","12/18639",0.0833333333333333,9.83069620253164,2.82930373984667,0.0971384636413032,0.273097852065835,0.23605377029225,"ITPR3",1,"MF",0.00632911392405063,0.000643811363270562
"MF","GO:0097677","STAT family protein binding","1/158","12/18639",0.0833333333333333,9.83069620253164,2.82930373984667,0.0971384636413032,0.273097852065835,0.23605377029225,"EP300",1,"MF",0.00632911392405063,0.000643811363270562
"MF","GO:0140807","NAD+-protein-glutamate ADP-ribosyltransferase activity","1/158","12/18639",0.0833333333333333,9.83069620253164,2.82930373984667,0.0971384636413032,0.273097852065835,0.23605377029225,"PARP4",1,"MF",0.00632911392405063,0.000643811363270562
"MF","GO:0140822","NAD+-histone H2BE35 glutamate ADP-ribosyltransferase activity","1/158","12/18639",0.0833333333333333,9.83069620253164,2.82930373984667,0.0971384636413032,0.273097852065835,0.23605377029225,"PARP4",1,"MF",0.00632911392405063,0.000643811363270562
"MF","GO:0140829","bicarbonate:monoatomic anion antiporter activity","1/158","12/18639",0.0833333333333333,9.83069620253164,2.82930373984667,0.0971384636413032,0.273097852065835,0.23605377029225,"SLC4A2",1,"MF",0.00632911392405063,0.000643811363270562
"MF","GO:0140844","NAD+-histone H2BE2 glutamate ADP-ribosyltransferase activity","1/158","12/18639",0.0833333333333333,9.83069620253164,2.82930373984667,0.0971384636413032,0.273097852065835,0.23605377029225,"PARP4",1,"MF",0.00632911392405063,0.000643811363270562
"MF","GO:0140867","NAD+-histone H2BE18 glutamate ADP-ribosyltransferase activity","1/158","12/18639",0.0833333333333333,9.83069620253164,2.82930373984667,0.0971384636413032,0.273097852065835,0.23605377029225,"PARP4",1,"MF",0.00632911392405063,0.000643811363270562
"MF","GO:0140900","chloride:bicarbonate antiporter activity","1/158","12/18639",0.0833333333333333,9.83069620253164,2.82930373984667,0.0971384636413032,0.273097852065835,0.23605377029225,"SLC4A2",1,"MF",0.00632911392405063,0.000643811363270562
"MF","GO:0005262","calcium channel activity","3/158","131/18639",0.0229007633587786,2.70156536863465,1.8070493118613,0.100284738587703,0.280217572264106,0.242207743249249,"ITPR3/GRIN3A/PKD1",3,"MF",0.0189873417721519,0.00702827404903697
"MF","GO:0004465","lipoprotein lipase activity","1/158","13/18639",0.0769230769230769,9.0744888023369,2.69272732277091,0.104796815643487,0.280217572264106,0.242207743249249,"DAGLA",1,"MF",0.00632911392405063,0.000697462310209775
"MF","GO:0004535","poly(A)-specific ribonuclease activity","1/158","13/18639",0.0769230769230769,9.0744888023369,2.69272732277091,0.104796815643487,0.280217572264106,0.242207743249249,"CNOT1",1,"MF",0.00632911392405063,0.000697462310209775
"MF","GO:0008253","5'-nucleotidase activity","1/158","13/18639",0.0769230769230769,9.0744888023369,2.69272732277091,0.104796815643487,0.280217572264106,0.242207743249249,"NT5C2",1,"MF",0.00632911392405063,0.000697462310209775
"MF","GO:0017154","semaphorin receptor activity","1/158","13/18639",0.0769230769230769,9.0744888023369,2.69272732277091,0.104796815643487,0.280217572264106,0.242207743249249,"PLXNB3",1,"MF",0.00632911392405063,0.000697462310209775
"MF","GO:0097157","pre-mRNA intronic binding","1/158","13/18639",0.0769230769230769,9.0744888023369,2.69272732277091,0.104796815643487,0.280217572264106,0.242207743249249,"EP300",1,"MF",0.00632911392405063,0.000697462310209775
"MF","GO:0140333","glycerophospholipid flippase activity","1/158","13/18639",0.0769230769230769,9.0744888023369,2.69272732277091,0.104796815643487,0.280217572264106,0.242207743249249,"ATP11A",1,"MF",0.00632911392405063,0.000697462310209775
"MF","GO:0140806","NAD+-protein-aspartate ADP-ribosyltransferase activity","1/158","13/18639",0.0769230769230769,9.0744888023369,2.69272732277091,0.104796815643487,0.280217572264106,0.242207743249249,"PARP4",1,"MF",0.00632911392405063,0.000697462310209775
"MF","GO:1901338","catecholamine binding","1/158","13/18639",0.0769230769230769,9.0744888023369,2.69272732277091,0.104796815643487,0.280217572264106,0.242207743249249,"ADRA2A",1,"MF",0.00632911392405063,0.000697462310209775
"MF","GO:0015297","antiporter activity","3/158","135/18639",0.0222222222222222,2.62151898734177,1.74832261968876,0.107260998812422,0.285256277922765,0.246562978777914,"SLC4A2/SLC35E2B/SLC26A1",3,"MF",0.0189873417721519,0.00724287783679382
"MF","GO:0008174","mRNA methyltransferase activity","1/158","14/18639",0.0714285714285714,8.42631103074141,2.57012635643395,0.1123906148021,0.292572394088007,0.252886707769694,"RNMT",1,"MF",0.00632911392405063,0.000751113257148989
"MF","GO:0016888","endodeoxyribonuclease activity, producing 5'-phosphomonoesters","1/158","14/18639",0.0714285714285714,8.42631103074141,2.57012635643395,0.1123906148021,0.292572394088007,0.252886707769694,"FAN1",1,"MF",0.00632911392405063,0.000751113257148989
"MF","GO:0032454","histone H3K9 demethylase activity","1/158","14/18639",0.0714285714285714,8.42631103074141,2.57012635643395,0.1123906148021,0.292572394088007,0.252886707769694,"KDM3A",1,"MF",0.00632911392405063,0.000751113257148989
"MF","GO:0042813","Wnt receptor activity","1/158","14/18639",0.0714285714285714,8.42631103074141,2.57012635643395,0.1123906148021,0.292572394088007,0.252886707769694,"PKD1",1,"MF",0.00632911392405063,0.000751113257148989
"MF","GO:0005548","phospholipid transporter activity","2/158","68/18639",0.0294117647058824,3.46965748324646,1.88642264072329,0.113356367846646,0.293533331476579,0.253717299778643,"ATG9A/ATP11A",2,"MF",0.0126582278481013,0.00364826439186652
"MF","GO:0002039","p53 binding","2/158","69/18639",0.0289855072463768,3.41937259218492,1.86160190030374,0.116118355480378,0.295004188431353,0.254988643830266,"PRMT5/EP300",2,"MF",0.0126582278481013,0.00370191533880573
"MF","GO:0000774","adenyl-nucleotide exchange factor activity","1/158","15/18639",0.0666666666666667,7.86455696202532,2.45916191812389,0.119920401801363,0.295004188431353,0.254988643830266,"HSPA4",1,"MF",0.00632911392405063,0.000804764204088202
"MF","GO:0004089","carbonate dehydratase activity","1/158","15/18639",0.0666666666666667,7.86455696202532,2.45916191812389,0.119920401801363,0.295004188431353,0.254988643830266,"CA12",1,"MF",0.00632911392405063,0.000804764204088202
"MF","GO:0005041","low-density lipoprotein particle receptor activity","1/158","15/18639",0.0666666666666667,7.86455696202532,2.45916191812389,0.119920401801363,0.295004188431353,0.254988643830266,"LDLR",1,"MF",0.00632911392405063,0.000804764204088202
"MF","GO:0008252","nucleotidase activity","1/158","15/18639",0.0666666666666667,7.86455696202532,2.45916191812389,0.119920401801363,0.295004188431353,0.254988643830266,"NT5C2",1,"MF",0.00632911392405063,0.000804764204088202
"MF","GO:0015116","sulfate transmembrane transporter activity","1/158","15/18639",0.0666666666666667,7.86455696202532,2.45916191812389,0.119920401801363,0.295004188431353,0.254988643830266,"SLC26A1",1,"MF",0.00632911392405063,0.000804764204088202
"MF","GO:0016812","hydrolase activity, acting on carbon-nitrogen (but not peptide) bonds, in cyclic amides","1/158","15/18639",0.0666666666666667,7.86455696202532,2.45916191812389,0.119920401801363,0.295004188431353,0.254988643830266,"DPYSL4",1,"MF",0.00632911392405063,0.000804764204088202
"MF","GO:0030553","cGMP binding","1/158","15/18639",0.0666666666666667,7.86455696202532,2.45916191812389,0.119920401801363,0.295004188431353,0.254988643830266,"PRKG2",1,"MF",0.00632911392405063,0.000804764204088202
"MF","GO:0031005","filamin binding","1/158","15/18639",0.0666666666666667,7.86455696202532,2.45916191812389,0.119920401801363,0.295004188431353,0.254988643830266,"DPYSL4",1,"MF",0.00632911392405063,0.000804764204088202
"MF","GO:0047372","monoacylglycerol lipase activity","1/158","15/18639",0.0666666666666667,7.86455696202532,2.45916191812389,0.119920401801363,0.295004188431353,0.254988643830266,"DAGLA",1,"MF",0.00632911392405063,0.000804764204088202
"MF","GO:0034450","ubiquitin-ubiquitin ligase activity","1/158","16/18639",0.0625,7.37302215189873,2.35801227414491,0.127386712825599,0.302816069230381,0.261740889963787,"UBE4A",1,"MF",0.00632911392405063,0.000858415151027416
"MF","GO:0043023","ribosomal large subunit binding","1/158","16/18639",0.0625,7.37302215189873,2.35801227414491,0.127386712825599,0.302816069230381,0.261740889963787,"NEMF",1,"MF",0.00632911392405063,0.000858415151027416
"MF","GO:0061809","NAD+ nucleosidase activity, cyclic ADP-ribose generating","1/158","16/18639",0.0625,7.37302215189873,2.35801227414491,0.127386712825599,0.302816069230381,0.261740889963787,"IL1RAPL1",1,"MF",0.00632911392405063,0.000858415151027416
"MF","GO:0140327","flippase activity","1/158","16/18639",0.0625,7.37302215189873,2.35801227414491,0.127386712825599,0.302816069230381,0.261740889963787,"ATP11A",1,"MF",0.00632911392405063,0.000858415151027416
"MF","GO:0140328","floppase activity","1/158","16/18639",0.0625,7.37302215189873,2.35801227414491,0.127386712825599,0.302816069230381,0.261740889963787,"ATP11A",1,"MF",0.00632911392405063,0.000858415151027416
"MF","GO:0015085","calcium ion transmembrane transporter activity","3/158","147/18639",0.0204081632653061,2.40751743735469,1.58411232356235,0.129263236037123,0.302816069230381,0.261740889963787,"ITPR3/GRIN3A/PKD1",3,"MF",0.0189873417721519,0.00788668920006438
"MF","GO:0003678","DNA helicase activity","2/158","74/18639",0.027027027027027,3.18833390352378,1.7440038350584,0.130174841692794,0.302816069230381,0.261740889963787,"RECQL/DDX3X",2,"MF",0.0126582278481013,0.0039701700735018
"MF","GO:0031491","nucleosome binding","2/158","74/18639",0.027027027027027,3.18833390352378,1.7440038350584,0.130174841692794,0.302816069230381,0.261740889963787,"SMARCC2/RNF169",2,"MF",0.0126582278481013,0.0039701700735018
"MF","GO:0048029","monosaccharide binding","2/158","74/18639",0.027027027027027,3.18833390352378,1.7440038350584,0.130174841692794,0.302816069230381,0.261740889963787,"HK2/P4HA1",2,"MF",0.0126582278481013,0.0039701700735018
"MF","GO:0051020","GTPase binding","5/158","315/18639",0.0158730158730159,1.87251356238698,1.44405184376373,0.130178100569054,0.302816069230381,0.261740889963787,"CDC42BPB/RAB8A/RGP1/RAB11FIP1/KPNB1",5,"MF",0.0316455696202532,0.0169000482858522
"MF","GO:0000287","magnesium ion binding","4/158","230/18639",0.0173913043478261,2.05162355531095,1.48379733973901,0.13196266644181,0.302816069230381,0.261740889963787,"CDC42BPB/FAN1/ATP11A/MORC2",4,"MF",0.0253164556962025,0.0123397177960191
"MF","GO:0005085","guanyl-nucleotide exchange factor activity","4/158","230/18639",0.0173913043478261,2.05162355531095,1.48379733973901,0.13196266644181,0.302816069230381,0.261740889963787,"ADRA2A/RGP1/SMCR8/DENND4C",4,"MF",0.0253164556962025,0.0123397177960191
"MF","GO:0003725","double-stranded RNA binding","2/158","75/18639",0.0266666666666667,3.14582278481013,1.72168687178412,0.133032162308957,0.302816069230381,0.261740889963787,"ZFR/OAS3",2,"MF",0.0126582278481013,0.00402382102044101
"MF","GO:0044183","protein folding chaperone","2/158","75/18639",0.0266666666666667,3.14582278481013,1.72168687178412,0.133032162308957,0.302816069230381,0.261740889963787,"DNAJB1/HSPA4",2,"MF",0.0126582278481013,0.00402382102044101
"MF","GO:0015278","intracellularly gated calcium channel activity","1/158","17/18639",0.0588235294117647,6.93931496649293,2.2652342530449,0.13479007959645,0.302816069230381,0.261740889963787,"ITPR3",1,"MF",0.00632911392405063,0.000912066097966629
"MF","GO:0030169","low-density lipoprotein particle binding","1/158","17/18639",0.0588235294117647,6.93931496649293,2.2652342530449,0.13479007959645,0.302816069230381,0.261740889963787,"LDLR",1,"MF",0.00632911392405063,0.000912066097966629
"MF","GO:0031489","myosin V binding","1/158","17/18639",0.0588235294117647,6.93931496649293,2.2652342530449,0.13479007959645,0.302816069230381,0.261740889963787,"RAB8A",1,"MF",0.00632911392405063,0.000912066097966629
"MF","GO:0038191","neuropilin binding","1/158","17/18639",0.0588235294117647,6.93931496649293,2.2652342530449,0.13479007959645,0.302816069230381,0.261740889963787,"SEMA3G",1,"MF",0.00632911392405063,0.000912066097966629
"MF","GO:0046965","nuclear retinoid X receptor binding","1/158","17/18639",0.0588235294117647,6.93931496649293,2.2652342530449,0.13479007959645,0.302816069230381,0.261740889963787,"NRIP1",1,"MF",0.00632911392405063,0.000912066097966629
"MF","GO:0017022","myosin binding","2/158","76/18639",0.0263157894736842,3.10443037974684,1.6997409602886,0.135903759793971,0.303930226448336,0.262703918453418,"RAB8A/TRIM32",2,"MF",0.0126582278481013,0.00407747196738022
"MF","GO:0003724","RNA helicase activity","2/158","77/18639",0.025974025974026,3.06411310208779,1.67815446447305,0.138789191109245,0.308978651700219,0.267067555170921,"DHX38/DDX3X",2,"MF",0.0126582278481013,0.00413112291431944
"MF","GO:0004970","glutamate-gated receptor activity","1/158","18/18639",0.0555555555555556,6.55379746835443,2.17966752840379,0.142131029409777,0.309417993228363,0.267447302662085,"GRIN3A",1,"MF",0.00632911392405063,0.000965717044905843
"MF","GO:0008409","5'-3' exonuclease activity","1/158","18/18639",0.0555555555555556,6.55379746835443,2.17966752840379,0.142131029409777,0.309417993228363,0.267447302662085,"FAN1",1,"MF",0.00632911392405063,0.000965717044905843
"MF","GO:0017128","phospholipid scramblase activity","1/158","18/18639",0.0555555555555556,6.55379746835443,2.17966752840379,0.142131029409777,0.309417993228363,0.267447302662085,"ATG9A",1,"MF",0.00632911392405063,0.000965717044905843
"MF","GO:0030228","lipoprotein particle receptor activity","1/158","18/18639",0.0555555555555556,6.55379746835443,2.17966752840379,0.142131029409777,0.309417993228363,0.267447302662085,"LDLR",1,"MF",0.00632911392405063,0.000965717044905843
"MF","GO:0031690","adrenergic receptor binding","1/158","18/18639",0.0555555555555556,6.55379746835443,2.17966752840379,0.142131029409777,0.309417993228363,0.267447302662085,"ADRA2A",1,"MF",0.00632911392405063,0.000965717044905843
"MF","GO:0016887","ATP hydrolysis activity","6/158","417/18639",0.0143884892086331,1.69738639468172,1.33170779076006,0.143937467413703,0.309630720344625,0.267631174623937,"SMC4/RECQL/ATP11A/DHX38/MORC2/DDX3X",6,"MF",0.0379746835443038,0.022372444873652
"MF","GO:0008186","ATP-dependent activity, acting on RNA","2/158","79/18639",0.0253164556962025,2.98654061849063,1.63601572163323,0.144599814986793,0.309630720344625,0.267631174623937,"DHX38/DDX3X",2,"MF",0.0126582278481013,0.00423842480819786
"MF","GO:0016835","carbon-oxygen lyase activity","2/158","79/18639",0.0253164556962025,2.98654061849063,1.63601572163323,0.144599814986793,0.309630720344625,0.267631174623937,"CA12/ACO2",2,"MF",0.0126582278481013,0.00423842480819786
"MF","GO:0004386","helicase activity","3/158","155/18639",0.0193548387096774,2.28325847284606,1.48336310647704,0.144746068453788,0.309630720344625,0.267631174623937,"RECQL/DHX38/DDX3X",3,"MF",0.0189873417721519,0.00831589677557809
"MF","GO:0043395","heparan sulfate proteoglycan binding","1/158","19/18639",0.0526315789473684,6.20886075949367,2.10036694118162,0.149410085172263,0.318224077509754,0.275058894552719,"PTPRS",1,"MF",0.00632911392405063,0.00101936799184506
"MF","GO:0045296","cadherin binding","5/158","334/18639",0.0149700598802395,1.7659933297961,1.30610718426957,0.154747447746762,0.325151310528934,0.281046490059241,"PFKP/TLN1/DNAJB1/SPTBN2/DDX3X",5,"MF",0.0316455696202532,0.0179194162776973
"MF","GO:0001540","amyloid-beta binding","2/158","83/18639",0.0240963855421687,2.84261095012963,1.55559298370214,0.156368275883262,0.325151310528934,0.281046490059241,"BCHE/LDLR",2,"MF",0.0126582278481013,0.00445302859595472
"MF","GO:0031418","L-ascorbic acid binding","1/158","20/18639",0.05,5.89841772151899,2.02655363888005,0.156627765437718,0.325151310528934,0.281046490059241,"P4HA1",1,"MF",0.00632911392405063,0.00107301893878427
"MF","GO:0043024","ribosomal small subunit binding","1/158","20/18639",0.05,5.89841772151899,2.02655363888005,0.156627765437718,0.325151310528934,0.281046490059241,"DDX3X",1,"MF",0.00632911392405063,0.00107301893878427
"MF","GO:0061608","nuclear import signal receptor activity","1/158","20/18639",0.05,5.89841772151899,2.02655363888005,0.156627765437718,0.325151310528934,0.281046490059241,"KPNB1",1,"MF",0.00632911392405063,0.00107301893878427
"MF","GO:0140939","histone H4 methyltransferase activity","1/158","20/18639",0.05,5.89841772151899,2.02655363888005,0.156627765437718,0.325151310528934,0.281046490059241,"PRMT5",1,"MF",0.00632911392405063,0.00107301893878427
"MF","GO:0004527","exonuclease activity","2/158","84/18639",0.0238095238095238,2.80877034358047,1.53623641735885,0.159338666888506,0.32938917692918,0.284709515360267,"CNOT1/FAN1",2,"MF",0.0126582278481013,0.00450667954289393
"MF","GO:0004674","protein serine/threonine kinase activity","6/158","433/18639",0.0138568129330254,1.63466541935861,1.23551203008294,0.162672022017446,0.332983535314032,0.287816320639428,"CDC42BPB/CSNK1A1/NEK4/VRK2/HASPIN/PRKG2",6,"MF",0.0379746835443038,0.0232308600246794
"MF","GO:0035613","RNA stem-loop binding","1/158","21/18639",0.0476190476190476,5.61754068716094,1.9575791418556,0.163784584443081,0.332983535314032,0.287816320639428,"DDX3X",1,"MF",0.00632911392405063,0.00112666988572348
"MF","GO:0070182","DNA polymerase binding","1/158","21/18639",0.0476190476190476,5.61754068716094,1.9575791418556,0.163784584443081,0.332983535314032,0.287816320639428,"SMG6",1,"MF",0.00632911392405063,0.00112666988572348
"MF","GO:0072542","protein phosphatase activator activity","1/158","21/18639",0.0476190476190476,5.61754068716094,1.9575791418556,0.163784584443081,0.332983535314032,0.287816320639428,"PPP2R5D",1,"MF",0.00632911392405063,0.00112666988572348
"MF","GO:0070034","telomerase RNA binding","1/158","22/18639",0.0454545454545455,5.36219792865362,1.89289847739394,0.170881052144122,0.345981389526371,0.299051094070718,"SMG6",1,"MF",0.00632911392405063,0.0011803208326627
"MF","GO:0003727","single-stranded RNA binding","2/158","89/18639",0.0224719101123595,2.65097425686247,1.44353996332481,0.174340649177583,0.351539341784307,0.30385514351917,"ZFR/DDX3X",2,"MF",0.0126582278481013,0.00477493427759
"MF","GO:0003950","NAD+ poly-ADP-ribosyltransferase activity","1/158","23/18639",0.0434782608695652,5.12905888827738,1.83204979385655,0.177917674250865,0.351548175628215,0.303862779105261,"PARP4",1,"MF",0.00632911392405063,0.00123397177960191
"MF","GO:0031681","G-protein beta-subunit binding","1/158","23/18639",0.0434782608695652,5.12905888827738,1.83204979385655,0.177917674250865,0.351548175628215,0.303862779105261,"GNG12",1,"MF",0.00632911392405063,0.00123397177960191
"MF","GO:0070577","lysine-acetylated histone binding","1/158","23/18639",0.0434782608695652,5.12905888827738,1.83204979385655,0.177917674250865,0.351548175628215,0.303862779105261,"BAZ2A",1,"MF",0.00632911392405063,0.00123397177960191
"MF","GO:0099186","structural constituent of postsynapse","1/158","23/18639",0.0434782608695652,5.12905888827738,1.83204979385655,0.177917674250865,0.351548175628215,0.303862779105261,"SPTBN2",1,"MF",0.00632911392405063,0.00123397177960191
"MF","GO:1990404","NAD+-protein mono-ADP-ribosyltransferase activity","1/158","23/18639",0.0434782608695652,5.12905888827738,1.83204979385655,0.177917674250865,0.351548175628215,0.303862779105261,"PARP4",1,"MF",0.00632911392405063,0.00123397177960191
"MF","GO:0141003","histone H2AX kinase activity","5/158","354/18639",0.0141242937853107,1.66621969534435,1.17013799098748,0.182515805913159,0.359191106037097,0.310468991953331,"CDC42BPB/CSNK1A1/NEK4/VRK2/HASPIN",5,"MF",0.0316455696202532,0.0189924352164816
"MF","GO:0004806","triacylglycerol lipase activity","1/158","24/18639",0.0416666666666667,4.91534810126582,1.77463868384443,0.184894952262702,0.359558563293477,0.310786605842029,"DAGLA",1,"MF",0.00632911392405063,0.00128762272654112
"MF","GO:0030215","semaphorin receptor binding","1/158","24/18639",0.0416666666666667,4.91534810126582,1.77463868384443,0.184894952262702,0.359558563293477,0.310786605842029,"SEMA3G",1,"MF",0.00632911392405063,0.00128762272654112
"MF","GO:0048027","mRNA 5'-UTR binding","1/158","24/18639",0.0416666666666667,4.91534810126582,1.77463868384443,0.184894952262702,0.359558563293477,0.310786605842029,"DDX3X",1,"MF",0.00632911392405063,0.00128762272654112
"MF","GO:0051213","dioxygenase activity","2/158","93/18639",0.021505376344086,2.53695385871784,1.37386050814909,0.186499913201627,0.360479808117097,0.311582889343832,"P4HA1/KDM3A",2,"MF",0.0126582278481013,0.00498953806534685
"MF","GO:0140996","histone H3 kinase activity","5/158","357/18639",0.0140056022408964,1.65221784916498,1.15048351282794,0.186834046889959,0.360479808117097,0.311582889343832,"CDC42BPB/CSNK1A1/NEK4/VRK2/HASPIN",5,"MF",0.0316455696202532,0.0191533880572992
"MF","GO:0042562","hormone binding","2/158","94/18639",0.0212765957446809,2.50996498788042,1.35700937769989,0.189558650304393,0.362969941090734,0.313735250750228,"ADRA2A/SHC1",2,"MF",0.0126582278481013,0.00504318901228607
"MF","GO:0035173","histone kinase activity","5/158","360/18639",0.0138888888888889,1.63844936708861,1.13101133747152,0.191189545852742,0.362969941090734,0.313735250750228,"CDC42BPB/CSNK1A1/NEK4/VRK2/HASPIN",5,"MF",0.0316455696202532,0.0193143408981169
"MF","GO:0000030","mannosyltransferase activity","1/158","25/18639",0.04,4.71873417721519,1.72032598157756,0.191813383503233,0.362969941090734,0.313735250750228,"ALG12",1,"MF",0.00632911392405063,0.00134127367348034
"MF","GO:0017056","structural constituent of nuclear pore","1/158","25/18639",0.04,4.71873417721519,1.72032598157756,0.191813383503233,0.362969941090734,0.313735250750228,"POM121",1,"MF",0.00632911392405063,0.00134127367348034
"MF","GO:0019211","phosphatase activator activity","1/158","25/18639",0.04,4.71873417721519,1.72032598157756,0.191813383503233,0.362969941090734,0.313735250750228,"PPP2R5D",1,"MF",0.00632911392405063,0.00134127367348034
"MF","GO:0008066","glutamate receptor activity","1/158","26/18639",0.0384615384615385,4.53724440116845,1.66881815900057,0.198673461154813,0.371662900715467,0.321249062663775,"GRIN3A",1,"MF",0.00632911392405063,0.00139492462041955
"MF","GO:0008143","poly(A) binding","1/158","26/18639",0.0384615384615385,4.53724440116845,1.66881815900057,0.198673461154813,0.371662900715467,0.321249062663775,"DDX3X",1,"MF",0.00632911392405063,0.00139492462041955
"MF","GO:0043548","phosphatidylinositol 3-kinase binding","1/158","26/18639",0.0384615384615385,4.53724440116845,1.66881815900057,0.198673461154813,0.371662900715467,0.321249062663775,"IRS1",1,"MF",0.00632911392405063,0.00139492462041955
"MF","GO:0008170","N-methyltransferase activity","2/158","98/18639",0.0204081632653061,2.40751743735469,1.29171204246315,0.201859117401683,0.376191991521318,0.325163809530622,"PRMT5/RNMT",2,"MF",0.0126582278481013,0.00525779280004292
"MF","GO:0001671","ATPase activator activity","1/158","27/18639",0.037037037037037,4.36919831223629,1.61985969032561,0.205475674292809,0.377216536388292,0.326049381045935,"DNAJB1",1,"MF",0.00632911392405063,0.00144857556735876
"MF","GO:0008320","protein transmembrane transporter activity","1/158","27/18639",0.037037037037037,4.36919831223629,1.61985969032561,0.205475674292809,0.377216536388292,0.326049381045935,"PEX10",1,"MF",0.00632911392405063,0.00144857556735876
"MF","GO:0035255","ionotropic glutamate receptor binding","1/158","27/18639",0.037037037037037,4.36919831223629,1.61985969032561,0.205475674292809,0.377216536388292,0.326049381045935,"SQSTM1",1,"MF",0.00632911392405063,0.00144857556735876
"MF","GO:0140326","ATPase-coupled intramembrane lipid transporter activity","1/158","27/18639",0.037037037037037,4.36919831223629,1.61985969032561,0.205475674292809,0.377216536388292,0.326049381045935,"ATP11A",1,"MF",0.00632911392405063,0.00144857556735876
"MF","GO:0008234","cysteine-type peptidase activity","3/158","187/18639",0.0160427807486631,1.89254044540716,1.13420732884042,0.211804000156891,0.382463332953996,0.330584481201143,"USP54/USP22/USP34",3,"MF",0.0189873417721519,0.0100327270776329
"MF","GO:0045499","chemorepellent activity","1/158","28/18639",0.0357142857142857,4.2131555153707,1.57322692486632,0.212220507919595,0.382463332953996,0.330584481201143,"SEMA3G",1,"MF",0.00632911392405063,0.00150222651429798
"MF","GO:0046875","ephrin receptor binding","1/158","28/18639",0.0357142857142857,4.2131555153707,1.57322692486632,0.212220507919595,0.382463332953996,0.330584481201143,"SHC1",1,"MF",0.00632911392405063,0.00150222651429798
"MF","GO:0051019","mitogen-activated protein kinase binding","1/158","28/18639",0.0357142857142857,4.2131555153707,1.57322692486632,0.212220507919595,0.382463332953996,0.330584481201143,"PRKG2",1,"MF",0.00632911392405063,0.00150222651429798
"MF","GO:0141052","histone H3 demethylase activity","1/158","28/18639",0.0357142857142857,4.2131555153707,1.57322692486632,0.212220507919595,0.382463332953996,0.330584481201143,"KDM3A",1,"MF",0.00632911392405063,0.00150222651429798
"MF","GO:0035250","UDP-galactosyltransferase activity","1/158","29/18639",0.0344827586206897,4.06787429070275,1.52872312789555,0.218908442998243,0.390228094040345,0.337295999127727,"B4GALT5",1,"MF",0.00632911392405063,0.00155587746123719
"MF","GO:0043236","laminin binding","1/158","29/18639",0.0344827586206897,4.06787429070275,1.52872312789555,0.218908442998243,0.390228094040345,0.337295999127727,"ADAM9",1,"MF",0.00632911392405063,0.00155587746123719
"MF","GO:0099604","ligand-gated calcium channel activity","1/158","29/18639",0.0344827586206897,4.06787429070275,1.52872312789555,0.218908442998243,0.390228094040345,0.337295999127727,"ITPR3",1,"MF",0.00632911392405063,0.00155587746123719
"MF","GO:0005217","intracellularly ligand-gated monoatomic ion channel activity","1/158","30/18639",0.0333333333333333,3.93227848101266,1.48617443491702,0.225539956485952,0.394895582174692,0.341330370557501,"ITPR3",1,"MF",0.00632911392405063,0.0016095284081764
"MF","GO:0032452","histone demethylase activity","1/158","30/18639",0.0333333333333333,3.93227848101266,1.48617443491702,0.225539956485952,0.394895582174692,0.341330370557501,"KDM3A",1,"MF",0.00632911392405063,0.0016095284081764
"MF","GO:0051721","protein phosphatase 2A binding","1/158","30/18639",0.0333333333333333,3.93227848101266,1.48617443491702,0.225539956485952,0.394895582174692,0.341330370557501,"GRIN3A",1,"MF",0.00632911392405063,0.0016095284081764
"MF","GO:0070566","adenylyltransferase activity","1/158","30/18639",0.0333333333333333,3.93227848101266,1.48617443491702,0.225539956485952,0.394895582174692,0.341330370557501,"OAS3",1,"MF",0.00632911392405063,0.0016095284081764
"MF","GO:0098918","structural constituent of synapse","1/158","30/18639",0.0333333333333333,3.93227848101266,1.48617443491702,0.225539956485952,0.394895582174692,0.341330370557501,"SPTBN2",1,"MF",0.00632911392405063,0.0016095284081764
"MF","GO:0140098","catalytic activity, acting on RNA","5/158","387/18639",0.0129198966408269,1.52413894612894,0.963412212499888,0.231908075336284,0.400704689518121,0.346351507414037,"CNOT1/SMG6/RNMT/DHX38/DDX3X",5,"MF",0.0316455696202532,0.0207629164654756
"MF","GO:0005310","dicarboxylic acid transmembrane transporter activity","1/158","31/18639",0.032258064516129,3.80543078807677,1.44542652674409,0.232115521367204,0.400704689518121,0.346351507414037,"SLC26A1",1,"MF",0.00632911392405063,0.00166317935511562
"MF","GO:0008327","methyl-CpG binding","1/158","31/18639",0.032258064516129,3.80543078807677,1.44542652674409,0.232115521367204,0.400704689518121,0.346351507414037,"PRMT5",1,"MF",0.00632911392405063,0.00166317935511562
"MF","GO:0140457","protein demethylase activity","1/158","31/18639",0.032258064516129,3.80543078807677,1.44542652674409,0.232115521367204,0.400704689518121,0.346351507414037,"KDM3A",1,"MF",0.00632911392405063,0.00166317935511562
"MF","GO:0008378","galactosyltransferase activity","1/158","32/18639",0.03125,3.68651107594937,1.40634187820006,0.238635606686636,0.400712349794624,0.346358128620086,"B4GALT5",1,"MF",0.00632911392405063,0.00171683030205483
"MF","GO:0022884","macromolecule transmembrane transporter activity","1/158","32/18639",0.03125,3.68651107594937,1.40634187820006,0.238635606686636,0.400712349794624,0.346358128620086,"PEX10",1,"MF",0.00632911392405063,0.00171683030205483
"MF","GO:0030515","snoRNA binding","1/158","32/18639",0.03125,3.68651107594937,1.40634187820006,0.238635606686636,0.400712349794624,0.346358128620086,"HEATR1",1,"MF",0.00632911392405063,0.00171683030205483
"MF","GO:0051059","NF-kappaB binding","1/158","32/18639",0.03125,3.68651107594937,1.40634187820006,0.238635606686636,0.400712349794624,0.346358128620086,"EP300",1,"MF",0.00632911392405063,0.00171683030205483
"MF","GO:0070717","poly-purine tract binding","1/158","32/18639",0.03125,3.68651107594937,1.40634187820006,0.238635606686636,0.400712349794624,0.346358128620086,"DDX3X",1,"MF",0.00632911392405063,0.00171683030205483
"MF","GO:0071813","lipoprotein particle binding","1/158","32/18639",0.03125,3.68651107594937,1.40634187820006,0.238635606686636,0.400712349794624,0.346358128620086,"LDLR",1,"MF",0.00632911392405063,0.00171683030205483
"MF","GO:0071814","protein-lipid complex binding","1/158","32/18639",0.03125,3.68651107594937,1.40634187820006,0.238635606686636,0.400712349794624,0.346358128620086,"LDLR",1,"MF",0.00632911392405063,0.00171683030205483
"MF","GO:0140142","nucleocytoplasmic carrier activity","1/158","32/18639",0.03125,3.68651107594937,1.40634187820006,0.238635606686636,0.400712349794624,0.346358128620086,"KPNB1",1,"MF",0.00632911392405063,0.00171683030205483
"MF","GO:0042923","neuropeptide binding","1/158","33/18639",0.0303030303030303,3.57479861910242,1.36879746690129,0.245100677581649,0.408041948541513,0.352693511362369,"GRPR",1,"MF",0.00632911392405063,0.00177048124899404
"MF","GO:0140311","protein sequestering activity","1/158","33/18639",0.0303030303030303,3.57479861910242,1.36879746690129,0.245100677581649,0.408041948541513,0.352693511362369,"SQSTM1",1,"MF",0.00632911392405063,0.00177048124899404
"MF","GO:0043022","ribosome binding","2/158","112/18639",0.0178571428571429,2.10657775768535,1.08606010524304,0.245488651968065,0.408041948541513,0.352693511362369,"NEMF/DDX3X",2,"MF",0.0126582278481013,0.00600890605719191
"MF","GO:0003714","transcription corepressor activity","3/158","204/18639",0.0147058823529412,1.73482874162323,0.975764718850404,0.249803299463208,0.413815566787537,0.357683973004204,"NRIP1/PRMT5/DNAJB1",3,"MF",0.0189873417721519,0.0109447931755996
"MF","GO:0016709","oxidoreductase activity, acting on paired donors, with incorporation or reduction of molecular oxygen, NAD(P)H as one donor, and incorporation of one atom of oxygen","1/158","34/18639",0.0294117647058824,3.46965748324646,1.33268285376718,0.251511195314751,0.415246671459254,0.358920956930977,"CYP51A1",1,"MF",0.00632911392405063,0.00182413219593326
"MF","GO:0017124","SH3 domain binding","2/158","115/18639",0.0173913043478261,2.05162355531095,1.04594127858243,0.254903975518263,0.418715735030921,0.361919462885093,"ADAM9/EFS",2,"MF",0.0126582278481013,0.00616985889800955
"MF","GO:0000175","3'-5'-RNA exonuclease activity","1/158","35/18639",0.0285714285714286,3.37052441229656,1.29789856593287,0.257867617305628,0.418715735030921,0.361919462885093,"CNOT1",1,"MF",0.00632911392405063,0.00187778314287247
"MF","GO:0005154","epidermal growth factor receptor binding","1/158","35/18639",0.0285714285714286,3.37052441229656,1.29789856593287,0.257867617305628,0.418715735030921,0.361919462885093,"SHC1",1,"MF",0.00632911392405063,0.00187778314287247
"MF","GO:0043015","gamma-tubulin binding","1/158","35/18639",0.0285714285714286,3.37052441229656,1.29789856593287,0.257867617305628,0.418715735030921,0.361919462885093,"DDX3X",1,"MF",0.00632911392405063,0.00187778314287247
"MF","GO:0140566","histone reader activity","1/158","35/18639",0.0285714285714286,3.37052441229656,1.29789856593287,0.257867617305628,0.418715735030921,0.361919462885093,"RNF169",1,"MF",0.00632911392405063,0.00187778314287247
"MF","GO:0004518","nuclease activity","3/158","209/18639",0.0143540669856459,1.69332566168009,0.931994209119722,0.261179355760327,0.422698167875266,0.365361702656413,"CNOT1/FAN1/SMG6",3,"MF",0.0189873417721519,0.0112130479102956
"MF","GO:0005484","SNAP receptor activity","1/158","36/18639",0.0277777777777778,3.27689873417722,1.26435472725356,0.264170397162956,0.426137165259587,0.368334220720739,"STX17",1,"MF",0.00632911392405063,0.00193143408981169
"MF","GO:0030551","cyclic nucleotide binding","1/158","37/18639",0.027027027027027,3.18833390352378,1.23196989275044,0.270419984715944,0.433857244252318,0.375007117411075,"PRKG2",1,"MF",0.00632911392405063,0.0019850850367509
"MF","GO:0003697","single-stranded DNA binding","2/158","121/18639",0.0165289256198347,1.94989015587405,0.969247067829776,0.273751796607191,0.433857244252318,0.375007117411075,"SMC4/RECQL",2,"MF",0.0126582278481013,0.00649176457964483
"MF","GO:0004540","RNA nuclease activity","2/158","121/18639",0.0165289256198347,1.94989015587405,0.969247067829776,0.273751796607191,0.433857244252318,0.375007117411075,"CNOT1/SMG6",2,"MF",0.0126582278481013,0.00649176457964483
"MF","GO:0015108","chloride transmembrane transporter activity","2/158","121/18639",0.0165289256198347,1.94989015587405,0.969247067829776,0.273751796607191,0.433857244252318,0.375007117411075,"SLC4A2/SLC26A1",2,"MF",0.0126582278481013,0.00649176457964483
"MF","GO:0000146","microfilament motor activity","1/158","38/18639",0.0263157894736842,3.10443037974684,1.20067005200083,0.276616826045634,0.433857244252318,0.375007117411075,"MYO10",1,"MF",0.00632911392405063,0.00203873598369011
"MF","GO:0016896","RNA exonuclease activity, producing 5'-phosphomonoesters","1/158","38/18639",0.0263157894736842,3.10443037974684,1.20067005200083,0.276616826045634,0.433857244252318,0.375007117411075,"CNOT1",1,"MF",0.00632911392405063,0.00203873598369011
"MF","GO:0042162","telomeric DNA binding","1/158","38/18639",0.0263157894736842,3.10443037974684,1.20067005200083,0.276616826045634,0.433857244252318,0.375007117411075,"SMG6",1,"MF",0.00632911392405063,0.00203873598369011
"MF","GO:0043531","ADP binding","1/158","38/18639",0.0263157894736842,3.10443037974684,1.20067005200083,0.276616826045634,0.433857244252318,0.375007117411075,"MYO18A",1,"MF",0.00632911392405063,0.00203873598369011
"MF","GO:1990756","ubiquitin-like ligase-substrate adaptor activity","2/158","122/18639",0.0163934426229508,1.93390744967836,0.956894163066412,0.276892631494366,0.433857244252318,0.375007117411075,"KLHL11/KLHDC2",2,"MF",0.0126582278481013,0.00654541552658404
"MF","GO:0016799","hydrolase activity, hydrolyzing N-glycosyl compounds","1/158","39/18639",0.0256410256410256,3.02482960077897,1.17038777323239,0.28276136351592,0.441646320158198,0.3817396519981,"IL1RAPL1",1,"MF",0.00632911392405063,0.00209238693062933
"MF","GO:0004532","RNA exonuclease activity","1/158","40/18639",0.025,2.94920886075949,1.14106146519632,0.288854035804333,0.448316042951835,0.387504666993028,"CNOT1",1,"MF",0.00632911392405063,0.00214603787756854
"MF","GO:0140662","ATP-dependent protein folding chaperone","1/158","40/18639",0.025,2.94920886075949,1.14106146519632,0.288854035804333,0.448316042951835,0.387504666993028,"HSPA4",1,"MF",0.00632911392405063,0.00214603787756854
"MF","GO:0004519","endonuclease activity","2/158","127/18639",0.015748031496063,1.85776936110834,0.896832179333495,0.292581786767481,0.451989024120935,0.390679430348433,"FAN1/SMG6",2,"MF",0.0126582278481013,0.00681367026128011
"MF","GO:0005547","phosphatidylinositol-3,4,5-trisphosphate binding","1/158","41/18639",0.024390243902439,2.87727693732634,1.11263473810295,0.294895277932561,0.451989024120935,0.390679430348433,"MYO10",1,"MF",0.00632911392405063,0.00219968882450775
"MF","GO:0008227","G protein-coupled amine receptor activity","1/158","41/18639",0.024390243902439,2.87727693732634,1.11263473810295,0.294895277932561,0.451989024120935,0.390679430348433,"ADRA2A",1,"MF",0.00632911392405063,0.00219968882450775
"MF","GO:0140318","protein transporter activity","1/158","41/18639",0.024390243902439,2.87727693732634,1.11263473810295,0.294895277932561,0.451989024120935,0.390679430348433,"PEX10",1,"MF",0.00632911392405063,0.00219968882450775
"MF","GO:0004520","DNA endonuclease activity","1/158","42/18639",0.0238095238095238,2.80877034358047,1.08505584825638,0.300885521296721,0.45690023604317,0.39492446589953,"FAN1",1,"MF",0.00632911392405063,0.00225333977144697
"MF","GO:0031492","nucleosomal DNA binding","1/158","42/18639",0.0238095238095238,2.80877034358047,1.08505584825638,0.300885521296721,0.45690023604317,0.39492446589953,"SMARCC2",1,"MF",0.00632911392405063,0.00225333977144697
"MF","GO:0051879","Hsp90 protein binding","1/158","42/18639",0.0238095238095238,2.80877034358047,1.08505584825638,0.300885521296721,0.45690023604317,0.39492446589953,"KPNB1",1,"MF",0.00632911392405063,0.00225333977144697
"MF","GO:0016810","hydrolase activity, acting on carbon-nitrogen (but not peptide) bonds","2/158","130/18639",0.0153846153846154,1.81489776046738,0.862082415080245,0.301975944799201,0.457145122588329,0.395136135057092,"ACER2/DPYSL4",2,"MF",0.0126582278481013,0.00697462310209775
"MF","GO:0031072","heat shock protein binding","2/158","131/18639",0.0152671755725191,1.80104357908977,0.850702109391531,0.30510294024434,0.460237790546076,0.397809301199432,"DNAJB1/KPNB1",2,"MF",0.0126582278481013,0.00702827404903697
"MF","GO:0016893","endonuclease activity, active with either ribo- or deoxyribonucleic acids and producing 5'-phosphomonoesters","1/158","43/18639",0.0232558139534884,2.74345010303209,1.0582772137126,0.306825193697384,0.460237790546076,0.397809301199432,"FAN1",1,"MF",0.00632911392405063,0.00230699071838618
"MF","GO:0048156","tau protein binding","1/158","43/18639",0.0232558139534884,2.74345010303209,1.0582772137126,0.306825193697384,0.460237790546076,0.397809301199432,"EP300",1,"MF",0.00632911392405063,0.00230699071838618
"MF","GO:0001046","core promoter sequence-specific DNA binding","1/158","44/18639",0.0227272727272727,2.68109896432681,1.03225499045237,0.312714719369346,0.464820670482533,0.401770541024696,"BAZ2A",1,"MF",0.00632911392405063,0.00236064166532539
"MF","GO:0001223","transcription coactivator binding","1/158","44/18639",0.0227272727272727,2.68109896432681,1.03225499045237,0.312714719369346,0.464820670482533,0.401770541024696,"EP300",1,"MF",0.00632911392405063,0.00236064166532539
"MF","GO:0019205","nucleobase-containing compound kinase activity","1/158","44/18639",0.0227272727272727,2.68109896432681,1.03225499045237,0.312714719369346,0.464820670482533,0.401770541024696,"NT5C2",1,"MF",0.00632911392405063,0.00236064166532539
"MF","GO:0051539","4 iron, 4 sulfur cluster binding","1/158","45/18639",0.0222222222222222,2.62151898734177,1.00694870031597,0.318554519011166,0.47207476913703,0.408040664808216,"ACO2",1,"MF",0.00632911392405063,0.00241429261226461
"MF","GO:0016779","nucleotidyltransferase activity","2/158","136/18639",0.0147058823529412,1.73482874162323,0.795243225461208,0.320696752755673,0.472403599867637,0.408324891627141,"PARP4/OAS3",2,"MF",0.0126582278481013,0.00729652878373303
"MF","GO:0019838","growth factor binding","2/158","136/18639",0.0147058823529412,1.73482874162323,0.795243225461208,0.320696752755673,0.472403599867637,0.408324891627141,"SHC1/PCSK6",2,"MF",0.0126582278481013,0.00729652878373303
"MF","GO:0016712","oxidoreductase activity, acting on paired donors, with incorporation or reduction of molecular oxygen, reduced flavin or flavoprotein as one donor, and incorporation of one atom of oxygen","1/158","46/18639",0.0217391304347826,2.56452944413869,0.982320903377705,0.324345009814449,0.474933764371157,0.410511854527059,"CYP51A1",1,"MF",0.00632911392405063,0.00246794355920382
"MF","GO:0030276","clathrin binding","1/158","46/18639",0.0217391304347826,2.56452944413869,0.982320903377705,0.324345009814449,0.474933764371157,0.410511854527059,"LDLR",1,"MF",0.00632911392405063,0.00246794355920382
"MF","GO:0140767","enzyme-substrate adaptor activity","2/158","139/18639",0.0143884892086331,1.69738639468172,0.763063130723407,0.330013864718871,0.477654735007363,0.412863741854888,"KLHL11/KLHDC2",2,"MF",0.0126582278481013,0.00745748162455067
"MF","GO:0061749","forked DNA-dependent helicase activity","1/158","47/18639",0.0212765957446809,2.50996498788042,0.958336908608801,0.330086605492893,0.477654735007363,0.412863741854888,"RECQL",1,"MF",0.00632911392405063,0.00252159450614303
"MF","GO:0140938","histone H3 methyltransferase activity","1/158","47/18639",0.0212765957446809,2.50996498788042,0.958336908608801,0.330086605492893,0.477654735007363,0.412863741854888,"PRMT5",1,"MF",0.00632911392405063,0.00252159450614303
"MF","GO:1990518","single-stranded 3'-5' DNA helicase activity","1/158","47/18639",0.0212765957446809,2.50996498788042,0.958336908608801,0.330086605492893,0.477654735007363,0.412863741854888,"RECQL",1,"MF",0.00632911392405063,0.00252159450614303
"MF","GO:0008188","neuropeptide receptor activity","1/158","48/18639",0.0208333333333333,2.45767405063291,0.934964517640555,0.335779716311101,0.478851073695831,0.413897804392631,"GRPR",1,"MF",0.00632911392405063,0.00257524545308225
"MF","GO:0009378","four-way junction helicase activity","1/158","48/18639",0.0208333333333333,2.45767405063291,0.934964517640555,0.335779716311101,0.478851073695831,0.413897804392631,"RECQL",1,"MF",0.00632911392405063,0.00257524545308225
"MF","GO:0036121","double-stranded DNA helicase activity","1/158","48/18639",0.0208333333333333,2.45767405063291,0.934964517640555,0.335779716311101,0.478851073695831,0.413897804392631,"RECQL",1,"MF",0.00632911392405063,0.00257524545308225
"MF","GO:0043138","3'-5' DNA helicase activity","1/158","48/18639",0.0208333333333333,2.45767405063291,0.934964517640555,0.335779716311101,0.478851073695831,0.413897804392631,"RECQL",1,"MF",0.00632911392405063,0.00257524545308225
"MF","GO:0140693","molecular condensate scaffold activity","1/158","48/18639",0.0208333333333333,2.45767405063291,0.934964517640555,0.335779716311101,0.478851073695831,0.413897804392631,"SQSTM1",1,"MF",0.00632911392405063,0.00257524545308225
"MF","GO:0016763","pentosyltransferase activity","1/158","49/18639",0.0204081632653061,2.40751743735469,0.91217379723504,0.341424749113148,0.484095033324694,0.418430452424425,"PARP4",1,"MF",0.00632911392405063,0.00262889640002146
"MF","GO:0035254","glutamate receptor binding","1/158","49/18639",0.0204081632653061,2.40751743735469,0.91217379723504,0.341424749113148,0.484095033324694,0.418430452424425,"SQSTM1",1,"MF",0.00632911392405063,0.00262889640002146
"MF","GO:0019903","protein phosphatase binding","2/158","144/18639",0.0138888888888889,1.63844936708861,0.711125091502309,0.345462987434456,0.488413189131472,0.422162876356686,"GRIN3A/STX17",2,"MF",0.0126582278481013,0.00772573635924674
"MF","GO:0016597","amino acid binding","1/158","51/18639",0.0196078431372549,2.31310498883098,0.868227767279497,0.352572191112203,0.495615765792011,0.428388466794977,"GRIN3A",1,"MF",0.00632911392405063,0.00273619829389989
"MF","GO:0030544","Hsp70 protein binding","1/158","51/18639",0.0196078431372549,2.31310498883098,0.868227767279497,0.352572191112203,0.495615765792011,0.428388466794977,"DNAJB1",1,"MF",0.00632911392405063,0.00273619829389989
"MF","GO:0008509","monoatomic anion transmembrane transporter activity","2/158","149/18639",0.0134228187919463,1.58346784470308,0.661160758260654,0.36079665100021,0.505732057812259,0.437132544621636,"SLC4A2/SLC26A1",2,"MF",0.0126582278481013,0.00799399109394281
"MF","GO:0016251","RNA polymerase II general transcription initiation factor activity","1/158","53/18639",0.0188679245283019,2.22581800812037,0.826297481780029,0.363532118903065,0.50667932719634,0.437951322608732,"TAF6",1,"MF",0.00632911392405063,0.00284350018777831
"MF","GO:1904315","transmitter-gated monoatomic ion channel activity involved in regulation of postsynaptic membrane potential","1/158","53/18639",0.0188679245283019,2.22581800812037,0.826297481780029,0.363532118903065,0.50667932719634,0.437951322608732,"GRIN3A",1,"MF",0.00632911392405063,0.00284350018777831
"MF","GO:0016667","oxidoreductase activity, acting on a sulfur group of donors","1/158","54/18639",0.0185185185185185,2.18459915611814,0.806032363499282,0.368942746537484,0.511323468440683,0.441965514013769,"SRXN1",1,"MF",0.00632911392405063,0.00289715113471753
"MF","GO:0140463","chromatin-protein adaptor activity","1/158","54/18639",0.0185185185185185,2.18459915611814,0.806032363499282,0.368942746537484,0.511323468440683,0.441965514013769,"RNF169",1,"MF",0.00632911392405063,0.00289715113471753
"MF","GO:0042578","phosphoric ester hydrolase activity","4/158","363/18639",0.0110192837465565,1.2999267705827,0.533572493380648,0.370253074881164,0.511698069779586,0.442289302933146,"FAN1/NT5C2/PTPRS/PFKFB3",4,"MF",0.0253164556962025,0.0194752937389345
"MF","GO:0098632","cell-cell adhesion mediator activity","1/158","55/18639",0.0181818181818182,2.14487917146145,0.786206924297374,0.374307666959711,0.514411654034016,0.444634805797481,"PLXNB3",1,"MF",0.00632911392405063,0.00295080208165674
"MF","GO:0140313","molecular sequestering activity","1/158","55/18639",0.0181818181818182,2.14487917146145,0.786206924297374,0.374307666959711,0.514411654034016,0.444634805797481,"SQSTM1",1,"MF",0.00632911392405063,0.00295080208165674
"MF","GO:0099529","neurotransmitter receptor activity involved in regulation of postsynaptic membrane potential","1/158","56/18639",0.0178571428571429,2.10657775768535,0.7668024650181,0.379627263850604,0.520269119260438,0.44969774108091,"GRIN3A",1,"MF",0.00632911392405063,0.00300445302859595
"MF","GO:0046982","protein heterodimerization activity","4/158","369/18639",0.010840108401084,1.27878974992282,0.500133764731435,0.381793457966345,0.521784392554005,0.451007476661998,"ADRA2A/TAF6/PRMT5/RALGAPA2",4,"MF",0.0253164556962025,0.0197971994205698
"MF","GO:0008408","3'-5' exonuclease activity","1/158","58/18639",0.0172413793103448,2.03393714535137,0.729187234193369,0.390132005787028,0.530234659798944,0.458311515958009,"CNOT1",1,"MF",0.00632911392405063,0.00311175492247438
"MF","GO:0017116","single-stranded DNA helicase activity","1/158","58/18639",0.0172413793103448,2.03393714535137,0.729187234193369,0.390132005787028,0.530234659798944,0.458311515958009,"RECQL",1,"MF",0.00632911392405063,0.00311175492247438
"MF","GO:0016757","glycosyltransferase activity","3/158","267/18639",0.0112359550561798,1.32548712843123,0.495309542196576,0.394998803011504,0.532866871043892,0.460586683572384,"PARP4/B4GALT5/ALG12",3,"MF",0.0189873417721519,0.01432480283277
"MF","GO:0001786","phosphatidylserine binding","1/158","59/18639",0.0169491525423729,1.99946363441322,0.710944357190803,0.395317902298822,0.532866871043892,0.460586683572384,"TLN1",1,"MF",0.00632911392405063,0.00316540586941359
"MF","GO:0036002","pre-mRNA binding","1/158","59/18639",0.0169491525423729,1.99946363441322,0.710944357190803,0.395317902298822,0.532866871043892,0.460586683572384,"EP300",1,"MF",0.00632911392405063,0.00316540586941359
"MF","GO:0008514","organic anion transmembrane transporter activity","3/158","269/18639",0.0111524163568773,1.31563220554327,0.482134640149305,0.399564880839898,0.536856428626671,0.464035081654204,"GRIN3A/SLC4A2/SLC26A1",3,"MF",0.0189873417721519,0.0144321047266484
"MF","GO:0016796","exonuclease activity, active with either ribo- or deoxyribonucleic acids and producing 5'-phosphomonoesters","1/158","60/18639",0.0166666666666667,1.96613924050633,0.693058099256991,0.400459978264204,0.536856428626671,0.464035081654204,"CNOT1",1,"MF",0.00632911392405063,0.00321905681635281
"MF","GO:0019905","syntaxin binding","1/158","61/18639",0.0163934426229508,1.93390744967836,0.675514602640619,0.405558601625755,0.542214217390955,0.468666118583538,"VPS52",1,"MF",0.00632911392405063,0.00327270776329202
"MF","GO:0016791","phosphatase activity","3/158","273/18639",0.010989010989011,1.29635554319099,0.4560921023638,0.408668882594457,0.543724783742829,0.469971785691277,"NT5C2/PTPRS/PFKFB3",3,"MF",0.0189873417721519,0.0146467085144053
"MF","GO:0015103","inorganic anion transmembrane transporter activity","2/158","165/18639",0.0121212121212121,1.42991944764097,0.512877984544475,0.408898719481396,0.543724783742829,0.469971785691277,"SLC4A2/SLC26A1",2,"MF",0.0126582278481013,0.00885240624497022
"MF","GO:0008757","S-adenosylmethionine-dependent methyltransferase activity","2/158","167/18639",0.0119760479041916,1.41279466383688,0.495451119253421,0.414792401479587,0.546760582663507,0.472595796739531,"PRMT5/RNMT",2,"MF",0.0126582278481013,0.00895970813884865
"MF","GO:0022824","transmitter-gated monoatomic ion channel activity","1/158","63/18639",0.0158730158730159,1.87251356238698,0.641404235659315,0.415626946984048,0.546760582663507,0.472595796739531,"GRIN3A",1,"MF",0.00632911392405063,0.00338000965717045
"MF","GO:0022835","transmitter-gated channel activity","1/158","63/18639",0.0158730158730159,1.87251356238698,0.641404235659315,0.415626946984048,0.546760582663507,0.472595796739531,"GRIN3A",1,"MF",0.00632911392405063,0.00338000965717045
"MF","GO:1901682","sulfur compound transmembrane transporter activity","1/158","63/18639",0.0158730158730159,1.87251356238698,0.641404235659315,0.415626946984048,0.546760582663507,0.472595796739531,"SLC26A1",1,"MF",0.00632911392405063,0.00338000965717045
"MF","GO:0004536","DNA nuclease activity","1/158","64/18639",0.015625,1.84325553797468,0.62481326542103,0.420597389618443,0.551823775179397,0.476972197630459,"FAN1",1,"MF",0.00632911392405063,0.00343366060410966
"MF","GO:0030246","carbohydrate binding","3/158","280/18639",0.0107142857142857,1.26394665461121,0.411468061285395,0.424500534283504,0.555328127107412,0.480001205287536,"HK2/PKD1/P4HA1",3,"MF",0.0189873417721519,0.0150222651429798
"MF","GO:0038024","cargo receptor activity","1/158","65/18639",0.0153846153846154,1.81489776046738,0.608516761964604,0.425525820974582,0.555328127107412,0.480001205287536,"LDLR",1,"MF",0.00632911392405063,0.00348731155104888
"MF","GO:0008201","heparin binding","2/158","172/18639",0.0116279069767442,1.37172505151604,0.452848926781167,0.42939777019291,0.558898685012994,0.483087438479353,"PCSK6/PTPRS",2,"MF",0.0126582278481013,0.00922796287354472
"MF","GO:0008173","RNA methyltransferase activity","1/158","67/18639",0.0149253731343284,1.76072170791612,0.576765582827513,0.435258058290964,0.559066194381384,0.483232226208984,"RNMT",1,"MF",0.00632911392405063,0.0035946134449273
"MF","GO:0016811","hydrolase activity, acting on carbon-nitrogen (but not peptide) bonds, in linear amides","1/158","67/18639",0.0149253731343284,1.76072170791612,0.576765582827513,0.435258058290964,0.559066194381384,0.483232226208984,"ACER2",1,"MF",0.00632911392405063,0.0035946134449273
"MF","GO:0042054","histone methyltransferase activity","1/158","67/18639",0.0149253731343284,1.76072170791612,0.576765582827513,0.435258058290964,0.559066194381384,0.483232226208984,"PRMT5",1,"MF",0.00632911392405063,0.0035946134449273
"MF","GO:0050840","extracellular matrix binding","1/158","67/18639",0.0149253731343284,1.76072170791612,0.576765582827513,0.435258058290964,0.559066194381384,0.483232226208984,"ADAM9",1,"MF",0.00632911392405063,0.0035946134449273
"MF","GO:0030145","manganese ion binding","1/158","68/18639",0.0147058823529412,1.73482874162323,0.561291427923056,0.440062561133416,0.559066194381384,0.483232226208984,"NEK4",1,"MF",0.00632911392405063,0.00364826439186652
"MF","GO:0140223","general transcription initiation factor activity","1/158","68/18639",0.0147058823529412,1.73482874162323,0.561291427923056,0.440062561133416,0.559066194381384,0.483232226208984,"TAF6",1,"MF",0.00632911392405063,0.00364826439186652
"MF","GO:1990841","promoter-specific chromatin binding","1/158","68/18639",0.0147058823529412,1.73482874162323,0.561291427923056,0.440062561133416,0.559066194381384,0.483232226208984,"RBL2",1,"MF",0.00632911392405063,0.00364826439186652
"MF","GO:0015291","secondary active transmembrane transporter activity","3/158","287/18639",0.0104529616724739,1.23311868742557,0.367994900855811,0.440187760719639,0.559066194381384,0.483232226208984,"SLC4A2/SLC35E2B/SLC26A1",3,"MF",0.0189873417721519,0.0153978217715543
"MF","GO:0019001","guanyl nucleotide binding","4/158","400/18639",0.01,1.1796835443038,0.335894778857064,0.440889600447108,0.559066194381384,0.483232226208984,"RAB8A/GNL3L/EHD3/PRKG2",4,"MF",0.0253164556962025,0.0214603787756854
"MF","GO:0032561","guanyl ribonucleotide binding","4/158","400/18639",0.01,1.1796835443038,0.335894778857064,0.440889600447108,0.559066194381384,0.483232226208984,"RAB8A/GNL3L/EHD3/PRKG2",4,"MF",0.0253164556962025,0.0214603787756854
"MF","GO:0016279","protein-lysine N-methyltransferase activity","1/158","69/18639",0.0144927536231884,1.70968629609246,0.546072713931226,0.444826446510667,0.561165670982687,0.485046921431334,"PRMT5",1,"MF",0.00632911392405063,0.00370191533880573
"MF","GO:0098960","postsynaptic neurotransmitter receptor activity","1/158","69/18639",0.0144927536231884,1.70968629609246,0.546072713931226,0.444826446510667,0.561165670982687,0.485046921431334,"GRIN3A",1,"MF",0.00632911392405063,0.00370191533880573
"MF","GO:0005319","lipid transporter activity","2/158","178/18639",0.0112359550561798,1.32548712843123,0.403442524296622,0.446669463035734,0.562049554510437,0.485810911472436,"ATG9A/ATP11A",2,"MF",0.0126582278481013,0.00954986855518
"MF","GO:0016278","lysine N-methyltransferase activity","1/158","70/18639",0.0142857142857143,1.68526220614828,0.531100861209767,0.44955005563567,0.564231192277423,0.487696623192296,"PRMT5",1,"MF",0.00632911392405063,0.00375556628574494
"MF","GO:0005518","collagen binding","1/158","72/18639",0.0138888888888889,1.63844936708861,0.501865456281143,0.458877795763436,0.574472965688577,0.496549161613575,"ADAM9",1,"MF",0.00632911392405063,0.00386286817962337
"MF","GO:0004521","RNA endonuclease activity","1/158","73/18639",0.0136986301369863,1.61600485521068,0.487586705703129,0.463482595045463,0.575842012026181,0.497732505046164,"SMG6",1,"MF",0.00632911392405063,0.00391651912656258
"MF","GO:0005230","extracellular ligand-gated monoatomic ion channel activity","1/158","73/18639",0.0136986301369863,1.61600485521068,0.487586705703129,0.463482595045463,0.575842012026181,0.497732505046164,"GRIN3A",1,"MF",0.00632911392405063,0.00391651912656258
"MF","GO:0043539","protein serine/threonine kinase activator activity","1/158","73/18639",0.0136986301369863,1.61600485521068,0.487586705703129,0.463482595045463,0.575842012026181,0.497732505046164,"DDX3X",1,"MF",0.00632911392405063,0.00391651912656258
"MF","GO:1901981","phosphatidylinositol phosphate binding","2/158","185/18639",0.0108108108108108,1.27533356140951,0.347988764463792,0.466448531372176,0.577300247988235,0.498992940066853,"EXOC7/MYO10",2,"MF",0.0126582278481013,0.00992542518375449
"MF","GO:0003684","damaged DNA binding","1/158","74/18639",0.0135135135135135,1.59416695176189,0.473524374351234,0.46804845468043,0.577300247988235,0.498992940066853,"EP300",1,"MF",0.00632911392405063,0.0039701700735018
"MF","GO:0015276","ligand-gated monoatomic ion channel activity","2/158","186/18639",0.010752688172043,1.26847692935892,0.340247871406769,0.469240264303479,0.577300247988235,0.498992940066853,"ITPR3/GRIN3A",2,"MF",0.0126582278481013,0.00997907613069371
"MF","GO:0031406","carboxylic acid binding","2/158","187/18639",0.0106951871657754,1.26169363027144,0.332550569435902,0.47202335905101,0.577300247988235,0.498992940066853,"GRIN3A/P4HA1",2,"MF",0.0126582278481013,0.0100327270776329
"MF","GO:0019003","GDP binding","1/158","75/18639",0.0133333333333333,1.57291139240506,0.459671707273179,0.47257570187464,0.577300247988235,0.498992940066853,"RAB8A",1,"MF",0.00632911392405063,0.00402382102044101
"MF","GO:0022834","ligand-gated channel activity","2/158","188/18639",0.0106382978723404,1.25498249394021,0.324896324621816,0.474797760864449,0.577300247988235,0.498992940066853,"ITPR3/GRIN3A",2,"MF",0.0126582278481013,0.0100863780245721
"MF","GO:0046943","carboxylic acid transmembrane transporter activity","2/158","188/18639",0.0106382978723404,1.25498249394021,0.324896324621816,0.474797760864449,0.577300247988235,0.498992940066853,"GRIN3A/SLC26A1",2,"MF",0.0126582278481013,0.0100863780245721
"MF","GO:0051536","iron-sulfur cluster binding","1/158","76/18639",0.0131578947368421,1.55221518987342,0.446022251985506,0.477064661102382,0.577300247988235,0.498992940066853,"ACO2",1,"MF",0.00632911392405063,0.00407747196738022
"MF","GO:0098631","cell adhesion mediator activity","1/158","76/18639",0.0131578947368421,1.55221518987342,0.446022251985506,0.477064661102382,0.577300247988235,0.498992940066853,"PLXNB3",1,"MF",0.00632911392405063,0.00407747196738022
"MF","GO:0005342","organic acid transmembrane transporter activity","2/158","189/18639",0.0105820105820106,1.24834237492465,0.31728461255772,0.477563416526853,0.577300247988235,0.498992940066853,"GRIN3A/SLC26A1",2,"MF",0.0126582278481013,0.0101400289715113
"MF","GO:0043177","organic acid binding","2/158","189/18639",0.0105820105820106,1.24834237492465,0.31728461255772,0.477563416526853,0.577300247988235,0.498992940066853,"GRIN3A/P4HA1",2,"MF",0.0126582278481013,0.0101400289715113
"MF","GO:0019902","phosphatase binding","2/158","190/18639",0.0105263157894737,1.24177215189873,0.30971491813857,0.480320274332894,0.579209742577902,0.500643423195277,"GRIN3A/STX17",2,"MF",0.0126582278481013,0.0101936799184506
"MF","GO:0051540","metal cluster binding","1/158","77/18639",0.012987012987013,1.53205655104389,0.432569841053441,0.481515654128607,0.579231544819743,0.500662268094087,"ACO2",1,"MF",0.00632911392405063,0.00413112291431944
"MF","GO:0000049","tRNA binding","1/158","80/18639",0.0125,1.47460443037975,0.393337143270482,0.494644013478299,0.593572816173959,0.513058232208557,"NEMF",1,"MF",0.00632911392405063,0.00429207575513708
"MF","GO:0001618","virus receptor activity","1/158","81/18639",0.0123456790123457,1.4563994374121,0.380616392179961,0.498946305943972,0.596332544800758,0.515443620238567,"LDLR",1,"MF",0.00632911392405063,0.00434572670207629
"MF","GO:0016758","hexosyltransferase activity","2/158","197/18639",0.0101522842639594,1.19764826832873,0.257862139417295,0.499367903369741,0.596332544800758,0.515443620238567,"B4GALT5/ALG12",2,"MF",0.0126582278481013,0.0105692365470251
"MF","GO:0140272","exogenous protein binding","1/158","82/18639",0.0121951219512195,1.43863846866317,0.368065594235904,0.50321220117303,0.59946828808022,0.5181540187942,"LDLR",1,"MF",0.00632911392405063,0.0043993776490155
"MF","GO:0016829","lyase activity","2/158","200/18639",0.01,1.1796835443038,0.236221860055853,0.507394633623962,0.601593895250288,0.519991300130758,"CA12/ACO2",2,"MF",0.0126582278481013,0.0107301893878427
"MF","GO:0030165","PDZ domain binding","1/158","83/18639",0.0120481927710843,1.42130547506482,0.355679988203705,0.507442005139979,0.601593895250288,0.519991300130758,"GNG12",1,"MF",0.00632911392405063,0.00445302859595472
"MF","GO:0004860","protein kinase inhibitor activity","1/158","84/18639",0.0119047619047619,1.40438517179023,0.343455005080602,0.51163602126349,0.603656888397212,0.521774460659978,"SMCR8",1,"MF",0.00632911392405063,0.00450667954289393
"MF","GO:0051117","ATPase binding","1/158","84/18639",0.0119047619047619,1.40438517179023,0.343455005080602,0.51163602126349,0.603656888397212,0.521774460659978,"DNAJB1",1,"MF",0.00632911392405063,0.00450667954289393
"MF","GO:0044389","ubiquitin-like protein ligase binding","3/158","322/18639",0.0093167701863354,1.09908404748801,0.165832621279423,0.515874534302221,0.606160195197608,0.523938208942733,"SQSTM1/HGS/RNF31",3,"MF",0.0189873417721519,0.0172756049144267
"MF","GO:0008168","methyltransferase activity","2/158","204/18639",0.00980392156862745,1.15655249441549,0.207882996466926,0.517966971711922,0.606160195197608,0.523938208942733,"PRMT5/RNMT",2,"MF",0.0126582278481013,0.0109447931755996
"MF","GO:0005546","phosphatidylinositol-4,5-bisphosphate binding","1/158","86/18639",0.0116279069767442,1.37172505151604,0.319469533296532,0.519917891002826,0.606160195197608,0.523938208942733,"EXOC7",1,"MF",0.00632911392405063,0.00461398143677236
"MF","GO:0016209","antioxidant activity","1/158","86/18639",0.0116279069767442,1.37172505151604,0.319469533296532,0.519917891002826,0.606160195197608,0.523938208942733,"SRXN1",1,"MF",0.00632911392405063,0.00461398143677236
"MF","GO:0050660","flavin adenine dinucleotide binding","1/158","86/18639",0.0116279069767442,1.37172505151604,0.319469533296532,0.519917891002826,0.606160195197608,0.523938208942733,"CHDH",1,"MF",0.00632911392405063,0.00461398143677236
"MF","GO:0008081","phosphoric diester hydrolase activity","1/158","87/18639",0.0114942528735632,1.35595809690092,0.307700780840427,0.524006338866867,0.609482550171392,0.526809906438259,"FAN1",1,"MF",0.00632911392405063,0.00466763238371157
"MF","GO:0005516","calmodulin binding","2/158","207/18639",0.00966183574879227,1.13979086406164,0.187000683893573,0.525797582117376,0.610123609438087,0.527364009869463,"EPB41/MYO10",2,"MF",0.0126582278481013,0.0111057460164172
"MF","GO:0004197","cysteine-type endopeptidase activity","1/158","88/18639",0.0113636363636364,1.34054948216341,0.296076106672064,0.528060187425461,0.611307322854887,0.528387159677737,"USP34",1,"MF",0.00632911392405063,0.00472128333065079
"MF","GO:0004726","non-membrane spanning protein tyrosine phosphatase activity","1/158","89/18639",0.0112359550561798,1.32548712843123,0.284591764823296,0.532079727632824,0.613075470715104,0.529915468910787,"PTPRS",1,"MF",0.00632911392405063,0.00477493427759
"MF","GO:0030946","protein tyrosine phosphatase activity, metal-dependent","1/158","89/18639",0.0112359550561798,1.32548712843123,0.284591764823296,0.532079727632824,0.613075470715104,0.529915468910787,"PTPRS",1,"MF",0.00632911392405063,0.00477493427759
"MF","GO:0003924","GTPase activity","3/158","331/18639",0.00906344410876133,1.06919958698229,0.117452566472868,0.534461361833341,0.613358376795144,0.530160000481896,"ARHGAP5/RAB8A/DDX3X",3,"MF",0.0189873417721519,0.0177584634368797
"MF","GO:0019210","kinase inhibitor activity","1/158","90/18639",0.0111111111111111,1.31075949367089,0.273244150133758,0.536065248012016,0.613358376795144,0.530160000481896,"SMCR8",1,"MF",0.00632911392405063,0.00482858522452921
"MF","GO:0140793","histone H2AXY142 phosphatase activity","1/158","90/18639",0.0111111111111111,1.31075949367089,0.273244150133758,0.536065248012016,0.613358376795144,0.530160000481896,"PTPRS",1,"MF",0.00632911392405063,0.00482858522452921
"MF","GO:0072341","modified amino acid binding","1/158","91/18639",0.010989010989011,1.29635554319099,0.26202979141413,0.54001703467513,0.616446359768362,0.532829117129692,"TLN1",1,"MF",0.00632911392405063,0.00488223617146843
"MF","GO:0043178","alcohol binding","1/158","92/18639",0.0108695652173913,1.28226472206935,0.25094534501369,0.543935371343306,0.618051276445511,0.534216336508315,"ITPR3",1,"MF",0.00632911392405063,0.00493588711840764
"MF","GO:0052689","carboxylic ester hydrolase activity","1/158","92/18639",0.0108695652173913,1.28226472206935,0.25094534501369,0.543935371343306,0.618051276445511,0.534216336508315,"BCHE",1,"MF",0.00632911392405063,0.00493588711840764
"MF","GO:0016741","transferase activity, transferring one-carbon groups","2/158","215/18639",0.00930232558139535,1.09738004121283,0.132789178806051,0.546259690373408,0.619262137474002,0.535262951517965,"PRMT5/RNMT",2,"MF",0.0126582278481013,0.0115349535919309
"MF","GO:0005261","monoatomic cation channel activity","3/158","341/18639",0.00879765395894428,1.03784476038457,0.0652148652652506,0.554638982904546,0.626840141526185,0.541813044879287,"ITPR3/GRIN3A/PKD1",3,"MF",0.0189873417721519,0.0182949729062718
"MF","GO:0008276","protein methyltransferase activity","1/158","95/18639",0.0105263157894737,1.24177215189873,0.218439831547363,0.555492483141091,0.626840141526185,0.541813044879287,"PRMT5",1,"MF",0.00632911392405063,0.00509683995922528
"MF","GO:0030594","neurotransmitter receptor activity","1/158","97/18639",0.0103092783505155,1.21616860237505,0.197362963233089,0.563035070121117,0.633897607550549,0.547913208066799,"GRIN3A",1,"MF",0.00632911392405063,0.00520414185310371
"MF","GO:0004725","protein tyrosine phosphatase activity","1/158","98/18639",0.0102040816326531,1.20375871867734,0.186994195373554,0.566758533551215,0.636632873304104,0.550277451465251,"PTPRS",1,"MF",0.00632911392405063,0.00525779280004292
"MF","GO:0015171","amino acid transmembrane transporter activity","1/158","102/18639",0.00980392156862745,1.15655249441549,0.146590496696285,0.581339736681467,0.651524260699959,0.563148911687598,"GRIN3A",1,"MF",0.00632911392405063,0.00547239658779978
"MF","GO:0004497","monooxygenase activity","1/158","106/18639",0.00943396226415094,1.11290900406019,0.107788917406742,0.595433195701584,0.665802573375408,0.575490457089569,"CYP51A1",1,"MF",0.00632911392405063,0.00568700037555663
"MF","GO:0019888","protein phosphatase regulator activity","1/158","107/18639",0.00934579439252336,1.10250798533065,0.0983227246282215,0.598882262505617,0.668140755448444,0.577511478821505,"PPP2R5D",1,"MF",0.00632911392405063,0.00574065132249584
"MF","GO:0004222","metalloendopeptidase activity","1/158","110/18639",0.00909090909090909,1.07243958573072,0.0704549925922517,0.609055125293653,0.677952763901532,0.585992547317542,"ADAM9",1,"MF",0.00632911392405063,0.00590160416331348
"MF","GO:0005539","glycosaminoglycan binding","2/158","242/18639",0.00826446280991736,0.974945077937023,-0.0362737703058866,0.610711935593411,0.678262465715482,0.586260239942351,"PCSK6/PTPRS",2,"MF",0.0126582278481013,0.0129835291592897
"MF","GO:1902936","phosphatidylinositol bisphosphate binding","1/158","111/18639",0.00900900900900901,1.06277796784126,0.0613366334276339,0.612388780116018,0.678592972560993,0.586545915521269,"EXOC7",1,"MF",0.00632911392405063,0.0059552551102527
"MF","GO:0033218","amide binding","2/158","247/18639",0.00809716599190283,0.955209347614411,-0.0655219553185388,0.621859509666094,0.685997485999368,0.592946051227524,"BCHE/LDLR",2,"MF",0.0126582278481013,0.0132517838939857
"MF","GO:0042393","histone binding","2/158","247/18639",0.00809716599190283,0.955209347614411,-0.0655219553185388,0.621859509666094,0.685997485999368,0.592946051227524,"SMARCC2/BAZ2A",2,"MF",0.0126582278481013,0.0132517838939857
"MF","GO:0005525","GTP binding","3/158","378/18639",0.00793650793650794,0.93625678119349,-0.115766545853602,0.624614196028681,0.686870750920863,0.59370086301247,"RAB8A/GNL3L/EHD3",3,"MF",0.0189873417721519,0.0202800579430227
"MF","GO:0001221","transcription coregulator binding","1/158","115/18639",0.00869565217391304,1.02581177765548,0.0256723079158028,0.625443285391355,0.686870750920863,0.59370086301247,"EP300",1,"MF",0.00632911392405063,0.00616985889800955
"MF","GO:0019208","phosphatase regulator activity","1/158","117/18639",0.00854700854700855,1.00827653359299,0.00830353339643159,0.631805751138304,0.692312760712796,0.598404696893388,"PPP2R5D",1,"MF",0.00632911392405063,0.00627716079188798
"MF","GO:0019887","protein kinase regulator activity","2/158","255/18639",0.00784313725490196,0.92524199553239,-0.111140730852719,0.639184580611248,0.698841808134965,0.60404811828525,"SMCR8/DDX3X",2,"MF",0.0126582278481013,0.0136809914694994
"MF","GO:0051082","unfolded protein binding","1/158","121/18639",0.00826446280991736,0.974945077937023,-0.0255654925930871,0.644210270751745,0.702774840820085,0.607447658731952,"DNAJB1",1,"MF",0.00632911392405063,0.00649176457964483
"MF","GO:0008528","G protein-coupled peptide receptor activity","1/158","122/18639",0.00819672131147541,0.966953724839178,-0.0338596590308469,0.647245953720814,0.704524356704957,0.608959863305097,"GRPR",1,"MF",0.00632911392405063,0.00654541552658404
"MF","GO:0042826","histone deacetylase binding","1/158","127/18639",0.0078740157480315,0.928884680554171,-0.0743539112194338,0.662042598998389,0.719039643945271,0.621506239096896,"NRIP1",1,"MF",0.00632911392405063,0.00681367026128011
"MF","GO:0001653","peptide receptor activity","1/158","128/18639",0.0078125,0.921627768987342,-0.0822654955273271,0.664927066876428,0.720581755293398,0.622839172311795,"GRPR",1,"MF",0.00632911392405063,0.00686732120821933
"MF","GO:0016298","lipase activity","1/158","130/18639",0.00769230769230769,0.90744888023369,-0.0979100651850607,0.670622815462176,0.722125041759346,0.624173121246846,"DAGLA",1,"MF",0.00632911392405063,0.00697462310209775
"MF","GO:0016798","hydrolase activity, acting on glycosyl bonds","1/158","130/18639",0.00769230769230769,0.90744888023369,-0.0979100651850607,0.670622815462176,0.722125041759346,0.624173121246846,"IL1RAPL1",1,"MF",0.00632911392405063,0.00697462310209775
"MF","GO:0004175","endopeptidase activity","3/158","405/18639",0.00740740740740741,0.873839662447258,-0.237342133703526,0.670754357894352,0.722125041759346,0.624173121246846,"ADAM9/USP34/PCSK6",3,"MF",0.0189873417721519,0.0217286335103815
"MF","GO:0016614","oxidoreductase activity, acting on CH-OH group of donors","1/158","132/18639",0.00757575757575758,0.893699654775604,-0.113323268413566,0.676222347091182,0.726422259320658,0.627887447080757,"CHDH",1,"MF",0.00632911392405063,0.00708192499597618
"MF","GO:1901681","sulfur compound binding","2/158","275/18639",0.00727272727272727,0.85795166858458,-0.219424089604405,0.679778578626384,0.72860448945123,0.629773670813644,"PCSK6/PTPRS",2,"MF",0.0126582278481013,0.0147540104082837
"MF","GO:0051087","protein-folding chaperone binding","1/158","134/18639",0.00746268656716418,0.880360853958058,-0.128512870019612,0.681727276955426,0.72860448945123,0.629773670813644,"DNAJB1",1,"MF",0.00632911392405063,0.00718922688985461
"MF","GO:0002020","protease binding","1/158","136/18639",0.00735294117647059,0.867414370811616,-0.143486253916338,0.687139193303599,0.72860448945123,0.629773670813644,"LDLR",1,"MF",0.00632911392405063,0.00729652878373303
"MF","GO:0044325","transmembrane transporter binding","1/158","136/18639",0.00735294117647059,0.867414370811616,-0.143486253916338,0.687139193303599,0.72860448945123,0.629773670813644,"PKD1",1,"MF",0.00632911392405063,0.00729652878373303
"MF","GO:0099094","ligand-gated monoatomic cation channel activity","1/158","136/18639",0.00735294117647059,0.867414370811616,-0.143486253916338,0.687139193303599,0.72860448945123,0.629773670813644,"ITPR3",1,"MF",0.00632911392405063,0.00729652878373303
"MF","GO:0140789","histone phosphatase activity","1/158","136/18639",0.00735294117647059,0.867414370811616,-0.143486253916338,0.687139193303599,0.72860448945123,0.629773670813644,"PTPRS",1,"MF",0.00632911392405063,0.00729652878373303
"MF","GO:0030295","protein kinase activator activity","1/158","139/18639",0.00719424460431655,0.848693197340861,-0.165556201579647,0.695086076678781,0.733867703274593,0.634322961324209,"DDX3X",1,"MF",0.00632911392405063,0.00745748162455067
"MF","GO:0070851","growth factor receptor binding","1/158","139/18639",0.00719424460431655,0.848693197340861,-0.165556201579647,0.695086076678781,0.733867703274593,0.634322961324209,"SHC1",1,"MF",0.00632911392405063,0.00745748162455067
"MF","GO:0019207","kinase regulator activity","2/158","287/18639",0.00696864111498258,0.822079124950381,-0.280861116271373,0.702311629362318,0.738875033476248,0.638651077287985,"SMCR8/DDX3X",2,"MF",0.0126582278481013,0.0153978217715543
"MF","GO:0020037","heme binding","1/158","142/18639",0.00704225352112676,0.830763059368871,-0.187177720222011,0.702832348916431,0.738875033476248,0.638651077287985,"CYP51A1",1,"MF",0.00632911392405063,0.00761843446536831
"MF","GO:0008194","UDP-glycosyltransferase activity","1/158","145/18639",0.00689655172413793,0.81357485814055,-0.208371597053579,0.710383042798974,0.745220590740075,0.644135897858345,"B4GALT5",1,"MF",0.00632911392405063,0.00777938730618595
"MF","GO:0019209","kinase activator activity","1/158","148/18639",0.00675675675675676,0.797083475880944,-0.229157215497579,0.71774306563928,0.751339549562821,0.649424856703851,"DDX3X",1,"MF",0.00632911392405063,0.00794034014700359
"MF","GO:0001664","G protein-coupled receptor binding","2/158","297/18639",0.00673400673400673,0.79439969313387,-0.330250970309715,0.72007635110151,0.752181666118774,0.650152745211778,"ADRA2A/TUB",2,"MF",0.0126582278481013,0.0159343312409464
"MF","GO:0019842","vitamin binding","1/158","150/18639",0.00666666666666667,0.786455696202532,-0.242796472788441,0.722546187058548,0.753162550916961,0.651000578884152,"P4HA1",1,"MF",0.00632911392405063,0.00804764204088202
"MF","GO:0046906","tetrapyrrole binding","1/158","152/18639",0.00657894736842105,0.776107594936709,-0.256267421173458,0.72726808306958,0.755710963178622,0.653203314343524,"CYP51A1",1,"MF",0.00632911392405063,0.00815494393476045
"MF","GO:0031625","ubiquitin protein ligase binding","2/158","302/18639",0.00662251655629139,0.781247380333641,-0.354370903008514,0.728621576595835,0.755710963178622,0.653203314343524,"SQSTM1/RNF31",2,"MF",0.0126582278481013,0.0162025859756425
"MF","GO:0003774","cytoskeletal motor activity","1/158","153/18639",0.0065359477124183,0.771034996276992,-0.262941303860711,0.72959899900375,0.755710963178622,0.653203314343524,"MYO10",1,"MF",0.00632911392405063,0.00820859488169966
"MF","GO:0005216","monoatomic ion channel activity","3/158","448/18639",0.00669642857142857,0.789966659132007,-0.416068104363175,0.735480950395673,0.760202999148469,0.657086032640097,"ITPR3/GRIN3A/PKD1",3,"MF",0.0189873417721519,0.0240356242287676
"MF","GO:0046873","metal ion transmembrane transporter activity","3/158","450/18639",0.00666666666666667,0.786455696202532,-0.423989694125453,0.738233420579846,0.761448308019464,0.658162422849515,"ITPR3/GRIN3A/PKD1",3,"MF",0.0189873417721519,0.0241429261226461
"MF","GO:0022804","active transmembrane transporter activity","3/158","457/18639",0.00656455142231947,0.774409328864637,-0.451464777696776,0.74769036641634,0.769589247441086,0.665199092781769,"SLC4A2/SLC35E2B/SLC26A1",3,"MF",0.0189873417721519,0.0245184827512206
"MF","GO:0022836","gated channel activity","2/158","318/18639",0.00628930817610063,0.741939336040124,-0.42916692718294,0.754501919877952,0.774979007473804,0.669857764269185,"ITPR3/GRIN3A",2,"MF",0.0126582278481013,0.0170610011266699
"MF","GO:0016874","ligase activity","1/158","167/18639",0.00598802395209581,0.706397331918442,-0.35239256526407,0.760227351359,0.779233035142975,0.673534758660166,"ACACA",1,"MF",0.00632911392405063,0.00895970813884865
"MF","GO:0005201","extracellular matrix structural constituent","1/158","168/18639",0.00595238095238095,0.702192585895117,-0.358517538468102,0.762278243438107,0.779710802019852,0.673947719332521,"TNC",1,"MF",0.00632911392405063,0.00901335908578786
"MF","GO:0005244","voltage-gated monoatomic ion channel activity","1/158","173/18639",0.00578034682080925,0.681898002487744,-0.388658791438434,0.772274147140819,0.788296432351209,0.681368760526078,"GRIN3A",1,"MF",0.00632911392405063,0.00928161382048393
"MF","GO:0004721","phosphoprotein phosphatase activity","1/158","175/18639",0.00571428571428571,0.674104882459313,-0.40049716511465,0.776154545772096,0.78898354652866,0.681962671796274,"PTPRS",1,"MF",0.00632911392405063,0.00938891571436236
"MF","GO:0022832","voltage-gated channel activity","1/158","175/18639",0.00571428571428571,0.674104882459313,-0.40049716511465,0.776154545772096,0.78898354652866,0.681962671796274,"GRIN3A",1,"MF",0.00632911392405063,0.00938891571436236
"MF","GO:0004252","serine-type endopeptidase activity","1/158","176/18639",0.00568181818181818,0.670274741081703,-0.406371161890557,0.778070034386048,0.789299911171001,0.68223612347686,"PCSK6",1,"MF",0.00632911392405063,0.00944256666130157
"MF","GO:0016853","isomerase activity","1/158","180/18639",0.00555555555555556,0.655379746835443,-0.42957443587627,0.785570475955072,0.795268876892789,0.687395434883797,"RECQL",1,"MF",0.00632911392405063,0.00965717044905843
"MF","GO:0008237","metallopeptidase activity","1/158","184/18639",0.00543478260869565,0.641132361034673,-0.452326099795579,0.792818979663634,0.800958804916854,0.692313558379138,"ADAM9",1,"MF",0.00632911392405063,0.00987177423681528
"MF","GO:0008236","serine-type peptidase activity","1/158","194/18639",0.00515463917525773,0.608084301187524,-0.507364012159313,0.809892519844234,0.816530983121646,0.705773464230092,"PCSK6",1,"MF",0.00632911392405063,0.0104082837062074
"MF","GO:0017171","serine hydrolase activity","1/158","198/18639",0.00505050505050505,0.595799769850403,-0.528691564778494,0.816323664633835,0.82133178527576,0.709923066434333,"PCSK6",1,"MF",0.00632911392405063,0.0106228874939643
"MF","GO:0005126","cytokine receptor binding","1/158","275/18639",0.00363636363636364,0.42897583429229,-0.882069197533196,0.905440235189039,0.909135909618382,0.78581708918662,"SHC1",1,"MF",0.00632911392405063,0.0147540104082837
"MF","GO:0015631","tubulin binding","1/158","385/18639",0.0025974025974026,0.306411310208779,-1.27150715359446,0.963552393376896,0.965514821876645,0.834548540946009,"DDX3X",1,"MF",0.00632911392405063,0.0206556145715972
"MF","GO:0004857","enzyme inhibitor activity","1/158","416/18639",0.00240384615384615,0.283577775073028,-1.36637919763593,0.972168725478847,0.972168725478847,0.840299882527716,"SMCR8",1,"MF",0.00632911392405063,0.0223187939267128
