"ONTOLOGY","ID","Description","GeneRatio","BgRatio","RichFactor","FoldEnrichment","zScore","pvalue","p.adjust","qvalue","geneID","Count","Category","GeneRatioNum","BgRatioNum"
"BP","GO:0006119","oxidative phosphorylation","19/173","151/18805",0.125827814569536,13.6774107108678,15.0713266585622,1.67237233460449e-16,3.36146839255503e-13,3.3060160467234e-13,"CHCHD10/NDUFS3/NDUFA3/COX8A/SDHAF2/COX6A1/UQCR11/COX6B1/NDUFB7/ATP5MG/NDUFB9/NDUFA2/NDUFB1/NDUFC2/NDUFB8/ATP5ME/NDUFA11/MT-ND2/MT-ND1",19,"BP",0.109826589595376,0.00802977931401223
"BP","GO:0045333","cellular respiration","22/173","245/18805",0.0897959183673469,9.76076442137549,13.3000873582593,8.73183329662413e-16,8.77549246310725e-13,8.63072785845269e-13,"CHCHD10/NDUFS3/NDUFA3/COX8A/BLOC1S1/SDHAF2/CHCHD5/COX6A1/UQCR11/COX6B1/NDUFB7/ATP5MG/NDUFB9/NDUFA2/ETFB/NDUFB1/NDUFC2/NDUFB8/ATP5ME/NDUFA11/MT-ND2/MT-ND1",22,"BP",0.127167630057803,0.013028449880351
"BP","GO:0009060","aerobic respiration","20/173","201/18805",0.0995024875621891,10.8158628821212,13.4816106786553,2.65010993046872e-15,1.77557365341404e-12,1.74628296470886e-12,"CHCHD10/NDUFS3/NDUFA3/COX8A/BLOC1S1/SDHAF2/COX6A1/UQCR11/COX6B1/NDUFB7/ATP5MG/NDUFB9/NDUFA2/NDUFB1/NDUFC2/NDUFB8/ATP5ME/NDUFA11/MT-ND2/MT-ND1",20,"BP",0.115606936416185,0.0106886466365328
"BP","GO:0019646","aerobic electron transport chain","15/173","93/18805",0.161290322580645,17.5321648331158,15.4003124339435,6.48915377920257e-15,3.26079977404929e-12,3.20700810456379e-12,"NDUFS3/NDUFA3/COX8A/SDHAF2/COX6A1/UQCR11/COX6B1/NDUFB7/NDUFB9/NDUFA2/NDUFB1/NDUFC2/NDUFB8/MT-ND2/MT-ND1",15,"BP",0.0867052023121387,0.00494549321988833
"BP","GO:0022904","respiratory electron transport chain","16/173","117/18805",0.136752136752137,14.8648782174794,14.4959276419939,1.17381873172998e-14,4.71875130155452e-12,4.64090858566085e-12,"NDUFS3/NDUFA3/COX8A/SDHAF2/COX6A1/UQCR11/COX6B1/NDUFB7/NDUFB9/NDUFA2/ETFB/NDUFB1/NDUFC2/NDUFB8/MT-ND2/MT-ND1",16,"BP",0.092485549132948,0.00622174953469822
"BP","GO:0033108","mitochondrial respiratory chain complex assembly","16/173","122/18805",0.131147540983607,14.2556618970909,14.1539110447951,2.30785061633476e-14,5.82831801234598e-12,5.73217136799463e-12,"NDUFS3/NDUFA3/COX14/SDHAF2/NDUFB7/HIGD2A/NDUFB9/NDUFA2/NDUFAF8/NDUFB1/NDUFC2/NDUFB8/COX17/NDUFA11/MT-ND2/MT-ND1",16,"BP",0.092485549132948,0.00648763626695028
"BP","GO:0042773","ATP synthesis coupled electron transport","15/173","101/18805",0.148514851485149,16.1434785097007,14.7040686143846,2.31972856212775e-14,5.82831801234598e-12,5.73217136799463e-12,"NDUFS3/NDUFA3/COX8A/SDHAF2/COX6A1/UQCR11/COX6B1/NDUFB7/NDUFB9/NDUFA2/NDUFB1/NDUFC2/NDUFB8/MT-ND2/MT-ND1",15,"BP",0.0867052023121387,0.00537091199149162
"BP","GO:0042775","mitochondrial ATP synthesis coupled electron transport","15/173","101/18805",0.148514851485149,16.1434785097007,14.7040686143846,2.31972856212775e-14,5.82831801234598e-12,5.73217136799463e-12,"NDUFS3/NDUFA3/COX8A/SDHAF2/COX6A1/UQCR11/COX6B1/NDUFB7/NDUFB9/NDUFA2/NDUFB1/NDUFC2/NDUFB8/MT-ND2/MT-ND1",15,"BP",0.0867052023121387,0.00537091199149162
"BP","GO:0042776","proton motive force-driven mitochondrial ATP synthesis","13/173","68/18805",0.191176470588235,20.7807718463108,15.7458495248761,4.33514420627974e-14,8.84464807695502e-12,8.69874264913408e-12,"NDUFS3/NDUFA3/NDUFB7/ATP5MG/NDUFB9/NDUFA2/NDUFB1/NDUFC2/NDUFB8/ATP5ME/NDUFA11/MT-ND2/MT-ND1",13,"BP",0.0751445086705202,0.00361605955862802
"BP","GO:0022900","electron transport chain","16/173","127/18805",0.125984251968504,13.6944153657093,13.8314532916201,4.40032242634578e-14,8.84464807695502e-12,8.69874264913408e-12,"NDUFS3/NDUFA3/COX8A/SDHAF2/COX6A1/UQCR11/COX6B1/NDUFB7/NDUFB9/NDUFA2/ETFB/NDUFB1/NDUFC2/NDUFB8/MT-ND2/MT-ND1",16,"BP",0.092485549132948,0.00675352299920234
"BP","GO:0015986","proton motive force-driven ATP synthesis","13/173","77/18805",0.168831168831169,18.3518504616771,14.7015760075751,2.36421417203184e-13,4.32006407798545e-11,4.24879829193855e-11,"NDUFS3/NDUFA3/NDUFB7/ATP5MG/NDUFB9/NDUFA2/NDUFB1/NDUFC2/NDUFB8/ATP5ME/NDUFA11/MT-ND2/MT-ND1",13,"BP",0.0751445086705202,0.00409465567668173
"BP","GO:0010257","NADH dehydrogenase complex assembly","12/173","63/18805",0.19047619047619,20.7046518029177,15.0955697070824,4.44338906620294e-13,6.87016309466762e-11,6.75682968933531e-11,"NDUFS3/NDUFA3/NDUFB7/NDUFB9/NDUFA2/NDUFAF8/NDUFB1/NDUFC2/NDUFB8/NDUFA11/MT-ND2/MT-ND1",12,"BP",0.069364161849711,0.00335017282637596
"BP","GO:0032981","mitochondrial respiratory chain complex I assembly","12/173","63/18805",0.19047619047619,20.7046518029177,15.0955697070824,4.44338906620294e-13,6.87016309466762e-11,6.75682968933531e-11,"NDUFS3/NDUFA3/NDUFB7/NDUFB9/NDUFA2/NDUFAF8/NDUFB1/NDUFC2/NDUFB8/NDUFA11/MT-ND2/MT-ND1",12,"BP",0.069364161849711,0.00335017282637596
"BP","GO:0015980","energy derivation by oxidation of organic compounds","22/173","352/18805",0.0625,6.79371387283237,10.5733673062727,1.48664558145833e-12,2.13439829909375e-10,2.09918827216447e-10,"CHCHD10/NDUFS3/NDUFA3/COX8A/BLOC1S1/SDHAF2/CHCHD5/COX6A1/UQCR11/COX6B1/NDUFB7/ATP5MG/NDUFB9/NDUFA2/ETFB/NDUFB1/NDUFC2/NDUFB8/ATP5ME/NDUFA11/MT-ND2/MT-ND1",22,"BP",0.127167630057803,0.0187184259505451
"BP","GO:0006754","ATP biosynthetic process","13/173","100/18805",0.13,14.1309248554913,12.6862975930829,7.62153543546827e-12,1.02128574835275e-09,1.00443814370592e-09,"NDUFS3/NDUFA3/NDUFB7/ATP5MG/NDUFB9/NDUFA2/NDUFB1/NDUFC2/NDUFB8/ATP5ME/NDUFA11/MT-ND2/MT-ND1",13,"BP",0.0751445086705202,0.00531773464504121
"BP","GO:0007005","mitochondrion organization","23/173","445/18805",0.051685393258427,5.61817237124115,9.50018890096847,2.17587724386173e-11,2.73344578760129e-09,2.68835359471863e-09,"CHCHD10/NDUFS3/NDUFA3/COX14/GPX1/SDHAF2/NDUFB7/SIVA1/HIGD2A/SFN/NDUFB9/NDUFA2/NDUFAF8/JTB/NDUFB1/ROMO1/NDUFC2/NDUFB8/COX17/NDUFA11/MT-ND2/MT-ND1/PARL",23,"BP",0.132947976878613,0.0236639191704334
"BP","GO:1902600","proton transmembrane transport","16/173","190/18805",0.0842105263157895,9.15363553392151,10.8846635645504,2.35556622687261e-11,2.78511065647879e-09,2.73916617589273e-09,"NDUFS3/NDUFA3/COX8A/COX6B1/NDUFB7/ATP5MG/NDUFB9/NDUFA2/NDUFB1/ATP6V0B/NDUFC2/NDUFB8/ATP5ME/COX17/MT-ND2/MT-ND1",16,"BP",0.092485549132948,0.0101036958255783
"BP","GO:0009206","purine ribonucleoside triphosphate biosynthetic process","13/173","111/18805",0.117117117117117,12.7305629328751,11.9439412651437,2.94977436392154e-11,3.26347940440555e-09,3.20964353049155e-09,"NDUFS3/NDUFA3/NDUFB7/ATP5MG/NDUFB9/NDUFA2/NDUFB1/NDUFC2/NDUFB8/ATP5ME/NDUFA11/MT-ND2/MT-ND1",13,"BP",0.0751445086705202,0.00590268545599575
"BP","GO:0006120","mitochondrial electron transport, NADH to ubiquinone","10/173","51/18805",0.196078431372549,21.3136121500623,13.9972823582664,3.08488102904007e-11,3.26347940440555e-09,3.20964353049155e-09,"NDUFS3/NDUFA3/NDUFB7/NDUFB9/NDUFA2/NDUFB1/NDUFC2/NDUFB8/MT-ND2/MT-ND1",10,"BP",0.0578034682080925,0.00271204466897102
"BP","GO:0009145","purine nucleoside triphosphate biosynthetic process","13/173","112/18805",0.116071428571429,12.616897192403,11.8816865021333,3.31071800408548e-11,3.3272715941059e-09,3.27238337456449e-09,"NDUFS3/NDUFA3/NDUFB7/ATP5MG/NDUFB9/NDUFA2/NDUFB1/NDUFC2/NDUFB8/ATP5ME/NDUFA11/MT-ND2/MT-ND1",13,"BP",0.0751445086705202,0.00595586280244616
"BP","GO:0009201","ribonucleoside triphosphate biosynthetic process","13/173","117/18805",0.111111111111111,12.077713551702,11.5819072887177,5.79705852286179e-11,5.54861315759629e-09,5.45708065460373e-09,"NDUFS3/NDUFA3/NDUFB7/ATP5MG/NDUFB9/NDUFA2/NDUFB1/NDUFC2/NDUFB8/ATP5ME/NDUFA11/MT-ND2/MT-ND1",13,"BP",0.0751445086705202,0.00622174953469822
"BP","GO:0006091","generation of precursor metabolites and energy","23/173","484/18805",0.0475206611570248,5.16546839917833,8.94603046139235,1.16188259734381e-10,1.06153819120957e-08,1.04402656354625e-08,"CHCHD10/NDUFS3/NDUFA3/COX8A/BLOC1S1/SDHAF2/CHCHD5/COX6A1/UQCR11/COX6B1/NDUFB7/ATP5MG/NDUFB9/NDUFA2/ETFB/NDUFB1/NDUFC2/NDUFB8/ATP5ME/COX17/NDUFA11/MT-ND2/MT-ND1",23,"BP",0.132947976878613,0.0257378356819995
"BP","GO:0009142","nucleoside triphosphate biosynthetic process","13/173","125/18805",0.104,11.3047398843931,11.1383802295834,1.34567607097843e-10,1.17600387072463e-08,1.15660396398055e-08,"NDUFS3/NDUFA3/NDUFB7/ATP5MG/NDUFB9/NDUFA2/NDUFB1/NDUFC2/NDUFB8/ATP5ME/NDUFA11/MT-ND2/MT-ND1",13,"BP",0.0751445086705202,0.00664716830630152
"BP","GO:0009152","purine ribonucleotide biosynthetic process","14/173","157/18805",0.089171974522293,9.6929420860793,10.539473526277,2.04344893628121e-10,1.71138848413551e-08,1.68315662383162e-08,"NDUFS3/NDUFA3/GUK1/NDUFB7/ATP5MG/NDUFB9/NDUFA2/NDUFB1/NDUFC2/NDUFB8/ATP5ME/NDUFA11/MT-ND2/MT-ND1",14,"BP",0.0809248554913295,0.0083488433927147
"BP","GO:0006164","purine nucleotide biosynthetic process","15/173","198/18805",0.0757575757575758,8.23480469434227,9.86142470465516,4.51949621753353e-10,3.63367495889696e-08,3.57373216695915e-08,"NDUFS3/NDUFA3/NNMT/GUK1/NDUFB7/ATP5MG/NDUFB9/NDUFA2/NDUFB1/NDUFC2/NDUFB8/ATP5ME/NDUFA11/MT-ND2/MT-ND1",15,"BP",0.0867052023121387,0.0105291145971816
"BP","GO:0009260","ribonucleotide biosynthetic process","14/173","173/18805",0.0809248554913295,8.7964850145344,9.92683029306188,7.41074549614746e-10,5.72907632586785e-08,5.63456681852831e-08,"NDUFS3/NDUFA3/GUK1/NDUFB7/ATP5MG/NDUFB9/NDUFA2/NDUFB1/NDUFC2/NDUFB8/ATP5ME/NDUFA11/MT-ND2/MT-ND1",14,"BP",0.0809248554913295,0.0091996809359213
"BP","GO:0046390","ribose phosphate biosynthetic process","14/173","180/18805",0.0777777777777778,8.45439948619139,9.68320686869994,1.24809763567684e-09,9.2913935100387e-08,9.13811836179768e-08,"NDUFS3/NDUFA3/GUK1/NDUFB7/ATP5MG/NDUFB9/NDUFA2/NDUFB1/NDUFC2/NDUFB8/ATP5ME/NDUFA11/MT-ND2/MT-ND1",14,"BP",0.0809248554913295,0.00957192236107418
"BP","GO:0009165","nucleotide biosynthetic process","15/173","234/18805",0.0641025641025641,6.96791166444346,8.85179005686131,4.5324815331394e-09,3.25367424343221e-07,3.20000012001346e-07,"NDUFS3/NDUFA3/NNMT/GUK1/NDUFB7/ATP5MG/NDUFB9/NDUFA2/NDUFB1/NDUFC2/NDUFB8/ATP5ME/NDUFA11/MT-ND2/MT-ND1",15,"BP",0.0867052023121387,0.0124434990693964
"BP","GO:0002181","cytoplasmic translation","13/173","169/18805",0.0769230769230769,8.36149399733215,9.26299434187808,5.68567600695055e-09,3.94076164619676e-07,3.87575300945667e-07,"RPL38/RPL39/RPL18/RPS27A/RPS19/RPS18/RPL27A/RPS29/RPS26/RPL34/RPL21/RPLP1/RPLP2",13,"BP",0.0751445086705202,0.00898697155011965
"BP","GO:0009144","purine nucleoside triphosphate metabolic process","15/173","261/18805",0.0574712643678161,6.24709321639758,8.22537598947958,1.97497532856761e-08,1.3232334701403e-06,1.30140479545613e-06,"NDUFS3/NDUFA3/GUK1/NDUFB7/ATP5MG/NDUFB9/ITPA/NDUFA2/NDUFB1/NDUFC2/NDUFB8/ATP5ME/NDUFA11/MT-ND2/MT-ND1",15,"BP",0.0867052023121387,0.0138792874235576
"BP","GO:0072522","purine-containing compound biosynthetic process","15/173","264/18805",0.0568181818181818,6.1761035207567,8.16125175621248,2.29998632258594e-08,1.49128145432185e-06,1.46668058194105e-06,"NDUFS3/NDUFA3/NNMT/GUK1/NDUFB7/ATP5MG/NDUFB9/NDUFA2/NDUFB1/NDUFC2/NDUFB8/ATP5ME/NDUFA11/MT-ND2/MT-ND1",15,"BP",0.0867052023121387,0.0140388194629088
"BP","GO:0009141","nucleoside triphosphate metabolic process","15/173","277/18805",0.0541516245487365,5.88625028693057,7.89441144641689,4.34931056345881e-08,2.73191069767256e-06,2.68684382834725e-06,"NDUFS3/NDUFA3/GUK1/NDUFB7/ATP5MG/NDUFB9/ITPA/NDUFA2/NDUFB1/NDUFC2/NDUFB8/ATP5ME/NDUFA11/MT-ND2/MT-ND1",15,"BP",0.0867052023121387,0.0147301249667642
"BP","GO:0009205","purine ribonucleoside triphosphate metabolic process","14/173","254/18805",0.0551181102362205,5.99130672249784,7.71730899348767,1.00369036676152e-07,6.11338677936561e-06,6.01253750806421e-06,"NDUFS3/NDUFA3/NDUFB7/ATP5MG/NDUFB9/ITPA/NDUFA2/NDUFB1/NDUFC2/NDUFB8/ATP5ME/NDUFA11/MT-ND2/MT-ND1",14,"BP",0.0809248554913295,0.0135070459984047
"BP","GO:0009199","ribonucleoside triphosphate metabolic process","14/173","261/18805",0.053639846743295,5.83062033530441,7.57251050851047,1.40300907712165e-07,8.29425954416034e-06,8.15743358153083e-06,"NDUFS3/NDUFA3/NDUFB7/ATP5MG/NDUFB9/ITPA/NDUFA2/NDUFB1/NDUFC2/NDUFB8/ATP5ME/NDUFA11/MT-ND2/MT-ND1",14,"BP",0.0809248554913295,0.0138792874235576
"BP","GO:0046034","ATP metabolic process","13/173","230/18805",0.0565217391304348,6.14388037195275,7.56325602063526,2.18685897937603e-07,1.25588187101309e-05,1.23516425962953e-05,"NDUFS3/NDUFA3/NDUFB7/ATP5MG/NDUFB9/NDUFA2/NDUFB1/NDUFC2/NDUFB8/ATP5ME/NDUFA11/MT-ND2/MT-ND1",13,"BP",0.0751445086705202,0.0122307896835948
"BP","GO:1901293","nucleoside phosphate biosynthetic process","15/173","322/18805",0.046583850931677,5.06363766919183,7.08720698410397,3.07290660532977e-07,1.71570618797579e-05,1.68740310082144e-05,"NDUFS3/NDUFA3/NNMT/GUK1/NDUFB7/ATP5MG/NDUFB9/NDUFA2/NDUFB1/NDUFC2/NDUFB8/ATP5ME/NDUFA11/MT-ND2/MT-ND1",15,"BP",0.0867052023121387,0.0171231055570327
"BP","GO:0006163","purine nucleotide metabolic process","17/173","448/18805",0.0379464285714286,4.12475485136251,6.45019046757438,8.72624341412775e-07,4.66827404474656e-05,4.5912640251553e-05,"NDUFS3/NDUFA3/NNMT/GUK1/NDUFB7/ATP5MG/NDUFB9/ITPA/NDUFA2/NDUFB1/LDHB/NDUFC2/NDUFB8/ATP5ME/NDUFA11/MT-ND2/MT-ND1",17,"BP",0.0982658959537572,0.0238234512097846
"BP","GO:0009150","purine ribonucleotide metabolic process","15/173","350/18805",0.0428571428571429,4.65854665565648,6.65739047355379,8.82559272141141e-07,4.66827404474656e-05,4.5912640251553e-05,"NDUFS3/NDUFA3/GUK1/NDUFB7/ATP5MG/NDUFB9/ITPA/NDUFA2/NDUFB1/NDUFC2/NDUFB8/ATP5ME/NDUFA11/MT-ND2/MT-ND1",15,"BP",0.0867052023121387,0.0186120712576442
"BP","GO:0009259","ribonucleotide metabolic process","15/173","371/18805",0.0404312668463612,4.39485533552498,6.36380510646863,1.82141259476507e-06,9.3872802960969e-05,9.23242335484157e-05,"NDUFS3/NDUFA3/GUK1/NDUFB7/ATP5MG/NDUFB9/ITPA/NDUFA2/NDUFB1/NDUFC2/NDUFB8/ATP5ME/NDUFA11/MT-ND2/MT-ND1",15,"BP",0.0867052023121387,0.0197287955331029
"BP","GO:0019693","ribose phosphate metabolic process","15/173","379/18805",0.0395778364116095,4.30208794057986,6.25764817049821,2.36825835666372e-06,0.000119004982422352,0.000117041820889854,"NDUFS3/NDUFA3/GUK1/NDUFB7/ATP5MG/NDUFB9/ITPA/NDUFA2/NDUFB1/NDUFC2/NDUFB8/ATP5ME/NDUFA11/MT-ND2/MT-ND1",15,"BP",0.0867052023121387,0.0201542143047062
"BP","GO:0008637","apoptotic mitochondrial changes","6/173","107/18805",0.0560747663551402,6.095294689644,5.09309823591181,0.000466363597845906,0.0228631910163481,0.0224860291849708,"CHCHD10/GPX1/SIVA1/SFN/JTB/PARL",6,"BP",0.0346820809248555,0.0056899760701941
"BP","GO:0022618","protein-RNA complex assembly","8/173","228/18805",0.0350877192982456,3.81401480580063,4.11930971523037,0.00125949430273128,0.0602757987735683,0.0592814611661489,"RPL38/LUC7L/RPS19/LSM4/TARBP2/SF3B5/PRPF31/SNRPB",8,"BP",0.046242774566474,0.012124434990694
"BP","GO:0006123","mitochondrial electron transport, cytochrome c to oxygen","3/173","24/18805",0.125,13.5874277456647,5.94568217255035,0.00134348905074747,0.0628003021395909,0.0617643191506424,"COX8A/COX6A1/COX6B1",3,"BP",0.0173410404624277,0.00127625631480989
"BP","GO:0071826","protein-RNA complex organization","8/173","237/18805",0.0337552742616034,3.66917880051706,3.98462734676813,0.00160927115337088,0.0735144322335335,0.0723017039720219,"RPL38/LUC7L/RPS19/LSM4/TARBP2/SF3B5/PRPF31/SNRPB",8,"BP",0.046242774566474,0.0126030311087477
"BP","GO:0008380","RNA splicing","12/173","482/18805",0.024896265560166,2.70620967548509,3.65658828708167,0.00172259821916889,0.0769427204562106,0.0756734375578756,"LUC7L/SNRNP70/LSM4/RPS26/SF3B5/FASTK/ALYREF/LSM5/LSM7/PRPF31/SNRPB/SNRPN",12,"BP",0.069364161849711,0.0256314809890986
"BP","GO:0072593","reactive oxygen species metabolic process","8/173","245/18805",0.0326530612244898,3.54936888050018,3.87030482595221,0.00198110497729551,0.0865656740079124,0.0851376463926994,"NAGLU/NDUFS3/GPX1/NOXA1/ROMO1/NDUFC2/MT-ND2/PARL",8,"BP",0.046242774566474,0.013028449880351
"BP","GO:0000377","RNA splicing, via transesterification reactions with bulged adenosine as nucleophile","9/173","336/18805",0.0267857142857143,2.9115916597853,3.4069166612552,0.00399902363060706,0.16745911453167,0.164696631102633,"LUC7L/SNRNP70/LSM4/SF3B5/LSM5/LSM7/PRPF31/SNRPB/SNRPN",9,"BP",0.0520231213872832,0.0178675884073385
"BP","GO:0000398","mRNA splicing, via spliceosome","9/173","336/18805",0.0267857142857143,2.9115916597853,3.4069166612552,0.00399902363060706,0.16745911453167,0.164696631102633,"LUC7L/SNRNP70/LSM4/SF3B5/LSM5/LSM7/PRPF31/SNRPB/SNRPN",9,"BP",0.0520231213872832,0.0178675884073385
"BP","GO:0000375","RNA splicing, via transesterification reactions","9/173","340/18805",0.0264705882352941,2.87733764025842,3.3660892381807,0.00431829872961262,0.176172912438558,0.173266682146956,"LUC7L/SNRNP70/LSM4/SF3B5/LSM5/LSM7/PRPF31/SNRPB/SNRPN",9,"BP",0.0520231213872832,0.0180802977931401
"BP","GO:0051036","regulation of endosome size","2/173","11/18805",0.181818181818182,19.7635312664214,5.99818341457723,0.00438241075717806,0.176172912438558,0.173266682146956,"BORCS6/BLOC1S1",2,"BP",0.0115606936416185,0.000584950810954533
"BP","GO:0010269","response to selenium ion","2/173","12/18805",0.166666666666667,18.116570327553,5.71515153505,0.00522721756983408,0.206013868928755,0.202615368341556,"GPX1/SELENOM",2,"BP",0.0115606936416185,0.000638128157404945
"BP","GO:0140053","mitochondrial gene expression","6/173","176/18805",0.0340909090909091,3.70566211245402,3.47498998955771,0.00582258309285398,0.225065231089163,0.22135245037206,"CHCHD10/MRPL2/FASTK/MRPL41/AURKAIP1/MRPL55",6,"BP",0.0346820809248555,0.00935921297527253
"BP","GO:0022613","ribonucleoprotein complex biogenesis","11/173","494/18805",0.0222672064777328,2.42043247291194,3.08280795139485,0.00612271962710924,0.232201253782822,0.228370753916805,"RPL38/LUC7L/RPS27A/RPS19/IMP3/POP7/LSM4/TARBP2/SF3B5/PRPF31/SNRPB",11,"BP",0.0635838150289017,0.0262696091465036
"BP","GO:0002486","antigen processing and presentation of endogenous peptide antigen via MHC class I via ER pathway, TAP-independent","2/173","14/18805",0.142857142857143,15.5284888521883,5.23995975107761,0.00712076011363403,0.265050515340822,0.260678118779819,"HLA-A/HLA-B",2,"BP",0.0115606936416185,0.00074448285030577
"BP","GO:0032418","lysosome localization","4/173","85/18805",0.0470588235294118,5.11526691601496,3.66414780925757,0.00785837893510877,0.281270162355439,0.276630198954446,"BORCS6/BLOC1S1/VAMP8/S100A13",4,"BP",0.023121387283237,0.00452007444828503
"BP","GO:0002476","antigen processing and presentation of endogenous peptide antigen via MHC class Ib","2/173","15/18805",0.133333333333333,14.4932562620424,5.0375276514322,0.00816688310484961,0.281270162355439,0.276630198954446,"HLA-A/HLA-B",2,"BP",0.0115606936416185,0.000797660196756182
"BP","GO:0002484","antigen processing and presentation of endogenous peptide antigen via MHC class I via ER pathway","2/173","15/18805",0.133333333333333,14.4932562620424,5.0375276514322,0.00816688310484961,0.281270162355439,0.276630198954446,"HLA-A/HLA-B",2,"BP",0.0115606936416185,0.000797660196756182
"BP","GO:1990849","vacuolar localization","4/173","86/18805",0.0465116279069767,5.05578706815432,3.63246538688554,0.0081837891269938,0.281270162355439,0.276630198954446,"BORCS6/BLOC1S1/VAMP8/S100A13",4,"BP",0.023121387283237,0.00457325179473544
"BP","GO:0002832","negative regulation of response to biotic stimulus","5/173","135/18805",0.037037037037037,4.025904517234,3.39991750889756,0.00825618884525917,0.281270162355439,0.276630198954446,"HLA-A/RPS19/TARBP2/HLA-B/SFN",5,"BP",0.0289017341040462,0.00717894177080564
"BP","GO:0002428","antigen processing and presentation of peptide antigen via MHC class Ib","2/173","16/18805",0.125,13.5874277456647,4.85359555060273,0.00927752881153877,0.291372389237389,0.28656577480378,"HLA-A/HLA-B",2,"BP",0.0115606936416185,0.000850837543206594
"BP","GO:0006825","copper ion transport","2/173","16/18805",0.125,13.5874277456647,4.85359555060273,0.00927752881153877,0.291372389237389,0.28656577480378,"ATOX1/COX17",2,"BP",0.0115606936416185,0.000850837543206594
"BP","GO:0010273","detoxification of copper ion","2/173","16/18805",0.125,13.5874277456647,4.85359555060273,0.00927752881153877,0.291372389237389,0.28656577480378,"MT1G/MT1DP",2,"BP",0.0115606936416185,0.000850837543206594
"BP","GO:0016045","detection of bacterium","2/173","16/18805",0.125,13.5874277456647,4.85359555060273,0.00927752881153877,0.291372389237389,0.28656577480378,"HLA-A/HLA-B",2,"BP",0.0115606936416185,0.000850837543206594
"BP","GO:1990169","stress response to copper ion","2/173","16/18805",0.125,13.5874277456647,4.85359555060273,0.00927752881153877,0.291372389237389,0.28656577480378,"MT1G/MT1DP",2,"BP",0.0115606936416185,0.000850837543206594
"BP","GO:0046686","response to cadmium ion","3/173","50/18805",0.06,6.52196531791907,3.76737262393735,0.0109281953081595,0.337933424144626,0.332358717226294,"NUDT1/MT1G/MT1DP",3,"BP",0.0173410404624277,0.00265886732252061
"BP","GO:0097494","regulation of vesicle size","2/173","18/18805",0.111111111111111,12.077713551702,4.53081261323714,0.0116873594752471,0.350620784257412,0.344836780746489,"BORCS6/BLOC1S1",2,"BP",0.0115606936416185,0.000957192236107418
"BP","GO:2000774","positive regulation of cellular senescence","2/173","18/18805",0.111111111111111,12.077713551702,4.53081261323714,0.0116873594752471,0.350620784257412,0.344836780746489,"YPEL3/EEF1E1",2,"BP",0.0115606936416185,0.000957192236107418
"BP","GO:0000387","spliceosomal snRNP assembly","3/173","53/18805",0.0566037735849057,6.15279746973498,3.61972556912609,0.0128029311528626,0.367577293888967,0.361513567909652,"LSM4/PRPF31/SNRPB",3,"BP",0.0173410404624277,0.00281839936187184
"BP","GO:0060263","regulation of respiratory burst","2/173","19/18805",0.105263157894737,11.4420444174019,4.38796962696875,0.0129840735652322,0.367577293888967,0.361513567909652,"RPS19/NOXA1",2,"BP",0.0115606936416185,0.00101036958255783
"BP","GO:0098543","detection of other organism","2/173","19/18805",0.105263157894737,11.4420444174019,4.38796962696875,0.0129840735652322,0.367577293888967,0.361513567909652,"HLA-A/HLA-B",2,"BP",0.0115606936416185,0.00101036958255783
"BP","GO:1904666","regulation of ubiquitin protein ligase activity","2/173","19/18805",0.105263157894737,11.4420444174019,4.38796962696875,0.0129840735652322,0.367577293888967,0.361513567909652,"MAD2L1/UBE2S",2,"BP",0.0115606936416185,0.00101036958255783
"BP","GO:0001836","release of cytochrome c from mitochondria","3/173","54/18805",0.0555555555555556,6.038856775851,3.57301724437557,0.0134661040148855,0.37592873708222,0.369727241812207,"GPX1/SFN/PARL",3,"BP",0.0173410404624277,0.00287157670832225
"BP","GO:0045824","negative regulation of innate immune response","4/173","100/18805",0.04,4.34797687861272,3.2346107745091,0.0136939752230022,0.375959118031378,0.369757121583099,"HLA-A/RPS19/HLA-B/SFN",4,"BP",0.023121387283237,0.00531773464504121
"BP","GO:0030150","protein import into mitochondrial matrix","2/173","20/18805",0.1,10.8699421965318,4.2554201178828,0.0143403682140735,0.375959118031378,0.369757121583099,"TIMM17B/ROMO1",2,"BP",0.0115606936416185,0.00106354692900824
"BP","GO:0033194","response to hydroperoxide","2/173","20/18805",0.1,10.8699421965318,4.2554201178828,0.0143403682140735,0.375959118031378,0.369757121583099,"GPX1/MT-ND1",2,"BP",0.0115606936416185,0.00106354692900824
"BP","GO:0090201","negative regulation of release of cytochrome c from mitochondria","2/173","20/18805",0.1,10.8699421965318,4.2554201178828,0.0143403682140735,0.375959118031378,0.369757121583099,"GPX1/PARL",2,"BP",0.0115606936416185,0.00106354692900824
"BP","GO:0050777","negative regulation of immune response","6/173","214/18805",0.0280373831775701,3.047647344822,2.90288017136803,0.0144024139743364,0.375959118031378,0.369757121583099,"HLA-A/RPS19/GPX1/HLA-B/PSMA1/SFN",6,"BP",0.0346820809248555,0.0113799521403882
"BP","GO:0042474","middle ear morphogenesis","2/173","21/18805",0.0952380952380952,10.3523259014588,4.13193684579062,0.0157550506226879,0.40085635128611,0.394243638499772,"RPL38/NAGLU",2,"BP",0.0115606936416185,0.00111672427545865
"BP","GO:0097501","stress response to metal ion","2/173","21/18805",0.0952380952380952,10.3523259014588,4.13193684579062,0.0157550506226879,0.40085635128611,0.394243638499772,"MT1G/MT1DP",2,"BP",0.0115606936416185,0.00111672427545865
"BP","GO:0019885","antigen processing and presentation of endogenous peptide antigen via MHC class I","2/173","22/18805",0.0909090909090909,9.88176563321072,4.0164892164663,0.0172269446737483,0.432826984927925,0.425686869701306,"HLA-A/HLA-B",2,"BP",0.0115606936416185,0.00116990162190907
"BP","GO:0009116","nucleoside metabolic process","3/173","60/18805",0.05,5.4349710982659,3.31544732123518,0.0178518118299196,0.442989404668374,0.435681645439752,"NNMT/NUDT1/MACROD1",3,"BP",0.0173410404624277,0.00319064078702473
"BP","GO:0002475","antigen processing and presentation via MHC class Ib","2/173","23/18805",0.0869565217391304,9.45212364915808,3.90820446745831,0.0187548907286241,0.454184703187161,0.446692261107876,"HLA-A/HLA-B",2,"BP",0.0115606936416185,0.00122307896835948
"BP","GO:0061687","detoxification of inorganic compound","2/173","23/18805",0.0869565217391304,9.45212364915808,3.90820446745831,0.0187548907286241,0.454184703187161,0.446692261107876,"MT1G/MT1DP",2,"BP",0.0115606936416185,0.00122307896835948
"BP","GO:0090100","positive regulation of transmembrane receptor protein serine/threonine kinase signaling pathway","4/173","111/18805",0.036036036036036,3.91709628703848,2.97015811743461,0.0193633833642964,0.45931312705047,0.451736084106197,"HES1/AMH/FBXL15/CSNK2B",4,"BP",0.023121387283237,0.00590268545599575
"BP","GO:0098754","detoxification","5/173","168/18805",0.0297619047619048,3.23510184420589,2.8040282853033,0.0196825878966198,0.45931312705047,0.451736084106197,"GSTO1/GPX1/MT1G/MT1DP/LTC4S",5,"BP",0.0289017341040462,0.00893379420366924
"BP","GO:0033059","cellular pigmentation","3/173","63/18805",0.0476190476190476,5.17616295072942,3.19932367044093,0.0203082451411875,0.45931312705047,0.451736084106197,"CD63/AP1S1/BLOC1S1",3,"BP",0.0173410404624277,0.00335017282637596
"BP","GO:0002483","antigen processing and presentation of endogenous peptide antigen","2/173","24/18805",0.0833333333333333,9.05828516377649,3.80633783229416,0.0203377454266129,0.45931312705047,0.451736084106197,"HLA-A/HLA-B",2,"BP",0.0115606936416185,0.00127625631480989
"BP","GO:0071294","cellular response to zinc ion","2/173","24/18805",0.0833333333333333,9.05828516377649,3.80633783229416,0.0203377454266129,0.45931312705047,0.451736084106197,"MT1G/MT1DP",2,"BP",0.0115606936416185,0.00127625631480989
"BP","GO:1901028","regulation of mitochondrial outer membrane permeabilization involved in apoptotic signaling pathway","2/173","24/18805",0.0833333333333333,9.05828516377649,3.80633783229416,0.0203377454266129,0.45931312705047,0.451736084106197,"CHCHD10/SIVA1",2,"BP",0.0115606936416185,0.00127625631480989
"BP","GO:0006767","water-soluble vitamin metabolic process","3/173","64/18805",0.046875,5.09528540462428,3.16225010229128,0.021166303305336,0.469877731784445,0.462126410207483,"GSTO1/NNMT/FPGS",3,"BP",0.0173410404624277,0.00340335017282638
"BP","GO:0033617","mitochondrial cytochrome c oxidase assembly","2/173","25/18805",0.08,8.69595375722543,3.71024932646658,0.0219743814864367,0.469877731784445,0.462126410207483,"COX14/COX17",2,"BP",0.0115606936416185,0.0013294336612603
"BP","GO:0060155","platelet dense granule organization","2/173","25/18805",0.08,8.69595375722543,3.71024932646658,0.0219743814864367,0.469877731784445,0.462126410207483,"AP1S1/BLOC1S1",2,"BP",0.0115606936416185,0.0013294336612603
"BP","GO:0071280","cellular response to copper ion","2/173","25/18805",0.08,8.69595375722543,3.71024932646658,0.0219743814864367,0.469877731784445,0.462126410207483,"MT1G/MT1DP",2,"BP",0.0115606936416185,0.0013294336612603
"BP","GO:1903241","U2-type prespliceosome assembly","2/173","25/18805",0.08,8.69595375722543,3.71024932646658,0.0219743814864367,0.469877731784445,0.462126410207483,"SF3B5/SNRPB",2,"BP",0.0115606936416185,0.0013294336612603
"BP","GO:0006766","vitamin metabolic process","4/173","117/18805",0.0341880341880342,3.71621955436984,2.83984622888902,0.022985296371643,0.475640118950605,0.467793738355191,"GSTO1/VKORC1/NNMT/FPGS",4,"BP",0.023121387283237,0.00622174953469822
"BP","GO:0010821","regulation of mitochondrion organization","4/173","117/18805",0.0341880341880342,3.71621955436984,2.83984622888902,0.022985296371643,0.475640118950605,0.467793738355191,"CHCHD10/GPX1/SIVA1/PARL",4,"BP",0.023121387283237,0.00622174953469822
"BP","GO:0045953","negative regulation of natural killer cell mediated cytotoxicity","2/173","26/18805",0.0769230769230769,8.36149399733215,3.61938548482641,0.0236636875099804,0.475640118950605,0.467793738355191,"HLA-A/HLA-B",2,"BP",0.0115606936416185,0.00138261100771072
"BP","GO:0071276","cellular response to cadmium ion","2/173","26/18805",0.0769230769230769,8.36149399733215,3.61938548482641,0.0236636875099804,0.475640118950605,0.467793738355191,"MT1G/MT1DP",2,"BP",0.0115606936416185,0.00138261100771072
"BP","GO:0090314","positive regulation of protein targeting to membrane","2/173","26/18805",0.0769230769230769,8.36149399733215,3.61938548482641,0.0236636875099804,0.475640118950605,0.467793738355191,"HRAS/CIB1",2,"BP",0.0115606936416185,0.00138261100771072
"BP","GO:0098581","detection of external biotic stimulus","2/173","26/18805",0.0769230769230769,8.36149399733215,3.61938548482641,0.0236636875099804,0.475640118950605,0.467793738355191,"HLA-A/HLA-B",2,"BP",0.0115606936416185,0.00138261100771072
"BP","GO:0031348","negative regulation of defense response","7/173","308/18805",0.0227272727272727,2.47044140830268,2.50721091136299,0.0241028360437887,0.479670301465499,0.47175743710511,"HLA-A/RPS19/GPX1/TARBP2/HLA-B/PSMA1/SFN",7,"BP",0.0404624277456647,0.0163786227067269
"BP","GO:0002716","negative regulation of natural killer cell mediated immunity","2/173","27/18805",0.0740740740740741,8.05180903446799,3.53326484818654,0.0254045677882456,0.495759041304599,0.487580769609865,"HLA-A/HLA-B",2,"BP",0.0115606936416185,0.00143578835416113
"BP","GO:0042278","purine nucleoside metabolic process","2/173","27/18805",0.0740740740740741,8.05180903446799,3.53326484818654,0.0254045677882456,0.495759041304599,0.487580769609865,"NUDT1/MACROD1",2,"BP",0.0115606936416185,0.00143578835416113
"BP","GO:0045116","protein neddylation","2/173","28/18805",0.0714285714285714,7.76424442609414,3.45146632172452,0.0271959421095,0.525613881154761,0.516943110138068,"NEDD8/COPS9",2,"BP",0.0115606936416185,0.00148896570061154
"BP","GO:0048002","antigen processing and presentation of peptide antigen","3/173","71/18805",0.0422535211267606,4.59293332247822,2.92268162485006,0.027722599352942,0.530689759042033,0.521935253983209,"HLA-A/HLA-B/CTSD",3,"BP",0.0173410404624277,0.00377559159797926
"BP","GO:0051101","regulation of DNA binding","3/173","72/18805",0.0416666666666667,4.52914258188825,2.89101417771386,0.0287376206881737,0.544930354558766,0.535940930013806,"IL32/HES1/CSNK2B",3,"BP",0.0173410404624277,0.00382876894442967
"BP","GO:0008535","respiratory chain complex IV assembly","2/173","30/18805",0.0666666666666667,7.24662813102119,3.29939826921363,0.030925928384428,0.58094500983832,0.571361470791498,"COX14/COX17",2,"BP",0.0115606936416185,0.00159532039351236
"BP","GO:0019883","antigen processing and presentation of endogenous antigen","2/173","31/18805",0.0645161290322581,7.01286593324632,3.22851193225709,0.0328624557045341,0.611606814501051,0.601517464065449,"HLA-A/HLA-B",2,"BP",0.0115606936416185,0.00164849773996278
"BP","GO:0032543","mitochondrial translation","4/173","132/18805",0.0303030303030303,3.29392187773691,2.54845503596548,0.0337452138803482,0.622274127518348,0.61200880412645,"MRPL2/MRPL41/AURKAIP1/MRPL55",4,"BP",0.023121387283237,0.0070194097314544
"BP","GO:0001911","negative regulation of leukocyte mediated cytotoxicity","2/173","32/18805",0.0625,6.79371387283237,3.16070255540577,0.0348453074317703,0.625348820873736,0.615032775910383,"HLA-A/HLA-B",2,"BP",0.0115606936416185,0.00170167508641319
"BP","GO:0090313","regulation of protein targeting to membrane","2/173","32/18805",0.0625,6.79371387283237,3.16070255540577,0.0348453074317703,0.625348820873736,0.615032775910383,"HRAS/CIB1",2,"BP",0.0115606936416185,0.00170167508641319
"BP","GO:0099022","vesicle tethering","2/173","32/18805",0.0625,6.79371387283237,3.16070255540577,0.0348453074317703,0.625348820873736,0.615032775910383,"TRAPPC2L/NAGLU",2,"BP",0.0115606936416185,0.00170167508641319
"BP","GO:1903533","regulation of protein targeting","3/173","78/18805",0.0384615384615385,4.18074699866607,2.71244385341479,0.0352363307738017,0.626770131463199,0.616430639899391,"HRAS/CIB1/PARL",3,"BP",0.0173410404624277,0.00414783302313215
"BP","GO:0097345","mitochondrial outer membrane permeabilization","2/173","33/18805",0.0606060606060606,6.58784375547381,3.09573934129398,0.036873478038083,0.650137639092515,0.639412666255954,"CHCHD10/SIVA1",2,"BP",0.0115606936416185,0.0017548524328636
"BP","GO:0002862","negative regulation of inflammatory response to antigenic stimulus","2/173","34/18805",0.0588235294117647,6.3940836450187,3.03341524749663,0.038945976386329,0.680707935100185,0.669478660444172,"GPX1/PSMA1",2,"BP",0.0115606936416185,0.00180802977931401
"BP","GO:0006882","intracellular zinc ion homeostasis","2/173","35/18805",0.0571428571428571,6.21139554087531,2.97354392296299,0.0410618255531299,0.701475779250856,0.689903908579789,"MT1G/MT1DP",2,"BP",0.0115606936416185,0.00186120712576442
"BP","GO:0031342","negative regulation of cell killing","2/173","35/18805",0.0571428571428571,6.21139554087531,2.97354392296299,0.0410618255531299,0.701475779250856,0.689903908579789,"HLA-A/HLA-B",2,"BP",0.0115606936416185,0.00186120712576442
"BP","GO:0060390","regulation of SMAD protein signal transduction","3/173","83/18805",0.036144578313253,3.92889476983077,2.57682621041866,0.0411811651500503,0.701475779250856,0.689903908579789,"AMH/FAM89B/CSNK2B",3,"BP",0.0173410404624277,0.00441371975538421
"BP","GO:0002474","antigen processing and presentation of peptide antigen via MHC class I","2/173","36/18805",0.0555555555555556,6.038856775851,2.9159571145793,0.0432200626537389,0.712386328754795,0.700634472585235,"HLA-A/HLA-B",2,"BP",0.0115606936416185,0.00191438447221484
"BP","GO:0043388","positive regulation of DNA binding","2/173","36/18805",0.0555555555555556,6.038856775851,2.9159571145793,0.0432200626537389,0.712386328754795,0.700634472585235,"IL32/HES1",2,"BP",0.0115606936416185,0.00191438447221484
"BP","GO:0051438","regulation of ubiquitin-protein transferase activity","2/173","36/18805",0.0555555555555556,6.038856775851,2.9159571145793,0.0432200626537389,0.712386328754795,0.700634472585235,"MAD2L1/UBE2S",2,"BP",0.0115606936416185,0.00191438447221484
"BP","GO:1901657","glycosyl compound metabolic process","3/173","85/18805",0.0352941176470588,3.83645018701122,2.52551607244705,0.0436917835944484,0.712386328754795,0.700634472585235,"NNMT/NUDT1/MACROD1",3,"BP",0.0173410404624277,0.00452007444828503
"BP","GO:0045880","positive regulation of smoothened signaling pathway","2/173","37/18805",0.0540540540540541,5.87564443055773,2.86050246084587,0.0454197386688954,0.712386328754795,0.700634472585235,"TEDC2/TEDC1",2,"BP",0.0115606936416185,0.00196756181866525
"BP","GO:0046688","response to copper ion","2/173","37/18805",0.0540540540540541,5.87564443055773,2.86050246084587,0.0454197386688954,0.712386328754795,0.700634472585235,"MT1G/MT1DP",2,"BP",0.0115606936416185,0.00196756181866525
"BP","GO:0001889","liver development","4/173","146/18805",0.0273972602739726,2.97806635521419,2.31201973448849,0.0460382234214732,0.712386328754795,0.700634472585235,"NAGLU/HES1/RHBDD3/FPGS",4,"BP",0.023121387283237,0.00776389258176017
"BP","GO:0000966","RNA 5'-end processing","2/173","38/18805",0.0526315789473684,5.72102220870094,2.80704160612914,0.0476599182736496,0.712386328754795,0.700634472585235,"POP7/SNRPB",2,"BP",0.0115606936416185,0.00202073916511566
"BP","GO:0001916","positive regulation of T cell mediated cytotoxicity","2/173","38/18805",0.0526315789473684,5.72102220870094,2.80704160612914,0.0476599182736496,0.712386328754795,0.700634472585235,"HLA-A/HLA-B",2,"BP",0.0115606936416185,0.00202073916511566
"BP","GO:0035909","aorta morphogenesis","2/173","38/18805",0.0526315789473684,5.72102220870094,2.80704160612914,0.0476599182736496,0.712386328754795,0.700634472585235,"NAGLU/HES1",2,"BP",0.0115606936416185,0.00202073916511566
"BP","GO:0044743","protein transmembrane import into intracellular organelle","2/173","38/18805",0.0526315789473684,5.72102220870094,2.80704160612914,0.0476599182736496,0.712386328754795,0.700634472585235,"TIMM17B/ROMO1",2,"BP",0.0115606936416185,0.00202073916511566
"BP","GO:0061008","hepaticobiliary system development","4/173","149/18805",0.0268456375838926,2.91810528765954,2.26503410313974,0.0489570679285606,0.712386328754795,0.700634472585235,"NAGLU/HES1/RHBDD3/FPGS",4,"BP",0.023121387283237,0.00792342462111141
"BP","GO:0009595","detection of biotic stimulus","2/173","39/18805",0.0512820512820513,5.57432933155476,2.75544858181177,0.0499396796681336,0.712386328754795,0.700634472585235,"HLA-A/HLA-B",2,"BP",0.0115606936416185,0.00207391651156607
"BP","GO:0032438","melanosome organization","2/173","39/18805",0.0512820512820513,5.57432933155476,2.75544858181177,0.0499396796681336,0.712386328754795,0.700634472585235,"AP1S1/BLOC1S1",2,"BP",0.0115606936416185,0.00207391651156607
"BP","GO:0045995","regulation of embryonic development","3/173","91/18805",0.032967032967033,3.58349742742806,2.38047624558851,0.0516697984483677,0.712386328754795,0.700634472585235,"TFPT/HES1/SCX",3,"BP",0.0173410404624277,0.0048391385269875
"BP","GO:0008584","male gonad development","4/173","152/18805",0.0263157894736842,2.86051110435047,2.21920872063968,0.0519760128879743,0.712386328754795,0.700634472585235,"TFPT/NUDT1/AMH/SCX",4,"BP",0.023121387283237,0.00808295666046264
"BP","GO:0045730","respiratory burst","2/173","40/18805",0.05,5.43497109826589,2.70560841077951,0.0522581144102578,0.712386328754795,0.700634472585235,"RPS19/NOXA1",2,"BP",0.0115606936416185,0.00212709385801649
"BP","GO:0048753","pigment granule organization","2/173","40/18805",0.05,5.43497109826589,2.70560841077951,0.0522581144102578,0.712386328754795,0.700634472585235,"AP1S1/BLOC1S1",2,"BP",0.0115606936416185,0.00212709385801649
"BP","GO:0051702","biological process involved in interaction with symbiont","2/173","40/18805",0.05,5.43497109826589,2.70560841077951,0.0522581144102578,0.712386328754795,0.700634472585235,"GPX1/ROMO1",2,"BP",0.0115606936416185,0.00212709385801649
"BP","GO:1902110","positive regulation of mitochondrial membrane permeability involved in apoptotic process","2/173","40/18805",0.05,5.43497109826589,2.70560841077951,0.0522581144102578,0.712386328754795,0.700634472585235,"CHCHD10/SIVA1",2,"BP",0.0115606936416185,0.00212709385801649
"BP","GO:0046546","development of primary male sexual characteristics","4/173","153/18805",0.0261437908496732,2.84181495334165,2.20418195019205,0.0530045104183866,0.712386328754795,0.700634472585235,"TFPT/NUDT1/AMH/SCX",4,"BP",0.023121387283237,0.00813613400691305
"BP","GO:1903321","negative regulation of protein modification by small protein conjugation or removal","3/173","92/18805",0.0326086956521739,3.54454636843428,2.35749624258157,0.0530635294079024,0.712386328754795,0.700634472585235,"BEX2/MAD2L1/COPS9",3,"BP",0.0173410404624277,0.00489231587343792
"BP","GO:0030901","midbrain development","3/173","93/18805",0.032258064516129,3.50643296662316,2.33483340931931,0.0544752893209778,0.712386328754795,0.700634472585235,"NDUFS3/HES1/COX6B1",3,"BP",0.0173410404624277,0.00494549321988833
"BP","GO:0002478","antigen processing and presentation of exogenous peptide antigen","2/173","41/18805",0.0487804878048781,5.30241082757648,2.65741589969011,0.0546143272503138,0.712386328754795,0.700634472585235,"HLA-A/CTSD",2,"BP",0.0115606936416185,0.0021802712044669
"BP","GO:0030513","positive regulation of BMP signaling pathway","2/173","41/18805",0.0487804878048781,5.30241082757648,2.65741589969011,0.0546143272503138,0.712386328754795,0.700634472585235,"HES1/FBXL15",2,"BP",0.0115606936416185,0.0021802712044669
"BP","GO:0090199","regulation of release of cytochrome c from mitochondria","2/173","41/18805",0.0487804878048781,5.30241082757648,2.65741589969011,0.0546143272503138,0.712386328754795,0.700634472585235,"GPX1/PARL",2,"BP",0.0115606936416185,0.0021802712044669
"BP","GO:0007517","muscle organ development","7/173","369/18805",0.018970189701897,2.06204865516863,1.98537560731779,0.0547862139463975,0.712386328754795,0.700634472585235,"LUC7L/NAGLU/GPX1/VAMP5/MYL6/COPRS/SCX",7,"BP",0.0404624277456647,0.0196224408402021
"BP","GO:1904375","regulation of protein localization to cell periphery","4/173","155/18805",0.0258064516129032,2.80514637329853,2.1744893713832,0.055094681580611,0.712386328754795,0.700634472585235,"HRAS/CIB1/SFN/VAMP8",4,"BP",0.023121387283237,0.00824248869981388
"BP","GO:2000377","regulation of reactive oxygen species metabolic process","4/173","156/18805",0.0256410256410256,2.78716466577738,2.15981985427578,0.0561563180773095,0.712386328754795,0.700634472585235,"NOXA1/ROMO1/NDUFC2/PARL",4,"BP",0.023121387283237,0.00829566604626429
"BP","GO:0017004","cytochrome complex assembly","2/173","42/18805",0.0476190476190476,5.17616295072942,2.61077458984813,0.0570074359674604,0.712386328754795,0.700634472585235,"COX14/COX17",2,"BP",0.0115606936416185,0.00223344855091731
"BP","GO:0060391","positive regulation of SMAD protein signal transduction","2/173","42/18805",0.0476190476190476,5.17616295072942,2.61077458984813,0.0570074359674604,0.712386328754795,0.700634472585235,"AMH/CSNK2B",2,"BP",0.0115606936416185,0.00223344855091731
"BP","GO:1902686","mitochondrial outer membrane permeabilization involved in programmed cell death","2/173","42/18805",0.0476190476190476,5.17616295072942,2.61077458984813,0.0570074359674604,0.712386328754795,0.700634472585235,"CHCHD10/SIVA1",2,"BP",0.0115606936416185,0.00223344855091731
"BP","GO:0009411","response to UV","4/173","157/18805",0.0254777070063694,2.76941202459409,2.14526578063245,0.057228961627421,0.712386328754795,0.700634472585235,"GPX1/PCLAF/COPS9/ST20",4,"BP",0.023121387283237,0.0083488433927147
"BP","GO:0009410","response to xenobiotic stimulus","8/173","453/18805",0.0176600441501104,1.91963659099899,1.9091589100412,0.0585550104284067,0.712386328754795,0.700634472585235,"GSTO1/GPX1/RHBDD3/VKORC1/NNMT/GUK1/AMH/MT-ND1",8,"BP",0.046242774566474,0.0240893379420367
"BP","GO:0000245","spliceosomal complex assembly","3/173","96/18805",0.03125,3.39685693641618,2.26866764187218,0.0588176389352879,0.712386328754795,0.700634472585235,"LUC7L/SF3B5/SNRPB",3,"BP",0.0173410404624277,0.00510502525923956
"BP","GO:1901874","negative regulation of post-translational protein modification","3/173","96/18805",0.03125,3.39685693641618,2.26866764187218,0.0588176389352879,0.712386328754795,0.700634472585235,"BEX2/MAD2L1/COPS9",3,"BP",0.0173410404624277,0.00510502525923956
"BP","GO:0035794","positive regulation of mitochondrial membrane permeability","2/173","44/18805",0.0454545454545455,4.94088281660536,2.52179803944857,0.06190087632595,0.712386328754795,0.700634472585235,"CHCHD10/SIVA1",2,"BP",0.0115606936416185,0.00233980324381813
"BP","GO:0060395","SMAD protein signal transduction","3/173","99/18805",0.0303030303030303,3.29392187773691,2.20507919024134,0.0633181710534896,0.712386328754795,0.700634472585235,"AMH/FAM89B/CSNK2B",3,"BP",0.0173410404624277,0.0052645572985908
"BP","GO:0098869","cellular oxidant detoxification","3/173","99/18805",0.0303030303030303,3.29392187773691,2.20507919024134,0.0633181710534896,0.712386328754795,0.700634472585235,"GSTO1/GPX1/LTC4S",3,"BP",0.0173410404624277,0.0052645572985908
"BP","GO:0007007","inner mitochondrial membrane organization","2/173","45/18805",0.0444444444444444,4.8310854206808,2.47930587984497,0.0643995072243088,0.712386328754795,0.700634472585235,"CHCHD10/ROMO1",2,"BP",0.0115606936416185,0.00239298059026855
"BP","GO:0021762","substantia nigra development","2/173","46/18805",0.0434782608695652,4.72606182457904,2.43804976349208,0.0669316321996331,0.712386328754795,0.700634472585235,"NDUFS3/COX6B1",2,"BP",0.0115606936416185,0.00244615793671896
"BP","GO:0034314","Arp2/3 complex-mediated actin nucleation","2/173","46/18805",0.0434782608695652,4.72606182457904,2.43804976349208,0.0669316321996331,0.712386328754795,0.700634472585235,"ARPC1A/ARPC4",2,"BP",0.0115606936416185,0.00244615793671896
"BP","GO:0001914","regulation of T cell mediated cytotoxicity","2/173","48/18805",0.0416666666666667,4.52914258188825,2.3589925498872,0.0720930986088036,0.712386328754795,0.700634472585235,"HLA-A/HLA-B",2,"BP",0.0115606936416185,0.00255251262961978
"BP","GO:0019674","NAD metabolic process","2/173","48/18805",0.0416666666666667,4.52914258188825,2.3589925498872,0.0720930986088036,0.712386328754795,0.700634472585235,"NNMT/LDHB",2,"BP",0.0115606936416185,0.00255251262961978
"BP","GO:1902108","regulation of mitochondrial membrane permeability involved in apoptotic process","2/173","48/18805",0.0416666666666667,4.52914258188825,2.3589925498872,0.0720930986088036,0.712386328754795,0.700634472585235,"CHCHD10/SIVA1",2,"BP",0.0115606936416185,0.00255251262961978
"BP","GO:0002861","regulation of inflammatory response to antigenic stimulus","2/173","49/18805",0.0408163265306122,4.43671110062522,2.32107614827163,0.0747208372211816,0.712386328754795,0.700634472585235,"GPX1/PSMA1",2,"BP",0.0115606936416185,0.00260568997607019
"BP","GO:0010453","regulation of cell fate commitment","2/173","49/18805",0.0408163265306122,4.43671110062522,2.32107614827163,0.0747208372211816,0.712386328754795,0.700634472585235,"HES1/CHD4",2,"BP",0.0115606936416185,0.00260568997607019
"BP","GO:1905710","positive regulation of membrane permeability","2/173","49/18805",0.0408163265306122,4.43671110062522,2.32107614827163,0.0747208372211816,0.712386328754795,0.700634472585235,"CHCHD10/SIVA1",2,"BP",0.0115606936416185,0.00260568997607019
"BP","GO:0031400","negative regulation of protein modification process","6/173","321/18805",0.0186915887850467,2.031764896548,1.79660961359503,0.0766171236906428,0.712386328754795,0.700634472585235,"BEX2/MAD2L1/CIB1/TARBP2/SFN/COPS9",6,"BP",0.0346820809248555,0.0170699282105823
"BP","GO:0019884","antigen processing and presentation of exogenous antigen","2/173","50/18805",0.04,4.34797687861272,2.28416437117608,0.0773788639675576,0.712386328754795,0.700634472585235,"HLA-A/CTSD",2,"BP",0.0115606936416185,0.00265886732252061
"BP","GO:0006626","protein targeting to mitochondrion","3/173","108/18805",0.0277777777777778,3.0194283879255,2.02802267191467,0.0777353275011775,0.712386328754795,0.700634472585235,"TIMM17B/ROMO1/PARL",3,"BP",0.0173410404624277,0.00574315341664451
"BP","GO:0042274","ribosomal small subunit biogenesis","3/173","108/18805",0.0277777777777778,3.0194283879255,2.02802267191467,0.0777353275011775,0.712386328754795,0.700634472585235,"RPS27A/RPS19/IMP3",3,"BP",0.0173410404624277,0.00574315341664451
"BP","GO:0046661","male sex differentiation","4/173","176/18805",0.0227272727272727,2.47044140830268,1.88854667054063,0.0796644712782069,0.712386328754795,0.700634472585235,"TFPT/NUDT1/AMH/SCX",4,"BP",0.023121387283237,0.00935921297527253
"BP","GO:0060119","inner ear receptor cell development","2/173","51/18805",0.0392156862745098,4.26272243001247,2.24820907144244,0.0800664068298501,0.712386328754795,0.700634472585235,"NAGLU/HES1",2,"BP",0.0115606936416185,0.00271204466897102
"BP","GO:0170036","import into the mitochondrion","2/173","51/18805",0.0392156862745098,4.26272243001247,2.24820907144244,0.0800664068298501,0.712386328754795,0.700634472585235,"TIMM17B/ROMO1",2,"BP",0.0115606936416185,0.00271204466897102
"BP","GO:1990090","cellular response to nerve growth factor stimulus","2/173","51/18805",0.0392156862745098,4.26272243001247,2.24820907144244,0.0800664068298501,0.712386328754795,0.700634472585235,"CIB1/HES1",2,"BP",0.0115606936416185,0.00271204466897102
"BP","GO:0090398","cellular senescence","3/173","110/18805",0.0272727272727273,2.96452968996322,1.99118054169439,0.0811188425638917,0.712386328754795,0.700634472585235,"YPEL3/HRAS/EEF1E1",3,"BP",0.0173410404624277,0.00584950810954533
"BP","GO:0051656","establishment of organelle localization","8/173","487/18805",0.0164271047227926,1.7856167879313,1.69260119707634,0.0813268491758408,0.712386328754795,0.700634472585235,"MAD2L1/TRAPPC2L/BORCS6/NAGLU/BLOC1S1/VAMP8/PMF1/S100A13",8,"BP",0.046242774566474,0.0258973677213507
"BP","GO:0007519","skeletal muscle tissue development","4/173","178/18805",0.0224719101123595,2.44268363967007,1.86349437327997,0.0822480899118192,0.712386328754795,0.700634472585235,"GPX1/VAMP5/MYL6/SCX",4,"BP",0.023121387283237,0.00946556766817336
"BP","GO:0010043","response to zinc ion","2/173","53/18805",0.0377358490566038,4.10186497982332,2.17899112965151,0.0855270101508379,0.712386328754795,0.700634472585235,"MT1G/MT1DP",2,"BP",0.0115606936416185,0.00281839936187184
"BP","GO:0042269","regulation of natural killer cell mediated cytotoxicity","2/173","53/18805",0.0377358490566038,4.10186497982332,2.17899112965151,0.0855270101508379,0.712386328754795,0.700634472585235,"HLA-A/HLA-B",2,"BP",0.0115606936416185,0.00281839936187184
"BP","GO:0043303","mast cell degranulation","2/173","53/18805",0.0377358490566038,4.10186497982332,2.17899112965151,0.0855270101508379,0.712386328754795,0.700634472585235,"VAMP8/S100A13",2,"BP",0.0115606936416185,0.00281839936187184
"BP","GO:1990089","response to nerve growth factor","2/173","53/18805",0.0377358490566038,4.10186497982332,2.17899112965151,0.0855270101508379,0.712386328754795,0.700634472585235,"CIB1/HES1",2,"BP",0.0115606936416185,0.00281839936187184
"BP","GO:0043473","pigmentation","3/173","113/18805",0.0265486725663717,2.88582536191109,1.93745329825969,0.0863117546808448,0.712386328754795,0.700634472585235,"CD63/AP1S1/BLOC1S1",3,"BP",0.0173410404624277,0.00600904014889657
"BP","GO:0030490","maturation of SSU-rRNA","2/173","54/18805",0.037037037037037,4.025904517234,2.14564721738595,0.0882985834637591,0.712386328754795,0.700634472585235,"RPS19/IMP3",2,"BP",0.0115606936416185,0.00287157670832225
"BP","GO:2000772","regulation of cellular senescence","2/173","54/18805",0.037037037037037,4.025904517234,2.14564721738595,0.0882985834637591,0.712386328754795,0.700634472585235,"YPEL3/EEF1E1",2,"BP",0.0115606936416185,0.00287157670832225
"BP","GO:0002536","respiratory burst involved in inflammatory response","1/173","10/18805",0.1,10.8699421965318,3.00823582710791,0.0883004828346484,0.712386328754795,0.700634472585235,"RPS19",1,"BP",0.00578034682080925,0.000531773464504121
"BP","GO:0003310","pancreatic A cell differentiation","1/173","10/18805",0.1,10.8699421965318,3.00823582710791,0.0883004828346484,0.712386328754795,0.700634472585235,"HES1",1,"BP",0.00578034682080925,0.000531773464504121
"BP","GO:0006283","transcription-coupled nucleotide-excision repair","1/173","10/18805",0.1,10.8699421965318,3.00823582710791,0.0883004828346484,0.712386328754795,0.700634472585235,"POLR2I",1,"BP",0.00578034682080925,0.000531773464504121
"BP","GO:0006924","activation-induced cell death of T cells","1/173","10/18805",0.1,10.8699421965318,3.00823582710791,0.0883004828346484,0.712386328754795,0.700634472585235,"SIVA1",1,"BP",0.00578034682080925,0.000531773464504121
"BP","GO:0019673","GDP-mannose metabolic process","1/173","10/18805",0.1,10.8699421965318,3.00823582710791,0.0883004828346484,0.712386328754795,0.700634472585235,"GUK1",1,"BP",0.00578034682080925,0.000531773464504121
"BP","GO:0034356","NAD biosynthesis via nicotinamide riboside salvage pathway","1/173","10/18805",0.1,10.8699421965318,3.00823582710791,0.0883004828346484,0.712386328754795,0.700634472585235,"NNMT",1,"BP",0.00578034682080925,0.000531773464504121
"BP","GO:0035646","endosome to melanosome transport","1/173","10/18805",0.1,10.8699421965318,3.00823582710791,0.0883004828346484,0.712386328754795,0.700634472585235,"CD63",1,"BP",0.00578034682080925,0.000531773464504121
"BP","GO:0036093","germ cell proliferation","1/173","10/18805",0.1,10.8699421965318,3.00823582710791,0.0883004828346484,0.712386328754795,0.700634472585235,"CIB1",1,"BP",0.00578034682080925,0.000531773464504121
"BP","GO:0043485","endosome to pigment granule transport","1/173","10/18805",0.1,10.8699421965318,3.00823582710791,0.0883004828346484,0.712386328754795,0.700634472585235,"CD63",1,"BP",0.00578034682080925,0.000531773464504121
"BP","GO:0045607","regulation of inner ear auditory receptor cell differentiation","1/173","10/18805",0.1,10.8699421965318,3.00823582710791,0.0883004828346484,0.712386328754795,0.700634472585235,"HES1",1,"BP",0.00578034682080925,0.000531773464504121
"BP","GO:0045631","regulation of mechanoreceptor differentiation","1/173","10/18805",0.1,10.8699421965318,3.00823582710791,0.0883004828346484,0.712386328754795,0.700634472585235,"HES1",1,"BP",0.00578034682080925,0.000531773464504121
"BP","GO:0046548","retinal rod cell development","1/173","10/18805",0.1,10.8699421965318,3.00823582710791,0.0883004828346484,0.712386328754795,0.700634472585235,"NAGLU",1,"BP",0.00578034682080925,0.000531773464504121
"BP","GO:0048757","pigment granule maturation","1/173","10/18805",0.1,10.8699421965318,3.00823582710791,0.0883004828346484,0.712386328754795,0.700634472585235,"CD63",1,"BP",0.00578034682080925,0.000531773464504121
"BP","GO:0051660","establishment of centrosome localization","1/173","10/18805",0.1,10.8699421965318,3.00823582710791,0.0883004828346484,0.712386328754795,0.700634472585235,"MAD2L1",1,"BP",0.00578034682080925,0.000531773464504121
"BP","GO:0061626","pharyngeal arch artery morphogenesis","1/173","10/18805",0.1,10.8699421965318,3.00823582710791,0.0883004828346484,0.712386328754795,0.700634472585235,"HES1",1,"BP",0.00578034682080925,0.000531773464504121
"BP","GO:0070922","RISC complex assembly","1/173","10/18805",0.1,10.8699421965318,3.00823582710791,0.0883004828346484,0.712386328754795,0.700634472585235,"TARBP2",1,"BP",0.00578034682080925,0.000531773464504121
"BP","GO:1901401","regulation of tetrapyrrole metabolic process","1/173","10/18805",0.1,10.8699421965318,3.00823582710791,0.0883004828346484,0.712386328754795,0.700634472585235,"TMEM14B",1,"BP",0.00578034682080925,0.000531773464504121
"BP","GO:1904667","negative regulation of ubiquitin protein ligase activity","1/173","10/18805",0.1,10.8699421965318,3.00823582710791,0.0883004828346484,0.712386328754795,0.700634472585235,"MAD2L1",1,"BP",0.00578034682080925,0.000531773464504121
"BP","GO:2000980","regulation of inner ear receptor cell differentiation","1/173","10/18805",0.1,10.8699421965318,3.00823582710791,0.0883004828346484,0.712386328754795,0.700634472585235,"HES1",1,"BP",0.00578034682080925,0.000531773464504121
"BP","GO:0006839","mitochondrial transport","4/173","183/18805",0.0218579234972678,2.37594364951515,1.80231819431753,0.0888859567720993,0.712386328754795,0.700634472585235,"TIMM17B/CHCHD10/SIVA1/ROMO1",4,"BP",0.023121387283237,0.00973145440042542
"BP","GO:1903900","regulation of viral life cycle","3/173","115/18805",0.0260869565217391,2.83563709474742,1.90260892617023,0.0898504277205663,0.712386328754795,0.700634472585235,"IL32/TARBP2/CSNK2B",3,"BP",0.0173410404624277,0.00611539484179739
"BP","GO:0010332","response to gamma radiation","2/173","55/18805",0.0363636363636364,3.95270625328429,2.11309677685103,0.09109669831783,0.712386328754795,0.700634472585235,"HRAS/GPX1",2,"BP",0.0115606936416185,0.00292475405477267
"BP","GO:0042743","hydrogen peroxide metabolic process","2/173","55/18805",0.0363636363636364,3.95270625328429,2.11309677685103,0.09109669831783,0.712386328754795,0.700634472585235,"GPX1/NOXA1",2,"BP",0.0115606936416185,0.00292475405477267
"BP","GO:0019730","antimicrobial humoral response","4/173","185/18805",0.0216216216216216,2.35025777222309,1.77840694929872,0.0916116370787246,0.712386328754795,0.700634472585235,"HLA-A/RPL39/RPS19/ROMO1",4,"BP",0.023121387283237,0.00983780909332624
"BP","GO:0019882","antigen processing and presentation","3/173","117/18805",0.0256410256410256,2.78716466577738,1.86850611113027,0.0934491049627607,0.712386328754795,0.700634472585235,"HLA-A/HLA-B/CTSD",3,"BP",0.0173410404624277,0.00622174953469822
"BP","GO:0006605","protein targeting","6/173","339/18805",0.0176991150442478,1.9238835746074,1.65405183167222,0.0935400932171859,0.712386328754795,0.700634472585235,"TIMM17B/ZDHHC12/HRAS/CIB1/ROMO1/PARL",6,"BP",0.0346820809248555,0.0180271204466897
"BP","GO:0002279","mast cell activation involved in immune response","2/173","56/18805",0.0357142857142857,3.88212221304707,2.08130528321714,0.093920638735665,0.712386328754795,0.700634472585235,"VAMP8/S100A13",2,"BP",0.0115606936416185,0.00297793140122308
"BP","GO:0002448","mast cell mediated immunity","2/173","56/18805",0.0357142857142857,3.88212221304707,2.08130528321714,0.093920638735665,0.712386328754795,0.700634472585235,"VAMP8/S100A13",2,"BP",0.0115606936416185,0.00297793140122308
"BP","GO:0043484","regulation of RNA splicing","4/173","187/18805",0.0213903743315508,2.32512132546135,1.75480300150045,0.0943770254469974,0.712386328754795,0.700634472585235,"SNRNP70/RPS26/SF3B5/FASTK",4,"BP",0.023121387283237,0.00994416378622707
"BP","GO:0042177","negative regulation of protein catabolic process","3/173","118/18805",0.0254237288135593,2.7635446262369,1.85172333641048,0.0952705697588032,0.712386328754795,0.700634472585235,"MAD2L1/SNRNP70/CSNK2B",3,"BP",0.0173410404624277,0.00627492688114863
"BP","GO:1903076","regulation of protein localization to plasma membrane","3/173","118/18805",0.0254237288135593,2.7635446262369,1.85172333641048,0.0952705697588032,0.712386328754795,0.700634472585235,"CIB1/SFN/VAMP8",3,"BP",0.0173410404624277,0.00627492688114863
"BP","GO:0001821","histamine secretion","1/173","11/18805",0.0909090909090909,9.88176563321072,2.83925549817079,0.0966922900423957,0.712386328754795,0.700634472585235,"VAMP8",1,"BP",0.00578034682080925,0.000584950810954533
"BP","GO:0003263","cardioblast proliferation","1/173","11/18805",0.0909090909090909,9.88176563321072,2.83925549817079,0.0966922900423957,0.712386328754795,0.700634472585235,"HES1",1,"BP",0.00578034682080925,0.000584950810954533
"BP","GO:0003264","regulation of cardioblast proliferation","1/173","11/18805",0.0909090909090909,9.88176563321072,2.83925549817079,0.0966922900423957,0.712386328754795,0.700634472585235,"HES1",1,"BP",0.00578034682080925,0.000584950810954533
"BP","GO:0006307","DNA alkylation repair","1/173","11/18805",0.0909090909090909,9.88176563321072,2.83925549817079,0.0966922900423957,0.712386328754795,0.700634472585235,"MGMT",1,"BP",0.00578034682080925,0.000584950810954533
"BP","GO:0009170","purine deoxyribonucleoside monophosphate metabolic process","1/173","11/18805",0.0909090909090909,9.88176563321072,2.83925549817079,0.0966922900423957,0.712386328754795,0.700634472585235,"GUK1",1,"BP",0.00578034682080925,0.000584950810954533
"BP","GO:0009188","ribonucleoside diphosphate biosynthetic process","1/173","11/18805",0.0909090909090909,9.88176563321072,2.83925549817079,0.0966922900423957,0.712386328754795,0.700634472585235,"GUK1",1,"BP",0.00578034682080925,0.000584950810954533
"BP","GO:0015840","urea transport","1/173","11/18805",0.0909090909090909,9.88176563321072,2.83925549817079,0.0966922900423957,0.712386328754795,0.700634472585235,"UPK3A",1,"BP",0.00578034682080925,0.000584950810954533
"BP","GO:0016093","polyprenol metabolic process","1/173","11/18805",0.0909090909090909,9.88176563321072,2.83925549817079,0.0966922900423957,0.712386328754795,0.700634472585235,"DPM3",1,"BP",0.00578034682080925,0.000584950810954533
"BP","GO:0019365","pyridine nucleotide salvage","1/173","11/18805",0.0909090909090909,9.88176563321072,2.83925549817079,0.0966922900423957,0.712386328754795,0.700634472585235,"NNMT",1,"BP",0.00578034682080925,0.000584950810954533
"BP","GO:0019372","lipoxygenase pathway","1/173","11/18805",0.0909090909090909,9.88176563321072,2.83925549817079,0.0966922900423957,0.712386328754795,0.700634472585235,"GPX1",1,"BP",0.00578034682080925,0.000584950810954533
"BP","GO:0019852","L-ascorbic acid metabolic process","1/173","11/18805",0.0909090909090909,9.88176563321072,2.83925549817079,0.0966922900423957,0.712386328754795,0.700634472585235,"GSTO1",1,"BP",0.00578034682080925,0.000584950810954533
"BP","GO:0021903","rostrocaudal neural tube patterning","1/173","11/18805",0.0909090909090909,9.88176563321072,2.83925549817079,0.0966922900423957,0.712386328754795,0.700634472585235,"HES1",1,"BP",0.00578034682080925,0.000584950810954533
"BP","GO:0032815","negative regulation of natural killer cell activation","1/173","11/18805",0.0909090909090909,9.88176563321072,2.83925549817079,0.0966922900423957,0.712386328754795,0.700634472585235,"RHBDD3",1,"BP",0.00578034682080925,0.000584950810954533
"BP","GO:0033327","Leydig cell differentiation","1/173","11/18805",0.0909090909090909,9.88176563321072,2.83925549817079,0.0966922900423957,0.712386328754795,0.700634472585235,"AMH",1,"BP",0.00578034682080925,0.000584950810954533
"BP","GO:0034355","NAD biosynthetic process via the salvage pathway","1/173","11/18805",0.0909090909090909,9.88176563321072,2.83925549817079,0.0966922900423957,0.712386328754795,0.700634472585235,"NNMT",1,"BP",0.00578034682080925,0.000584950810954533
"BP","GO:0035519","protein K29-linked ubiquitination","1/173","11/18805",0.0909090909090909,9.88176563321072,2.83925549817079,0.0966922900423957,0.712386328754795,0.700634472585235,"UBE2S",1,"BP",0.00578034682080925,0.000584950810954533
"BP","GO:0045843","negative regulation of striated muscle tissue development","1/173","11/18805",0.0909090909090909,9.88176563321072,2.83925549817079,0.0966922900423957,0.712386328754795,0.700634472585235,"LUC7L",1,"BP",0.00578034682080925,0.000584950810954533
"BP","GO:0046495","nicotinamide riboside metabolic process","1/173","11/18805",0.0909090909090909,9.88176563321072,2.83925549817079,0.0966922900423957,0.712386328754795,0.700634472585235,"NNMT",1,"BP",0.00578034682080925,0.000584950810954533
"BP","GO:0046710","GDP metabolic process","1/173","11/18805",0.0909090909090909,9.88176563321072,2.83925549817079,0.0966922900423957,0.712386328754795,0.700634472585235,"GUK1",1,"BP",0.00578034682080925,0.000584950810954533
"BP","GO:0051593","response to folic acid","1/173","11/18805",0.0909090909090909,9.88176563321072,2.83925549817079,0.0966922900423957,0.712386328754795,0.700634472585235,"GPX1",1,"BP",0.00578034682080925,0.000584950810954533
"BP","GO:0051838","cytolysis by host of symbiont cells","1/173","11/18805",0.0909090909090909,9.88176563321072,2.83925549817079,0.0966922900423957,0.712386328754795,0.700634472585235,"ROMO1",1,"BP",0.00578034682080925,0.000584950810954533
"BP","GO:0070637","pyridine nucleoside metabolic process","1/173","11/18805",0.0909090909090909,9.88176563321072,2.83925549817079,0.0966922900423957,0.712386328754795,0.700634472585235,"NNMT",1,"BP",0.00578034682080925,0.000584950810954533
"BP","GO:0071166","ribonucleoprotein complex localization","1/173","11/18805",0.0909090909090909,9.88176563321072,2.83925549817079,0.0966922900423957,0.712386328754795,0.700634472585235,"PRPF31",1,"BP",0.00578034682080925,0.000584950810954533
"BP","GO:0072173","metanephric tubule morphogenesis","1/173","11/18805",0.0909090909090909,9.88176563321072,2.83925549817079,0.0966922900423957,0.712386328754795,0.700634472585235,"HES1",1,"BP",0.00578034682080925,0.000584950810954533
"BP","GO:0097250","mitochondrial respirasome assembly","1/173","11/18805",0.0909090909090909,9.88176563321072,2.83925549817079,0.0966922900423957,0.712386328754795,0.700634472585235,"HIGD2A",1,"BP",0.00578034682080925,0.000584950810954533
"BP","GO:0180012","co-transcriptional RNA 3'-end processing, cleavage and polyadenylation pathway","1/173","11/18805",0.0909090909090909,9.88176563321072,2.83925549817079,0.0966922900423957,0.712386328754795,0.700634472585235,"TUT1",1,"BP",0.00578034682080925,0.000584950810954533
"BP","GO:2001171","positive regulation of ATP biosynthetic process","1/173","11/18805",0.0909090909090909,9.88176563321072,2.83925549817079,0.0966922900423957,0.712386328754795,0.700634472585235,"NDUFC2",1,"BP",0.00578034682080925,0.000584950810954533
"BP","GO:0006749","glutathione metabolic process","2/173","57/18805",0.0350877192982456,3.81401480580063,2.05024031291415,0.096769699528844,0.712386328754795,0.700634472585235,"GSTO1/GPX1",2,"BP",0.0115606936416185,0.00303110874767349
"BP","GO:0007006","mitochondrial membrane organization","3/173","120/18805",0.025,2.71748554913295,1.81867710089571,0.0989569922893081,0.712386328754795,0.700634472585235,"CHCHD10/SIVA1/ROMO1",3,"BP",0.0173410404624277,0.00638128157404945
"BP","GO:0045010","actin nucleation","2/173","58/18805",0.0344827586206897,3.74825592983855,2.01987138110562,0.0996431861619216,0.712386328754795,0.700634472585235,"ARPC1A/ARPC4",2,"BP",0.0115606936416185,0.0030842860941239
"BP","GO:0060538","skeletal muscle organ development","4/173","192/18805",0.0208333333333333,2.26457129094412,1.69708728141814,0.101461458059769,0.712386328754795,0.700634472585235,"GPX1/VAMP5/MYL6/SCX",4,"BP",0.023121387283237,0.0102100505184791
"BP","GO:0001913","T cell mediated cytotoxicity","2/173","59/18805",0.0338983050847458,3.68472616831586,1.99016979430666,0.102540414618003,0.712386328754795,0.700634472585235,"HLA-A/HLA-B",2,"BP",0.0115606936416185,0.00313746344057432
"BP","GO:0002715","regulation of natural killer cell mediated immunity","2/173","59/18805",0.0338983050847458,3.68472616831586,1.99016979430666,0.102540414618003,0.712386328754795,0.700634472585235,"HLA-A/HLA-B",2,"BP",0.0115606936416185,0.00313746344057432
"BP","GO:0039532","negative regulation of cytoplasmic pattern recognition receptor signaling pathway","2/173","59/18805",0.0338983050847458,3.68472616831586,1.99016979430666,0.102540414618003,0.712386328754795,0.700634472585235,"ZDHHC12/TARBP2",2,"BP",0.0115606936416185,0.00313746344057432
"BP","GO:0045839","negative regulation of mitotic nuclear division","2/173","59/18805",0.0338983050847458,3.68472616831586,1.99016979430666,0.102540414618003,0.712386328754795,0.700634472585235,"MAD2L1/AURKAIP1",2,"BP",0.0115606936416185,0.00313746344057432
"BP","GO:0046902","regulation of mitochondrial membrane permeability","2/173","59/18805",0.0338983050847458,3.68472616831586,1.99016979430666,0.102540414618003,0.712386328754795,0.700634472585235,"CHCHD10/SIVA1",2,"BP",0.0115606936416185,0.00313746344057432
"BP","GO:0141060","disruption of anatomical structure in another organism","3/173","123/18805",0.024390243902439,2.65120541378824,1.77035519927224,0.104593053799443,0.712386328754795,0.700634472585235,"RPS19/ROMO1/CSNK2B",3,"BP",0.0173410404624277,0.00654081361340069
"BP","GO:0002328","pro-B cell differentiation","1/173","12/18805",0.0833333333333333,9.05828516377649,2.69062785022377,0.10500729663081,0.712386328754795,0.700634472585235,"HES1",1,"BP",0.00578034682080925,0.000638128157404945
"BP","GO:0009143","nucleoside triphosphate catabolic process","1/173","12/18805",0.0833333333333333,9.05828516377649,2.69062785022377,0.10500729663081,0.712386328754795,0.700634472585235,"ITPA",1,"BP",0.00578034682080925,0.000638128157404945
"BP","GO:0009650","UV protection","1/173","12/18805",0.0833333333333333,9.05828516377649,2.69062785022377,0.10500729663081,0.712386328754795,0.700634472585235,"GPX1",1,"BP",0.00578034682080925,0.000638128157404945
"BP","GO:0022605","mammalian oogenesis stage","1/173","12/18805",0.0833333333333333,9.05828516377649,2.69062785022377,0.10500729663081,0.712386328754795,0.700634472585235,"AMH",1,"BP",0.00578034682080925,0.000638128157404945
"BP","GO:0032096","negative regulation of response to food","1/173","12/18805",0.0833333333333333,9.05828516377649,2.69062785022377,0.10500729663081,0.712386328754795,0.700634472585235,"NENF",1,"BP",0.00578034682080925,0.000638128157404945
"BP","GO:0032099","negative regulation of appetite","1/173","12/18805",0.0833333333333333,9.05828516377649,2.69062785022377,0.10500729663081,0.712386328754795,0.700634472585235,"NENF",1,"BP",0.00578034682080925,0.000638128157404945
"BP","GO:0032108","negative regulation of response to nutrient levels","1/173","12/18805",0.0833333333333333,9.05828516377649,2.69062785022377,0.10500729663081,0.712386328754795,0.700634472585235,"NENF",1,"BP",0.00578034682080925,0.000638128157404945
"BP","GO:0032610","interleukin-1 alpha production","1/173","12/18805",0.0833333333333333,9.05828516377649,2.69062785022377,0.10500729663081,0.712386328754795,0.700634472585235,"S100A13",1,"BP",0.00578034682080925,0.000638128157404945
"BP","GO:0032650","regulation of interleukin-1 alpha production","1/173","12/18805",0.0833333333333333,9.05828516377649,2.69062785022377,0.10500729663081,0.712386328754795,0.700634472585235,"S100A13",1,"BP",0.00578034682080925,0.000638128157404945
"BP","GO:0033539","fatty acid beta-oxidation using acyl-CoA dehydrogenase","1/173","12/18805",0.0833333333333333,9.05828516377649,2.69062785022377,0.10500729663081,0.712386328754795,0.700634472585235,"ETFB",1,"BP",0.00578034682080925,0.000638128157404945
"BP","GO:0035881","amacrine cell differentiation","1/173","12/18805",0.0833333333333333,9.05828516377649,2.69062785022377,0.10500729663081,0.712386328754795,0.700634472585235,"HES1",1,"BP",0.00578034682080925,0.000638128157404945
"BP","GO:0042117","monocyte activation","1/173","12/18805",0.0833333333333333,9.05828516377649,2.69062785022377,0.10500729663081,0.712386328754795,0.700634472585235,"MT1G",1,"BP",0.00578034682080925,0.000638128157404945
"BP","GO:0043476","pigment accumulation","1/173","12/18805",0.0833333333333333,9.05828516377649,2.69062785022377,0.10500729663081,0.712386328754795,0.700634472585235,"CD63",1,"BP",0.00578034682080925,0.000638128157404945
"BP","GO:0043482","cellular pigment accumulation","1/173","12/18805",0.0833333333333333,9.05828516377649,2.69062785022377,0.10500729663081,0.712386328754795,0.700634472585235,"CD63",1,"BP",0.00578034682080925,0.000638128157404945
"BP","GO:0043517","positive regulation of DNA damage response, signal transduction by p53 class mediator","1/173","12/18805",0.0833333333333333,9.05828516377649,2.69062785022377,0.10500729663081,0.712386328754795,0.700634472585235,"EEF1E1",1,"BP",0.00578034682080925,0.000638128157404945
"BP","GO:0044314","protein K27-linked ubiquitination","1/173","12/18805",0.0833333333333333,9.05828516377649,2.69062785022377,0.10500729663081,0.712386328754795,0.700634472585235,"UBE2S",1,"BP",0.00578034682080925,0.000638128157404945
"BP","GO:0048505","regulation of timing of cell differentiation","1/173","12/18805",0.0833333333333333,9.05828516377649,2.69062785022377,0.10500729663081,0.712386328754795,0.700634472585235,"HES1",1,"BP",0.00578034682080925,0.000638128157404945
"BP","GO:0048635","negative regulation of muscle organ development","1/173","12/18805",0.0833333333333333,9.05828516377649,2.69062785022377,0.10500729663081,0.712386328754795,0.700634472585235,"LUC7L",1,"BP",0.00578034682080925,0.000638128157404945
"BP","GO:0051280","negative regulation of release of sequestered calcium ion into cytosol","1/173","12/18805",0.0833333333333333,9.05828516377649,2.69062785022377,0.10500729663081,0.712386328754795,0.700634472585235,"GSTO1",1,"BP",0.00578034682080925,0.000638128157404945
"BP","GO:0061309","cardiac neural crest cell development involved in outflow tract morphogenesis","1/173","12/18805",0.0833333333333333,9.05828516377649,2.69062785022377,0.10500729663081,0.712386328754795,0.700634472585235,"HES1",1,"BP",0.00578034682080925,0.000638128157404945
"BP","GO:0090267","positive regulation of mitotic cell cycle spindle assembly checkpoint","1/173","12/18805",0.0833333333333333,9.05828516377649,2.69062785022377,0.10500729663081,0.712386328754795,0.700634472585235,"MAD2L1",1,"BP",0.00578034682080925,0.000638128157404945
"BP","GO:0097084","vascular associated smooth muscle cell development","1/173","12/18805",0.0833333333333333,9.05828516377649,2.69062785022377,0.10500729663081,0.712386328754795,0.700634472585235,"HES1",1,"BP",0.00578034682080925,0.000638128157404945
"BP","GO:1901862","negative regulation of muscle tissue development","1/173","12/18805",0.0833333333333333,9.05828516377649,2.69062785022377,0.10500729663081,0.712386328754795,0.700634472585235,"LUC7L",1,"BP",0.00578034682080925,0.000638128157404945
"BP","GO:1902510","regulation of apoptotic DNA fragmentation","1/173","12/18805",0.0833333333333333,9.05828516377649,2.69062785022377,0.10500729663081,0.712386328754795,0.700634472585235,"ST20",1,"BP",0.00578034682080925,0.000638128157404945
"BP","GO:1905456","regulation of lymphoid progenitor cell differentiation","1/173","12/18805",0.0833333333333333,9.05828516377649,2.69062785022377,0.10500729663081,0.712386328754795,0.700634472585235,"HES1",1,"BP",0.00578034682080925,0.000638128157404945
"BP","GO:2000009","negative regulation of protein localization to cell surface","1/173","12/18805",0.0833333333333333,9.05828516377649,2.69062785022377,0.10500729663081,0.712386328754795,0.700634472585235,"TAX1BP3",1,"BP",0.00578034682080925,0.000638128157404945
"BP","GO:2001046","positive regulation of integrin-mediated signaling pathway","1/173","12/18805",0.0833333333333333,9.05828516377649,2.69062785022377,0.10500729663081,0.712386328754795,0.700634472585235,"CD63",1,"BP",0.00578034682080925,0.000638128157404945
"BP","GO:0042255","ribosome assembly","2/173","60/18805",0.0333333333333333,3.6233140655106,1.9611085165034,0.105460711265868,0.712386328754795,0.700634472585235,"RPL38/RPS19",2,"BP",0.0115606936416185,0.00319064078702473
"BP","GO:0009636","response to toxic substance","5/173","272/18805",0.0183823529411765,1.99815113906834,1.59781440029771,0.106732756008755,0.712386328754795,0.700634472585235,"GSTO1/GPX1/MT1G/MT1DP/LTC4S",5,"BP",0.0289017341040462,0.0144642382345121
"BP","GO:0045604","regulation of epidermal cell differentiation","2/173","61/18805",0.0327868852459016,3.56391547427272,1.93266204733413,0.108403412728628,0.712386328754795,0.700634472585235,"HES1/SFN",2,"BP",0.0115606936416185,0.00324381813347514
"BP","GO:0060612","adipose tissue development","2/173","61/18805",0.0327868852459016,3.56391547427272,1.93266204733413,0.108403412728628,0.712386328754795,0.700634472585235,"HRAS/SELENOM",2,"BP",0.0115606936416185,0.00324381813347514
"BP","GO:1990748","cellular detoxification","3/173","125/18805",0.024,2.60878612716763,1.73893487788192,0.108419569256142,0.712386328754795,0.700634472585235,"GSTO1/GPX1/LTC4S",3,"BP",0.0173410404624277,0.00664716830630152
"BP","GO:1905475","regulation of protein localization to membrane","4/173","197/18805",0.0203045685279188,2.20709486223996,1.64113043982741,0.108784596637614,0.712386328754795,0.700634472585235,"HRAS/CIB1/SFN/VAMP8",4,"BP",0.023121387283237,0.0104759372507312
"BP","GO:0006805","xenobiotic metabolic process","3/173","126/18805",0.0238095238095238,2.58808147536471,1.7234539209022,0.110353099551219,0.712386328754795,0.700634472585235,"GSTO1/VKORC1/GUK1",3,"BP",0.0173410404624277,0.00670034565275193
"BP","GO:0003179","heart valve morphogenesis","2/173","62/18805",0.032258064516129,3.50643296662316,1.90480631106684,0.111367865753896,0.712386328754795,0.700634472585235,"NAGLU/SCX",2,"BP",0.0115606936416185,0.00329699547992555
"BP","GO:0006612","protein targeting to membrane","3/173","127/18805",0.0236220472440945,2.5677028810705,1.70812192211998,0.112299934681397,0.712386328754795,0.700634472585235,"ZDHHC12/HRAS/CIB1",3,"BP",0.0173410404624277,0.00675352299920234
"BP","GO:0072655","establishment of protein localization to mitochondrion","3/173","127/18805",0.0236220472440945,2.5677028810705,1.70812192211998,0.112299934681397,0.712386328754795,0.700634472585235,"TIMM17B/ROMO1/PARL",3,"BP",0.0173410404624277,0.00675352299920234
"BP","GO:0001682","tRNA 5'-leader removal","1/173","13/18805",0.0769230769230769,8.36149399733215,2.55840662859775,0.113246201418916,0.712386328754795,0.700634472585235,"POP7",1,"BP",0.00578034682080925,0.000691305503855358
"BP","GO:0002664","regulation of T cell tolerance induction","1/173","13/18805",0.0769230769230769,8.36149399733215,2.55840662859775,0.113246201418916,0.712386328754795,0.700634472585235,"HLA-B",1,"BP",0.00578034682080925,0.000691305503855358
"BP","GO:0003183","mitral valve morphogenesis","1/173","13/18805",0.0769230769230769,8.36149399733215,2.55840662859775,0.113246201418916,0.712386328754795,0.700634472585235,"NAGLU",1,"BP",0.00578034682080925,0.000691305503855358
"BP","GO:0003334","keratinocyte development","1/173","13/18805",0.0769230769230769,8.36149399733215,2.55840662859775,0.113246201418916,0.712386328754795,0.700634472585235,"SFN",1,"BP",0.00578034682080925,0.000691305503855358
"BP","GO:0010992","ubiquitin recycling","1/173","13/18805",0.0769230769230769,8.36149399733215,2.55840662859775,0.113246201418916,0.712386328754795,0.700634472585235,"UBE2S",1,"BP",0.00578034682080925,0.000691305503855358
"BP","GO:0035933","glucocorticoid secretion","1/173","13/18805",0.0769230769230769,8.36149399733215,2.55840662859775,0.113246201418916,0.712386328754795,0.700634472585235,"SELENOM",1,"BP",0.00578034682080925,0.000691305503855358
"BP","GO:0040034","regulation of development, heterochronic","1/173","13/18805",0.0769230769230769,8.36149399733215,2.55840662859775,0.113246201418916,0.712386328754795,0.700634472585235,"HES1",1,"BP",0.00578034682080925,0.000691305503855358
"BP","GO:0042373","vitamin K metabolic process","1/173","13/18805",0.0769230769230769,8.36149399733215,2.55840662859775,0.113246201418916,0.712386328754795,0.700634472585235,"VKORC1",1,"BP",0.00578034682080925,0.000691305503855358
"BP","GO:0045039","protein insertion into mitochondrial inner membrane","1/173","13/18805",0.0769230769230769,8.36149399733215,2.55840662859775,0.113246201418916,0.712386328754795,0.700634472585235,"ROMO1",1,"BP",0.00578034682080925,0.000691305503855358
"BP","GO:0045838","positive regulation of membrane potential","1/173","13/18805",0.0769230769230769,8.36149399733215,2.55840662859775,0.113246201418916,0.712386328754795,0.700634472585235,"NDUFC2",1,"BP",0.00578034682080925,0.000691305503855358
"BP","GO:0048711","positive regulation of astrocyte differentiation","1/173","13/18805",0.0769230769230769,8.36149399733215,2.55840662859775,0.113246201418916,0.712386328754795,0.700634472585235,"HES1",1,"BP",0.00578034682080925,0.000691305503855358
"BP","GO:0061684","chaperone-mediated autophagy","1/173","13/18805",0.0769230769230769,8.36149399733215,2.55840662859775,0.113246201418916,0.712386328754795,0.700634472585235,"SNRNP70",1,"BP",0.00578034682080925,0.000691305503855358
"BP","GO:0061795","Golgi lumen acidification","1/173","13/18805",0.0769230769230769,8.36149399733215,2.55840662859775,0.113246201418916,0.712386328754795,0.700634472585235,"ATP6V0B",1,"BP",0.00578034682080925,0.000691305503855358
"BP","GO:0090232","positive regulation of spindle checkpoint","1/173","13/18805",0.0769230769230769,8.36149399733215,2.55840662859775,0.113246201418916,0.712386328754795,0.700634472585235,"MAD2L1",1,"BP",0.00578034682080925,0.000691305503855358
"BP","GO:0090150","establishment of protein localization to membrane","5/173","279/18805",0.017921146953405,1.94801831479064,1.53725684104943,0.115488595512352,0.712386328754795,0.700634472585235,"ZDHHC12/HRAS/CIB1/VAMP5/ROMO1",5,"BP",0.0289017341040462,0.014836479659665
"BP","GO:0050830","defense response to Gram-positive bacterium","3/173","131/18805",0.0229007633587786,2.48929973966377,1.64822887898418,0.120217149909381,0.712386328754795,0.700634472585235,"HLA-A/RPL39/ROMO1",3,"BP",0.0173410404624277,0.00696623238500399
"BP","GO:0032102","negative regulation of response to external stimulus","7/173","448/18805",0.015625,1.69842846820809,1.44171202613033,0.12022815485099,0.712386328754795,0.700634472585235,"HLA-A/RPS19/GPX1/TARBP2/HLA-B/PSMA1/SFN",7,"BP",0.0404624277456647,0.0238234512097846
"BP","GO:0002707","negative regulation of lymphocyte mediated immunity","2/173","65/18805",0.0307692307692308,3.34459759893286,1.82456204366493,0.120385350863868,0.712386328754795,0.700634472585235,"HLA-A/HLA-B",2,"BP",0.0115606936416185,0.00345652751927679
"BP","GO:0006903","vesicle targeting","2/173","65/18805",0.0307692307692308,3.34459759893286,1.82456204366493,0.120385350863868,0.712386328754795,0.700634472585235,"TRAPPC2L/NAGLU",2,"BP",0.0115606936416185,0.00345652751927679
"BP","GO:0051784","negative regulation of nuclear division","2/173","65/18805",0.0307692307692308,3.34459759893286,1.82456204366493,0.120385350863868,0.712386328754795,0.700634472585235,"MAD2L1/AURKAIP1",2,"BP",0.0115606936416185,0.00345652751927679
"BP","GO:0003174","mitral valve development","1/173","14/18805",0.0714285714285714,7.76424442609414,2.43964591911744,0.121409696903938,0.712386328754795,0.700634472585235,"NAGLU",1,"BP",0.00578034682080925,0.00074448285030577
"BP","GO:0006122","mitochondrial electron transport, ubiquinol to cytochrome c","1/173","14/18805",0.0714285714285714,7.76424442609414,2.43964591911744,0.121409696903938,0.712386328754795,0.700634472585235,"UQCR11",1,"BP",0.00578034682080925,0.00074448285030577
"BP","GO:0006465","signal peptide processing","1/173","14/18805",0.0714285714285714,7.76424442609414,2.43964591911744,0.121409696903938,0.712386328754795,0.700634472585235,"PARL",1,"BP",0.00578034682080925,0.00074448285030577
"BP","GO:0009133","nucleoside diphosphate biosynthetic process","1/173","14/18805",0.0714285714285714,7.76424442609414,2.43964591911744,0.121409696903938,0.712386328754795,0.700634472585235,"GUK1",1,"BP",0.00578034682080925,0.00074448285030577
"BP","GO:0010225","response to UV-C","1/173","14/18805",0.0714285714285714,7.76424442609414,2.43964591911744,0.121409696903938,0.712386328754795,0.700634472585235,"ST20",1,"BP",0.00578034682080925,0.00074448285030577
"BP","GO:0030049","muscle filament sliding","1/173","14/18805",0.0714285714285714,7.76424442609414,2.43964591911744,0.121409696903938,0.712386328754795,0.700634472585235,"MYL6",1,"BP",0.00578034682080925,0.00074448285030577
"BP","GO:0030810","positive regulation of nucleotide biosynthetic process","1/173","14/18805",0.0714285714285714,7.76424442609414,2.43964591911744,0.121409696903938,0.712386328754795,0.700634472585235,"NDUFC2",1,"BP",0.00578034682080925,0.00074448285030577
"BP","GO:0042559","pteridine-containing compound biosynthetic process","1/173","14/18805",0.0714285714285714,7.76424442609414,2.43964591911744,0.121409696903938,0.712386328754795,0.700634472585235,"FPGS",1,"BP",0.00578034682080925,0.00074448285030577
"BP","GO:0043248","proteasome assembly","1/173","14/18805",0.0714285714285714,7.76424442609414,2.43964591911744,0.121409696903938,0.712386328754795,0.700634472585235,"PSMG3",1,"BP",0.00578034682080925,0.00074448285030577
"BP","GO:0043306","positive regulation of mast cell degranulation","1/173","14/18805",0.0714285714285714,7.76424442609414,2.43964591911744,0.121409696903938,0.712386328754795,0.700634472585235,"VAMP8",1,"BP",0.00578034682080925,0.00074448285030577
"BP","GO:0045605","negative regulation of epidermal cell differentiation","1/173","14/18805",0.0714285714285714,7.76424442609414,2.43964591911744,0.121409696903938,0.712386328754795,0.700634472585235,"HES1",1,"BP",0.00578034682080925,0.00074448285030577
"BP","GO:0045683","negative regulation of epidermis development","1/173","14/18805",0.0714285714285714,7.76424442609414,2.43964591911744,0.121409696903938,0.712386328754795,0.700634472585235,"HES1",1,"BP",0.00578034682080925,0.00074448285030577
"BP","GO:0045989","positive regulation of striated muscle contraction","1/173","14/18805",0.0714285714285714,7.76424442609414,2.43964591911744,0.121409696903938,0.712386328754795,0.700634472585235,"GSTO1",1,"BP",0.00578034682080925,0.00074448285030577
"BP","GO:0046655","folic acid metabolic process","1/173","14/18805",0.0714285714285714,7.76424442609414,2.43964591911744,0.121409696903938,0.712386328754795,0.700634472585235,"FPGS",1,"BP",0.00578034682080925,0.00074448285030577
"BP","GO:0048388","endosomal lumen acidification","1/173","14/18805",0.0714285714285714,7.76424442609414,2.43964591911744,0.121409696903938,0.712386328754795,0.700634472585235,"ATP6V0B",1,"BP",0.00578034682080925,0.00074448285030577
"BP","GO:0048715","negative regulation of oligodendrocyte differentiation","1/173","14/18805",0.0714285714285714,7.76424442609414,2.43964591911744,0.121409696903938,0.712386328754795,0.700634472585235,"HES1",1,"BP",0.00578034682080925,0.00074448285030577
"BP","GO:0051284","positive regulation of sequestering of calcium ion","1/173","14/18805",0.0714285714285714,7.76424442609414,2.43964591911744,0.121409696903938,0.712386328754795,0.700634472585235,"GSTO1",1,"BP",0.00578034682080925,0.00074448285030577
"BP","GO:0051444","negative regulation of ubiquitin-protein transferase activity","1/173","14/18805",0.0714285714285714,7.76424442609414,2.43964591911744,0.121409696903938,0.712386328754795,0.700634472585235,"MAD2L1",1,"BP",0.00578034682080925,0.00074448285030577
"BP","GO:0051608","histamine transport","1/173","14/18805",0.0714285714285714,7.76424442609414,2.43964591911744,0.121409696903938,0.712386328754795,0.700634472585235,"VAMP8",1,"BP",0.00578034682080925,0.00074448285030577
"BP","GO:0060019","radial glial cell differentiation","1/173","14/18805",0.0714285714285714,7.76424442609414,2.43964591911744,0.121409696903938,0.712386328754795,0.700634472585235,"HES1",1,"BP",0.00578034682080925,0.00074448285030577
"BP","GO:1900373","positive regulation of purine nucleotide biosynthetic process","1/173","14/18805",0.0714285714285714,7.76424442609414,2.43964591911744,0.121409696903938,0.712386328754795,0.700634472585235,"NDUFC2",1,"BP",0.00578034682080925,0.00074448285030577
"BP","GO:1901334","lactone metabolic process","1/173","14/18805",0.0714285714285714,7.76424442609414,2.43964591911744,0.121409696903938,0.712386328754795,0.700634472585235,"GSTO1",1,"BP",0.00578034682080925,0.00074448285030577
"BP","GO:1903624","regulation of DNA catabolic process","1/173","14/18805",0.0714285714285714,7.76424442609414,2.43964591911744,0.121409696903938,0.712386328754795,0.700634472585235,"ST20",1,"BP",0.00578034682080925,0.00074448285030577
"BP","GO:2001198","regulation of dendritic cell differentiation","1/173","14/18805",0.0714285714285714,7.76424442609414,2.43964591911744,0.121409696903938,0.712386328754795,0.700634472585235,"HLA-B",1,"BP",0.00578034682080925,0.00074448285030577
"BP","GO:0031100","animal organ regeneration","2/173","66/18805",0.0303030303030303,3.29392187773691,1.79885360402504,0.123430475644835,0.712386328754795,0.700634472585235,"NNMT/FPGS",2,"BP",0.0115606936416185,0.0035097048657272
"BP","GO:0002698","negative regulation of immune effector process","3/173","134/18805",0.0223880597014925,2.43356914847727,1.60474374231269,0.12628696022195,0.712386328754795,0.700634472585235,"HLA-A/RPS19/HLA-B",3,"BP",0.0173410404624277,0.00712576442435522
"BP","GO:0035904","aorta development","2/173","67/18805",0.0298507462686567,3.24475886463636,1.77363362799221,0.126494233153921,0.712386328754795,0.700634472585235,"NAGLU/HES1",2,"BP",0.0115606936416185,0.00356288221217761
"BP","GO:0051926","negative regulation of calcium ion transport","2/173","67/18805",0.0298507462686567,3.24475886463636,1.77363362799221,0.126494233153921,0.712386328754795,0.700634472585235,"GSTO1/HES1",2,"BP",0.0115606936416185,0.00356288221217761
"BP","GO:0070585","protein localization to mitochondrion","3/173","135/18805",0.0222222222222222,2.4155427103404,1.59050902567077,0.128334498512124,0.712386328754795,0.700634472585235,"TIMM17B/ROMO1/PARL",3,"BP",0.0173410404624277,0.00717894177080564
"BP","GO:0097237","cellular response to toxic substance","3/173","135/18805",0.0222222222222222,2.4155427103404,1.59050902567077,0.128334498512124,0.712386328754795,0.700634472585235,"GSTO1/GPX1/LTC4S",3,"BP",0.0173410404624277,0.00717894177080564
"BP","GO:0002517","T cell tolerance induction","1/173","15/18805",0.0666666666666667,7.24662813102119,2.33209547992906,0.129498469318158,0.712386328754795,0.700634472585235,"HLA-B",1,"BP",0.00578034682080925,0.000797660196756182
"BP","GO:0009263","deoxyribonucleotide biosynthetic process","1/173","15/18805",0.0666666666666667,7.24662813102119,2.33209547992906,0.129498469318158,0.712386328754795,0.700634472585235,"GUK1",1,"BP",0.00578034682080925,0.000797660196756182
"BP","GO:0009265","2'-deoxyribonucleotide biosynthetic process","1/173","15/18805",0.0666666666666667,7.24662813102119,2.33209547992906,0.129498469318158,0.712386328754795,0.700634472585235,"GUK1",1,"BP",0.00578034682080925,0.000797660196756182
"BP","GO:0010454","negative regulation of cell fate commitment","1/173","15/18805",0.0666666666666667,7.24662813102119,2.33209547992906,0.129498469318158,0.712386328754795,0.700634472585235,"HES1",1,"BP",0.00578034682080925,0.000797660196756182
"BP","GO:0014004","microglia differentiation","1/173","15/18805",0.0666666666666667,7.24662813102119,2.33209547992906,0.129498469318158,0.712386328754795,0.700634472585235,"NAGLU",1,"BP",0.00578034682080925,0.000797660196756182
"BP","GO:0018230","peptidyl-L-cysteine S-palmitoylation","1/173","15/18805",0.0666666666666667,7.24662813102119,2.33209547992906,0.129498469318158,0.712386328754795,0.700634472585235,"ZDHHC12",1,"BP",0.00578034682080925,0.000797660196756182
"BP","GO:0018231","peptidyl-S-diacylglycerol-L-cysteine biosynthetic process from peptidyl-cysteine","1/173","15/18805",0.0666666666666667,7.24662813102119,2.33209547992906,0.129498469318158,0.712386328754795,0.700634472585235,"ZDHHC12",1,"BP",0.00578034682080925,0.000797660196756182
"BP","GO:0033599","regulation of mammary gland epithelial cell proliferation","1/173","15/18805",0.0666666666666667,7.24662813102119,2.33209547992906,0.129498469318158,0.712386328754795,0.700634472585235,"GPX1",1,"BP",0.00578034682080925,0.000797660196756182
"BP","GO:0036151","phosphatidylcholine acyl-chain remodeling","1/173","15/18805",0.0666666666666667,7.24662813102119,2.33209547992906,0.129498469318158,0.712386328754795,0.700634472585235,"TMEM86B",1,"BP",0.00578034682080925,0.000797660196756182
"BP","GO:0042159","lipoprotein catabolic process","1/173","15/18805",0.0666666666666667,7.24662813102119,2.33209547992906,0.129498469318158,0.712386328754795,0.700634472585235,"CTSD",1,"BP",0.00578034682080925,0.000797660196756182
"BP","GO:0046385","deoxyribose phosphate biosynthetic process","1/173","15/18805",0.0666666666666667,7.24662813102119,2.33209547992906,0.129498469318158,0.712386328754795,0.700634472585235,"GUK1",1,"BP",0.00578034682080925,0.000797660196756182
"BP","GO:0060033","anatomical structure regression","1/173","15/18805",0.0666666666666667,7.24662813102119,2.33209547992906,0.129498469318158,0.712386328754795,0.700634472585235,"AMH",1,"BP",0.00578034682080925,0.000797660196756182
"BP","GO:0061307","cardiac neural crest cell differentiation involved in heart development","1/173","15/18805",0.0666666666666667,7.24662813102119,2.33209547992906,0.129498469318158,0.712386328754795,0.700634472585235,"HES1",1,"BP",0.00578034682080925,0.000797660196756182
"BP","GO:0061308","cardiac neural crest cell development involved in heart development","1/173","15/18805",0.0666666666666667,7.24662813102119,2.33209547992906,0.129498469318158,0.712386328754795,0.700634472585235,"HES1",1,"BP",0.00578034682080925,0.000797660196756182
"BP","GO:1900029","positive regulation of ruffle assembly","1/173","15/18805",0.0666666666666667,7.24662813102119,2.33209547992906,0.129498469318158,0.712386328754795,0.700634472585235,"HRAS",1,"BP",0.00578034682080925,0.000797660196756182
"BP","GO:1900226","negative regulation of NLRP3 inflammasome complex assembly","1/173","15/18805",0.0666666666666667,7.24662813102119,2.33209547992906,0.129498469318158,0.712386328754795,0.700634472585235,"ZDHHC12",1,"BP",0.00578034682080925,0.000797660196756182
"BP","GO:1901533","negative regulation of hematopoietic progenitor cell differentiation","1/173","15/18805",0.0666666666666667,7.24662813102119,2.33209547992906,0.129498469318158,0.712386328754795,0.700634472585235,"HES1",1,"BP",0.00578034682080925,0.000797660196756182
"BP","GO:1904507","positive regulation of telomere maintenance in response to DNA damage","1/173","15/18805",0.0666666666666667,7.24662813102119,2.33209547992906,0.129498469318158,0.712386328754795,0.700634472585235,"TFPT",1,"BP",0.00578034682080925,0.000797660196756182
"BP","GO:0044772","mitotic cell cycle phase transition","7/173","457/18805",0.0153172866520788,1.66498020515804,1.38672673014919,0.129516359805923,0.712386328754795,0.700634472585235,"MAD2L1/TMEM14B/CDC34/FBXL15/UBE2S/BABAM1/CCDC57",7,"BP",0.0404624277456647,0.0243020473278383
"BP","GO:0001912","positive regulation of leukocyte mediated cytotoxicity","2/173","68/18805",0.0294117647058824,3.19704182250935,1.7488847354328,0.129576028242146,0.712386328754795,0.700634472585235,"HLA-A/HLA-B",2,"BP",0.0115606936416185,0.00361605955862802
"BP","GO:0032414","positive regulation of ion transmembrane transporter activity","2/173","68/18805",0.0294117647058824,3.19704182250935,1.7488847354328,0.129576028242146,0.712386328754795,0.700634472585235,"GSTO1/COX17",2,"BP",0.0115606936416185,0.00361605955862802
"BP","GO:0045682","regulation of epidermis development","2/173","68/18805",0.0294117647058824,3.19704182250935,1.7488847354328,0.129576028242146,0.712386328754795,0.700634472585235,"HES1/SFN",2,"BP",0.0115606936416185,0.00361605955862802
"BP","GO:0061844","antimicrobial humoral immune response mediated by antimicrobial peptide","3/173","136/18805",0.0220588235294118,2.39778136688201,1.57640066067548,0.130393902598011,0.712386328754795,0.700634472585235,"RPL39/RPS19/ROMO1",3,"BP",0.0173410404624277,0.00723211911725605
"BP","GO:0045576","mast cell activation","2/173","69/18805",0.0289855072463768,3.15070788305269,1.72459041687878,0.132675275017299,0.712386328754795,0.700634472585235,"VAMP8/S100A13",2,"BP",0.0115606936416185,0.00366923690507844
"BP","GO:0048857","neural nucleus development","2/173","69/18805",0.0289855072463768,3.15070788305269,1.72459041687878,0.132675275017299,0.712386328754795,0.700634472585235,"NDUFS3/COX6B1",2,"BP",0.0115606936416185,0.00366923690507844
"BP","GO:0045739","positive regulation of DNA repair","3/173","138/18805",0.0217391304347826,2.36303091228952,1.54855423363679,0.134547662983542,0.712386328754795,0.700634472585235,"TFPT/MGMT/BABAM1",3,"BP",0.0173410404624277,0.00733847381015687
"BP","GO:0060113","inner ear receptor cell differentiation","2/173","70/18805",0.0285714285714286,3.10569777043765,1.70073497786193,0.13579139672564,0.712386328754795,0.700634472585235,"NAGLU/HES1",2,"BP",0.0115606936416185,0.00372241425152885
"BP","GO:0051338","regulation of transferase activity","7/173","463/18805",0.0151187904967603,1.64340378781258,1.35073203280421,0.135904398404966,0.712386328754795,0.700634472585235,"MAD2L1/HRAS/CIB1/TARBP2/UBE2S/SFN/JTB",7,"BP",0.0404624277456647,0.0246211114065408
"BP","GO:0019058","viral life cycle","5/173","295/18805",0.0169491525423729,1.84236308415793,1.40515929218193,0.136734282614858,0.712386328754795,0.700634472585235,"IL32/TARBP2/SIVA1/VAMP8/CSNK2B",5,"BP",0.0289017341040462,0.0156873172028716
"BP","GO:0003188","heart valve formation","1/173","16/18805",0.0625,6.79371387283237,2.23400240643522,0.137513198685266,0.712386328754795,0.700634472585235,"SCX",1,"BP",0.00578034682080925,0.000850837543206594
"BP","GO:0003214","cardiac left ventricle morphogenesis","1/173","16/18805",0.0625,6.79371387283237,2.23400240643522,0.137513198685266,0.712386328754795,0.700634472585235,"NAGLU",1,"BP",0.00578034682080925,0.000850837543206594
"BP","GO:0007028","cytoplasm organization","1/173","16/18805",0.0625,6.79371387283237,2.23400240643522,0.137513198685266,0.712386328754795,0.700634472585235,"NAGLU",1,"BP",0.00578034682080925,0.000850837543206594
"BP","GO:0009151","purine deoxyribonucleotide metabolic process","1/173","16/18805",0.0625,6.79371387283237,2.23400240643522,0.137513198685266,0.712386328754795,0.700634472585235,"GUK1",1,"BP",0.00578034682080925,0.000850837543206594
"BP","GO:0021984","adenohypophysis development","1/173","16/18805",0.0625,6.79371387283237,2.23400240643522,0.137513198685266,0.712386328754795,0.700634472585235,"HES1",1,"BP",0.00578034682080925,0.000850837543206594
"BP","GO:0030167","proteoglycan catabolic process","1/173","16/18805",0.0625,6.79371387283237,2.23400240643522,0.137513198685266,0.712386328754795,0.700634472585235,"NAGLU",1,"BP",0.00578034682080925,0.000850837543206594
"BP","GO:0032230","positive regulation of synaptic transmission, GABAergic","1/173","16/18805",0.0625,6.79371387283237,2.23400240643522,0.137513198685266,0.712386328754795,0.700634472585235,"ZDHHC12",1,"BP",0.00578034682080925,0.000850837543206594
"BP","GO:0033275","actin-myosin filament sliding","1/173","16/18805",0.0625,6.79371387283237,2.23400240643522,0.137513198685266,0.712386328754795,0.700634472585235,"MYL6",1,"BP",0.00578034682080925,0.000850837543206594
"BP","GO:0036260","RNA capping","1/173","16/18805",0.0625,6.79371387283237,2.23400240643522,0.137513198685266,0.712386328754795,0.700634472585235,"SNRPB",1,"BP",0.00578034682080925,0.000850837543206594
"BP","GO:0085020","protein K6-linked ubiquitination","1/173","16/18805",0.0625,6.79371387283237,2.23400240643522,0.137513198685266,0.712386328754795,0.700634472585235,"UBE2S",1,"BP",0.00578034682080925,0.000850837543206594
"BP","GO:0099116","tRNA 5'-end processing","1/173","16/18805",0.0625,6.79371387283237,2.23400240643522,0.137513198685266,0.712386328754795,0.700634472585235,"POP7",1,"BP",0.00578034682080925,0.000850837543206594
"BP","GO:1901142","insulin metabolic process","1/173","16/18805",0.0625,6.79371387283237,2.23400240643522,0.137513198685266,0.712386328754795,0.700634472585235,"CTSD",1,"BP",0.00578034682080925,0.000850837543206594
"BP","GO:1903798","regulation of miRNA processing","1/173","16/18805",0.0625,6.79371387283237,2.23400240643522,0.137513198685266,0.712386328754795,0.700634472585235,"TARBP2",1,"BP",0.00578034682080925,0.000850837543206594
"BP","GO:0007498","mesoderm development","3/173","140/18805",0.0214285714285714,2.32927332782824,1.52118749420894,0.138746949867566,0.712386328754795,0.700634472585235,"RPL38/AMH/SCX",3,"BP",0.0173410404624277,0.0074448285030577
"BP","GO:0031343","positive regulation of cell killing","2/173","71/18805",0.028169014084507,3.06195554831881,1.67730348755047,0.138923825634993,0.712386328754795,0.700634472585235,"HLA-A/HLA-B",2,"BP",0.0115606936416185,0.00377559159797926
"BP","GO:0043161","proteasome-mediated ubiquitin-dependent protein catabolic process","7/173","467/18805",0.0149892933618844,1.62932752410541,1.32702045581774,0.140248445365906,0.712386328754795,0.700634472585235,"NAGLU/CDC34/PSMD13/FBXL15/UBE2S/PSMA1/CSNK2B",7,"BP",0.0404624277456647,0.0248338207923425
"BP","GO:0002711","positive regulation of T cell mediated immunity","2/173","72/18805",0.0277777777777778,3.0194283879255,1.65428173129995,0.142072002919188,0.712386328754795,0.700634472585235,"HLA-A/HLA-B",2,"BP",0.0115606936416185,0.00382876894442967
"BP","GO:0006414","translational elongation","2/173","72/18805",0.0277777777777778,3.0194283879255,1.65428173129995,0.142072002919188,0.712386328754795,0.700634472585235,"RPLP1/RPLP2",2,"BP",0.0115606936416185,0.00382876894442967
"BP","GO:0033363","secretory granule organization","2/173","72/18805",0.0277777777777778,3.0194283879255,1.65428173129995,0.142072002919188,0.712386328754795,0.700634472585235,"AP1S1/BLOC1S1",2,"BP",0.0115606936416185,0.00382876894442967
"BP","GO:0050792","regulation of viral process","3/173","142/18805",0.0211267605633803,2.29646666123911,1.49428429680775,0.142990470635092,0.712386328754795,0.700634472585235,"IL32/TARBP2/CSNK2B",3,"BP",0.0173410404624277,0.00755118319595852
"BP","GO:0000086","G2/M transition of mitotic cell cycle","3/173","143/18805",0.020979020979021,2.28040745381786,1.48100169287096,0.145128414739794,0.712386328754795,0.700634472585235,"FBXL15/BABAM1/CCDC57",3,"BP",0.0173410404624277,0.00760436054240893
"BP","GO:0007098","centrosome cycle","3/173","143/18805",0.020979020979021,2.28040745381786,1.48100169287096,0.145128414739794,0.712386328754795,0.700634472585235,"PCLAF/CCDC57/SAC3D1",3,"BP",0.0173410404624277,0.00760436054240893
"BP","GO:0010212","response to ionizing radiation","3/173","143/18805",0.020979020979021,2.28040745381786,1.48100169287096,0.145128414739794,0.712386328754795,0.700634472585235,"HRAS/GPX1/BABAM1",3,"BP",0.0173410404624277,0.00760436054240893
"BP","GO:0071806","protein transmembrane transport","2/173","73/18805",0.0273972602739726,2.97806635521419,1.63165616676993,0.145235378543844,0.712386328754795,0.700634472585235,"TIMM17B/ROMO1",2,"BP",0.0115606936416185,0.00388194629088009
"BP","GO:0044403","biological process involved in symbiotic interaction","4/173","220/18805",0.0181818181818182,1.97635312664214,1.40363895984485,0.145329631757923,0.712386328754795,0.700634472585235,"GPX1/SIVA1/VAMP8/ROMO1",4,"BP",0.023121387283237,0.0116990162190907
"BP","GO:0002679","respiratory burst involved in defense response","1/173","17/18805",0.0588235294117647,6.3940836450187,2.14397786209341,0.145454558876199,0.712386328754795,0.700634472585235,"RPS19",1,"BP",0.00578034682080925,0.000904014889657006
"BP","GO:0006878","intracellular copper ion homeostasis","1/173","17/18805",0.0588235294117647,6.3940836450187,2.14397786209341,0.145454558876199,0.712386328754795,0.700634472585235,"ATOX1",1,"BP",0.00578034682080925,0.000904014889657006
"BP","GO:0007000","nucleolus organization","1/173","17/18805",0.0588235294117647,6.3940836450187,2.14397786209341,0.145454558876199,0.712386328754795,0.700634472585235,"RPS19",1,"BP",0.00578034682080925,0.000904014889657006
"BP","GO:0010470","regulation of gastrulation","1/173","17/18805",0.0588235294117647,6.3940836450187,2.14397786209341,0.145454558876199,0.712386328754795,0.700634472585235,"SCX",1,"BP",0.00578034682080925,0.000904014889657006
"BP","GO:0016075","rRNA catabolic process","1/173","17/18805",0.0588235294117647,6.3940836450187,2.14397786209341,0.145454558876199,0.712386328754795,0.700634472585235,"TRIR",1,"BP",0.00578034682080925,0.000904014889657006
"BP","GO:0021783","preganglionic parasympathetic fiber development","1/173","17/18805",0.0588235294117647,6.3940836450187,2.14397786209341,0.145454558876199,0.712386328754795,0.700634472585235,"HES1",1,"BP",0.00578034682080925,0.000904014889657006
"BP","GO:0030202","heparin proteoglycan metabolic process","1/173","17/18805",0.0588235294117647,6.3940836450187,2.14397786209341,0.145454558876199,0.712386328754795,0.700634472585235,"NAGLU",1,"BP",0.00578034682080925,0.000904014889657006
"BP","GO:0031054","pre-miRNA processing","1/173","17/18805",0.0588235294117647,6.3940836450187,2.14397786209341,0.145454558876199,0.712386328754795,0.700634472585235,"TARBP2",1,"BP",0.00578034682080925,0.000904014889657006
"BP","GO:0032095","regulation of response to food","1/173","17/18805",0.0588235294117647,6.3940836450187,2.14397786209341,0.145454558876199,0.712386328754795,0.700634472585235,"NENF",1,"BP",0.00578034682080925,0.000904014889657006
"BP","GO:0060253","negative regulation of glial cell proliferation","1/173","17/18805",0.0588235294117647,6.3940836450187,2.14397786209341,0.145454558876199,0.712386328754795,0.700634472585235,"HES1",1,"BP",0.00578034682080925,0.000904014889657006
"BP","GO:0060382","regulation of DNA strand elongation","1/173","17/18805",0.0588235294117647,6.3940836450187,2.14397786209341,0.145454558876199,0.712386328754795,0.700634472585235,"TFPT",1,"BP",0.00578034682080925,0.000904014889657006
"BP","GO:0070254","mucus secretion","1/173","17/18805",0.0588235294117647,6.3940836450187,2.14397786209341,0.145454558876199,0.712386328754795,0.700634472585235,"VAMP8",1,"BP",0.00578034682080925,0.000904014889657006
"BP","GO:0070920","regulation of regulatory ncRNA processing","1/173","17/18805",0.0588235294117647,6.3940836450187,2.14397786209341,0.145454558876199,0.712386328754795,0.700634472585235,"TARBP2",1,"BP",0.00578034682080925,0.000904014889657006
"BP","GO:0071243","cellular response to arsenic-containing substance","1/173","17/18805",0.0588235294117647,6.3940836450187,2.14397786209341,0.145454558876199,0.712386328754795,0.700634472585235,"GSTO1",1,"BP",0.00578034682080925,0.000904014889657006
"BP","GO:0090399","replicative senescence","1/173","17/18805",0.0588235294117647,6.3940836450187,2.14397786209341,0.145454558876199,0.712386328754795,0.700634472585235,"ROMO1",1,"BP",0.00578034682080925,0.000904014889657006
"BP","GO:0032259","methylation","4/173","223/18805",0.0179372197309417,1.94976541641826,1.37480464368197,0.150416047946483,0.712386328754795,0.700634472585235,"MGMT/NNMT/SNRPB/COMTD1",4,"BP",0.023121387283237,0.0118585482584419
"BP","GO:0003170","heart valve development","2/173","75/18805",0.0266666666666667,2.89865125240848,1.58754256421923,0.151605567959971,0.712386328754795,0.700634472585235,"NAGLU/SCX",2,"BP",0.0115606936416185,0.00398830098378091
"BP","GO:0032411","positive regulation of transporter activity","2/173","75/18805",0.0266666666666667,2.89865125240848,1.58754256421923,0.151605567959971,0.712386328754795,0.700634472585235,"GSTO1/COX17",2,"BP",0.0115606936416185,0.00398830098378091
"BP","GO:0042490","mechanoreceptor differentiation","2/173","75/18805",0.0266666666666667,2.89865125240848,1.58754256421923,0.151605567959971,0.712386328754795,0.700634472585235,"NAGLU/HES1",2,"BP",0.0115606936416185,0.00398830098378091
"BP","GO:0090559","regulation of membrane permeability","2/173","75/18805",0.0266666666666667,2.89865125240848,1.58754256421923,0.151605567959971,0.712386328754795,0.700634472585235,"CHCHD10/SIVA1",2,"BP",0.0115606936416185,0.00398830098378091
"BP","GO:0002424","T cell mediated immune response to tumor cell","1/173","18/18805",0.0555555555555556,6.038856775851,2.06090505317439,0.153323217664491,0.712386328754795,0.700634472585235,"HLA-A",1,"BP",0.00578034682080925,0.000957192236107418
"BP","GO:0003159","morphogenesis of an endothelium","1/173","18/18805",0.0555555555555556,6.038856775851,2.06090505317439,0.153323217664491,0.712386328754795,0.700634472585235,"CSNK2B",1,"BP",0.00578034682080925,0.000957192236107418
"BP","GO:0006089","lactate metabolic process","1/173","18/18805",0.0555555555555556,6.038856775851,2.06090505317439,0.153323217664491,0.712386328754795,0.700634472585235,"LDHB",1,"BP",0.00578034682080925,0.000957192236107418
"BP","GO:0010310","regulation of hydrogen peroxide metabolic process","1/173","18/18805",0.0555555555555556,6.038856775851,2.06090505317439,0.153323217664491,0.712386328754795,0.700634472585235,"NOXA1",1,"BP",0.00578034682080925,0.000957192236107418
"BP","GO:0042574","retinal metabolic process","1/173","18/18805",0.0555555555555556,6.038856775851,2.06090505317439,0.153323217664491,0.712386328754795,0.700634472585235,"DHRS4L2",1,"BP",0.00578034682080925,0.000957192236107418
"BP","GO:0045475","locomotor rhythm","1/173","18/18805",0.0555555555555556,6.038856775851,2.06090505317439,0.153323217664491,0.712386328754795,0.700634472585235,"NAGLU",1,"BP",0.00578034682080925,0.000957192236107418
"BP","GO:0050687","negative regulation of defense response to virus","1/173","18/18805",0.0555555555555556,6.038856775851,2.06090505317439,0.153323217664491,0.712386328754795,0.700634472585235,"TARBP2",1,"BP",0.00578034682080925,0.000957192236107418
"BP","GO:0060221","retinal rod cell differentiation","1/173","18/18805",0.0555555555555556,6.038856775851,2.06090505317439,0.153323217664491,0.712386328754795,0.700634472585235,"NAGLU",1,"BP",0.00578034682080925,0.000957192236107418
"BP","GO:0061101","neuroendocrine cell differentiation","1/173","18/18805",0.0555555555555556,6.038856775851,2.06090505317439,0.153323217664491,0.712386328754795,0.700634472585235,"HES1",1,"BP",0.00578034682080925,0.000957192236107418
"BP","GO:0061154","endothelial tube morphogenesis","1/173","18/18805",0.0555555555555556,6.038856775851,2.06090505317439,0.153323217664491,0.712386328754795,0.700634472585235,"CSNK2B",1,"BP",0.00578034682080925,0.000957192236107418
"BP","GO:0061323","cell proliferation involved in heart morphogenesis","1/173","18/18805",0.0555555555555556,6.038856775851,2.06090505317439,0.153323217664491,0.712386328754795,0.700634472585235,"HES1",1,"BP",0.00578034682080925,0.000957192236107418
"BP","GO:0090281","negative regulation of calcium ion import","1/173","18/18805",0.0555555555555556,6.038856775851,2.06090505317439,0.153323217664491,0.712386328754795,0.700634472585235,"HES1",1,"BP",0.00578034682080925,0.000957192236107418
"BP","GO:2000136","regulation of cell proliferation involved in heart morphogenesis","1/173","18/18805",0.0555555555555556,6.038856775851,2.06090505317439,0.153323217664491,0.712386328754795,0.700634472585235,"HES1",1,"BP",0.00578034682080925,0.000957192236107418
"BP","GO:2001169","regulation of ATP biosynthetic process","1/173","18/18805",0.0555555555555556,6.038856775851,2.06090505317439,0.153323217664491,0.712386328754795,0.700634472585235,"NDUFC2",1,"BP",0.00578034682080925,0.000957192236107418
"BP","GO:0003158","endothelium development","3/173","147/18805",0.0204081632653061,2.21835555031261,1.4289551703125,0.153784315190845,0.712386328754795,0.700634472585235,"NAGLU/GPX1/CSNK2B",3,"BP",0.0173410404624277,0.00781706992821058
"BP","GO:0002704","negative regulation of leukocyte mediated immunity","2/173","76/18805",0.0263157894736842,2.86051110435047,1.5660304519673,0.154811324632218,0.712386328754795,0.700634472585235,"HLA-A/HLA-B",2,"BP",0.0115606936416185,0.00404147833023132
"BP","GO:0048525","negative regulation of viral process","2/173","76/18805",0.0263157894736842,2.86051110435047,1.5660304519673,0.154811324632218,0.712386328754795,0.700634472585235,"IL32/CSNK2B",2,"BP",0.0115606936416185,0.00404147833023132
"BP","GO:0051298","centrosome duplication","2/173","76/18805",0.0263157894736842,2.86051110435047,1.5660304519673,0.154811324632218,0.712386328754795,0.700634472585235,"CCDC57/SAC3D1",2,"BP",0.0115606936416185,0.00404147833023132
"BP","GO:0007224","smoothened signaling pathway","3/173","148/18805",0.0202702702702703,2.20336666145915,1.41620577965983,0.155973515187307,0.712386328754795,0.700634472585235,"TEDC2/HES1/TEDC1",3,"BP",0.0173410404624277,0.00787024727466099
"BP","GO:0045088","regulation of innate immune response","7/173","482/18805",0.0145228215767635,1.57862231069964,1.24004897777109,0.157129010392696,0.712386328754795,0.700634472585235,"HLA-A/RPS19/NAGLU/ZDHHC12/TARBP2/HLA-B/SFN",7,"BP",0.0404624277456647,0.0256314809890986
"BP","GO:0006282","regulation of DNA repair","4/173","227/18805",0.0176211453744493,1.91540831656948,1.33704719767832,0.157302923933546,0.712386328754795,0.700634472585235,"TFPT/MGMT/SF3B5/BABAM1",4,"BP",0.023121387283237,0.0120712576442436
"BP","GO:0006801","superoxide metabolic process","2/173","77/18805",0.025974025974026,2.82336160948878,1.54486631557813,0.158030165187215,0.712386328754795,0.700634472585235,"NAGLU/NOXA1",2,"BP",0.0115606936416185,0.00409465567668173
"BP","GO:0002643","regulation of tolerance induction","1/173","19/18805",0.0526315789473684,5.72102220870094,1.98387415643449,0.161119836781116,0.712386328754795,0.700634472585235,"HLA-B",1,"BP",0.00578034682080925,0.00101036958255783
"BP","GO:0009164","nucleoside catabolic process","1/173","19/18805",0.0526315789473684,5.72102220870094,1.98387415643449,0.161119836781116,0.712386328754795,0.700634472585235,"NUDT1",1,"BP",0.00578034682080925,0.00101036958255783
"BP","GO:0014819","regulation of skeletal muscle contraction","1/173","19/18805",0.0526315789473684,5.72102220870094,1.98387415643449,0.161119836781116,0.712386328754795,0.700634472585235,"GSTO1",1,"BP",0.00578034682080925,0.00101036958255783
"BP","GO:0018200","peptidyl-glutamic acid modification","1/173","19/18805",0.0526315789473684,5.72102220870094,1.98387415643449,0.161119836781116,0.712386328754795,0.700634472585235,"VKORC1",1,"BP",0.00578034682080925,0.00101036958255783
"BP","GO:0035269","protein O-linked mannosylation","1/173","19/18805",0.0526315789473684,5.72102220870094,1.98387415643449,0.161119836781116,0.712386328754795,0.700634472585235,"DPM3",1,"BP",0.00578034682080925,0.00101036958255783
"BP","GO:0048486","parasympathetic nervous system development","1/173","19/18805",0.0526315789473684,5.72102220870094,1.98387415643449,0.161119836781116,0.712386328754795,0.700634472585235,"HES1",1,"BP",0.00578034682080925,0.00101036958255783
"BP","GO:0048490","anterograde synaptic vesicle transport","1/173","19/18805",0.0526315789473684,5.72102220870094,1.98387415643449,0.161119836781116,0.712386328754795,0.700634472585235,"BLOC1S1",1,"BP",0.00578034682080925,0.00101036958255783
"BP","GO:0060314","regulation of ryanodine-sensitive calcium-release channel activity","1/173","19/18805",0.0526315789473684,5.72102220870094,1.98387415643449,0.161119836781116,0.712386328754795,0.700634472585235,"GSTO1",1,"BP",0.00578034682080925,0.00101036958255783
"BP","GO:0060716","labyrinthine layer blood vessel development","1/173","19/18805",0.0526315789473684,5.72102220870094,1.98387415643449,0.161119836781116,0.712386328754795,0.700634472585235,"HES1",1,"BP",0.00578034682080925,0.00101036958255783
"BP","GO:0070525","tRNA threonylcarbamoyladenosine metabolic process","1/173","19/18805",0.0526315789473684,5.72102220870094,1.98387415643449,0.161119836781116,0.712386328754795,0.700634472585235,"LAGE3",1,"BP",0.00578034682080925,0.00101036958255783
"BP","GO:0090083","regulation of inclusion body assembly","1/173","19/18805",0.0526315789473684,5.72102220870094,1.98387415643449,0.161119836781116,0.712386328754795,0.700634472585235,"CDC34",1,"BP",0.00578034682080925,0.00101036958255783
"BP","GO:0098696","regulation of neurotransmitter receptor localization to postsynaptic specialization membrane","1/173","19/18805",0.0526315789473684,5.72102220870094,1.98387415643449,0.161119836781116,0.712386328754795,0.700634472585235,"HRAS",1,"BP",0.00578034682080925,0.00101036958255783
"BP","GO:0099514","synaptic vesicle cytoskeletal transport","1/173","19/18805",0.0526315789473684,5.72102220870094,1.98387415643449,0.161119836781116,0.712386328754795,0.700634472585235,"BLOC1S1",1,"BP",0.00578034682080925,0.00101036958255783
"BP","GO:0099517","synaptic vesicle transport along microtubule","1/173","19/18805",0.0526315789473684,5.72102220870094,1.98387415643449,0.161119836781116,0.712386328754795,0.700634472585235,"BLOC1S1",1,"BP",0.00578034682080925,0.00101036958255783
"BP","GO:0141086","negative regulation of inflammasome-mediated signaling pathway","1/173","19/18805",0.0526315789473684,5.72102220870094,1.98387415643449,0.161119836781116,0.712386328754795,0.700634472585235,"ZDHHC12",1,"BP",0.00578034682080925,0.00101036958255783
"BP","GO:1901978","positive regulation of cell cycle checkpoint","1/173","19/18805",0.0526315789473684,5.72102220870094,1.98387415643449,0.161119836781116,0.712386328754795,0.700634472585235,"MAD2L1",1,"BP",0.00578034682080925,0.00101036958255783
"BP","GO:1903232","melanosome assembly","1/173","19/18805",0.0526315789473684,5.72102220870094,1.98387415643449,0.161119836781116,0.712386328754795,0.700634472585235,"AP1S1",1,"BP",0.00578034682080925,0.00101036958255783
"BP","GO:1904505","regulation of telomere maintenance in response to DNA damage","1/173","19/18805",0.0526315789473684,5.72102220870094,1.98387415643449,0.161119836781116,0.712386328754795,0.700634472585235,"TFPT",1,"BP",0.00578034682080925,0.00101036958255783
"BP","GO:1905962","glutamatergic neuron differentiation","1/173","19/18805",0.0526315789473684,5.72102220870094,1.98387415643449,0.161119836781116,0.712386328754795,0.700634472585235,"NAGLU",1,"BP",0.00578034682080925,0.00101036958255783
"BP","GO:0032729","positive regulation of type II interferon production","2/173","78/18805",0.0256410256410256,2.78716466577738,1.52403942053892,0.161261581882304,0.712386328754795,0.700634472585235,"HLA-A/HRAS",2,"BP",0.0115606936416185,0.00414783302313215
"BP","GO:0019731","antibacterial humoral response","2/173","79/18805",0.0253164556962025,2.7518841003878,1.50353950070509,0.164505075108724,0.715988596323628,0.704177315473041,"HLA-A/RPL39",2,"BP",0.0115606936416185,0.00420101036958256
"BP","GO:0031397","negative regulation of protein ubiquitination","2/173","79/18805",0.0253164556962025,2.7518841003878,1.50353950070509,0.164505075108724,0.715988596323628,0.704177315473041,"BEX2/MAD2L1",2,"BP",0.0115606936416185,0.00420101036958256
"BP","GO:0002437","inflammatory response to antigenic stimulus","2/173","80/18805",0.025,2.71748554913295,1.48335673214533,0.167760153286385,0.715988596323628,0.704177315473041,"GPX1/PSMA1",2,"BP",0.0115606936416185,0.00425418771603297
"BP","GO:0042254","ribosome biogenesis","5/173","317/18805",0.0157728706624606,1.71450192374318,1.23625056294195,0.16852691529847,0.715988596323628,0.704177315473041,"RPL38/RPS27A/RPS19/IMP3/POP7",5,"BP",0.0289017341040462,0.0168572188247806
"BP","GO:0006309","apoptotic DNA fragmentation","1/173","20/18805",0.05,5.43497109826589,1.91213533554646,0.168845071968855,0.715988596323628,0.704177315473041,"ST20",1,"BP",0.00578034682080925,0.00106354692900824
"BP","GO:0034260","negative regulation of GTPase activity","1/173","20/18805",0.05,5.43497109826589,1.91213533554646,0.168845071968855,0.715988596323628,0.704177315473041,"HRAS",1,"BP",0.00578034682080925,0.00106354692900824
"BP","GO:0038203","TORC2 signaling","1/173","20/18805",0.05,5.43497109826589,1.91213533554646,0.168845071968855,0.715988596323628,0.704177315473041,"PRR5",1,"BP",0.00578034682080925,0.00106354692900824
"BP","GO:0042407","cristae formation","1/173","20/18805",0.05,5.43497109826589,1.91213533554646,0.168845071968855,0.715988596323628,0.704177315473041,"CHCHD10",1,"BP",0.00578034682080925,0.00106354692900824
"BP","GO:0045653","negative regulation of megakaryocyte differentiation","1/173","20/18805",0.05,5.43497109826589,1.91213533554646,0.168845071968855,0.715988596323628,0.704177315473041,"CIB1",1,"BP",0.00578034682080925,0.00106354692900824
"BP","GO:0046782","regulation of viral transcription","1/173","20/18805",0.05,5.43497109826589,1.91213533554646,0.168845071968855,0.715988596323628,0.704177315473041,"TARBP2",1,"BP",0.00578034682080925,0.00106354692900824
"BP","GO:0046827","positive regulation of protein export from nucleus","1/173","20/18805",0.05,5.43497109826589,1.91213533554646,0.168845071968855,0.715988596323628,0.704177315473041,"SFN",1,"BP",0.00578034682080925,0.00106354692900824
"BP","GO:0048268","clathrin coat assembly","1/173","20/18805",0.05,5.43497109826589,1.91213533554646,0.168845071968855,0.715988596323628,0.704177315473041,"AP2S1",1,"BP",0.00578034682080925,0.00106354692900824
"BP","GO:0051443","positive regulation of ubiquitin-protein transferase activity","1/173","20/18805",0.05,5.43497109826589,1.91213533554646,0.168845071968855,0.715988596323628,0.704177315473041,"UBE2S",1,"BP",0.00578034682080925,0.00106354692900824
"BP","GO:0070886","positive regulation of calcineurin-NFAT signaling cascade","1/173","20/18805",0.05,5.43497109826589,1.91213533554646,0.168845071968855,0.715988596323628,0.704177315473041,"CIB1",1,"BP",0.00578034682080925,0.00106354692900824
"BP","GO:0106058","positive regulation of calcineurin-mediated signaling","1/173","20/18805",0.05,5.43497109826589,1.91213533554646,0.168845071968855,0.715988596323628,0.704177315473041,"CIB1",1,"BP",0.00578034682080925,0.00106354692900824
"BP","GO:1903427","negative regulation of reactive oxygen species biosynthetic process","1/173","20/18805",0.05,5.43497109826589,1.91213533554646,0.168845071968855,0.715988596323628,0.704177315473041,"NDUFC2",1,"BP",0.00578034682080925,0.00106354692900824
"BP","GO:2000434","regulation of protein neddylation","1/173","20/18805",0.05,5.43497109826589,1.91213533554646,0.168845071968855,0.715988596323628,0.704177315473041,"COPS9",1,"BP",0.00578034682080925,0.00106354692900824
"BP","GO:2000679","positive regulation of transcription regulatory region DNA binding","1/173","20/18805",0.05,5.43497109826589,1.91213533554646,0.168845071968855,0.715988596323628,0.704177315473041,"IL32",1,"BP",0.00578034682080925,0.00106354692900824
"BP","GO:2001185","regulation of CD8-positive, alpha-beta T cell activation","1/173","20/18805",0.05,5.43497109826589,1.91213533554646,0.168845071968855,0.715988596323628,0.704177315473041,"HLA-A",1,"BP",0.00578034682080925,0.00106354692900824
"BP","GO:0014032","neural crest cell development","2/173","81/18805",0.0246913580246914,2.68393634482266,1.46348170875625,0.171026332759887,0.72219102699028,0.710277427959019,"SEMA3B/HES1",2,"BP",0.0115606936416185,0.00430736506248338
"BP","GO:0043299","leukocyte degranulation","2/173","81/18805",0.0246913580246914,2.68393634482266,1.46348170875625,0.171026332759887,0.72219102699028,0.710277427959019,"VAMP8/S100A13",2,"BP",0.0115606936416185,0.00430736506248338
"BP","GO:0031023","microtubule organizing center organization","3/173","156/18805",0.0192307692307692,2.09037349933304,1.31773550447365,0.173825315524533,0.725839162987772,0.713865382608555,"PCLAF/CCDC57/SAC3D1",3,"BP",0.0173410404624277,0.00829566604626429
"BP","GO:0006979","response to oxidative stress","6/173","408/18805",0.0147058823529412,1.59852091125468,1.17775333018144,0.174759510981802,0.725839162987772,0.713865382608555,"NAGLU/GPX1/NUDT1/ATOX1/ROMO1/MT-ND1",6,"BP",0.0346820809248555,0.0216963573517681
"BP","GO:0000028","ribosomal small subunit assembly","1/173","21/18805",0.0476190476190476,5.17616295072942,1.84506418531169,0.176499573036164,0.725839162987772,0.713865382608555,"RPS19",1,"BP",0.00578034682080925,0.00111672427545865
"BP","GO:0002396","MHC protein complex assembly","1/173","21/18805",0.0476190476190476,5.17616295072942,1.84506418531169,0.176499573036164,0.725839162987772,0.713865382608555,"HLA-A",1,"BP",0.00578034682080925,0.00111672427545865
"BP","GO:0002501","peptide antigen assembly with MHC protein complex","1/173","21/18805",0.0476190476190476,5.17616295072942,1.84506418531169,0.176499573036164,0.725839162987772,0.713865382608555,"HLA-A",1,"BP",0.00578034682080925,0.00111672427545865
"BP","GO:0019370","leukotriene biosynthetic process","1/173","21/18805",0.0476190476190476,5.17616295072942,1.84506418531169,0.176499573036164,0.725839162987772,0.713865382608555,"LTC4S",1,"BP",0.00578034682080925,0.00111672427545865
"BP","GO:0032261","purine nucleotide salvage","1/173","21/18805",0.0476190476190476,5.17616295072942,1.84506418531169,0.176499573036164,0.725839162987772,0.713865382608555,"NNMT",1,"BP",0.00578034682080925,0.00111672427545865
"BP","GO:0035268","protein mannosylation","1/173","21/18805",0.0476190476190476,5.17616295072942,1.84506418531169,0.176499573036164,0.725839162987772,0.713865382608555,"DPM3",1,"BP",0.00578034682080925,0.00111672427545865
"BP","GO:0035930","corticosteroid hormone secretion","1/173","21/18805",0.0476190476190476,5.17616295072942,1.84506418531169,0.176499573036164,0.725839162987772,0.713865382608555,"SELENOM",1,"BP",0.00578034682080925,0.00111672427545865
"BP","GO:0055070","copper ion homeostasis","1/173","21/18805",0.0476190476190476,5.17616295072942,1.84506418531169,0.176499573036164,0.725839162987772,0.713865382608555,"ATOX1",1,"BP",0.00578034682080925,0.00111672427545865
"BP","GO:2001044","regulation of integrin-mediated signaling pathway","1/173","21/18805",0.0476190476190476,5.17616295072942,1.84506418531169,0.176499573036164,0.725839162987772,0.713865382608555,"CD63",1,"BP",0.00578034682080925,0.00111672427545865
"BP","GO:0006289","nucleotide-excision repair","2/173","83/18805",0.0240963855421687,2.61926317988718,1.42461922718385,0.177590099980826,0.725839162987772,0.713865382608555,"RPA3/POLR2I",2,"BP",0.0115606936416185,0.00441371975538421
"BP","GO:0031424","keratinization","2/173","83/18805",0.0240963855421687,2.61926317988718,1.42461922718385,0.177590099980826,0.725839162987772,0.713865382608555,"SFN/CNFN",2,"BP",0.0115606936416185,0.00441371975538421
"BP","GO:0042267","natural killer cell mediated cytotoxicity","2/173","83/18805",0.0240963855421687,2.61926317988718,1.42461922718385,0.177590099980826,0.725839162987772,0.713865382608555,"HLA-A/HLA-B",2,"BP",0.0115606936416185,0.00441371975538421
"BP","GO:0048844","artery morphogenesis","2/173","83/18805",0.0240963855421687,2.61926317988718,1.42461922718385,0.177590099980826,0.725839162987772,0.713865382608555,"NAGLU/HES1",2,"BP",0.0115606936416185,0.00441371975538421
"BP","GO:0006302","double-strand break repair","5/173","323/18805",0.0154798761609907,1.6826535907944,1.19246486632142,0.177668093626858,0.725839162987772,0.713865382608555,"CIB1/RPA3/MGMT/BABAM1/CHD4",5,"BP",0.0289017341040462,0.0171762829034831
"BP","GO:0008406","gonad development","4/173","240/18805",0.0166666666666667,1.8116570327553,1.21940826745433,0.180459973353098,0.732135451984412,0.72005780509386,"TFPT/NUDT1/AMH/SCX",4,"BP",0.023121387283237,0.0127625631480989
"BP","GO:0099068","postsynapse assembly","2/173","84/18805",0.0238095238095238,2.58808147536471,1.40561484852634,0.180886759121951,0.732135451984412,0.72005780509386,"ZDHHC12/NEDD8",2,"BP",0.0115606936416185,0.00446689710183462
"BP","GO:2000736","regulation of stem cell differentiation","2/173","84/18805",0.0238095238095238,2.58808147536471,1.40561484852634,0.180886759121951,0.732135451984412,0.72005780509386,"HES1/CHD4",2,"BP",0.0115606936416185,0.00446689710183462
"BP","GO:0044839","cell cycle G2/M phase transition","3/173","160/18805",0.01875,2.03811416184971,1.27069800542336,0.182960122872854,0.732135451984412,0.72005780509386,"FBXL15/BABAM1/CCDC57",3,"BP",0.0173410404624277,0.00850837543206594
"BP","GO:0006662","glycerol ether metabolic process","1/173","22/18805",0.0454545454545455,4.94088281660536,1.78213589391131,0.184083983910565,0.732135451984412,0.72005780509386,"TMEM86B",1,"BP",0.00578034682080925,0.00116990162190907
"BP","GO:0007530","sex determination","1/173","22/18805",0.0454545454545455,4.94088281660536,1.78213589391131,0.184083983910565,0.732135451984412,0.72005780509386,"AMH",1,"BP",0.00578034682080925,0.00116990162190907
"BP","GO:0018394","peptidyl-lysine acetylation","1/173","22/18805",0.0454545454545455,4.94088281660536,1.78213589391131,0.184083983910565,0.732135451984412,0.72005780509386,"BLOC1S1",1,"BP",0.00578034682080925,0.00116990162190907
"BP","GO:0033630","positive regulation of cell adhesion mediated by integrin","1/173","22/18805",0.0454545454545455,4.94088281660536,1.78213589391131,0.184083983910565,0.732135451984412,0.72005780509386,"CIB1",1,"BP",0.00578034682080925,0.00116990162190907
"BP","GO:0040019","positive regulation of embryonic development","1/173","22/18805",0.0454545454545455,4.94088281660536,1.78213589391131,0.184083983910565,0.732135451984412,0.72005780509386,"SCX",1,"BP",0.00578034682080925,0.00116990162190907
"BP","GO:0046485","ether lipid metabolic process","1/173","22/18805",0.0454545454545455,4.94088281660536,1.78213589391131,0.184083983910565,0.732135451984412,0.72005780509386,"TMEM86B",1,"BP",0.00578034682080925,0.00116990162190907
"BP","GO:0072234","metanephric nephron tubule development","1/173","22/18805",0.0454545454545455,4.94088281660536,1.78213589391131,0.184083983910565,0.732135451984412,0.72005780509386,"HES1",1,"BP",0.00578034682080925,0.00116990162190907
"BP","GO:0097502","mannosylation","1/173","22/18805",0.0454545454545455,4.94088281660536,1.78213589391131,0.184083983910565,0.732135451984412,0.72005780509386,"DPM3",1,"BP",0.00578034682080925,0.00116990162190907
"BP","GO:1903320","regulation of protein modification by small protein conjugation or removal","4/173","243/18805",0.0164609053497942,1.78929089654844,1.19329077025115,0.185960250775035,0.732135451984412,0.72005780509386,"BEX2/MAD2L1/UBE2S/COPS9",4,"BP",0.023121387283237,0.0129220951874501
"BP","GO:0090092","regulation of transmembrane receptor protein serine/threonine kinase signaling pathway","5/173","329/18805",0.0151975683890578,1.65196689916897,1.14957670344673,0.186993752461049,0.732135451984412,0.72005780509386,"HES1/AMH/FBXL15/FAM89B/CSNK2B",5,"BP",0.0289017341040462,0.0174953469821856
"BP","GO:0030010","establishment of cell polarity","3/173","162/18805",0.0185185185185185,2.012952258617,1.24769093476704,0.187575335743255,0.732135451984412,0.72005780509386,"MAD2L1/HES1/FAM89B",3,"BP",0.0173410404624277,0.00861473012496676
"BP","GO:0097193","intrinsic apoptotic signaling pathway","5/173","330/18805",0.0151515151515152,1.64696093886845,1.14251324059969,0.188565301179432,0.732135451984412,0.72005780509386,"HRAS/GPX1/SIVA1/SFN/PARL",5,"BP",0.0289017341040462,0.017548524328636
"BP","GO:0045137","development of primary sexual characteristics","4/173","245/18805",0.0163265306122449,1.77468444025009,1.17608124529305,0.189657411965119,0.732135451984412,0.72005780509386,"TFPT/NUDT1/AMH/SCX",4,"BP",0.023121387283237,0.013028449880351
"BP","GO:0008589","regulation of smoothened signaling pathway","2/173","87/18805",0.0229885057471264,2.49883728655903,1.35021468906493,0.190830424974196,0.732135451984412,0.72005780509386,"TEDC2/TEDC1",2,"BP",0.0115606936416185,0.00462642914118586
"BP","GO:0048864","stem cell development","2/173","87/18805",0.0229885057471264,2.49883728655903,1.35021468906493,0.190830424974196,0.732135451984412,0.72005780509386,"SEMA3B/HES1",2,"BP",0.0115606936416185,0.00462642914118586
"BP","GO:0000963","mitochondrial RNA processing","1/173","23/18805",0.0434782608695652,4.72606182457904,1.72290563570922,0.191598942691562,0.732135451984412,0.72005780509386,"FASTK",1,"BP",0.00578034682080925,0.00122307896835948
"BP","GO:0010881","regulation of cardiac muscle contraction by regulation of the release of sequestered calcium ion","1/173","23/18805",0.0434782608695652,4.72606182457904,1.72290563570922,0.191598942691562,0.732135451984412,0.72005780509386,"GSTO1",1,"BP",0.00578034682080925,0.00122307896835948
"BP","GO:0030808","regulation of nucleotide biosynthetic process","1/173","23/18805",0.0434782608695652,4.72606182457904,1.72290563570922,0.191598942691562,0.732135451984412,0.72005780509386,"NDUFC2",1,"BP",0.00578034682080925,0.00122307896835948
"BP","GO:0033962","P-body assembly","1/173","23/18805",0.0434782608695652,4.72606182457904,1.72290563570922,0.191598942691562,0.732135451984412,0.72005780509386,"LSM4",1,"BP",0.00578034682080925,0.00122307896835948
"BP","GO:0034472","snRNA 3'-end processing","1/173","23/18805",0.0434782608695652,4.72606182457904,1.72290563570922,0.191598942691562,0.732135451984412,0.72005780509386,"TUT1",1,"BP",0.00578034682080925,0.00122307896835948
"BP","GO:0034656","nucleobase-containing small molecule catabolic process","1/173","23/18805",0.0434782608695652,4.72606182457904,1.72290563570922,0.191598942691562,0.732135451984412,0.72005780509386,"NUDT1",1,"BP",0.00578034682080925,0.00122307896835948
"BP","GO:0035493","SNARE complex assembly","1/173","23/18805",0.0434782608695652,4.72606182457904,1.72290563570922,0.191598942691562,0.732135451984412,0.72005780509386,"VAMP8",1,"BP",0.00578034682080925,0.00122307896835948
"BP","GO:0045722","positive regulation of gluconeogenesis","1/173","23/18805",0.0434782608695652,4.72606182457904,1.72290563570922,0.191598942691562,0.732135451984412,0.72005780509386,"NNMT",1,"BP",0.00578034682080925,0.00122307896835948
"BP","GO:0060008","Sertoli cell differentiation","1/173","23/18805",0.0434782608695652,4.72606182457904,1.72290563570922,0.191598942691562,0.732135451984412,0.72005780509386,"SCX",1,"BP",0.00578034682080925,0.00122307896835948
"BP","GO:0140861","DNA repair-dependent chromatin remodeling","1/173","23/18805",0.0434782608695652,4.72606182457904,1.72290563570922,0.191598942691562,0.732135451984412,0.72005780509386,"BABAM1",1,"BP",0.00578034682080925,0.00122307896835948
"BP","GO:1900371","regulation of purine nucleotide biosynthetic process","1/173","23/18805",0.0434782608695652,4.72606182457904,1.72290563570922,0.191598942691562,0.732135451984412,0.72005780509386,"NDUFC2",1,"BP",0.00578034682080925,0.00122307896835948
"BP","GO:0002228","natural killer cell mediated immunity","2/173","88/18805",0.0227272727272727,2.47044140830268,1.33226118517423,0.194161415559277,0.732135451984412,0.72005780509386,"HLA-A/HLA-B",2,"BP",0.0115606936416185,0.00467960648763627
"BP","GO:0003407","neural retina development","2/173","88/18805",0.0227272727272727,2.47044140830268,1.33226118517423,0.194161415559277,0.732135451984412,0.72005780509386,"NAGLU/HES1",2,"BP",0.0115606936416185,0.00467960648763627
"BP","GO:0035418","protein localization to synapse","2/173","88/18805",0.0227272727272727,2.47044140830268,1.33226118517423,0.194161415559277,0.732135451984412,0.72005780509386,"ZDHHC12/HRAS",2,"BP",0.0115606936416185,0.00467960648763627
"BP","GO:1901873","regulation of post-translational protein modification","4/173","248/18805",0.0161290322580645,1.75321648331158,1.15056247890021,0.195247098182087,0.732135451984412,0.72005780509386,"BEX2/MAD2L1/UBE2S/COPS9",4,"BP",0.023121387283237,0.0131879819197022
"BP","GO:0014706","striated muscle tissue development","6/173","423/18805",0.0141843971631206,1.5418357725577,1.08607523794184,0.195413516427818,0.732135451984412,0.72005780509386,"LUC7L/NAGLU/GPX1/VAMP5/MYL6/SCX",6,"BP",0.0346820809248555,0.0224940175485243
"BP","GO:0030307","positive regulation of cell growth","3/173","166/18805",0.0180722891566265,1.96444738491538,1.20265127146012,0.196895153489568,0.732135451984412,0.72005780509386,"CIB1/PRR5/SFN",3,"BP",0.0173410404624277,0.00882743951076841
"BP","GO:0043543","protein acylation","2/173","89/18805",0.0224719101123595,2.44268363967007,1.31455277698797,0.197499911402321,0.732135451984412,0.72005780509386,"ZDHHC12/BLOC1S1",2,"BP",0.0115606936416185,0.00473278383408668
"BP","GO:0002320","lymphoid progenitor cell differentiation","1/173","24/18805",0.0416666666666667,4.52914258188825,1.66699349203797,0.199045081703081,0.732135451984412,0.72005780509386,"HES1",1,"BP",0.00578034682080925,0.00127625631480989
"BP","GO:0006730","one-carbon metabolic process","1/173","24/18805",0.0416666666666667,4.52914258188825,1.66699349203797,0.199045081703081,0.732135451984412,0.72005780509386,"FPGS",1,"BP",0.00578034682080925,0.00127625631480989
"BP","GO:0007042","lysosomal lumen acidification","1/173","24/18805",0.0416666666666667,4.52914258188825,1.66699349203797,0.199045081703081,0.732135451984412,0.72005780509386,"ATP6V0B",1,"BP",0.00578034682080925,0.00127625631480989
"BP","GO:0010839","negative regulation of keratinocyte proliferation","1/173","24/18805",0.0416666666666667,4.52914258188825,1.66699349203797,0.199045081703081,0.732135451984412,0.72005780509386,"SFN",1,"BP",0.00578034682080925,0.00127625631480989
"BP","GO:0030277","maintenance of gastrointestinal epithelium","1/173","24/18805",0.0416666666666667,4.52914258188825,1.66699349203797,0.199045081703081,0.732135451984412,0.72005780509386,"TFF3",1,"BP",0.00578034682080925,0.00127625631480989
"BP","GO:0031145","anaphase-promoting complex-dependent catabolic process","1/173","24/18805",0.0416666666666667,4.52914258188825,1.66699349203797,0.199045081703081,0.732135451984412,0.72005780509386,"UBE2S",1,"BP",0.00578034682080925,0.00127625631480989
"BP","GO:0032098","regulation of appetite","1/173","24/18805",0.0416666666666667,4.52914258188825,1.66699349203797,0.199045081703081,0.732135451984412,0.72005780509386,"NENF",1,"BP",0.00578034682080925,0.00127625631480989
"BP","GO:0042531","positive regulation of tyrosine phosphorylation of STAT protein","1/173","24/18805",0.0416666666666667,4.52914258188825,1.66699349203797,0.199045081703081,0.732135451984412,0.72005780509386,"HES1",1,"BP",0.00578034682080925,0.00127625631480989
"BP","GO:0042659","regulation of cell fate specification","1/173","24/18805",0.0416666666666667,4.52914258188825,1.66699349203797,0.199045081703081,0.732135451984412,0.72005780509386,"CHD4",1,"BP",0.00578034682080925,0.00127625631480989
"BP","GO:0046628","positive regulation of insulin receptor signaling pathway","1/173","24/18805",0.0416666666666667,4.52914258188825,1.66699349203797,0.199045081703081,0.732135451984412,0.72005780509386,"CTSD",1,"BP",0.00578034682080925,0.00127625631480989
"BP","GO:0046641","positive regulation of alpha-beta T cell proliferation","1/173","24/18805",0.0416666666666667,4.52914258188825,1.66699349203797,0.199045081703081,0.732135451984412,0.72005780509386,"HLA-A",1,"BP",0.00578034682080925,0.00127625631480989
"BP","GO:0051131","chaperone-mediated protein complex assembly","1/173","24/18805",0.0416666666666667,4.52914258188825,1.66699349203797,0.199045081703081,0.732135451984412,0.72005780509386,"PSMG3",1,"BP",0.00578034682080925,0.00127625631480989
"BP","GO:0072273","metanephric nephron morphogenesis","1/173","24/18805",0.0416666666666667,4.52914258188825,1.66699349203797,0.199045081703081,0.732135451984412,0.72005780509386,"HES1",1,"BP",0.00578034682080925,0.00127625631480989
"BP","GO:0090266","regulation of mitotic cell cycle spindle assembly checkpoint","1/173","24/18805",0.0416666666666667,4.52914258188825,1.66699349203797,0.199045081703081,0.732135451984412,0.72005780509386,"MAD2L1",1,"BP",0.00578034682080925,0.00127625631480989
"BP","GO:0097066","response to thyroid hormone","1/173","24/18805",0.0416666666666667,4.52914258188825,1.66699349203797,0.199045081703081,0.732135451984412,0.72005780509386,"HES1",1,"BP",0.00578034682080925,0.00127625631480989
"BP","GO:0141156","cAMP/PKA signal transduction","1/173","24/18805",0.0416666666666667,4.52914258188825,1.66699349203797,0.199045081703081,0.732135451984412,0.72005780509386,"SFN",1,"BP",0.00578034682080925,0.00127625631480989
"BP","GO:1903504","regulation of mitotic spindle checkpoint","1/173","24/18805",0.0416666666666667,4.52914258188825,1.66699349203797,0.199045081703081,0.732135451984412,0.72005780509386,"MAD2L1",1,"BP",0.00578034682080925,0.00127625631480989
"BP","GO:0051348","negative regulation of transferase activity","3/173","167/18805",0.0179640718562874,1.95268422692188,1.19158764570447,0.199242831957947,0.732135451984412,0.72005780509386,"MAD2L1/TARBP2/SFN",3,"BP",0.0173410404624277,0.00888061685721882
"BP","GO:0002274","myeloid leukocyte activation","4/173","251/18805",0.0159362549800797,1.73226170462658,1.12538945622952,0.200887689276524,0.733057041283283,0.720964191427078,"NAGLU/MT1G/VAMP8/S100A13",4,"BP",0.023121387283237,0.0133475139590534
"BP","GO:0007178","cell surface receptor protein serine/threonine kinase signaling pathway","6/173","427/18805",0.0140515222482436,1.52739234611688,1.06222635294176,0.201073139054035,0.733057041283283,0.720964191427078,"HES1/AMH/FBXL15/FAM89B/CSNK2B/SCX",6,"BP",0.0346820809248555,0.022706726934326
"BP","GO:0007605","sensory perception of sound","3/173","169/18805",0.0177514792899408,1.92957553784588,1.16968823862863,0.203958387844245,0.733057041283283,0.720964191427078,"RPL38/GPX1/NDUFB9",3,"BP",0.0173410404624277,0.00898697155011965
"BP","GO:0034644","cellular response to UV","2/173","91/18805",0.021978021978022,2.38899828495204,1.27984544803019,0.204197758546223,0.733057041283283,0.720964191427078,"COPS9/ST20",2,"BP",0.0115606936416185,0.0048391385269875
"BP","GO:0048708","astrocyte differentiation","2/173","91/18805",0.021978021978022,2.38899828495204,1.27984544803019,0.204197758546223,0.733057041283283,0.720964191427078,"NAGLU/HES1",2,"BP",0.0115606936416185,0.0048391385269875
"BP","GO:0009162","deoxyribonucleoside monophosphate metabolic process","1/173","25/18805",0.04,4.34797687861272,1.61407271285071,0.206423027545442,0.733057041283283,0.720964191427078,"GUK1",1,"BP",0.00578034682080925,0.0013294336612603
"BP","GO:0030220","platelet formation","1/173","25/18805",0.04,4.34797687861272,1.61407271285071,0.206423027545442,0.733057041283283,0.720964191427078,"CIB1",1,"BP",0.00578034682080925,0.0013294336612603
"BP","GO:0042178","xenobiotic catabolic process","1/173","25/18805",0.04,4.34797687861272,1.61407271285071,0.206423027545442,0.733057041283283,0.720964191427078,"GSTO1",1,"BP",0.00578034682080925,0.0013294336612603
"BP","GO:0043101","purine-containing compound salvage","1/173","25/18805",0.04,4.34797687861272,1.61407271285071,0.206423027545442,0.733057041283283,0.720964191427078,"NNMT",1,"BP",0.00578034682080925,0.0013294336612603
"BP","GO:0043302","positive regulation of leukocyte degranulation","1/173","25/18805",0.04,4.34797687861272,1.61407271285071,0.206423027545442,0.733057041283283,0.720964191427078,"VAMP8",1,"BP",0.00578034682080925,0.0013294336612603
"BP","GO:0048169","regulation of long-term neuronal synaptic plasticity","1/173","25/18805",0.04,4.34797687861272,1.61407271285071,0.206423027545442,0.733057041283283,0.720964191427078,"HRAS",1,"BP",0.00578034682080925,0.0013294336612603
"BP","GO:0048207","vesicle targeting, rough ER to cis-Golgi","1/173","25/18805",0.04,4.34797687861272,1.61407271285071,0.206423027545442,0.733057041283283,0.720964191427078,"TRAPPC2L",1,"BP",0.00578034682080925,0.0013294336612603
"BP","GO:0048208","COPII vesicle coating","1/173","25/18805",0.04,4.34797687861272,1.61407271285071,0.206423027545442,0.733057041283283,0.720964191427078,"TRAPPC2L",1,"BP",0.00578034682080925,0.0013294336612603
"BP","GO:0051457","maintenance of protein location in nucleus","1/173","25/18805",0.04,4.34797687861272,1.61407271285071,0.206423027545442,0.733057041283283,0.720964191427078,"CHCHD10",1,"BP",0.00578034682080925,0.0013294336612603
"BP","GO:0072170","metanephric tubule development","1/173","25/18805",0.04,4.34797687861272,1.61407271285071,0.206423027545442,0.733057041283283,0.720964191427078,"HES1",1,"BP",0.00578034682080925,0.0013294336612603
"BP","GO:0072243","metanephric nephron epithelium development","1/173","25/18805",0.04,4.34797687861272,1.61407271285071,0.206423027545442,0.733057041283283,0.720964191427078,"HES1",1,"BP",0.00578034682080925,0.0013294336612603
"BP","GO:0090231","regulation of spindle checkpoint","1/173","25/18805",0.04,4.34797687861272,1.61407271285071,0.206423027545442,0.733057041283283,0.720964191427078,"MAD2L1",1,"BP",0.00578034682080925,0.0013294336612603
"BP","GO:0097150","neuronal stem cell population maintenance","1/173","25/18805",0.04,4.34797687861272,1.61407271285071,0.206423027545442,0.733057041283283,0.720964191427078,"HES1",1,"BP",0.00578034682080925,0.0013294336612603
"BP","GO:1901020","negative regulation of calcium ion transmembrane transporter activity","1/173","25/18805",0.04,4.34797687861272,1.61407271285071,0.206423027545442,0.733057041283283,0.720964191427078,"GSTO1",1,"BP",0.00578034682080925,0.0013294336612603
"BP","GO:0060485","mesenchyme development","5/173","342/18805",0.0146198830409357,1.58917283575026,1.05955393424012,0.20778673718122,0.735366803485854,0.723235850718216,"SEMA3B/HES1/SDHAF2/AMH/SCX",5,"BP",0.0289017341040462,0.0181866524860409
"BP","GO:0072384","organelle transport along microtubule","2/173","93/18805",0.021505376344086,2.33762197774877,1.24604349060063,0.21092071472208,0.735366803485854,0.723235850718216,"BORCS6/BLOC1S1",2,"BP",0.0115606936416185,0.00494549321988833
"BP","GO:0097194","execution phase of apoptosis","2/173","93/18805",0.021505376344086,2.33762197774877,1.24604349060063,0.21092071472208,0.735366803485854,0.723235850718216,"ST20/CTSD",2,"BP",0.0115606936416185,0.00494549321988833
"BP","GO:0009435","NAD biosynthetic process","1/173","26/18805",0.0384615384615385,4.18074699866607,1.56386047751303,0.21373340114686,0.735366803485854,0.723235850718216,"NNMT",1,"BP",0.00578034682080925,0.00138261100771072
"BP","GO:0018345","protein palmitoylation","1/173","26/18805",0.0384615384615385,4.18074699866607,1.56386047751303,0.21373340114686,0.735366803485854,0.723235850718216,"ZDHHC12",1,"BP",0.00578034682080925,0.00138261100771072
"BP","GO:0019755","one-carbon compound transport","1/173","26/18805",0.0384615384615385,4.18074699866607,1.56386047751303,0.21373340114686,0.735366803485854,0.723235850718216,"UPK3A",1,"BP",0.00578034682080925,0.00138261100771072
"BP","GO:0019985","translesion synthesis","1/173","26/18805",0.0384615384615385,4.18074699866607,1.56386047751303,0.21373340114686,0.735366803485854,0.723235850718216,"PCLAF",1,"BP",0.00578034682080925,0.00138261100771072
"BP","GO:0033119","negative regulation of RNA splicing","1/173","26/18805",0.0384615384615385,4.18074699866607,1.56386047751303,0.21373340114686,0.735366803485854,0.723235850718216,"RPS26",1,"BP",0.00578034682080925,0.00138261100771072
"BP","GO:0033598","mammary gland epithelial cell proliferation","1/173","26/18805",0.0384615384615385,4.18074699866607,1.56386047751303,0.21373340114686,0.735366803485854,0.723235850718216,"GPX1",1,"BP",0.00578034682080925,0.00138261100771072
"BP","GO:0043931","ossification involved in bone maturation","1/173","26/18805",0.0384615384615385,4.18074699866607,1.56386047751303,0.21373340114686,0.735366803485854,0.723235850718216,"EBP",1,"BP",0.00578034682080925,0.00138261100771072
"BP","GO:0048143","astrocyte activation","1/173","26/18805",0.0384615384615385,4.18074699866607,1.56386047751303,0.21373340114686,0.735366803485854,0.723235850718216,"NAGLU",1,"BP",0.00578034682080925,0.00138261100771072
"BP","GO:1900078","positive regulation of cellular response to insulin stimulus","1/173","26/18805",0.0384615384615385,4.18074699866607,1.56386047751303,0.21373340114686,0.735366803485854,0.723235850718216,"CTSD",1,"BP",0.00578034682080925,0.00138261100771072
"BP","GO:1901021","positive regulation of calcium ion transmembrane transporter activity","1/173","26/18805",0.0384615384615385,4.18074699866607,1.56386047751303,0.21373340114686,0.735366803485854,0.723235850718216,"GSTO1",1,"BP",0.00578034682080925,0.00138261100771072
"BP","GO:1901658","glycosyl compound catabolic process","1/173","26/18805",0.0384615384615385,4.18074699866607,1.56386047751303,0.21373340114686,0.735366803485854,0.723235850718216,"NUDT1",1,"BP",0.00578034682080925,0.00138261100771072
"BP","GO:0014033","neural crest cell differentiation","2/173","94/18805",0.0212765957446809,2.31275365883655,1.22946763271803,0.214290622235931,0.735366803485854,0.723235850718216,"SEMA3B/HES1",2,"BP",0.0115606936416185,0.00499867056633874
"BP","GO:0030509","BMP signaling pathway","3/173","176/18805",0.0170454545454545,1.85283105622701,1.09532501103208,0.220659109295458,0.735366803485854,0.723235850718216,"HES1/FBXL15/SCX",3,"BP",0.0173410404624277,0.00935921297527253
"BP","GO:0000244","spliceosomal tri-snRNP complex assembly","1/173","27/18805",0.037037037037037,4.025904517234,1.51611054871941,0.220976817814499,0.735366803485854,0.723235850718216,"PRPF31",1,"BP",0.00578034682080925,0.00143578835416113
"BP","GO:0001835","blastocyst hatching","1/173","27/18805",0.037037037037037,4.025904517234,1.51611054871941,0.220976817814499,0.735366803485854,0.723235850718216,"NDUFA2",1,"BP",0.00578034682080925,0.00143578835416113
"BP","GO:0003181","atrioventricular valve morphogenesis","1/173","27/18805",0.037037037037037,4.025904517234,1.51611054871941,0.220976817814499,0.735366803485854,0.723235850718216,"NAGLU",1,"BP",0.00578034682080925,0.00143578835416113
"BP","GO:0006760","folic acid-containing compound metabolic process","1/173","27/18805",0.037037037037037,4.025904517234,1.51611054871941,0.220976817814499,0.735366803485854,0.723235850718216,"FPGS",1,"BP",0.00578034682080925,0.00143578835416113
"BP","GO:0018904","ether metabolic process","1/173","27/18805",0.037037037037037,4.025904517234,1.51611054871941,0.220976817814499,0.735366803485854,0.723235850718216,"TMEM86B",1,"BP",0.00578034682080925,0.00143578835416113
"BP","GO:0021895","cerebral cortex neuron differentiation","1/173","27/18805",0.037037037037037,4.025904517234,1.51611054871941,0.220976817814499,0.735366803485854,0.723235850718216,"HES1",1,"BP",0.00578034682080925,0.00143578835416113
"BP","GO:0032925","regulation of activin receptor signaling pathway","1/173","27/18805",0.037037037037037,4.025904517234,1.51611054871941,0.220976817814499,0.735366803485854,0.723235850718216,"CSNK2B",1,"BP",0.00578034682080925,0.00143578835416113
"BP","GO:0032967","positive regulation of collagen biosynthetic process","1/173","27/18805",0.037037037037037,4.025904517234,1.51611054871941,0.220976817814499,0.735366803485854,0.723235850718216,"SCX",1,"BP",0.00578034682080925,0.00143578835416113
"BP","GO:0035188","hatching","1/173","27/18805",0.037037037037037,4.025904517234,1.51611054871941,0.220976817814499,0.735366803485854,0.723235850718216,"NDUFA2",1,"BP",0.00578034682080925,0.00143578835416113
"BP","GO:0036344","platelet morphogenesis","1/173","27/18805",0.037037037037037,4.025904517234,1.51611054871941,0.220976817814499,0.735366803485854,0.723235850718216,"CIB1",1,"BP",0.00578034682080925,0.00143578835416113
"BP","GO:0042026","protein refolding","1/173","27/18805",0.037037037037037,4.025904517234,1.51611054871941,0.220976817814499,0.735366803485854,0.723235850718216,"SNRNP70",1,"BP",0.00578034682080925,0.00143578835416113
"BP","GO:0042759","long-chain fatty acid biosynthetic process","1/173","27/18805",0.037037037037037,4.025904517234,1.51611054871941,0.220976817814499,0.735366803485854,0.723235850718216,"LTC4S",1,"BP",0.00578034682080925,0.00143578835416113
"BP","GO:0046037","GMP metabolic process","1/173","27/18805",0.037037037037037,4.025904517234,1.51611054871941,0.220976817814499,0.735366803485854,0.723235850718216,"GUK1",1,"BP",0.00578034682080925,0.00143578835416113
"BP","GO:0071684","organism emergence from protective structure","1/173","27/18805",0.037037037037037,4.025904517234,1.51611054871941,0.220976817814499,0.735366803485854,0.723235850718216,"NDUFA2",1,"BP",0.00578034682080925,0.00143578835416113
"BP","GO:1901798","positive regulation of signal transduction by p53 class mediator","1/173","27/18805",0.037037037037037,4.025904517234,1.51611054871941,0.220976817814499,0.735366803485854,0.723235850718216,"EEF1E1",1,"BP",0.00578034682080925,0.00143578835416113
"BP","GO:2000737","negative regulation of stem cell differentiation","1/173","27/18805",0.037037037037037,4.025904517234,1.51611054871941,0.220976817814499,0.735366803485854,0.723235850718216,"HES1",1,"BP",0.00578034682080925,0.00143578835416113
"BP","GO:0009314","response to radiation","6/173","442/18805",0.0135746606334842,1.47555776423508,0.974902152417065,0.222817957121943,0.735366803485854,0.723235850718216,"HRAS/GPX1/PCLAF/BABAM1/COPS9/ST20",6,"BP",0.0346820809248555,0.0235043871310822
"BP","GO:0001906","cell killing","4/173","263/18805",0.0152091254752852,1.65322314776149,1.0279679798169,0.223917888109851,0.735366803485854,0.723235850718216,"HLA-A/RPS19/HLA-B/ROMO1",4,"BP",0.023121387283237,0.0139856421164584
"BP","GO:0051347","positive regulation of transferase activity","4/173","263/18805",0.0152091254752852,1.65322314776149,1.0279679798169,0.223917888109851,0.735366803485854,0.723235850718216,"HRAS/CIB1/UBE2S/JTB",4,"BP",0.023121387283237,0.0139856421164584
"BP","GO:0046330","positive regulation of JNK cascade","2/173","97/18805",0.0206185567010309,2.24122519516119,1.18097635965486,0.224429486075369,0.735366803485854,0.723235850718216,"HRAS/GADD45G",2,"BP",0.0115606936416185,0.00515820260568998
"BP","GO:0141188","nucleic acid catabolic process","6/173","444/18805",0.0135135135135135,1.46891110763943,0.963501234216774,0.225775775939883,0.735366803485854,0.723235850718216,"TRIR/LSM4/FASTK/LSM5/LSM7/ST20",6,"BP",0.0346820809248555,0.023610741823983
"BP","GO:0002275","myeloid cell activation involved in immune response","2/173","98/18805",0.0204081632653061,2.21835555031261,1.16520796826443,0.227817587534988,0.735366803485854,0.723235850718216,"VAMP8/S100A13",2,"BP",0.0115606936416185,0.00521137995214039
"BP","GO:0042157","lipoprotein metabolic process","2/173","98/18805",0.0204081632653061,2.21835555031261,1.16520796826443,0.227817587534988,0.735366803485854,0.723235850718216,"ZDHHC12/CTSD",2,"BP",0.0115606936416185,0.00521137995214039
"BP","GO:1990542","mitochondrial transmembrane transport","2/173","98/18805",0.0204081632653061,2.21835555031261,1.16520796826443,0.227817587534988,0.735366803485854,0.723235850718216,"TIMM17B/ROMO1",2,"BP",0.0115606936416185,0.00521137995214039
"BP","GO:0016072","rRNA metabolic process","4/173","265/18805",0.0150943396226415,1.64074599192933,1.01221415281763,0.227822977712755,0.735366803485854,0.723235850718216,"TRIR/RPS19/IMP3/POP7",4,"BP",0.023121387283237,0.0140919968093592
"BP","GO:0002227","innate immune response in mucosa","1/173","28/18805",0.0357142857142857,3.88212221304707,1.47060737708588,0.228153887285055,0.735366803485854,0.723235850718216,"RPL39",1,"BP",0.00578034682080925,0.00148896570061154
"BP","GO:0002726","positive regulation of T cell cytokine production","1/173","28/18805",0.0357142857142857,3.88212221304707,1.47060737708588,0.228153887285055,0.735366803485854,0.723235850718216,"HLA-A",1,"BP",0.00578034682080925,0.00148896570061154
"BP","GO:0006390","mitochondrial transcription","1/173","28/18805",0.0357142857142857,3.88212221304707,1.47060737708588,0.228153887285055,0.735366803485854,0.723235850718216,"CHCHD10",1,"BP",0.00578034682080925,0.00148896570061154
"BP","GO:0010714","positive regulation of collagen metabolic process","1/173","28/18805",0.0357142857142857,3.88212221304707,1.47060737708588,0.228153887285055,0.735366803485854,0.723235850718216,"SCX",1,"BP",0.00578034682080925,0.00148896570061154
"BP","GO:0010882","regulation of cardiac muscle contraction by calcium ion signaling","1/173","28/18805",0.0357142857142857,3.88212221304707,1.47060737708588,0.228153887285055,0.735366803485854,0.723235850718216,"GSTO1",1,"BP",0.00578034682080925,0.00148896570061154
"BP","GO:0019359","nicotinamide nucleotide biosynthetic process","1/173","28/18805",0.0357142857142857,3.88212221304707,1.47060737708588,0.228153887285055,0.735366803485854,0.723235850718216,"NNMT",1,"BP",0.00578034682080925,0.00148896570061154
"BP","GO:0019363","pyridine nucleotide biosynthetic process","1/173","28/18805",0.0357142857142857,3.88212221304707,1.47060737708588,0.228153887285055,0.735366803485854,0.723235850718216,"NNMT",1,"BP",0.00578034682080925,0.00148896570061154
"BP","GO:0021680","cerebellar Purkinje cell layer development","1/173","28/18805",0.0357142857142857,3.88212221304707,1.47060737708588,0.228153887285055,0.735366803485854,0.723235850718216,"NAGLU",1,"BP",0.00578034682080925,0.00148896570061154
"BP","GO:0035458","cellular response to interferon-beta","1/173","28/18805",0.0357142857142857,3.88212221304707,1.47060737708588,0.228153887285055,0.735366803485854,0.723235850718216,"CDC34",1,"BP",0.00578034682080925,0.00148896570061154
"BP","GO:0036037","CD8-positive, alpha-beta T cell activation","1/173","28/18805",0.0357142857142857,3.88212221304707,1.47060737708588,0.228153887285055,0.735366803485854,0.723235850718216,"HLA-A",1,"BP",0.00578034682080925,0.00148896570061154
"BP","GO:0043173","nucleotide salvage","1/173","28/18805",0.0357142857142857,3.88212221304707,1.47060737708588,0.228153887285055,0.735366803485854,0.723235850718216,"NNMT",1,"BP",0.00578034682080925,0.00148896570061154
"BP","GO:0043304","regulation of mast cell degranulation","1/173","28/18805",0.0357142857142857,3.88212221304707,1.47060737708588,0.228153887285055,0.735366803485854,0.723235850718216,"VAMP8",1,"BP",0.00578034682080925,0.00148896570061154
"BP","GO:0060586","multicellular organismal-level iron ion homeostasis","1/173","28/18805",0.0357142857142857,3.88212221304707,1.47060737708588,0.228153887285055,0.735366803485854,0.723235850718216,"NAGLU",1,"BP",0.00578034682080925,0.00148896570061154
"BP","GO:2000647","negative regulation of stem cell proliferation","1/173","28/18805",0.0357142857142857,3.88212221304707,1.47060737708588,0.228153887285055,0.735366803485854,0.723235850718216,"SFN",1,"BP",0.00578034682080925,0.00148896570061154
"BP","GO:0060537","muscle tissue development","6/173","446/18805",0.0134529147982063,1.46232406231369,0.952155435540434,0.228746567625088,0.735366803485854,0.723235850718216,"LUC7L/NAGLU/GPX1/VAMP5/MYL6/SCX",6,"BP",0.0346820809248555,0.0237170965168838
"BP","GO:0001910","regulation of leukocyte mediated cytotoxicity","2/173","100/18805",0.02,2.17398843930636,1.13423592593715,0.234604356409249,0.735366803485854,0.723235850718216,"HLA-A/HLA-B",2,"BP",0.0115606936416185,0.00531773464504121
"BP","GO:0021675","nerve development","2/173","100/18805",0.02,2.17398843930636,1.13423592593715,0.234604356409249,0.735366803485854,0.723235850718216,"NAGLU/HES1",2,"BP",0.0115606936416185,0.00531773464504121
"BP","GO:0001573","ganglioside metabolic process","1/173","29/18805",0.0344827586206897,3.74825592983855,1.42716132922049,0.235265213774893,0.735366803485854,0.723235850718216,"NAGLU",1,"BP",0.00578034682080925,0.00154214304706195
"BP","GO:0002092","positive regulation of receptor internalization","1/173","29/18805",0.0344827586206897,3.74825592983855,1.42716132922049,0.235265213774893,0.735366803485854,0.723235850718216,"CD63",1,"BP",0.00578034682080925,0.00154214304706195
"BP","GO:0006833","water transport","1/173","29/18805",0.0344827586206897,3.74825592983855,1.42716132922049,0.235265213774893,0.735366803485854,0.723235850718216,"UPK3A",1,"BP",0.00578034682080925,0.00154214304706195
"BP","GO:0016226","iron-sulfur cluster assembly","1/173","29/18805",0.0344827586206897,3.74825592983855,1.42716132922049,0.235265213774893,0.735366803485854,0.723235850718216,"NUBP2",1,"BP",0.00578034682080925,0.00154214304706195
"BP","GO:0031163","metallo-sulfur cluster assembly","1/173","29/18805",0.0344827586206897,3.74825592983855,1.42716132922049,0.235265213774893,0.735366803485854,0.723235850718216,"NUBP2",1,"BP",0.00578034682080925,0.00154214304706195
"BP","GO:0035929","steroid hormone secretion","1/173","29/18805",0.0344827586206897,3.74825592983855,1.42716132922049,0.235265213774893,0.735366803485854,0.723235850718216,"SELENOM",1,"BP",0.00578034682080925,0.00154214304706195
"BP","GO:0042509","regulation of tyrosine phosphorylation of STAT protein","1/173","29/18805",0.0344827586206897,3.74825592983855,1.42716132922049,0.235265213774893,0.735366803485854,0.723235850718216,"HES1",1,"BP",0.00578034682080925,0.00154214304706195
"BP","GO:0042832","defense response to protozoan","1/173","29/18805",0.0344827586206897,3.74825592983855,1.42716132922049,0.235265213774893,0.735366803485854,0.723235850718216,"HRAS",1,"BP",0.00578034682080925,0.00154214304706195
"BP","GO:0045606","positive regulation of epidermal cell differentiation","1/173","29/18805",0.0344827586206897,3.74825592983855,1.42716132922049,0.235265213774893,0.735366803485854,0.723235850718216,"SFN",1,"BP",0.00578034682080925,0.00154214304706195
"BP","GO:0045686","negative regulation of glial cell differentiation","1/173","29/18805",0.0344827586206897,3.74825592983855,1.42716132922049,0.235265213774893,0.735366803485854,0.723235850718216,"HES1",1,"BP",0.00578034682080925,0.00154214304706195
"BP","GO:0061744","motor behavior","1/173","29/18805",0.0344827586206897,3.74825592983855,1.42716132922049,0.235265213774893,0.735366803485854,0.723235850718216,"NAGLU",1,"BP",0.00578034682080925,0.00154214304706195
"BP","GO:0070841","inclusion body assembly","1/173","29/18805",0.0344827586206897,3.74825592983855,1.42716132922049,0.235265213774893,0.735366803485854,0.723235850718216,"CDC34",1,"BP",0.00578034682080925,0.00154214304706195
"BP","GO:0070977","bone maturation","1/173","29/18805",0.0344827586206897,3.74825592983855,1.42716132922049,0.235265213774893,0.735366803485854,0.723235850718216,"EBP",1,"BP",0.00578034682080925,0.00154214304706195
"BP","GO:0071480","cellular response to gamma radiation","1/173","29/18805",0.0344827586206897,3.74825592983855,1.42716132922049,0.235265213774893,0.735366803485854,0.723235850718216,"HRAS",1,"BP",0.00578034682080925,0.00154214304706195
"BP","GO:0072207","metanephric epithelium development","1/173","29/18805",0.0344827586206897,3.74825592983855,1.42716132922049,0.235265213774893,0.735366803485854,0.723235850718216,"HES1",1,"BP",0.00578034682080925,0.00154214304706195
"BP","GO:0090311","regulation of protein deacetylation","1/173","29/18805",0.0344827586206897,3.74825592983855,1.42716132922049,0.235265213774893,0.735366803485854,0.723235850718216,"NNMT",1,"BP",0.00578034682080925,0.00154214304706195
"BP","GO:0097107","postsynaptic density assembly","1/173","29/18805",0.0344827586206897,3.74825592983855,1.42716132922049,0.235265213774893,0.735366803485854,0.723235850718216,"ZDHHC12",1,"BP",0.00578034682080925,0.00154214304706195
"BP","GO:1902473","regulation of protein localization to synapse","1/173","29/18805",0.0344827586206897,3.74825592983855,1.42716132922049,0.235265213774893,0.735366803485854,0.723235850718216,"HRAS",1,"BP",0.00578034682080925,0.00154214304706195
"BP","GO:1902683","regulation of receptor localization to synapse","1/173","29/18805",0.0344827586206897,3.74825592983855,1.42716132922049,0.235265213774893,0.735366803485854,0.723235850718216,"HRAS",1,"BP",0.00578034682080925,0.00154214304706195
"BP","GO:0043534","blood vessel endothelial cell migration","3/173","183/18805",0.0163934426229508,1.78195773713636,1.02426916779975,0.237626568957212,0.735366803485854,0.723235850718216,"CIB1/GPX1/CSNK2B",3,"BP",0.0173410404624277,0.00973145440042542
"BP","GO:0002699","positive regulation of immune effector process","4/173","270/18805",0.0148148148148148,1.6103618068936,0.973400067397176,0.237660682038423,0.735366803485854,0.723235850718216,"HLA-A/RPS19/HLA-B/VAMP8",4,"BP",0.023121387283237,0.0143578835416113
"BP","GO:0006575","modified amino acid metabolic process","3/173","184/18805",0.016304347826087,1.77227318421714,1.01437094608776,0.240069377151203,0.735366803485854,0.723235850718216,"GSTO1/GPX1/FPGS",3,"BP",0.0173410404624277,0.00978463174687583
"BP","GO:0010639","negative regulation of organelle organization","5/173","362/18805",0.0138121546961326,1.50137323156516,0.928149810535929,0.241150011975932,0.735366803485854,0.723235850718216,"MAD2L1/CIB1/GPX1/AURKAIP1/PARL",5,"BP",0.0289017341040462,0.0192501994150492
"BP","GO:1990778","protein localization to cell periphery","5/173","362/18805",0.0138121546961326,1.50137323156516,0.928149810535929,0.241150011975932,0.735366803485854,0.723235850718216,"HRAS/CIB1/VAMP5/SFN/VAMP8",5,"BP",0.0289017341040462,0.0192501994150492
"BP","GO:0051099","positive regulation of binding","2/173","102/18805",0.0196078431372549,2.13136121500623,1.10398753617752,0.241402901531282,0.735366803485854,0.723235850718216,"IL32/HES1",2,"BP",0.0115606936416185,0.00542408933794204
"BP","GO:0002507","tolerance induction","1/173","30/18805",0.0333333333333333,3.6233140655106,1.38560479442763,0.242311396029736,0.735366803485854,0.723235850718216,"HLA-B",1,"BP",0.00578034682080925,0.00159532039351236
"BP","GO:0003171","atrioventricular valve development","1/173","30/18805",0.0333333333333333,3.6233140655106,1.38560479442763,0.242311396029736,0.735366803485854,0.723235850718216,"NAGLU",1,"BP",0.00578034682080925,0.00159532039351236
"BP","GO:0072012","glomerulus vasculature development","1/173","30/18805",0.0333333333333333,3.6233140655106,1.38560479442763,0.242311396029736,0.735366803485854,0.723235850718216,"HES1",1,"BP",0.00578034682080925,0.00159532039351236
"BP","GO:0071478","cellular response to radiation","3/173","185/18805",0.0162162162162162,1.76269332916732,1.00453346366729,0.242516482756793,0.735366803485854,0.723235850718216,"HRAS/COPS9/ST20",3,"BP",0.0173410404624277,0.00983780909332624
"BP","GO:0010906","regulation of glucose metabolic process","2/173","103/18805",0.0194174757281553,2.11066838767608,1.0891242602123,0.244805745809887,0.735366803485854,0.723235850718216,"NNMT/TFF3",2,"BP",0.0115606936416185,0.00547726668439245
"BP","GO:0001503","ossification","6/173","458/18805",0.0131004366812227,1.42400989474216,0.885206583119974,0.246829467504969,0.735366803485854,0.723235850718216,"EBP/RPL38/ALYREF/FBXL15/CLEC11A/SCX",6,"BP",0.0346820809248555,0.0243552246742888
"BP","GO:0000041","transition metal ion transport","2/173","104/18805",0.0192307692307692,2.09037349933304,1.07442963203116,0.248210532681096,0.735366803485854,0.723235850718216,"ATOX1/COX17",2,"BP",0.0115606936416185,0.00553044403084286
"BP","GO:0003338","metanephros morphogenesis","1/173","31/18805",0.032258064516129,3.50643296662316,1.34578898481719,0.249293027373909,0.735366803485854,0.723235850718216,"HES1",1,"BP",0.00578034682080925,0.00164849773996278
"BP","GO:0006783","heme biosynthetic process","1/173","31/18805",0.032258064516129,3.50643296662316,1.34578898481719,0.249293027373909,0.735366803485854,0.723235850718216,"TMEM14B",1,"BP",0.00578034682080925,0.00164849773996278
"BP","GO:0007026","negative regulation of microtubule depolymerization","1/173","31/18805",0.032258064516129,3.50643296662316,1.34578898481719,0.249293027373909,0.735366803485854,0.723235850718216,"CIB1",1,"BP",0.00578034682080925,0.00164849773996278
"BP","GO:0019886","antigen processing and presentation of exogenous peptide antigen via MHC class II","1/173","31/18805",0.032258064516129,3.50643296662316,1.34578898481719,0.249293027373909,0.735366803485854,0.723235850718216,"CTSD",1,"BP",0.00578034682080925,0.00164849773996278
"BP","GO:0030262","apoptotic nuclear changes","1/173","31/18805",0.032258064516129,3.50643296662316,1.34578898481719,0.249293027373909,0.735366803485854,0.723235850718216,"ST20",1,"BP",0.00578034682080925,0.00164849773996278
"BP","GO:0042744","hydrogen peroxide catabolic process","1/173","31/18805",0.032258064516129,3.50643296662316,1.34578898481719,0.249293027373909,0.735366803485854,0.723235850718216,"GPX1",1,"BP",0.00578034682080925,0.00164849773996278
"BP","GO:0045070","positive regulation of viral genome replication","1/173","31/18805",0.032258064516129,3.50643296662316,1.34578898481719,0.249293027373909,0.735366803485854,0.723235850718216,"TARBP2",1,"BP",0.00578034682080925,0.00164849773996278
"BP","GO:0050820","positive regulation of coagulation","1/173","31/18805",0.032258064516129,3.50643296662316,1.34578898481719,0.249293027373909,0.735366803485854,0.723235850718216,"VKORC1",1,"BP",0.00578034682080925,0.00164849773996278
"BP","GO:0060037","pharyngeal system development","1/173","31/18805",0.032258064516129,3.50643296662316,1.34578898481719,0.249293027373909,0.735366803485854,0.723235850718216,"HES1",1,"BP",0.00578034682080925,0.00164849773996278
"BP","GO:0072525","pyridine-containing compound biosynthetic process","1/173","31/18805",0.032258064516129,3.50643296662316,1.34578898481719,0.249293027373909,0.735366803485854,0.723235850718216,"NNMT",1,"BP",0.00578034682080925,0.00164849773996278
"BP","GO:0099558","maintenance of synapse structure","1/173","31/18805",0.032258064516129,3.50643296662316,1.34578898481719,0.249293027373909,0.735366803485854,0.723235850718216,"CHCHD10",1,"BP",0.00578034682080925,0.00164849773996278
"BP","GO:1900027","regulation of ruffle assembly","1/173","31/18805",0.032258064516129,3.50643296662316,1.34578898481719,0.249293027373909,0.735366803485854,0.723235850718216,"HRAS",1,"BP",0.00578034682080925,0.00164849773996278
"BP","GO:1900745","positive regulation of p38MAPK cascade","1/173","31/18805",0.032258064516129,3.50643296662316,1.34578898481719,0.249293027373909,0.735366803485854,0.723235850718216,"GADD45G",1,"BP",0.00578034682080925,0.00164849773996278
"BP","GO:1900746","regulation of vascular endothelial growth factor signaling pathway","1/173","31/18805",0.032258064516129,3.50643296662316,1.34578898481719,0.249293027373909,0.735366803485854,0.723235850718216,"CD63",1,"BP",0.00578034682080925,0.00164849773996278
"BP","GO:1903077","negative regulation of protein localization to plasma membrane","1/173","31/18805",0.032258064516129,3.50643296662316,1.34578898481719,0.249293027373909,0.735366803485854,0.723235850718216,"SFN",1,"BP",0.00578034682080925,0.00164849773996278
"BP","GO:0071772","response to BMP","3/173","188/18805",0.0159574468085106,1.73456524412741,0.975377843951209,0.249882195676982,0.735366803485854,0.723235850718216,"HES1/FBXL15/SCX",3,"BP",0.0173410404624277,0.00999734113267748
"BP","GO:0071773","cellular response to BMP stimulus","3/173","188/18805",0.0159574468085106,1.73456524412741,0.975377843951209,0.249882195676982,0.735366803485854,0.723235850718216,"HES1/FBXL15/SCX",3,"BP",0.0173410404624277,0.00999734113267748
"BP","GO:0042102","positive regulation of T cell proliferation","2/173","105/18805",0.019047619047619,2.07046518029177,1.05989984003959,0.251616940456,0.735366803485854,0.723235850718216,"HLA-A/HES1",2,"BP",0.0115606936416185,0.00558362137729327
"BP","GO:0045859","regulation of protein kinase activity","5/173","369/18805",0.013550135501355,1.47289189654902,0.884016030468589,0.253162109506439,0.735366803485854,0.723235850718216,"HRAS/CIB1/TARBP2/SFN/JTB",5,"BP",0.0289017341040462,0.0196224408402021
"BP","GO:0002709","regulation of T cell mediated immunity","2/173","106/18805",0.0188679245283019,2.05093248991166,1.04553119573336,0.255024653133101,0.735366803485854,0.723235850718216,"HLA-A/HLA-B",2,"BP",0.0115606936416185,0.00563679872374368
"BP","GO:1905477","positive regulation of protein localization to membrane","2/173","106/18805",0.0188679245283019,2.05093248991166,1.04553119573336,0.255024653133101,0.735366803485854,0.723235850718216,"HRAS/CIB1",2,"BP",0.0115606936416185,0.00563679872374368
"BP","GO:0001562","response to protozoan","1/173","32/18805",0.03125,3.39685693641618,1.30758128726318,0.25621069575914,0.735366803485854,0.723235850718216,"HRAS",1,"BP",0.00578034682080925,0.00170167508641319
"BP","GO:0001958","endochondral ossification","1/173","32/18805",0.03125,3.39685693641618,1.30758128726318,0.25621069575914,0.735366803485854,0.723235850718216,"SCX",1,"BP",0.00578034682080925,0.00170167508641319
"BP","GO:0006505","GPI anchor metabolic process","1/173","32/18805",0.03125,3.39685693641618,1.30758128726318,0.25621069575914,0.735366803485854,0.723235850718216,"DPM3",1,"BP",0.00578034682080925,0.00170167508641319
"BP","GO:0006506","GPI anchor biosynthetic process","1/173","32/18805",0.03125,3.39685693641618,1.30758128726318,0.25621069575914,0.735366803485854,0.723235850718216,"DPM3",1,"BP",0.00578034682080925,0.00170167508641319
"BP","GO:0021532","neural tube patterning","1/173","32/18805",0.03125,3.39685693641618,1.30758128726318,0.25621069575914,0.735366803485854,0.723235850718216,"HES1",1,"BP",0.00578034682080925,0.00170167508641319
"BP","GO:0035751","regulation of lysosomal lumen pH","1/173","32/18805",0.03125,3.39685693641618,1.30758128726318,0.25621069575914,0.735366803485854,0.723235850718216,"ATP6V0B",1,"BP",0.00578034682080925,0.00170167508641319
"BP","GO:0036075","replacement ossification","1/173","32/18805",0.03125,3.39685693641618,1.30758128726318,0.25621069575914,0.735366803485854,0.723235850718216,"SCX",1,"BP",0.00578034682080925,0.00170167508641319
"BP","GO:0043516","regulation of DNA damage response, signal transduction by p53 class mediator","1/173","32/18805",0.03125,3.39685693641618,1.30758128726318,0.25621069575914,0.735366803485854,0.723235850718216,"EEF1E1",1,"BP",0.00578034682080925,0.00170167508641319
"BP","GO:0046685","response to arsenic-containing substance","1/173","32/18805",0.03125,3.39685693641618,1.30758128726318,0.25621069575914,0.735366803485854,0.723235850718216,"GSTO1",1,"BP",0.00578034682080925,0.00170167508641319
"BP","GO:0048199","vesicle targeting, to, from or within Golgi","1/173","32/18805",0.03125,3.39685693641618,1.30758128726318,0.25621069575914,0.735366803485854,0.723235850718216,"TRAPPC2L",1,"BP",0.00578034682080925,0.00170167508641319
"BP","GO:0060325","face morphogenesis","1/173","32/18805",0.03125,3.39685693641618,1.30758128726318,0.25621069575914,0.735366803485854,0.723235850718216,"SCX",1,"BP",0.00578034682080925,0.00170167508641319
"BP","GO:0060674","placenta blood vessel development","1/173","32/18805",0.03125,3.39685693641618,1.30758128726318,0.25621069575914,0.735366803485854,0.723235850718216,"HES1",1,"BP",0.00578034682080925,0.00170167508641319
"BP","GO:0061036","positive regulation of cartilage development","1/173","32/18805",0.03125,3.39685693641618,1.30758128726318,0.25621069575914,0.735366803485854,0.723235850718216,"SCX",1,"BP",0.00578034682080925,0.00170167508641319
"BP","GO:0061437","renal system vasculature development","1/173","32/18805",0.03125,3.39685693641618,1.30758128726318,0.25621069575914,0.735366803485854,0.723235850718216,"HES1",1,"BP",0.00578034682080925,0.00170167508641319
"BP","GO:0061440","kidney vasculature development","1/173","32/18805",0.03125,3.39685693641618,1.30758128726318,0.25621069575914,0.735366803485854,0.723235850718216,"HES1",1,"BP",0.00578034682080925,0.00170167508641319
"BP","GO:0180046","GPI anchored protein biosynthesis","1/173","32/18805",0.03125,3.39685693641618,1.30758128726318,0.25621069575914,0.735366803485854,0.723235850718216,"DPM3",1,"BP",0.00578034682080925,0.00170167508641319
"BP","GO:1902042","negative regulation of extrinsic apoptotic signaling pathway via death domain receptors","1/173","32/18805",0.03125,3.39685693641618,1.30758128726318,0.25621069575914,0.735366803485854,0.723235850718216,"GPX1",1,"BP",0.00578034682080925,0.00170167508641319
"BP","GO:0006260","DNA replication","4/173","280/18805",0.0142857142857143,1.55284888521883,0.898100174163754,0.257625431472509,0.735366803485854,0.723235850718216,"TFPT/RPA3/CDC34/PCLAF",4,"BP",0.023121387283237,0.0148896570061154
"BP","GO:0002532","production of molecular mediator involved in inflammatory response","2/173","107/18805",0.0186915887850467,2.031764896548,1.03132012858151,0.258433360321935,0.735366803485854,0.723235850718216,"RPS19/VAMP8",2,"BP",0.0115606936416185,0.0056899760701941
"BP","GO:0050829","defense response to Gram-negative bacterium","2/173","108/18805",0.0185185185185185,2.012952258617,1.01726318116819,0.26184275716761,0.735366803485854,0.723235850718216,"RPS19/ROMO1",2,"BP",0.0115606936416185,0.00574315341664451
"BP","GO:0006308","DNA catabolic process","1/173","33/18805",0.0303030303030303,3.29392187773691,1.27086305801028,0.263064983812923,0.735366803485854,0.723235850718216,"ST20",1,"BP",0.00578034682080925,0.0017548524328636
"BP","GO:0006921","cellular component disassembly involved in execution phase of apoptosis","1/173","33/18805",0.0303030303030303,3.29392187773691,1.27086305801028,0.263064983812923,0.735366803485854,0.723235850718216,"ST20",1,"BP",0.00578034682080925,0.0017548524328636
"BP","GO:0010458","exit from mitosis","1/173","33/18805",0.0303030303030303,3.29392187773691,1.27086305801028,0.263064983812923,0.735366803485854,0.723235850718216,"UBE2S",1,"BP",0.00578034682080925,0.0017548524328636
"BP","GO:0010880","regulation of release of sequestered calcium ion into cytosol by sarcoplasmic reticulum","1/173","33/18805",0.0303030303030303,3.29392187773691,1.27086305801028,0.263064983812923,0.735366803485854,0.723235850718216,"GSTO1",1,"BP",0.00578034682080925,0.0017548524328636
"BP","GO:0042558","pteridine-containing compound metabolic process","1/173","33/18805",0.0303030303030303,3.29392187773691,1.27086305801028,0.263064983812923,0.735366803485854,0.723235850718216,"FPGS",1,"BP",0.00578034682080925,0.0017548524328636
"BP","GO:0043247","telomere maintenance in response to DNA damage","1/173","33/18805",0.0303030303030303,3.29392187773691,1.27086305801028,0.263064983812923,0.735366803485854,0.723235850718216,"TFPT",1,"BP",0.00578034682080925,0.0017548524328636
"BP","GO:0048799","animal organ maturation","1/173","33/18805",0.0303030303030303,3.29392187773691,1.27086305801028,0.263064983812923,0.735366803485854,0.723235850718216,"EBP",1,"BP",0.00578034682080925,0.0017548524328636
"BP","GO:0051642","centrosome localization","1/173","33/18805",0.0303030303030303,3.29392187773691,1.27086305801028,0.263064983812923,0.735366803485854,0.723235850718216,"MAD2L1",1,"BP",0.00578034682080925,0.0017548524328636
"BP","GO:0060219","camera-type eye photoreceptor cell differentiation","1/173","33/18805",0.0303030303030303,3.29392187773691,1.27086305801028,0.263064983812923,0.735366803485854,0.723235850718216,"NAGLU",1,"BP",0.00578034682080925,0.0017548524328636
"BP","GO:0061842","microtubule organizing center localization","1/173","33/18805",0.0303030303030303,3.29392187773691,1.27086305801028,0.263064983812923,0.735366803485854,0.723235850718216,"MAD2L1",1,"BP",0.00578034682080925,0.0017548524328636
"BP","GO:0090162","establishment of epithelial cell polarity","1/173","33/18805",0.0303030303030303,3.29392187773691,1.27086305801028,0.263064983812923,0.735366803485854,0.723235850718216,"HES1",1,"BP",0.00578034682080925,0.0017548524328636
"BP","GO:1902547","regulation of cellular response to vascular endothelial growth factor stimulus","1/173","33/18805",0.0303030303030303,3.29392187773691,1.27086305801028,0.263064983812923,0.735366803485854,0.723235850718216,"CD63",1,"BP",0.00578034682080925,0.0017548524328636
"BP","GO:1904376","negative regulation of protein localization to cell periphery","1/173","33/18805",0.0303030303030303,3.29392187773691,1.27086305801028,0.263064983812923,0.735366803485854,0.723235850718216,"SFN",1,"BP",0.00578034682080925,0.0017548524328636
"BP","GO:0042176","regulation of protein catabolic process","5/173","375/18805",0.0133333333333333,1.44932562620424,0.846900890564189,0.263576325225643,0.735366803485854,0.723235850718216,"MAD2L1/SNRNP70/GPX1/RHBDD3/CSNK2B",5,"BP",0.0289017341040462,0.0199415049189045
"BP","GO:0031341","regulation of cell killing","2/173","110/18805",0.0181818181818182,1.97635312664214,0.989598354010481,0.268662427641285,0.735366803485854,0.723235850718216,"HLA-A/HLA-B",2,"BP",0.0115606936416185,0.00584950810954533
"BP","GO:0048144","fibroblast proliferation","2/173","110/18805",0.0181818181818182,1.97635312664214,0.989598354010481,0.268662427641285,0.735366803485854,0.723235850718216,"HRAS/GPX1",2,"BP",0.0115606936416185,0.00584950810954533
"BP","GO:0050954","sensory perception of mechanical stimulus","3/173","196/18805",0.0153061224489796,1.66376666273446,0.900119953856563,0.269679057674248,0.735366803485854,0.723235850718216,"RPL38/GPX1/NDUFB9",3,"BP",0.0173410404624277,0.0104227599042808
"BP","GO:0002418","immune response to tumor cell","1/173","34/18805",0.0294117647058824,3.19704182250935,1.23552777494323,0.269856468886456,0.735366803485854,0.723235850718216,"HLA-A",1,"BP",0.00578034682080925,0.00180802977931401
"BP","GO:0006099","tricarboxylic acid cycle","1/173","34/18805",0.0294117647058824,3.19704182250935,1.23552777494323,0.269856468886456,0.735366803485854,0.723235850718216,"SDHAF2",1,"BP",0.00578034682080925,0.00180802977931401
"BP","GO:0006536","glutamate metabolic process","1/173","34/18805",0.0294117647058824,3.19704182250935,1.23552777494323,0.269856468886456,0.735366803485854,0.723235850718216,"FPGS",1,"BP",0.00578034682080925,0.00180802977931401
"BP","GO:0006691","leukotriene metabolic process","1/173","34/18805",0.0294117647058824,3.19704182250935,1.23552777494323,0.269856468886456,0.735366803485854,0.723235850718216,"LTC4S",1,"BP",0.00578034682080925,0.00180802977931401
"BP","GO:0007260","tyrosine phosphorylation of STAT protein","1/173","34/18805",0.0294117647058824,3.19704182250935,1.23552777494323,0.269856468886456,0.735366803485854,0.723235850718216,"HES1",1,"BP",0.00578034682080925,0.00180802977931401
"BP","GO:0018198","peptidyl-cysteine modification","1/173","34/18805",0.0294117647058824,3.19704182250935,1.23552777494323,0.269856468886456,0.735366803485854,0.723235850718216,"ZDHHC12",1,"BP",0.00578034682080925,0.00180802977931401
"BP","GO:0031069","hair follicle morphogenesis","1/173","34/18805",0.0294117647058824,3.19704182250935,1.23552777494323,0.269856468886456,0.735366803485854,0.723235850718216,"NAGLU",1,"BP",0.00578034682080925,0.00180802977931401
"BP","GO:0032107","regulation of response to nutrient levels","1/173","34/18805",0.0294117647058824,3.19704182250935,1.23552777494323,0.269856468886456,0.735366803485854,0.723235850718216,"NENF",1,"BP",0.00578034682080925,0.00180802977931401
"BP","GO:0045684","positive regulation of epidermis development","1/173","34/18805",0.0294117647058824,3.19704182250935,1.23552777494323,0.269856468886456,0.735366803485854,0.723235850718216,"SFN",1,"BP",0.00578034682080925,0.00180802977931401
"BP","GO:0048026","positive regulation of mRNA splicing, via spliceosome","1/173","34/18805",0.0294117647058824,3.19704182250935,1.23552777494323,0.269856468886456,0.735366803485854,0.723235850718216,"SNRNP70",1,"BP",0.00578034682080925,0.00180802977931401
"BP","GO:0048710","regulation of astrocyte differentiation","1/173","34/18805",0.0294117647058824,3.19704182250935,1.23552777494323,0.269856468886456,0.735366803485854,0.723235850718216,"HES1",1,"BP",0.00578034682080925,0.00180802977931401
"BP","GO:0051450","myoblast proliferation","1/173","34/18805",0.0294117647058824,3.19704182250935,1.23552777494323,0.269856468886456,0.735366803485854,0.723235850718216,"GPX1",1,"BP",0.00578034682080925,0.00180802977931401
"BP","GO:0051873","killing by host of symbiont cells","1/173","34/18805",0.0294117647058824,3.19704182250935,1.23552777494323,0.269856468886456,0.735366803485854,0.723235850718216,"ROMO1",1,"BP",0.00578034682080925,0.00180802977931401
"BP","GO:0055075","potassium ion homeostasis","1/173","34/18805",0.0294117647058824,3.19704182250935,1.23552777494323,0.269856468886456,0.735366803485854,0.723235850718216,"UPK3A",1,"BP",0.00578034682080925,0.00180802977931401
"BP","GO:0060055","angiogenesis involved in wound healing","1/173","34/18805",0.0294117647058824,3.19704182250935,1.23552777494323,0.269856468886456,0.735366803485854,0.723235850718216,"GPX1",1,"BP",0.00578034682080925,0.00180802977931401
"BP","GO:0060914","heart formation","1/173","34/18805",0.0294117647058824,3.19704182250935,1.23552777494323,0.269856468886456,0.735366803485854,0.723235850718216,"HES1",1,"BP",0.00578034682080925,0.00180802977931401
"BP","GO:0060966","regulation of gene silencing by regulatory ncRNA","1/173","34/18805",0.0294117647058824,3.19704182250935,1.23552777494323,0.269856468886456,0.735366803485854,0.723235850718216,"TARBP2",1,"BP",0.00578034682080925,0.00180802977931401
"BP","GO:0090151","establishment of protein localization to mitochondrial membrane","1/173","34/18805",0.0294117647058824,3.19704182250935,1.23552777494323,0.269856468886456,0.735366803485854,0.723235850718216,"ROMO1",1,"BP",0.00578034682080925,0.00180802977931401
"BP","GO:0098884","postsynaptic neurotransmitter receptor internalization","1/173","34/18805",0.0294117647058824,3.19704182250935,1.23552777494323,0.269856468886456,0.735366803485854,0.723235850718216,"AP2S1",1,"BP",0.00578034682080925,0.00180802977931401
"BP","GO:0140239","postsynaptic endocytosis","1/173","34/18805",0.0294117647058824,3.19704182250935,1.23552777494323,0.269856468886456,0.735366803485854,0.723235850718216,"AP2S1",1,"BP",0.00578034682080925,0.00180802977931401
"BP","GO:2000677","regulation of transcription regulatory region DNA binding","1/173","34/18805",0.0294117647058824,3.19704182250935,1.23552777494323,0.269856468886456,0.735366803485854,0.723235850718216,"IL32",1,"BP",0.00578034682080925,0.00180802977931401
"BP","GO:0001676","long-chain fatty acid metabolic process","2/173","111/18805",0.018018018018018,1.95854814351924,0.975984084610364,0.272072118570738,0.735366803485854,0.723235850718216,"GPX1/LTC4S",2,"BP",0.0115606936416185,0.00590268545599575
"BP","GO:0007040","lysosome organization","2/173","111/18805",0.018018018018018,1.95854814351924,0.975984084610364,0.272072118570738,0.735366803485854,0.723235850718216,"NAGLU/ATP6V0B",2,"BP",0.0115606936416185,0.00590268545599575
"BP","GO:0080171","lytic vacuole organization","2/173","111/18805",0.018018018018018,1.95854814351924,0.975984084610364,0.272072118570738,0.735366803485854,0.723235850718216,"NAGLU/ATP6V0B",2,"BP",0.0115606936416185,0.00590268545599575
"BP","GO:0071466","cellular response to xenobiotic stimulus","3/173","198/18805",0.0151515151515152,1.64696093886845,0.881842268733735,0.274657729897974,0.735366803485854,0.723235850718216,"GSTO1/VKORC1/GUK1",3,"BP",0.0173410404624277,0.0105291145971816
"BP","GO:0032963","collagen metabolic process","2/173","112/18805",0.0178571428571429,1.94106110652353,0.962511147501205,0.275481333615222,0.735366803485854,0.723235850718216,"NAGLU/SCX",2,"BP",0.0115606936416185,0.00595586280244616
"BP","GO:2001243","negative regulation of intrinsic apoptotic signaling pathway","2/173","112/18805",0.0178571428571429,1.94106110652353,0.962511147501205,0.275481333615222,0.735366803485854,0.723235850718216,"GPX1/PARL",2,"BP",0.0115606936416185,0.00595586280244616
"BP","GO:0000462","maturation of SSU-rRNA from tricistronic rRNA transcript (SSU-rRNA, 5.8S rRNA, LSU-rRNA)","1/173","35/18805",0.0285714285714286,3.10569777043765,1.20147948083594,0.276585723102142,0.735366803485854,0.723235850718216,"RPS19",1,"BP",0.00578034682080925,0.00186120712576442
"BP","GO:0002495","antigen processing and presentation of peptide antigen via MHC class II","1/173","35/18805",0.0285714285714286,3.10569777043765,1.20147948083594,0.276585723102142,0.735366803485854,0.723235850718216,"CTSD",1,"BP",0.00578034682080925,0.00186120712576442
"BP","GO:0006298","mismatch repair","1/173","35/18805",0.0285714285714286,3.10569777043765,1.20147948083594,0.276585723102142,0.735366803485854,0.723235850718216,"RPA3",1,"BP",0.00578034682080925,0.00186120712576442
"BP","GO:0006779","porphyrin-containing compound biosynthetic process","1/173","35/18805",0.0285714285714286,3.10569777043765,1.20147948083594,0.276585723102142,0.735366803485854,0.723235850718216,"TMEM14B",1,"BP",0.00578034682080925,0.00186120712576442
"BP","GO:0008053","mitochondrial fusion","1/173","35/18805",0.0285714285714286,3.10569777043765,1.20147948083594,0.276585723102142,0.735366803485854,0.723235850718216,"PARL",1,"BP",0.00578034682080925,0.00186120712576442
"BP","GO:0033014","tetrapyrrole biosynthetic process","1/173","35/18805",0.0285714285714286,3.10569777043765,1.20147948083594,0.276585723102142,0.735366803485854,0.723235850718216,"TMEM14B",1,"BP",0.00578034682080925,0.00186120712576442
"BP","GO:0035456","response to interferon-beta","1/173","35/18805",0.0285714285714286,3.10569777043765,1.20147948083594,0.276585723102142,0.735366803485854,0.723235850718216,"CDC34",1,"BP",0.00578034682080925,0.00186120712576442
"BP","GO:0050931","pigment cell differentiation","1/173","35/18805",0.0285714285714286,3.10569777043765,1.20147948083594,0.276585723102142,0.735366803485854,0.723235850718216,"CD63",1,"BP",0.00578034682080925,0.00186120712576442
"BP","GO:0051353","positive regulation of oxidoreductase activity","1/173","35/18805",0.0285714285714286,3.10569777043765,1.20147948083594,0.276585723102142,0.735366803485854,0.723235850718216,"COX17",1,"BP",0.00578034682080925,0.00186120712576442
"BP","GO:0061436","establishment of skin barrier","1/173","35/18805",0.0285714285714286,3.10569777043765,1.20147948083594,0.276585723102142,0.735366803485854,0.723235850718216,"SFN",1,"BP",0.00578034682080925,0.00186120712576442
"BP","GO:0062125","regulation of mitochondrial gene expression","1/173","35/18805",0.0285714285714286,3.10569777043765,1.20147948083594,0.276585723102142,0.735366803485854,0.723235850718216,"CHCHD10",1,"BP",0.00578034682080925,0.00186120712576442
"BP","GO:0090050","positive regulation of cell migration involved in sprouting angiogenesis","1/173","35/18805",0.0285714285714286,3.10569777043765,1.20147948083594,0.276585723102142,0.735366803485854,0.723235850718216,"CIB1",1,"BP",0.00578034682080925,0.00186120712576442
"BP","GO:0099633","protein localization to postsynaptic specialization membrane","1/173","35/18805",0.0285714285714286,3.10569777043765,1.20147948083594,0.276585723102142,0.735366803485854,0.723235850718216,"HRAS",1,"BP",0.00578034682080925,0.00186120712576442
"BP","GO:0099645","neurotransmitter receptor localization to postsynaptic specialization membrane","1/173","35/18805",0.0285714285714286,3.10569777043765,1.20147948083594,0.276585723102142,0.735366803485854,0.723235850718216,"HRAS",1,"BP",0.00578034682080925,0.00186120712576442
"BP","GO:1902176","negative regulation of oxidative stress-induced intrinsic apoptotic signaling pathway","1/173","35/18805",0.0285714285714286,3.10569777043765,1.20147948083594,0.276585723102142,0.735366803485854,0.723235850718216,"GPX1",1,"BP",0.00578034682080925,0.00186120712576442
"BP","GO:0006664","glycolipid metabolic process","2/173","113/18805",0.0176991150442478,1.9238835746074,0.949176586010638,0.278889794496922,0.740262531138042,0.728050816170329,"NAGLU/DPM3",2,"BP",0.0115606936416185,0.00600904014889657
"BP","GO:0031396","regulation of protein ubiquitination","3/173","201/18805",0.0149253731343284,1.62237943231818,0.854807906516209,0.282143626898337,0.740262531138042,0.728050816170329,"BEX2/MAD2L1/UBE2S",3,"BP",0.0173410404624277,0.0106886466365328
"BP","GO:0071902","positive regulation of protein serine/threonine kinase activity","2/173","114/18805",0.0175438596491228,1.90700740290031,0.935977532076449,0.282297228039379,0.740262531138042,0.728050816170329,"HRAS/CIB1",2,"BP",0.0115606936416185,0.00606221749534698
"BP","GO:1903509","liposaccharide metabolic process","2/173","114/18805",0.0175438596491228,1.90700740290031,0.935977532076449,0.282297228039379,0.740262531138042,0.728050816170329,"NAGLU/DPM3",2,"BP",0.0115606936416185,0.00606221749534698
"BP","GO:0007035","vacuolar acidification","1/173","36/18805",0.0277777777777778,3.0194283879255,1.1686314648545,0.283253313400668,0.740262531138042,0.728050816170329,"ATP6V0B",1,"BP",0.00578034682080925,0.00191438447221484
"BP","GO:0016180","snRNA processing","1/173","36/18805",0.0277777777777778,3.0194283879255,1.1686314648545,0.283253313400668,0.740262531138042,0.728050816170329,"TUT1",1,"BP",0.00578034682080925,0.00191438447221484
"BP","GO:0030224","monocyte differentiation","1/173","36/18805",0.0277777777777778,3.0194283879255,1.1686314648545,0.283253313400668,0.740262531138042,0.728050816170329,"MT1G",1,"BP",0.00578034682080925,0.00191438447221484
"BP","GO:0090630","activation of GTPase activity","1/173","36/18805",0.0277777777777778,3.0194283879255,1.1686314648545,0.283253313400668,0.740262531138042,0.728050816170329,"TAX1BP3",1,"BP",0.00578034682080925,0.00191438447221484
"BP","GO:0098698","postsynaptic specialization assembly","1/173","36/18805",0.0277777777777778,3.0194283879255,1.1686314648545,0.283253313400668,0.740262531138042,0.728050816170329,"ZDHHC12",1,"BP",0.00578034682080925,0.00191438447221484
"BP","GO:0051054","positive regulation of DNA metabolic process","4/173","293/18805",0.0136518771331058,1.48395115311014,0.804501954290198,0.284052876448134,0.740262531138042,0.728050816170329,"TFPT/MGMT/BABAM1/ST20",4,"BP",0.023121387283237,0.0155809625099708
"BP","GO:0055001","muscle cell development","3/173","202/18805",0.0148514851485149,1.61434785097007,0.845895997780102,0.284643191712119,0.740262531138042,0.728050816170329,"NAGLU/HES1/GPX1",3,"BP",0.0173410404624277,0.0107418239829832
"BP","GO:0031099","regeneration","3/173","203/18805",0.0147783251231527,1.60639539850224,0.83703290499709,0.287144681955336,0.740262531138042,0.728050816170329,"GPX1/NNMT/FPGS",3,"BP",0.0173410404624277,0.0107950013294337
"BP","GO:0072659","protein localization to plasma membrane","4/173","295/18805",0.0135593220338983,1.47389046732634,0.790504244741101,0.288157029812695,0.740262531138042,0.728050816170329,"CIB1/VAMP5/SFN/VAMP8",4,"BP",0.023121387283237,0.0156873172028716
"BP","GO:0016050","vesicle organization","5/173","389/18805",0.012853470437018,1.39716480675216,0.762722118315259,0.288241324778526,0.740262531138042,0.728050816170329,"TRAPPC2L/AP1S1/BLOC1S1/VAMP8/ATP6V0B",5,"BP",0.0289017341040462,0.0206859877692103
"BP","GO:0002444","myeloid leukocyte mediated immunity","2/173","116/18805",0.0172413793103448,1.87412796491927,0.909974897300333,0.289107945492123,0.740262531138042,0.728050816170329,"VAMP8/S100A13",2,"BP",0.0115606936416185,0.00616857218824781
"BP","GO:0060840","artery development","2/173","116/18805",0.0172413793103448,1.87412796491927,0.909974897300333,0.289107945492123,0.740262531138042,0.728050816170329,"NAGLU/HES1",2,"BP",0.0115606936416185,0.00616857218824781
"BP","GO:0051650","establishment of vesicle localization","3/173","204/18805",0.0147058823529412,1.59852091125468,0.828218068480243,0.289647974555095,0.740262531138042,0.728050816170329,"TRAPPC2L/NAGLU/BLOC1S1",3,"BP",0.0173410404624277,0.0108481786758841
"BP","GO:0000132","establishment of mitotic spindle orientation","1/173","37/18805",0.027027027027027,2.93782221527886,1.13690514032273,0.289859801587661,0.740262531138042,0.728050816170329,"MAD2L1",1,"BP",0.00578034682080925,0.00196756181866525
"BP","GO:0002504","antigen processing and presentation of peptide or polysaccharide antigen via MHC class II","1/173","37/18805",0.027027027027027,2.93782221527886,1.13690514032273,0.289859801587661,0.740262531138042,0.728050816170329,"CTSD",1,"BP",0.00578034682080925,0.00196756181866525
"BP","GO:0006301","postreplication repair","1/173","37/18805",0.027027027027027,2.93782221527886,1.13690514032273,0.289859801587661,0.740262531138042,0.728050816170329,"PCLAF",1,"BP",0.00578034682080925,0.00196756181866525
"BP","GO:0007095","mitotic G2 DNA damage checkpoint signaling","1/173","37/18805",0.027027027027027,2.93782221527886,1.13690514032273,0.289859801587661,0.740262531138042,0.728050816170329,"BABAM1",1,"BP",0.00578034682080925,0.00196756181866525
"BP","GO:0008340","determination of adult lifespan","1/173","37/18805",0.027027027027027,2.93782221527886,1.13690514032273,0.289859801587661,0.740262531138042,0.728050816170329,"NAGLU",1,"BP",0.00578034682080925,0.00196756181866525
"BP","GO:0022616","DNA strand elongation","1/173","37/18805",0.027027027027027,2.93782221527886,1.13690514032273,0.289859801587661,0.740262531138042,0.728050816170329,"TFPT",1,"BP",0.00578034682080925,0.00196756181866525
"BP","GO:0031114","regulation of microtubule depolymerization","1/173","37/18805",0.027027027027027,2.93782221527886,1.13690514032273,0.289859801587661,0.740262531138042,0.728050816170329,"CIB1",1,"BP",0.00578034682080925,0.00196756181866525
"BP","GO:0032228","regulation of synaptic transmission, GABAergic","1/173","37/18805",0.027027027027027,2.93782221527886,1.13690514032273,0.289859801587661,0.740262531138042,0.728050816170329,"ZDHHC12",1,"BP",0.00578034682080925,0.00196756181866525
"BP","GO:0035883","enteroendocrine cell differentiation","1/173","37/18805",0.027027027027027,2.93782221527886,1.13690514032273,0.289859801587661,0.740262531138042,0.728050816170329,"HES1",1,"BP",0.00578034682080925,0.00196756181866525
"BP","GO:0042462","eye photoreceptor cell development","1/173","37/18805",0.027027027027027,2.93782221527886,1.13690514032273,0.289859801587661,0.740262531138042,0.728050816170329,"NAGLU",1,"BP",0.00578034682080925,0.00196756181866525
"BP","GO:0046825","regulation of protein export from nucleus","1/173","37/18805",0.027027027027027,2.93782221527886,1.13690514032273,0.289859801587661,0.740262531138042,0.728050816170329,"SFN",1,"BP",0.00578034682080925,0.00196756181866525
"BP","GO:0050685","positive regulation of mRNA processing","1/173","37/18805",0.027027027027027,2.93782221527886,1.13690514032273,0.289859801587661,0.740262531138042,0.728050816170329,"SNRNP70",1,"BP",0.00578034682080925,0.00196756181866525
"BP","GO:0071425","hematopoietic stem cell proliferation","1/173","37/18805",0.027027027027027,2.93782221527886,1.13690514032273,0.289859801587661,0.740262531138042,0.728050816170329,"BABAM1",1,"BP",0.00578034682080925,0.00196756181866525
"BP","GO:1903580","positive regulation of ATP metabolic process","1/173","37/18805",0.027027027027027,2.93782221527886,1.13690514032273,0.289859801587661,0.740262531138042,0.728050816170329,"NDUFC2",1,"BP",0.00578034682080925,0.00196756181866525
"BP","GO:0007548","sex differentiation","4/173","296/18805",0.0135135135135135,1.46891110763943,0.783543899017684,0.290212375391431,0.740262531138042,0.728050816170329,"TFPT/NUDT1/AMH/SCX",4,"BP",0.023121387283237,0.015740494549322
"BP","GO:0043547","positive regulation of GTPase activity","2/173","117/18805",0.0170940170940171,1.85810977718492,0.897165993371529,0.292510707936111,0.74093473940503,0.728711935377138,"HRAS/TAX1BP3",2,"BP",0.0115606936416185,0.00622174953469822
"BP","GO:0006270","DNA replication initiation","1/173","38/18805",0.0263157894736842,2.86051110435047,1.10622908508073,0.296405744379932,0.74093473940503,0.728711935377138,"CDC34",1,"BP",0.00578034682080925,0.00202073916511566
"BP","GO:0006901","vesicle coating","1/173","38/18805",0.0263157894736842,2.86051110435047,1.10622908508073,0.296405744379932,0.74093473940503,0.728711935377138,"TRAPPC2L",1,"BP",0.00578034682080925,0.00202073916511566
"BP","GO:0010669","epithelial structure maintenance","1/173","38/18805",0.0263157894736842,2.86051110435047,1.10622908508073,0.296405744379932,0.74093473940503,0.728711935377138,"TFF3",1,"BP",0.00578034682080925,0.00202073916511566
"BP","GO:0014808","release of sequestered calcium ion into cytosol by sarcoplasmic reticulum","1/173","38/18805",0.0263157894736842,2.86051110435047,1.10622908508073,0.296405744379932,0.74093473940503,0.728711935377138,"GSTO1",1,"BP",0.00578034682080925,0.00202073916511566
"BP","GO:0035640","exploration behavior","1/173","38/18805",0.0263157894736842,2.86051110435047,1.10622908508073,0.296405744379932,0.74093473940503,0.728711935377138,"NAGLU",1,"BP",0.00578034682080925,0.00202073916511566
"BP","GO:0045652","regulation of megakaryocyte differentiation","1/173","38/18805",0.0263157894736842,2.86051110435047,1.10622908508073,0.296405744379932,0.74093473940503,0.728711935377138,"CIB1",1,"BP",0.00578034682080925,0.00202073916511566
"BP","GO:0048730","epidermis morphogenesis","1/173","38/18805",0.0263157894736842,2.86051110435047,1.10622908508073,0.296405744379932,0.74093473940503,0.728711935377138,"NAGLU",1,"BP",0.00578034682080925,0.00202073916511566
"BP","GO:0070306","lens fiber cell differentiation","1/173","38/18805",0.0263157894736842,2.86051110435047,1.10622908508073,0.296405744379932,0.74093473940503,0.728711935377138,"HSF4",1,"BP",0.00578034682080925,0.00202073916511566
"BP","GO:0071398","cellular response to fatty acid","1/173","38/18805",0.0263157894736842,2.86051110435047,1.10622908508073,0.296405744379932,0.74093473940503,0.728711935377138,"HES1",1,"BP",0.00578034682080925,0.00202073916511566
"BP","GO:0050728","negative regulation of inflammatory response","3/173","207/18805",0.0144927536231884,1.57535394152635,0.802057637552709,0.297167449997366,0.74093473940503,0.728711935377138,"RPS19/GPX1/PSMA1",3,"BP",0.0173410404624277,0.0110077107152353
"BP","GO:0031640","killing of cells of another organism","2/173","119/18805",0.0168067226890756,1.82688104143391,0.871920278163859,0.299309772911059,0.74093473940503,0.728711935377138,"RPS19/ROMO1",2,"BP",0.0115606936416185,0.00632810422759904
"BP","GO:0099072","regulation of postsynaptic membrane neurotransmitter receptor levels","2/173","119/18805",0.0168067226890756,1.82688104143391,0.871920278163859,0.299309772911059,0.74093473940503,0.728711935377138,"HRAS/AP2S1",2,"BP",0.0115606936416185,0.00632810422759904
"BP","GO:0141061","disruption of cell in another organism","2/173","119/18805",0.0168067226890756,1.82688104143391,0.871920278163859,0.299309772911059,0.74093473940503,0.728711935377138,"RPS19/ROMO1",2,"BP",0.0115606936416185,0.00632810422759904
"BP","GO:0051098","regulation of binding","3/173","209/18805",0.0143540669856459,1.56027878419117,0.784848778900752,0.302187231858677,0.74093473940503,0.728711935377138,"IL32/HES1/CSNK2B",3,"BP",0.0173410404624277,0.0111140654081361
"BP","GO:0043549","regulation of kinase activity","5/173","397/18805",0.0125944584382872,1.36901035220803,0.716059210976591,0.302527078178643,0.74093473940503,0.728711935377138,"HRAS/CIB1/TARBP2/SFN/JTB",5,"BP",0.0289017341040462,0.0211114065408136
"BP","GO:0006516","glycoprotein catabolic process","1/173","39/18805",0.0256410256410256,2.78716466577738,1.07653821726619,0.302891693451296,0.74093473940503,0.728711935377138,"NAGLU",1,"BP",0.00578034682080925,0.00207391651156607
"BP","GO:0035633","maintenance of blood-brain barrier","1/173","39/18805",0.0256410256410256,2.78716466577738,1.07653821726619,0.302891693451296,0.74093473940503,0.728711935377138,"NAGLU",1,"BP",0.00578034682080925,0.00207391651156607
"BP","GO:0042044","fluid transport","1/173","39/18805",0.0256410256410256,2.78716466577738,1.07653821726619,0.302891693451296,0.74093473940503,0.728711935377138,"UPK3A",1,"BP",0.00578034682080925,0.00207391651156607
"BP","GO:0048741","skeletal muscle fiber development","1/173","39/18805",0.0256410256410256,2.78716466577738,1.07653821726619,0.302891693451296,0.74093473940503,0.728711935377138,"GPX1",1,"BP",0.00578034682080925,0.00207391651156607
"BP","GO:0060122","inner ear receptor cell stereocilium organization","1/173","39/18805",0.0256410256410256,2.78716466577738,1.07653821726619,0.302891693451296,0.74093473940503,0.728711935377138,"HES1",1,"BP",0.00578034682080925,0.00207391651156607
"BP","GO:0060323","head morphogenesis","1/173","39/18805",0.0256410256410256,2.78716466577738,1.07653821726619,0.302891693451296,0.74093473940503,0.728711935377138,"SCX",1,"BP",0.00578034682080925,0.00207391651156607
"BP","GO:0070884","regulation of calcineurin-NFAT signaling cascade","1/173","39/18805",0.0256410256410256,2.78716466577738,1.07653821726619,0.302891693451296,0.74093473940503,0.728711935377138,"CIB1",1,"BP",0.00578034682080925,0.00207391651156607
"BP","GO:0070979","protein K11-linked ubiquitination","1/173","39/18805",0.0256410256410256,2.78716466577738,1.07653821726619,0.302891693451296,0.74093473940503,0.728711935377138,"UBE2S",1,"BP",0.00578034682080925,0.00207391651156607
"BP","GO:0001933","negative regulation of protein phosphorylation","3/173","210/18805",0.0142857142857143,1.55284888521883,0.77631223215191,0.304698807350307,0.74093473940503,0.728711935377138,"CIB1/TARBP2/SFN",3,"BP",0.0173410404624277,0.0111672427545865
"BP","GO:0045860","positive regulation of protein kinase activity","3/173","210/18805",0.0142857142857143,1.55284888521883,0.77631223215191,0.304698807350307,0.74093473940503,0.728711935377138,"HRAS/CIB1/JTB",3,"BP",0.0173410404624277,0.0111672427545865
"BP","GO:0007088","regulation of mitotic nuclear division","2/173","121/18805",0.0165289256198347,1.79668466058377,0.847154547031598,0.306098590133507,0.74093473940503,0.728711935377138,"MAD2L1/AURKAIP1",2,"BP",0.0115606936416185,0.00643445892049987
"BP","GO:1902414","protein localization to cell junction","2/173","121/18805",0.0165289256198347,1.79668466058377,0.847154547031598,0.306098590133507,0.74093473940503,0.728711935377138,"ZDHHC12/HRAS",2,"BP",0.0115606936416185,0.00643445892049987
"BP","GO:0141091","transforming growth factor beta receptor superfamily signaling pathway","5/173","399/18805",0.012531328320802,1.3621481449288,0.704549383087758,0.306116607989061,0.74093473940503,0.728711935377138,"HES1/FBXL15/FAM89B/CSNK2B/SCX",5,"BP",0.0289017341040462,0.0212177612337144
"BP","GO:0002369","T cell cytokine production","1/173","40/18805",0.025,2.71748554913295,1.04777308446121,0.309318195477989,0.74093473940503,0.728711935377138,"HLA-A",1,"BP",0.00578034682080925,0.00212709385801649
"BP","GO:0002385","mucosal immune response","1/173","40/18805",0.025,2.71748554913295,1.04777308446121,0.309318195477989,0.74093473940503,0.728711935377138,"RPL39",1,"BP",0.00578034682080925,0.00212709385801649
"BP","GO:0002724","regulation of T cell cytokine production","1/173","40/18805",0.025,2.71748554913295,1.04777308446121,0.309318195477989,0.74093473940503,0.728711935377138,"HLA-A",1,"BP",0.00578034682080925,0.00212709385801649
"BP","GO:0009167","purine ribonucleoside monophosphate metabolic process","1/173","40/18805",0.025,2.71748554913295,1.04777308446121,0.309318195477989,0.74093473940503,0.728711935377138,"GUK1",1,"BP",0.00578034682080925,0.00212709385801649
"BP","GO:0031124","mRNA 3'-end processing","1/173","40/18805",0.025,2.71748554913295,1.04777308446121,0.309318195477989,0.74093473940503,0.728711935377138,"TUT1",1,"BP",0.00578034682080925,0.00212709385801649
"BP","GO:0032435","negative regulation of proteasomal ubiquitin-dependent protein catabolic process","1/173","40/18805",0.025,2.71748554913295,1.04777308446121,0.309318195477989,0.74093473940503,0.728711935377138,"CSNK2B",1,"BP",0.00578034682080925,0.00212709385801649
"BP","GO:0035886","vascular associated smooth muscle cell differentiation","1/173","40/18805",0.025,2.71748554913295,1.04777308446121,0.309318195477989,0.74093473940503,0.728711935377138,"HES1",1,"BP",0.00578034682080925,0.00212709385801649
"BP","GO:0099590","neurotransmitter receptor internalization","1/173","40/18805",0.025,2.71748554913295,1.04777308446121,0.309318195477989,0.74093473940503,0.728711935377138,"AP2S1",1,"BP",0.00578034682080925,0.00212709385801649
"BP","GO:0106056","regulation of calcineurin-mediated signaling","1/173","40/18805",0.025,2.71748554913295,1.04777308446121,0.309318195477989,0.74093473940503,0.728711935377138,"CIB1",1,"BP",0.00578034682080925,0.00212709385801649
"BP","GO:1901223","negative regulation of non-canonical NF-kappaB signal transduction","1/173","40/18805",0.025,2.71748554913295,1.04777308446121,0.309318195477989,0.74093473940503,0.728711935377138,"NDUFC2",1,"BP",0.00578034682080925,0.00212709385801649
"BP","GO:1903514","release of sequestered calcium ion into cytosol by endoplasmic reticulum","1/173","40/18805",0.025,2.71748554913295,1.04777308446121,0.309318195477989,0.74093473940503,0.728711935377138,"GSTO1",1,"BP",0.00578034682080925,0.00212709385801649
"BP","GO:1905476","negative regulation of protein localization to membrane","1/173","40/18805",0.025,2.71748554913295,1.04777308446121,0.309318195477989,0.74093473940503,0.728711935377138,"SFN",1,"BP",0.00578034682080925,0.00212709385801649
"BP","GO:0006720","isoprenoid metabolic process","2/173","122/18805",0.0163934426229508,1.78195773713636,0.83494587732705,0.309488560261191,0.74093473940503,0.728711935377138,"DHRS4L2/DPM3",2,"BP",0.0115606936416185,0.00648763626695028
"BP","GO:0035924","cellular response to vascular endothelial growth factor stimulus","2/173","122/18805",0.0163934426229508,1.78195773713636,0.83494587732705,0.309488560261191,0.74093473940503,0.728711935377138,"CD63/MT1G",2,"BP",0.0115606936416185,0.00648763626695028
"BP","GO:0071482","cellular response to light stimulus","2/173","122/18805",0.0163934426229508,1.78195773713636,0.83494587732705,0.309488560261191,0.74093473940503,0.728711935377138,"COPS9/ST20",2,"BP",0.0115606936416185,0.00648763626695028
"BP","GO:0043086","negative regulation of catalytic activity","4/173","306/18805",0.0130718954248366,1.42090747667082,0.715305661461826,0.310869096043177,0.74093473940503,0.728711935377138,"MAD2L1/HRAS/TARBP2/SFN",4,"BP",0.023121387283237,0.0162722680138261
"BP","GO:0032814","regulation of natural killer cell activation","1/173","41/18805",0.024390243902439,2.65120541378824,1.01987924819512,0.31568579218368,0.74093473940503,0.728711935377138,"RHBDD3",1,"BP",0.00578034682080925,0.0021802712044669
"BP","GO:0032965","regulation of collagen biosynthetic process","1/173","41/18805",0.024390243902439,2.65120541378824,1.01987924819512,0.31568579218368,0.74093473940503,0.728711935377138,"SCX",1,"BP",0.00578034682080925,0.0021802712044669
"BP","GO:0045981","positive regulation of nucleotide metabolic process","1/173","41/18805",0.024390243902439,2.65120541378824,1.01987924819512,0.31568579218368,0.74093473940503,0.728711935377138,"NDUFC2",1,"BP",0.00578034682080925,0.0021802712044669
"BP","GO:0050919","negative chemotaxis","1/173","41/18805",0.024390243902439,2.65120541378824,1.01987924819512,0.31568579218368,0.74093473940503,0.728711935377138,"SEMA3B",1,"BP",0.00578034682080925,0.0021802712044669
"BP","GO:0060392","negative regulation of SMAD protein signal transduction","1/173","41/18805",0.024390243902439,2.65120541378824,1.01987924819512,0.31568579218368,0.74093473940503,0.728711935377138,"FAM89B",1,"BP",0.00578034682080925,0.0021802712044669
"BP","GO:0071542","dopaminergic neuron differentiation","1/173","41/18805",0.024390243902439,2.65120541378824,1.01987924819512,0.31568579218368,0.74093473940503,0.728711935377138,"CDNF",1,"BP",0.00578034682080925,0.0021802712044669
"BP","GO:0072210","metanephric nephron development","1/173","41/18805",0.024390243902439,2.65120541378824,1.01987924819512,0.31568579218368,0.74093473940503,0.728711935377138,"HES1",1,"BP",0.00578034682080925,0.0021802712044669
"BP","GO:1900544","positive regulation of purine nucleotide metabolic process","1/173","41/18805",0.024390243902439,2.65120541378824,1.01987924819512,0.31568579218368,0.74093473940503,0.728711935377138,"NDUFC2",1,"BP",0.00578034682080925,0.0021802712044669
"BP","GO:1904861","excitatory synapse assembly","1/173","41/18805",0.024390243902439,2.65120541378824,1.01987924819512,0.31568579218368,0.74093473940503,0.728711935377138,"ZDHHC12",1,"BP",0.00578034682080925,0.0021802712044669
"BP","GO:0000956","nuclear-transcribed mRNA catabolic process","2/173","124/18805",0.0161290322580645,1.75321648331158,0.810865892268123,0.316258472048166,0.74093473940503,0.728711935377138,"LSM4/LSM7",2,"BP",0.0115606936416185,0.0065939909598511
"BP","GO:0006690","icosanoid metabolic process","2/173","124/18805",0.0161290322580645,1.75321648331158,0.810865892268123,0.316258472048166,0.74093473940503,0.728711935377138,"GPX1/LTC4S",2,"BP",0.0115606936416185,0.0065939909598511
"BP","GO:0030510","regulation of BMP signaling pathway","2/173","124/18805",0.0161290322580645,1.75321648331158,0.810865892268123,0.316258472048166,0.74093473940503,0.728711935377138,"HES1/FBXL15",2,"BP",0.0115606936416185,0.0065939909598511
"BP","GO:0032609","type II interferon production","2/173","124/18805",0.0161290322580645,1.75321648331158,0.810865892268123,0.316258472048166,0.74093473940503,0.728711935377138,"HLA-A/HRAS",2,"BP",0.0115606936416185,0.0065939909598511
"BP","GO:0032649","regulation of type II interferon production","2/173","124/18805",0.0161290322580645,1.75321648331158,0.810865892268123,0.316258472048166,0.74093473940503,0.728711935377138,"HLA-A/HRAS",2,"BP",0.0115606936416185,0.0065939909598511
"BP","GO:0006959","humoral immune response","4/173","309/18805",0.0129449838187702,1.40711225845072,0.695301147139802,0.317096490322577,0.74093473940503,0.728711935377138,"HLA-A/RPL39/RPS19/ROMO1",4,"BP",0.023121387283237,0.0164318000531773
"BP","GO:0006476","protein deacetylation","1/173","42/18805",0.0238095238095238,2.58808147536471,0.992806749019825,0.321995020384076,0.74093473940503,0.728711935377138,"NNMT",1,"BP",0.00578034682080925,0.00223344855091731
"BP","GO:0006479","protein methylation","1/173","42/18805",0.0238095238095238,2.58808147536471,0.992806749019825,0.321995020384076,0.74093473940503,0.728711935377138,"SNRPB",1,"BP",0.00578034682080925,0.00223344855091731
"BP","GO:0008213","protein alkylation","1/173","42/18805",0.0238095238095238,2.58808147536471,0.992806749019825,0.321995020384076,0.74093473940503,0.728711935377138,"SNRPB",1,"BP",0.00578034682080925,0.00223344855091731
"BP","GO:0009126","purine nucleoside monophosphate metabolic process","1/173","42/18805",0.0238095238095238,2.58808147536471,0.992806749019825,0.321995020384076,0.74093473940503,0.728711935377138,"GUK1",1,"BP",0.00578034682080925,0.00223344855091731
"BP","GO:0009394","2'-deoxyribonucleotide metabolic process","1/173","42/18805",0.0238095238095238,2.58808147536471,0.992806749019825,0.321995020384076,0.74093473940503,0.728711935377138,"GUK1",1,"BP",0.00578034682080925,0.00223344855091731
"BP","GO:0014044","Schwann cell development","1/173","42/18805",0.0238095238095238,2.58808147536471,0.992806749019825,0.321995020384076,0.74093473940503,0.728711935377138,"HRAS",1,"BP",0.00578034682080925,0.00223344855091731
"BP","GO:0021983","pituitary gland development","1/173","42/18805",0.0238095238095238,2.58808147536471,0.992806749019825,0.321995020384076,0.74093473940503,0.728711935377138,"HES1",1,"BP",0.00578034682080925,0.00223344855091731
"BP","GO:0031146","SCF-dependent proteasomal ubiquitin-dependent protein catabolic process","1/173","42/18805",0.0238095238095238,2.58808147536471,0.992806749019825,0.321995020384076,0.74093473940503,0.728711935377138,"FBXL15",1,"BP",0.00578034682080925,0.00223344855091731
"BP","GO:0032094","response to food","1/173","42/18805",0.0238095238095238,2.58808147536471,0.992806749019825,0.321995020384076,0.74093473940503,0.728711935377138,"NENF",1,"BP",0.00578034682080925,0.00223344855091731
"BP","GO:0040001","establishment of mitotic spindle localization","1/173","42/18805",0.0238095238095238,2.58808147536471,0.992806749019825,0.321995020384076,0.74093473940503,0.728711935377138,"MAD2L1",1,"BP",0.00578034682080925,0.00223344855091731
"BP","GO:0045454","cell redox homeostasis","1/173","42/18805",0.0238095238095238,2.58808147536471,0.992806749019825,0.321995020384076,0.74093473940503,0.728711935377138,"GPX1",1,"BP",0.00578034682080925,0.00223344855091731
"BP","GO:0046427","positive regulation of receptor signaling pathway via JAK-STAT","1/173","42/18805",0.0238095238095238,2.58808147536471,0.992806749019825,0.321995020384076,0.74093473940503,0.728711935377138,"HES1",1,"BP",0.00578034682080925,0.00223344855091731
"BP","GO:0060251","regulation of glial cell proliferation","1/173","42/18805",0.0238095238095238,2.58808147536471,0.992806749019825,0.321995020384076,0.74093473940503,0.728711935377138,"HES1",1,"BP",0.00578034682080925,0.00223344855091731
"BP","GO:1901532","regulation of hematopoietic progenitor cell differentiation","1/173","42/18805",0.0238095238095238,2.58808147536471,0.992806749019825,0.321995020384076,0.74093473940503,0.728711935377138,"HES1",1,"BP",0.00578034682080925,0.00223344855091731
"BP","GO:2000008","regulation of protein localization to cell surface","1/173","42/18805",0.0238095238095238,2.58808147536471,0.992806749019825,0.321995020384076,0.74093473940503,0.728711935377138,"TAX1BP3",1,"BP",0.00578034682080925,0.00223344855091731
"BP","GO:2001259","positive regulation of cation channel activity","1/173","42/18805",0.0238095238095238,2.58808147536471,0.992806749019825,0.321995020384076,0.74093473940503,0.728711935377138,"GSTO1",1,"BP",0.00578034682080925,0.00223344855091731
"BP","GO:0060348","bone development","3/173","219/18805",0.0136986301369863,1.48903317760709,0.701432444514423,0.327332880815909,0.74093473940503,0.728711935377138,"EBP/VKORC1/SCX",3,"BP",0.0173410404624277,0.0116458388726403
"BP","GO:0048608","reproductive structure development","4/173","314/18805",0.0127388535031847,1.38470601229704,0.662417860193196,0.327498585899989,0.74093473940503,0.728711935377138,"TFPT/NUDT1/AMH/SCX",4,"BP",0.023121387283237,0.0166976867854294
"BP","GO:0001709","cell fate determination","1/173","43/18805",0.0232558139534884,2.52789353407716,0.966509639959785,0.328246412031124,0.74093473940503,0.728711935377138,"HES1",1,"BP",0.00578034682080925,0.00228662589736772
"BP","GO:0007099","centriole replication","1/173","43/18805",0.0232558139534884,2.52789353407716,0.966509639959785,0.328246412031124,0.74093473940503,0.728711935377138,"CCDC57",1,"BP",0.00578034682080925,0.00228662589736772
"BP","GO:0009262","deoxyribonucleotide metabolic process","1/173","43/18805",0.0232558139534884,2.52789353407716,0.966509639959785,0.328246412031124,0.74093473940503,0.728711935377138,"GUK1",1,"BP",0.00578034682080925,0.00228662589736772
"BP","GO:0014904","myotube cell development","1/173","43/18805",0.0232558139534884,2.52789353407716,0.966509639959785,0.328246412031124,0.74093473940503,0.728711935377138,"GPX1",1,"BP",0.00578034682080925,0.00228662589736772
"BP","GO:0016202","regulation of striated muscle tissue development","1/173","43/18805",0.0232558139534884,2.52789353407716,0.966509639959785,0.328246412031124,0.74093473940503,0.728711935377138,"LUC7L",1,"BP",0.00578034682080925,0.00228662589736772
"BP","GO:0019692","deoxyribose phosphate metabolic process","1/173","43/18805",0.0232558139534884,2.52789353407716,0.966509639959785,0.328246412031124,0.74093473940503,0.728711935377138,"GUK1",1,"BP",0.00578034682080925,0.00228662589736772
"BP","GO:0043001","Golgi to plasma membrane protein transport","1/173","43/18805",0.0232558139534884,2.52789353407716,0.966509639959785,0.328246412031124,0.74093473940503,0.728711935377138,"VAMP5",1,"BP",0.00578034682080925,0.00228662589736772
"BP","GO:0043094","metabolic compound salvage","1/173","43/18805",0.0232558139534884,2.52789353407716,0.966509639959785,0.328246412031124,0.74093473940503,0.728711935377138,"NNMT",1,"BP",0.00578034682080925,0.00228662589736772
"BP","GO:0046640","regulation of alpha-beta T cell proliferation","1/173","43/18805",0.0232558139534884,2.52789353407716,0.966509639959785,0.328246412031124,0.74093473940503,0.728711935377138,"HLA-A",1,"BP",0.00578034682080925,0.00228662589736772
"BP","GO:0051281","positive regulation of release of sequestered calcium ion into cytosol","1/173","43/18805",0.0232558139534884,2.52789353407716,0.966509639959785,0.328246412031124,0.74093473940503,0.728711935377138,"GSTO1",1,"BP",0.00578034682080925,0.00228662589736772
"BP","GO:0060412","ventricular septum morphogenesis","1/173","43/18805",0.0232558139534884,2.52789353407716,0.966509639959785,0.328246412031124,0.74093473940503,0.728711935377138,"HES1",1,"BP",0.00578034682080925,0.00228662589736772
"BP","GO:0090114","COPII-coated vesicle budding","1/173","43/18805",0.0232558139534884,2.52789353407716,0.966509639959785,0.328246412031124,0.74093473940503,0.728711935377138,"TRAPPC2L",1,"BP",0.00578034682080925,0.00228662589736772
"BP","GO:0150052","regulation of postsynapse assembly","1/173","43/18805",0.0232558139534884,2.52789353407716,0.966509639959785,0.328246412031124,0.74093473940503,0.728711935377138,"NEDD8",1,"BP",0.00578034682080925,0.00228662589736772
"BP","GO:1900026","positive regulation of substrate adhesion-dependent cell spreading","1/173","43/18805",0.0232558139534884,2.52789353407716,0.966509639959785,0.328246412031124,0.74093473940503,0.728711935377138,"CIB1",1,"BP",0.00578034682080925,0.00228662589736772
"BP","GO:1900225","regulation of NLRP3 inflammasome complex assembly","1/173","43/18805",0.0232558139534884,2.52789353407716,0.966509639959785,0.328246412031124,0.74093473940503,0.728711935377138,"ZDHHC12",1,"BP",0.00578034682080925,0.00228662589736772
"BP","GO:2001258","negative regulation of cation channel activity","1/173","43/18805",0.0232558139534884,2.52789353407716,0.966509639959785,0.328246412031124,0.74093473940503,0.728711935377138,"GSTO1",1,"BP",0.00578034682080925,0.00228662589736772
"BP","GO:0072089","stem cell proliferation","2/173","128/18805",0.015625,1.69842846820809,0.76399724686145,0.32975201024413,0.74093473940503,0.728711935377138,"SFN/BABAM1",2,"BP",0.0115606936416185,0.00680670034565275
"BP","GO:0003206","cardiac chamber morphogenesis","2/173","129/18805",0.0155038759689922,1.68526235605144,0.752537649662141,0.3331145161434,0.74093473940503,0.728711935377138,"NAGLU/HES1",2,"BP",0.0115606936416185,0.00685987769210316
"BP","GO:0003231","cardiac ventricle development","2/173","129/18805",0.0155038759689922,1.68526235605144,0.752537649662141,0.3331145161434,0.74093473940503,0.728711935377138,"NAGLU/HES1",2,"BP",0.0115606936416185,0.00685987769210316
"BP","GO:0039531","regulation of cytoplasmic pattern recognition receptor signaling pathway","2/173","129/18805",0.0155038759689922,1.68526235605144,0.752537649662141,0.3331145161434,0.74093473940503,0.728711935377138,"ZDHHC12/TARBP2",2,"BP",0.0115606936416185,0.00685987769210316
"BP","GO:0002251","organ or tissue specific immune response","1/173","44/18805",0.0227272727272727,2.47044140830268,0.940945578223475,0.334440494256826,0.74093473940503,0.728711935377138,"RPL39",1,"BP",0.00578034682080925,0.00233980324381813
"BP","GO:0014002","astrocyte development","1/173","44/18805",0.0227272727272727,2.47044140830268,0.940945578223475,0.334440494256826,0.74093473940503,0.728711935377138,"NAGLU",1,"BP",0.00578034682080925,0.00233980324381813
"BP","GO:0030201","heparan sulfate proteoglycan metabolic process","1/173","44/18805",0.0227272727272727,2.47044140830268,0.940945578223475,0.334440494256826,0.74093473940503,0.728711935377138,"NAGLU",1,"BP",0.00578034682080925,0.00233980324381813
"BP","GO:0031111","negative regulation of microtubule polymerization or depolymerization","1/173","44/18805",0.0227272727272727,2.47044140830268,0.940945578223475,0.334440494256826,0.74093473940503,0.728711935377138,"CIB1",1,"BP",0.00578034682080925,0.00233980324381813
"BP","GO:0072595","maintenance of protein localization in organelle","1/173","44/18805",0.0227272727272727,2.47044140830268,0.940945578223475,0.334440494256826,0.74093473940503,0.728711935377138,"CHCHD10",1,"BP",0.00578034682080925,0.00233980324381813
"BP","GO:0097178","ruffle assembly","1/173","44/18805",0.0227272727272727,2.47044140830268,0.940945578223475,0.334440494256826,0.74093473940503,0.728711935377138,"HRAS",1,"BP",0.00578034682080925,0.00233980324381813
"BP","GO:0006364","rRNA processing","3/173","222/18805",0.0135135135135135,1.46891110763943,0.677216497545438,0.334880868467991,0.74093473940503,0.728711935377138,"RPS19/IMP3/POP7",3,"BP",0.0173410404624277,0.0118053709119915
"BP","GO:0006401","RNA catabolic process","5/173","415/18805",0.0120481927710843,1.30963158994359,0.614606121674193,0.335037341730213,0.74093473940503,0.728711935377138,"TRIR/LSM4/FASTK/LSM5/LSM7",5,"BP",0.0289017341040462,0.022068598776921
"BP","GO:0061458","reproductive system development","4/173","318/18805",0.0125786163522013,1.36728832660777,0.636510980322523,0.335836349183427,0.74093473940503,0.728711935377138,"TFPT/NUDT1/AMH/SCX",4,"BP",0.023121387283237,0.0169103961712311
"BP","GO:0002824","positive regulation of adaptive immune response based on somatic recombination of immune receptors built from immunoglobulin superfamily domains","2/173","130/18805",0.0153846153846154,1.67229879946643,0.741177354549204,0.336472263530134,0.74093473940503,0.728711935377138,"HLA-A/HLA-B",2,"BP",0.0115606936416185,0.00691305503855358
"BP","GO:0043271","negative regulation of monoatomic ion transport","2/173","130/18805",0.0153846153846154,1.67229879946643,0.741177354549204,0.336472263530134,0.74093473940503,0.728711935377138,"GSTO1/HES1",2,"BP",0.0115606936416185,0.00691305503855358
"BP","GO:0033674","positive regulation of kinase activity","3/173","223/18805",0.0134529147982063,1.46232406231369,0.669223427982634,0.337396297838739,0.74093473940503,0.728711935377138,"HRAS/CIB1/JTB",3,"BP",0.0173410404624277,0.0118585482584419
"BP","GO:0010977","negative regulation of neuron projection development","2/173","131/18805",0.0152671755725191,1.65953315977585,0.729914584444671,0.33982505598937,0.74093473940503,0.728711935377138,"CIB1/HES1",2,"BP",0.0115606936416185,0.00696623238500399
"BP","GO:0042471","ear morphogenesis","2/173","131/18805",0.0152671755725191,1.65953315977585,0.729914584444671,0.33982505598937,0.74093473940503,0.728711935377138,"RPL38/NAGLU",2,"BP",0.0115606936416185,0.00696623238500399
"BP","GO:0046718","symbiont entry into host cell","2/173","131/18805",0.0152671755725191,1.65953315977585,0.729914584444671,0.33982505598937,0.74093473940503,0.728711935377138,"SIVA1/VAMP8",2,"BP",0.0115606936416185,0.00696623238500399
"BP","GO:0051648","vesicle localization","3/173","224/18805",0.0133928571428571,1.45579582989265,0.661269131536764,0.339911270262071,0.74093473940503,0.728711935377138,"TRAPPC2L/NAGLU/BLOC1S1",3,"BP",0.0173410404624277,0.0119117256048923
"BP","GO:0006284","base-excision repair","1/173","45/18805",0.0222222222222222,2.4155427103404,0.91607546675244,0.340577789416655,0.74093473940503,0.728711935377138,"RPA3",1,"BP",0.00578034682080925,0.00239298059026855
"BP","GO:0035196","miRNA processing","1/173","45/18805",0.0222222222222222,2.4155427103404,0.91607546675244,0.340577789416655,0.74093473940503,0.728711935377138,"TARBP2",1,"BP",0.00578034682080925,0.00239298059026855
"BP","GO:0042554","superoxide anion generation","1/173","45/18805",0.0222222222222222,2.4155427103404,0.91607546675244,0.340577789416655,0.74093473940503,0.728711935377138,"NOXA1",1,"BP",0.00578034682080925,0.00239298059026855
"BP","GO:0043403","skeletal muscle tissue regeneration","1/173","45/18805",0.0222222222222222,2.4155427103404,0.91607546675244,0.340577789416655,0.74093473940503,0.728711935377138,"GPX1",1,"BP",0.00578034682080925,0.00239298059026855
"BP","GO:0045687","positive regulation of glial cell differentiation","1/173","45/18805",0.0222222222222222,2.4155427103404,0.91607546675244,0.340577789416655,0.74093473940503,0.728711935377138,"HES1",1,"BP",0.00578034682080925,0.00239298059026855
"BP","GO:0048713","regulation of oligodendrocyte differentiation","1/173","45/18805",0.0222222222222222,2.4155427103404,0.91607546675244,0.340577789416655,0.74093473940503,0.728711935377138,"HES1",1,"BP",0.00578034682080925,0.00239298059026855
"BP","GO:0050691","regulation of defense response to virus by host","1/173","45/18805",0.0222222222222222,2.4155427103404,0.91607546675244,0.340577789416655,0.74093473940503,0.728711935377138,"TARBP2",1,"BP",0.00578034682080925,0.00239298059026855
"BP","GO:0070296","sarcoplasmic reticulum calcium ion transport","1/173","45/18805",0.0222222222222222,2.4155427103404,0.91607546675244,0.340577789416655,0.74093473940503,0.728711935377138,"GSTO1",1,"BP",0.00578034682080925,0.00239298059026855
"BP","GO:1901861","regulation of muscle tissue development","1/173","45/18805",0.0222222222222222,2.4155427103404,0.91607546675244,0.340577789416655,0.74093473940503,0.728711935377138,"LUC7L",1,"BP",0.00578034682080925,0.00239298059026855
"BP","GO:0042326","negative regulation of phosphorylation","3/173","226/18805",0.0132743362831858,1.44291268095555,0.645475261202054,0.344939434238926,0.74093473940503,0.728711935377138,"CIB1/TARBP2/SFN",3,"BP",0.0173410404624277,0.0120180802977931
"BP","GO:0016032","viral process","5/173","421/18805",0.0118764845605701,1.29096700671399,0.581812735757982,0.345953134943313,0.74093473940503,0.728711935377138,"IL32/TARBP2/SIVA1/VAMP8/CSNK2B",5,"BP",0.0289017341040462,0.0223876628556235
"BP","GO:0002708","positive regulation of lymphocyte mediated immunity","2/173","133/18805",0.0150375939849624,1.63457777391456,0.707674738440465,0.346515010273847,0.74093473940503,0.728711935377138,"HLA-A/HLA-B",2,"BP",0.0115606936416185,0.00707258707790481
"BP","GO:0098773","skin epidermis development","2/173","133/18805",0.0150375939849624,1.63457777391456,0.707674738440465,0.346515010273847,0.74093473940503,0.728711935377138,"NAGLU/SFN",2,"BP",0.0115606936416185,0.00707258707790481
"BP","GO:0009225","nucleotide-sugar metabolic process","1/173","46/18805",0.0217391304347826,2.36303091228952,0.891863138560589,0.346658815132589,0.74093473940503,0.728711935377138,"GUK1",1,"BP",0.00578034682080925,0.00244615793671896
"BP","GO:0010712","regulation of collagen metabolic process","1/173","46/18805",0.0217391304347826,2.36303091228952,0.891863138560589,0.346658815132589,0.74093473940503,0.728711935377138,"SCX",1,"BP",0.00578034682080925,0.00244615793671896
"BP","GO:0014014","negative regulation of gliogenesis","1/173","46/18805",0.0217391304347826,2.36303091228952,0.891863138560589,0.346658815132589,0.74093473940503,0.728711935377138,"HES1",1,"BP",0.00578034682080925,0.00244615793671896
"BP","GO:0031018","endocrine pancreas development","1/173","46/18805",0.0217391304347826,2.36303091228952,0.891863138560589,0.346658815132589,0.74093473940503,0.728711935377138,"HES1",1,"BP",0.00578034682080925,0.00244615793671896
"BP","GO:0042398","modified amino acid biosynthetic process","1/173","46/18805",0.0217391304347826,2.36303091228952,0.891863138560589,0.346658815132589,0.74093473940503,0.728711935377138,"FPGS",1,"BP",0.00578034682080925,0.00244615793671896
"BP","GO:0043300","regulation of leukocyte degranulation","1/173","46/18805",0.0217391304347826,2.36303091228952,0.891863138560589,0.346658815132589,0.74093473940503,0.728711935377138,"VAMP8",1,"BP",0.00578034682080925,0.00244615793671896
"BP","GO:0044546","NLRP3 inflammasome complex assembly","1/173","46/18805",0.0217391304347826,2.36303091228952,0.891863138560589,0.346658815132589,0.74093473940503,0.728711935377138,"ZDHHC12",1,"BP",0.00578034682080925,0.00244615793671896
"BP","GO:0046633","alpha-beta T cell proliferation","1/173","46/18805",0.0217391304347826,2.36303091228952,0.891863138560589,0.346658815132589,0.74093473940503,0.728711935377138,"HLA-A",1,"BP",0.00578034682080925,0.00244615793671896
"BP","GO:0048483","autonomic nervous system development","1/173","46/18805",0.0217391304347826,2.36303091228952,0.891863138560589,0.346658815132589,0.74093473940503,0.728711935377138,"HES1",1,"BP",0.00578034682080925,0.00244615793671896
"BP","GO:0048512","circadian behavior","1/173","46/18805",0.0217391304347826,2.36303091228952,0.891863138560589,0.346658815132589,0.74093473940503,0.728711935377138,"NAGLU",1,"BP",0.00578034682080925,0.00244615793671896
"BP","GO:0060563","neuroepithelial cell differentiation","1/173","46/18805",0.0217391304347826,2.36303091228952,0.891863138560589,0.346658815132589,0.74093473940503,0.728711935377138,"HES1",1,"BP",0.00578034682080925,0.00244615793671896
"BP","GO:0060711","labyrinthine layer development","1/173","46/18805",0.0217391304347826,2.36303091228952,0.891863138560589,0.346658815132589,0.74093473940503,0.728711935377138,"HES1",1,"BP",0.00578034682080925,0.00244615793671896
"BP","GO:0097106","postsynaptic density organization","1/173","46/18805",0.0217391304347826,2.36303091228952,0.891863138560589,0.346658815132589,0.74093473940503,0.728711935377138,"ZDHHC12",1,"BP",0.00578034682080925,0.00244615793671896
"BP","GO:1900744","regulation of p38MAPK cascade","1/173","46/18805",0.0217391304347826,2.36303091228952,0.891863138560589,0.346658815132589,0.74093473940503,0.728711935377138,"GADD45G",1,"BP",0.00578034682080925,0.00244615793671896
"BP","GO:1901524","regulation of mitophagy","1/173","46/18805",0.0217391304347826,2.36303091228952,0.891863138560589,0.346658815132589,0.74093473940503,0.728711935377138,"PARL",1,"BP",0.00578034682080925,0.00244615793671896
"BP","GO:1903214","regulation of protein targeting to mitochondrion","1/173","46/18805",0.0217391304347826,2.36303091228952,0.891863138560589,0.346658815132589,0.74093473940503,0.728711935377138,"PARL",1,"BP",0.00578034682080925,0.00244615793671896
"BP","GO:0016485","protein processing","3/173","227/18805",0.013215859030837,1.43655623742711,0.637634903808091,0.34745242321623,0.74093473940503,0.728711935377138,"NAGLU/TMEM208/PARL",3,"BP",0.0173410404624277,0.0120712576442436
"BP","GO:0007163","establishment or maintenance of cell polarity","3/173","228/18805",0.0131578947368421,1.43025555217524,0.629831752289944,0.349964550092317,0.74093473940503,0.728711935377138,"MAD2L1/HES1/FAM89B",3,"BP",0.0173410404624277,0.012124434990694
"BP","GO:0009416","response to light stimulus","4/173","326/18805",0.0122699386503067,1.33373523883826,0.585720019611534,0.352537436835112,0.74093473940503,0.728711935377138,"GPX1/PCLAF/COPS9/ST20",4,"BP",0.023121387283237,0.0173358149428344
"BP","GO:0000731","DNA synthesis involved in DNA repair","1/173","47/18805",0.0212765957446809,2.31275365883655,0.868275077943042,0.352684084335748,0.74093473940503,0.728711935377138,"PCLAF",1,"BP",0.00578034682080925,0.00249933528316937
"BP","GO:0003009","skeletal muscle contraction","1/173","47/18805",0.0212765957446809,2.31275365883655,0.868275077943042,0.352684084335748,0.74093473940503,0.728711935377138,"GSTO1",1,"BP",0.00578034682080925,0.00249933528316937
"BP","GO:0007020","microtubule nucleation","1/173","47/18805",0.0212765957446809,2.31275365883655,0.868275077943042,0.352684084335748,0.74093473940503,0.728711935377138,"CCDC57",1,"BP",0.00578034682080925,0.00249933528316937
"BP","GO:0032941","secretion by tissue","1/173","47/18805",0.0212765957446809,2.31275365883655,0.868275077943042,0.352684084335748,0.74093473940503,0.728711935377138,"VAMP8",1,"BP",0.00578034682080925,0.00249933528316937
"BP","GO:0033173","calcineurin-NFAT signaling cascade","1/173","47/18805",0.0212765957446809,2.31275365883655,0.868275077943042,0.352684084335748,0.74093473940503,0.728711935377138,"CIB1",1,"BP",0.00578034682080925,0.00249933528316937
"BP","GO:0042168","heme metabolic process","1/173","47/18805",0.0212765957446809,2.31275365883655,0.868275077943042,0.352684084335748,0.74093473940503,0.728711935377138,"TMEM14B",1,"BP",0.00578034682080925,0.00249933528316937
"BP","GO:0044273","sulfur compound catabolic process","1/173","47/18805",0.0212765957446809,2.31275365883655,0.868275077943042,0.352684084335748,0.74093473940503,0.728711935377138,"NAGLU",1,"BP",0.00578034682080925,0.00249933528316937
"BP","GO:0048634","regulation of muscle organ development","1/173","47/18805",0.0212765957446809,2.31275365883655,0.868275077943042,0.352684084335748,0.74093473940503,0.728711935377138,"LUC7L",1,"BP",0.00578034682080925,0.00249933528316937
"BP","GO:0051294","establishment of spindle orientation","1/173","47/18805",0.0212765957446809,2.31275365883655,0.868275077943042,0.352684084335748,0.74093473940503,0.728711935377138,"MAD2L1",1,"BP",0.00578034682080925,0.00249933528316937
"BP","GO:0055010","ventricular cardiac muscle tissue morphogenesis","1/173","47/18805",0.0212765957446809,2.31275365883655,0.868275077943042,0.352684084335748,0.74093473940503,0.728711935377138,"NAGLU",1,"BP",0.00578034682080925,0.00249933528316937
"BP","GO:0055078","sodium ion homeostasis","1/173","47/18805",0.0212765957446809,2.31275365883655,0.868275077943042,0.352684084335748,0.74093473940503,0.728711935377138,"UPK3A",1,"BP",0.00578034682080925,0.00249933528316937
"BP","GO:1903307","positive regulation of regulated secretory pathway","1/173","47/18805",0.0212765957446809,2.31275365883655,0.868275077943042,0.352684084335748,0.74093473940503,0.728711935377138,"VAMP8",1,"BP",0.00578034682080925,0.00249933528316937
"BP","GO:1903426","regulation of reactive oxygen species biosynthetic process","1/173","47/18805",0.0212765957446809,2.31275365883655,0.868275077943042,0.352684084335748,0.74093473940503,0.728711935377138,"NDUFC2",1,"BP",0.00578034682080925,0.00249933528316937
"BP","GO:0008033","tRNA processing","2/173","135/18805",0.0148148148148148,1.6103618068936,0.685804784057375,0.35318288613504,0.74093473940503,0.728711935377138,"POP7/LAGE3",2,"BP",0.0115606936416185,0.00717894177080564
"BP","GO:0021782","glial cell development","2/173","135/18805",0.0148148148148148,1.6103618068936,0.685804784057375,0.35318288613504,0.74093473940503,0.728711935377138,"NAGLU/HRAS",2,"BP",0.0115606936416185,0.00717894177080564
"BP","GO:0002821","positive regulation of adaptive immune response","2/173","136/18805",0.0147058823529412,1.59852091125468,0.675004533816771,0.356508094844549,0.74093473940503,0.728711935377138,"HLA-A/HLA-B",2,"BP",0.0115606936416185,0.00723211911725605
"BP","GO:0006469","negative regulation of protein kinase activity","2/173","136/18805",0.0147058823529412,1.59852091125468,0.675004533816771,0.356508094844549,0.74093473940503,0.728711935377138,"TARBP2/SFN",2,"BP",0.0115606936416185,0.00723211911725605
"BP","GO:0044409","symbiont entry into host","2/173","136/18805",0.0147058823529412,1.59852091125468,0.675004533816771,0.356508094844549,0.74093473940503,0.728711935377138,"SIVA1/VAMP8",2,"BP",0.0115606936416185,0.00723211911725605
"BP","GO:0045931","positive regulation of mitotic cell cycle","2/173","136/18805",0.0147058823529412,1.59852091125468,0.675004533816771,0.356508094844549,0.74093473940503,0.728711935377138,"HES1/CCDC57",2,"BP",0.0115606936416185,0.00723211911725605
"BP","GO:0140694","membraneless organelle assembly","5/173","427/18805",0.0117096018735363,1.2728269550974,0.549503578561777,0.356892959165352,0.74093473940503,0.728711935377138,"RPL38/RPS19/LSM4/CCDC57/SAC3D1",5,"BP",0.0289017341040462,0.022706726934326
"BP","GO:0001881","receptor recycling","1/173","48/18805",0.0208333333333333,2.26457129094412,0.84528017356055,0.358654105308662,0.74093473940503,0.728711935377138,"CTSD",1,"BP",0.00578034682080925,0.00255251262961978
"BP","GO:0002673","regulation of acute inflammatory response","1/173","48/18805",0.0208333333333333,2.26457129094412,0.84528017356055,0.358654105308662,0.74093473940503,0.728711935377138,"RHBDD3",1,"BP",0.00578034682080925,0.00255251262961978
"BP","GO:0007622","rhythmic behavior","1/173","48/18805",0.0208333333333333,2.26457129094412,0.84528017356055,0.358654105308662,0.74093473940503,0.728711935377138,"NAGLU",1,"BP",0.00578034682080925,0.00255251262961978
"BP","GO:0010837","regulation of keratinocyte proliferation","1/173","48/18805",0.0208333333333333,2.26457129094412,0.84528017356055,0.358654105308662,0.74093473940503,0.728711935377138,"SFN",1,"BP",0.00578034682080925,0.00255251262961978
"BP","GO:0033120","positive regulation of RNA splicing","1/173","48/18805",0.0208333333333333,2.26457129094412,0.84528017356055,0.358654105308662,0.74093473940503,0.728711935377138,"SNRNP70",1,"BP",0.00578034682080925,0.00255251262961978
"BP","GO:0048066","developmental pigmentation","1/173","48/18805",0.0208333333333333,2.26457129094412,0.84528017356055,0.358654105308662,0.74093473940503,0.728711935377138,"CD63",1,"BP",0.00578034682080925,0.00255251262961978
"BP","GO:0071526","semaphorin-plexin signaling pathway","1/173","48/18805",0.0208333333333333,2.26457129094412,0.84528017356055,0.358654105308662,0.74093473940503,0.728711935377138,"SEMA3B",1,"BP",0.00578034682080925,0.00255251262961978
"BP","GO:0097028","dendritic cell differentiation","1/173","48/18805",0.0208333333333333,2.26457129094412,0.84528017356055,0.358654105308662,0.74093473940503,0.728711935377138,"HLA-B",1,"BP",0.00578034682080925,0.00255251262961978
"BP","GO:0098534","centriole assembly","1/173","48/18805",0.0208333333333333,2.26457129094412,0.84528017356055,0.358654105308662,0.74093473940503,0.728711935377138,"CCDC57",1,"BP",0.00578034682080925,0.00255251262961978
"BP","GO:0140632","canonical inflammasome complex assembly","1/173","48/18805",0.0208333333333333,2.26457129094412,0.84528017356055,0.358654105308662,0.74093473940503,0.728711935377138,"ZDHHC12",1,"BP",0.00578034682080925,0.00255251262961978
"BP","GO:0141085","regulation of inflammasome-mediated signaling pathway","1/173","48/18805",0.0208333333333333,2.26457129094412,0.84528017356055,0.358654105308662,0.74093473940503,0.728711935377138,"ZDHHC12",1,"BP",0.00578034682080925,0.00255251262961978
"BP","GO:1902175","regulation of oxidative stress-induced intrinsic apoptotic signaling pathway","1/173","48/18805",0.0208333333333333,2.26457129094412,0.84528017356055,0.358654105308662,0.74093473940503,0.728711935377138,"GPX1",1,"BP",0.00578034682080925,0.00255251262961978
"BP","GO:0002456","T cell mediated immunity","2/173","137/18805",0.0145985401459854,1.5868528754061,0.66429205668701,0.359827251638978,0.74093473940503,0.728711935377138,"HLA-A/HLA-B",2,"BP",0.0115606936416185,0.00728529646370646
"BP","GO:0007093","mitotic cell cycle checkpoint signaling","2/173","137/18805",0.0145985401459854,1.5868528754061,0.66429205668701,0.359827251638978,0.74093473940503,0.728711935377138,"MAD2L1/BABAM1",2,"BP",0.0115606936416185,0.00728529646370646
"BP","GO:0043583","ear development","3/173","232/18805",0.0129310344827586,1.40559597368946,0.598983740119745,0.360002474079373,0.74093473940503,0.728711935377138,"RPL38/NAGLU/HES1",3,"BP",0.0173410404624277,0.0123371443764956
"BP","GO:0030162","regulation of proteolysis","5/173","430/18805",0.0116279069767442,1.26394676703858,0.533525689662029,0.362369059934945,0.74093473940503,0.728711935377138,"GPX1/NEDD8/AURKAIP1/CSNK2B/PARL",5,"BP",0.0289017341040462,0.0228662589736772
"BP","GO:0006376","mRNA splice site recognition","1/173","49/18805",0.0204081632653061,2.21835555031261,0.822849499171022,0.364569381727151,0.74093473940503,0.728711935377138,"LUC7L",1,"BP",0.00578034682080925,0.00260568997607019
"BP","GO:0006775","fat-soluble vitamin metabolic process","1/173","49/18805",0.0204081632653061,2.21835555031261,0.822849499171022,0.364569381727151,0.74093473940503,0.728711935377138,"VKORC1",1,"BP",0.00578034682080925,0.00260568997607019
"BP","GO:0007094","mitotic spindle assembly checkpoint signaling","1/173","49/18805",0.0204081632653061,2.21835555031261,0.822849499171022,0.364569381727151,0.74093473940503,0.728711935377138,"MAD2L1",1,"BP",0.00578034682080925,0.00260568997607019
"BP","GO:0014037","Schwann cell differentiation","1/173","49/18805",0.0204081632653061,2.21835555031261,0.822849499171022,0.364569381727151,0.74093473940503,0.728711935377138,"HRAS",1,"BP",0.00578034682080925,0.00260568997607019
"BP","GO:0021575","hindbrain morphogenesis","1/173","49/18805",0.0204081632653061,2.21835555031261,0.822849499171022,0.364569381727151,0.74093473940503,0.728711935377138,"HES1",1,"BP",0.00578034682080925,0.00260568997607019
"BP","GO:0030330","DNA damage response, signal transduction by p53 class mediator","1/173","49/18805",0.0204081632653061,2.21835555031261,0.822849499171022,0.364569381727151,0.74093473940503,0.728711935377138,"EEF1E1",1,"BP",0.00578034682080925,0.00260568997607019
"BP","GO:0033628","regulation of cell adhesion mediated by integrin","1/173","49/18805",0.0204081632653061,2.21835555031261,0.822849499171022,0.364569381727151,0.74093473940503,0.728711935377138,"CIB1",1,"BP",0.00578034682080925,0.00260568997607019
"BP","GO:0042088","T-helper 1 type immune response","1/173","49/18805",0.0204081632653061,2.21835555031261,0.822849499171022,0.364569381727151,0.74093473940503,0.728711935377138,"HRAS",1,"BP",0.00578034682080925,0.00260568997607019
"BP","GO:0043029","T cell homeostasis","1/173","49/18805",0.0204081632653061,2.21835555031261,0.822849499171022,0.364569381727151,0.74093473940503,0.728711935377138,"SIVA1",1,"BP",0.00578034682080925,0.00260568997607019
"BP","GO:0048489","synaptic vesicle transport","1/173","49/18805",0.0204081632653061,2.21835555031261,0.822849499171022,0.364569381727151,0.74093473940503,0.728711935377138,"BLOC1S1",1,"BP",0.00578034682080925,0.00260568997607019
"BP","GO:0071173","spindle assembly checkpoint signaling","1/173","49/18805",0.0204081632653061,2.21835555031261,0.822849499171022,0.364569381727151,0.74093473940503,0.728711935377138,"MAD2L1",1,"BP",0.00578034682080925,0.00260568997607019
"BP","GO:0071174","mitotic spindle checkpoint signaling","1/173","49/18805",0.0204081632653061,2.21835555031261,0.822849499171022,0.364569381727151,0.74093473940503,0.728711935377138,"MAD2L1",1,"BP",0.00578034682080925,0.00260568997607019
"BP","GO:0072583","clathrin-dependent endocytosis","1/173","49/18805",0.0204081632653061,2.21835555031261,0.822849499171022,0.364569381727151,0.74093473940503,0.728711935377138,"AP2S1",1,"BP",0.00578034682080925,0.00260568997607019
"BP","GO:0090279","regulation of calcium ion import","1/173","49/18805",0.0204081632653061,2.21835555031261,0.822849499171022,0.364569381727151,0.74093473940503,0.728711935377138,"HES1",1,"BP",0.00578034682080925,0.00260568997607019
"BP","GO:1901976","regulation of cell cycle checkpoint","1/173","49/18805",0.0204081632653061,2.21835555031261,0.822849499171022,0.364569381727151,0.74093473940503,0.728711935377138,"MAD2L1",1,"BP",0.00578034682080925,0.00260568997607019
"BP","GO:1902041","regulation of extrinsic apoptotic signaling pathway via death domain receptors","1/173","49/18805",0.0204081632653061,2.21835555031261,0.822849499171022,0.364569381727151,0.74093473940503,0.728711935377138,"GPX1",1,"BP",0.00578034682080925,0.00260568997607019
"BP","GO:1903170","negative regulation of calcium ion transmembrane transport","1/173","49/18805",0.0204081632653061,2.21835555031261,0.822849499171022,0.364569381727151,0.74093473940503,0.728711935377138,"GSTO1",1,"BP",0.00578034682080925,0.00260568997607019
"BP","GO:1904894","positive regulation of receptor signaling pathway via STAT","1/173","49/18805",0.0204081632653061,2.21835555031261,0.822849499171022,0.364569381727151,0.74093473940503,0.728711935377138,"HES1",1,"BP",0.00578034682080925,0.00260568997607019
"BP","GO:2000378","negative regulation of reactive oxygen species metabolic process","1/173","49/18805",0.0204081632653061,2.21835555031261,0.822849499171022,0.364569381727151,0.74093473940503,0.728711935377138,"NDUFC2",1,"BP",0.00578034682080925,0.00260568997607019
"BP","GO:0051090","regulation of DNA-binding transcription factor activity","4/173","332/18805",0.0120481927710843,1.30963158994359,0.548484077667932,0.365070052419633,0.741202833700467,0.728975607064402,"CIB1/HES1/C3orf33/SIVA1",4,"BP",0.023121387283237,0.0176548790215368
"BP","GO:0046328","regulation of JNK cascade","2/173","139/18805",0.0143884892086331,1.56402045993263,0.643124512363116,0.366446734071052,0.743078971587517,0.730820795308383,"HRAS/GADD45G",2,"BP",0.0115606936416185,0.00739165115660729
"BP","GO:0043433","negative regulation of DNA-binding transcription factor activity","2/173","140/18805",0.0142857142857143,1.55284888521883,0.632666580135353,0.369746730943566,0.743078971587517,0.730820795308383,"HES1/SIVA1",2,"BP",0.0115606936416185,0.0074448285030577
"BP","GO:0061041","regulation of wound healing","2/173","140/18805",0.0142857142857143,1.55284888521883,0.632666580135353,0.369746730943566,0.743078971587517,0.730820795308383,"HRAS/VKORC1",2,"BP",0.0115606936416185,0.0074448285030577
"BP","GO:0001774","microglial cell activation","1/173","50/18805",0.02,2.17398843930636,0.800956118414818,0.370430412701837,0.743078971587517,0.730820795308383,"NAGLU",1,"BP",0.00578034682080925,0.00265886732252061
"BP","GO:0002347","response to tumor cell","1/173","50/18805",0.02,2.17398843930636,0.800956118414818,0.370430412701837,0.743078971587517,0.730820795308383,"HLA-A",1,"BP",0.00578034682080925,0.00265886732252061
"BP","GO:0010907","positive regulation of glucose metabolic process","1/173","50/18805",0.02,2.17398843930636,0.800956118414818,0.370430412701837,0.743078971587517,0.730820795308383,"NNMT",1,"BP",0.00578034682080925,0.00265886732252061
"BP","GO:0031577","spindle checkpoint signaling","1/173","50/18805",0.02,2.17398843930636,0.800956118414818,0.370430412701837,0.743078971587517,0.730820795308383,"MAD2L1",1,"BP",0.00578034682080925,0.00265886732252061
"BP","GO:0035601","protein deacylation","1/173","50/18805",0.02,2.17398843930636,0.800956118414818,0.370430412701837,0.743078971587517,0.730820795308383,"NNMT",1,"BP",0.00578034682080925,0.00265886732252061
"BP","GO:0042491","inner ear auditory receptor cell differentiation","1/173","50/18805",0.02,2.17398843930636,0.800956118414818,0.370430412701837,0.743078971587517,0.730820795308383,"HES1",1,"BP",0.00578034682080925,0.00265886732252061
"BP","GO:0045747","positive regulation of Notch signaling pathway","1/173","50/18805",0.02,2.17398843930636,0.800956118414818,0.370430412701837,0.743078971587517,0.730820795308383,"HES1",1,"BP",0.00578034682080925,0.00265886732252061
"BP","GO:0047496","vesicle transport along microtubule","1/173","50/18805",0.02,2.17398843930636,0.800956118414818,0.370430412701837,0.743078971587517,0.730820795308383,"BLOC1S1",1,"BP",0.00578034682080925,0.00265886732252061
"BP","GO:0048538","thymus development","1/173","50/18805",0.02,2.17398843930636,0.800956118414818,0.370430412701837,0.743078971587517,0.730820795308383,"HES1",1,"BP",0.00578034682080925,0.00265886732252061
"BP","GO:0097191","extrinsic apoptotic signaling pathway","3/173","237/18805",0.0126582278481013,1.3759420501939,0.561217170506711,0.372518906678293,0.746523432126988,0.734208434424972,"CIB1/GPX1/SIVA1",3,"BP",0.0173410404624277,0.0126030311087477
"BP","GO:0007033","vacuole organization","3/173","238/18805",0.0126050420168067,1.37016078107544,0.553766204352112,0.375017135505273,0.746708929082043,0.734390871335992,"NAGLU/ATP6V0B/CTSD",3,"BP",0.0173410404624277,0.0126562084551981
"BP","GO:0007019","microtubule depolymerization","1/173","51/18805",0.0196078431372549,2.13136121500623,0.779574910589449,0.376237692819277,0.746708929082043,0.734390871335992,"CIB1",1,"BP",0.00578034682080925,0.00271204466897102
"BP","GO:0008089","anterograde axonal transport","1/173","51/18805",0.0196078431372549,2.13136121500623,0.779574910589449,0.376237692819277,0.746708929082043,0.734390871335992,"BLOC1S1",1,"BP",0.00578034682080925,0.00271204466897102
"BP","GO:0033046","negative regulation of sister chromatid segregation","1/173","51/18805",0.0196078431372549,2.13136121500623,0.779574910589449,0.376237692819277,0.746708929082043,0.734390871335992,"MAD2L1",1,"BP",0.00578034682080925,0.00271204466897102
"BP","GO:0033048","negative regulation of mitotic sister chromatid segregation","1/173","51/18805",0.0196078431372549,2.13136121500623,0.779574910589449,0.376237692819277,0.746708929082043,0.734390871335992,"MAD2L1",1,"BP",0.00578034682080925,0.00271204466897102
"BP","GO:0045841","negative regulation of mitotic metaphase/anaphase transition","1/173","51/18805",0.0196078431372549,2.13136121500623,0.779574910589449,0.376237692819277,0.746708929082043,0.734390871335992,"MAD2L1",1,"BP",0.00578034682080925,0.00271204466897102
"BP","GO:0045933","positive regulation of muscle contraction","1/173","51/18805",0.0196078431372549,2.13136121500623,0.779574910589449,0.376237692819277,0.746708929082043,0.734390871335992,"GSTO1",1,"BP",0.00578034682080925,0.00271204466897102
"BP","GO:1903146","regulation of autophagy of mitochondrion","1/173","51/18805",0.0196078431372549,2.13136121500623,0.779574910589449,0.376237692819277,0.746708929082043,0.734390871335992,"PARL",1,"BP",0.00578034682080925,0.00271204466897102
"BP","GO:2000816","negative regulation of mitotic sister chromatid separation","1/173","51/18805",0.0196078431372549,2.13136121500623,0.779574910589449,0.376237692819277,0.746708929082043,0.734390871335992,"MAD2L1",1,"BP",0.00578034682080925,0.00271204466897102
"BP","GO:0031109","microtubule polymerization or depolymerization","2/173","142/18805",0.0140845070422535,1.53097777415941,0.611995490205665,0.376326440378164,0.746708929082043,0.734390871335992,"CIB1/CCDC57",2,"BP",0.0115606936416185,0.00755118319595852
"BP","GO:0010171","body morphogenesis","1/173","52/18805",0.0192307692307692,2.09037349933304,0.758682414791764,0.381991712182733,0.751359568847592,0.73896479198522,"SCX",1,"BP",0.00578034682080925,0.00276522201542143
"BP","GO:0034331","cell junction maintenance","1/173","52/18805",0.0192307692307692,2.09037349933304,0.758682414791764,0.381991712182733,0.751359568847592,0.73896479198522,"CHCHD10",1,"BP",0.00578034682080925,0.00276522201542143
"BP","GO:0042311","vasodilation","1/173","52/18805",0.0192307692307692,2.09037349933304,0.758682414791764,0.381991712182733,0.751359568847592,0.73896479198522,"GPX1",1,"BP",0.00578034682080925,0.00276522201542143
"BP","GO:0042461","photoreceptor cell development","1/173","52/18805",0.0192307692307692,2.09037349933304,0.758682414791764,0.381991712182733,0.751359568847592,0.73896479198522,"NAGLU",1,"BP",0.00578034682080925,0.00276522201542143
"BP","GO:1903747","regulation of establishment of protein localization to mitochondrion","1/173","52/18805",0.0192307692307692,2.09037349933304,0.758682414791764,0.381991712182733,0.751359568847592,0.73896479198522,"PARL",1,"BP",0.00578034682080925,0.00276522201542143
"BP","GO:0031623","receptor internalization","2/173","144/18805",0.0138888888888889,1.50971419396275,0.591641939633187,0.382878083199723,0.751359568847592,0.73896479198522,"CD63/AP2S1",2,"BP",0.0115606936416185,0.00765753788885935
"BP","GO:0033673","negative regulation of kinase activity","2/173","144/18805",0.0138888888888889,1.50971419396275,0.591641939633187,0.382878083199723,0.751359568847592,0.73896479198522,"TARBP2/SFN",2,"BP",0.0115606936416185,0.00765753788885935
"BP","GO:0050727","regulation of inflammatory response","5/173","442/18805",0.0113122171945701,1.2296314701959,0.470748732105688,0.384289060142421,0.751359568847592,0.73896479198522,"RPS19/GPX1/RHBDD3/PSMA1/VAMP8",5,"BP",0.0289017341040462,0.0235043871310822
"BP","GO:0001754","eye photoreceptor cell differentiation","1/173","53/18805",0.0188679245283019,2.05093248991166,0.738256690176924,0.387692956452577,0.751359568847592,0.73896479198522,"NAGLU",1,"BP",0.00578034682080925,0.00281839936187184
"BP","GO:0002269","leukocyte activation involved in inflammatory response","1/173","53/18805",0.0188679245283019,2.05093248991166,0.738256690176924,0.387692956452577,0.751359568847592,0.73896479198522,"NAGLU",1,"BP",0.00578034682080925,0.00281839936187184
"BP","GO:0006497","protein lipidation","1/173","53/18805",0.0188679245283019,2.05093248991166,0.738256690176924,0.387692956452577,0.751359568847592,0.73896479198522,"ZDHHC12",1,"BP",0.00578034682080925,0.00281839936187184
"BP","GO:0019083","viral transcription","1/173","53/18805",0.0188679245283019,2.05093248991166,0.738256690176924,0.387692956452577,0.751359568847592,0.73896479198522,"TARBP2",1,"BP",0.00578034682080925,0.00281839936187184
"BP","GO:0021695","cerebellar cortex development","1/173","53/18805",0.0188679245283019,2.05093248991166,0.738256690176924,0.387692956452577,0.751359568847592,0.73896479198522,"NAGLU",1,"BP",0.00578034682080925,0.00281839936187184
"BP","GO:0022602","ovulation cycle process","1/173","53/18805",0.0188679245283019,2.05093248991166,0.738256690176924,0.387692956452577,0.751359568847592,0.73896479198522,"AMH",1,"BP",0.00578034682080925,0.00281839936187184
"BP","GO:0032964","collagen biosynthetic process","1/173","53/18805",0.0188679245283019,2.05093248991166,0.738256690176924,0.387692956452577,0.751359568847592,0.73896479198522,"SCX",1,"BP",0.00578034682080925,0.00281839936187184
"BP","GO:0035094","response to nicotine","1/173","53/18805",0.0188679245283019,2.05093248991166,0.738256690176924,0.387692956452577,0.751359568847592,0.73896479198522,"GPX1",1,"BP",0.00578034682080925,0.00281839936187184
"BP","GO:0060324","face development","1/173","53/18805",0.0188679245283019,2.05093248991166,0.738256690176924,0.387692956452577,0.751359568847592,0.73896479198522,"SCX",1,"BP",0.00578034682080925,0.00281839936187184
"BP","GO:0090102","cochlea development","1/173","53/18805",0.0188679245283019,2.05093248991166,0.738256690176924,0.387692956452577,0.751359568847592,0.73896479198522,"HES1",1,"BP",0.00578034682080925,0.00281839936187184
"BP","GO:0097720","calcineurin-mediated signaling","1/173","53/18805",0.0188679245283019,2.05093248991166,0.738256690176924,0.387692956452577,0.751359568847592,0.73896479198522,"CIB1",1,"BP",0.00578034682080925,0.00281839936187184
"BP","GO:0140353","lipid export from cell","1/173","53/18805",0.0188679245283019,2.05093248991166,0.738256690176924,0.387692956452577,0.751359568847592,0.73896479198522,"SELENOM",1,"BP",0.00578034682080925,0.00281839936187184
"BP","GO:0141084","inflammasome-mediated signaling pathway","1/173","53/18805",0.0188679245283019,2.05093248991166,0.738256690176924,0.387692956452577,0.751359568847592,0.73896479198522,"ZDHHC12",1,"BP",0.00578034682080925,0.00281839936187184
"BP","GO:1902100","negative regulation of metaphase/anaphase transition of cell cycle","1/173","53/18805",0.0188679245283019,2.05093248991166,0.738256690176924,0.387692956452577,0.751359568847592,0.73896479198522,"MAD2L1",1,"BP",0.00578034682080925,0.00281839936187184
"BP","GO:1903539","protein localization to postsynaptic membrane","1/173","53/18805",0.0188679245283019,2.05093248991166,0.738256690176924,0.387692956452577,0.751359568847592,0.73896479198522,"HRAS",1,"BP",0.00578034682080925,0.00281839936187184
"BP","GO:1905819","negative regulation of chromosome separation","1/173","53/18805",0.0188679245283019,2.05093248991166,0.738256690176924,0.387692956452577,0.751359568847592,0.73896479198522,"MAD2L1",1,"BP",0.00578034682080925,0.00281839936187184
"BP","GO:0042742","defense response to bacterium","4/173","343/18805",0.0116618075801749,1.26763174303578,0.482018541559164,0.388015538539204,0.751359568847592,0.73896479198522,"HLA-A/RPL39/RPS19/ROMO1",4,"BP",0.023121387283237,0.0182398298324914
"BP","GO:0071214","cellular response to abiotic stimulus","4/173","344/18805",0.0116279069767442,1.26394676703858,0.476087075940354,0.390097459429525,0.753938359089755,0.7415010413043,"HRAS/COPS9/ST20/SCX",4,"BP",0.023121387283237,0.0182930071789418
"BP","GO:0104004","cellular response to environmental stimulus","4/173","344/18805",0.0116279069767442,1.26394676703858,0.476087075940354,0.390097459429525,0.753938359089755,0.7415010413043,"HRAS/COPS9/ST20/SCX",4,"BP",0.023121387283237,0.0182930071789418
"BP","GO:0050671","positive regulation of lymphocyte proliferation","2/173","147/18805",0.0136054421768707,1.47890370020841,0.561684902505678,0.392650359249236,0.754405756528169,0.741960728337209,"HLA-A/HES1",2,"BP",0.0115606936416185,0.00781706992821058
"BP","GO:0051783","regulation of nuclear division","2/173","147/18805",0.0136054421768707,1.47890370020841,0.561684902505678,0.392650359249236,0.754405756528169,0.741960728337209,"MAD2L1/AURKAIP1",2,"BP",0.0115606936416185,0.00781706992821058
"BP","GO:0002548","monocyte chemotaxis","1/173","54/18805",0.0185185185185185,2.012952258617,0.718277190396322,0.393341906886329,0.754405756528169,0.741960728337209,"RPS19",1,"BP",0.00578034682080925,0.00287157670832225
"BP","GO:0006778","porphyrin-containing compound metabolic process","1/173","54/18805",0.0185185185185185,2.012952258617,0.718277190396322,0.393341906886329,0.754405756528169,0.741960728337209,"TMEM14B",1,"BP",0.00578034682080925,0.00287157670832225
"BP","GO:0008608","attachment of spindle microtubules to kinetochore","1/173","54/18805",0.0185185185185185,2.012952258617,0.718277190396322,0.393341906886329,0.754405756528169,0.741960728337209,"PMF1",1,"BP",0.00578034682080925,0.00287157670832225
"BP","GO:0048146","positive regulation of fibroblast proliferation","1/173","54/18805",0.0185185185185185,2.012952258617,0.718277190396322,0.393341906886329,0.754405756528169,0.741960728337209,"HRAS",1,"BP",0.00578034682080925,0.00287157670832225
"BP","GO:0051985","negative regulation of chromosome segregation","1/173","54/18805",0.0185185185185185,2.012952258617,0.718277190396322,0.393341906886329,0.754405756528169,0.741960728337209,"MAD2L1",1,"BP",0.00578034682080925,0.00287157670832225
"BP","GO:0062237","protein localization to postsynapse","1/173","54/18805",0.0185185185185185,2.012952258617,0.718277190396322,0.393341906886329,0.754405756528169,0.741960728337209,"HRAS",1,"BP",0.00578034682080925,0.00287157670832225
"BP","GO:0045930","negative regulation of mitotic cell cycle","3/173","246/18805",0.0121951219512195,1.32560270689412,0.495332369295217,0.394927407142086,0.756724583751757,0.744241303108562,"MAD2L1/BABAM1/AURKAIP1",3,"BP",0.0173410404624277,0.0130816272268014
"BP","GO:0006111","regulation of gluconeogenesis","1/173","55/18805",0.0181818181818182,1.97635312664214,0.698724650540883,0.398939040378338,0.761507569952953,0.748945386945088,"NNMT",1,"BP",0.00578034682080925,0.00292475405477267
"BP","GO:0032924","activin receptor signaling pathway","1/173","55/18805",0.0181818181818182,1.97635312664214,0.698724650540883,0.398939040378338,0.761507569952953,0.748945386945088,"CSNK2B",1,"BP",0.00578034682080925,0.00292475405477267
"BP","GO:0044818","mitotic G2/M transition checkpoint","1/173","55/18805",0.0181818181818182,1.97635312664214,0.698724650540883,0.398939040378338,0.761507569952953,0.748945386945088,"BABAM1",1,"BP",0.00578034682080925,0.00292475405477267
"BP","GO:0099084","postsynaptic specialization organization","1/173","55/18805",0.0181818181818182,1.97635312664214,0.698724650540883,0.398939040378338,0.761507569952953,0.748945386945088,"ZDHHC12",1,"BP",0.00578034682080925,0.00292475405477267
"BP","GO:0048732","gland development","5/173","451/18805",0.0110864745011086,1.20509336990375,0.424808270539191,0.400715622560203,0.764173056305511,0.751566902195208,"NAGLU/HES1/GPX1/RHBDD3/FPGS",5,"BP",0.0289017341040462,0.0239829832491359
"BP","GO:0032946","positive regulation of mononuclear cell proliferation","2/173","150/18805",0.0133333333333333,1.44932562620424,0.532387225497931,0.402353087561087,0.76627192016326,0.753631142218697,"HLA-A/HES1",2,"BP",0.0115606936416185,0.00797660196756182
"BP","GO:0001954","positive regulation of cell-matrix adhesion","1/173","56/18805",0.0178571428571429,1.94106110652353,0.679580985140416,0.404484829499114,0.76627192016326,0.753631142218697,"CIB1",1,"BP",0.00578034682080925,0.00297793140122308
"BP","GO:0006473","protein acetylation","1/173","56/18805",0.0178571428571429,1.94106110652353,0.679580985140416,0.404484829499114,0.76627192016326,0.753631142218697,"BLOC1S1",1,"BP",0.00578034682080925,0.00297793140122308
"BP","GO:0010719","negative regulation of epithelial to mesenchymal transition","1/173","56/18805",0.0178571428571429,1.94106110652353,0.679580985140416,0.404484829499114,0.76627192016326,0.753631142218697,"SDHAF2",1,"BP",0.00578034682080925,0.00297793140122308
"BP","GO:0030857","negative regulation of epithelial cell differentiation","1/173","56/18805",0.0178571428571429,1.94106110652353,0.679580985140416,0.404484829499114,0.76627192016326,0.753631142218697,"HES1",1,"BP",0.00578034682080925,0.00297793140122308
"BP","GO:0048260","positive regulation of receptor-mediated endocytosis","1/173","56/18805",0.0178571428571429,1.94106110652353,0.679580985140416,0.404484829499114,0.76627192016326,0.753631142218697,"CD63",1,"BP",0.00578034682080925,0.00297793140122308
"BP","GO:2000059","negative regulation of ubiquitin-dependent protein catabolic process","1/173","56/18805",0.0178571428571429,1.94106110652353,0.679580985140416,0.404484829499114,0.76627192016326,0.753631142218697,"CSNK2B",1,"BP",0.00578034682080925,0.00297793140122308
"BP","GO:0050852","T cell receptor signaling pathway","2/173","151/18805",0.0132450331125828,1.43972744324924,0.522762580553016,0.405571262135012,0.76760662607474,0.754943830200766,"HLA-A/HRAS",2,"BP",0.0115606936416185,0.00802977931401223
"BP","GO:0009913","epidermal cell differentiation","3/173","251/18805",0.0119521912350598,1.29919627846994,0.459825134928891,0.407290375094292,0.770135140112443,0.757430632695034,"HES1/SFN/CNFN",3,"BP",0.0173410404624277,0.0133475139590534
"BP","GO:0034767","positive regulation of monoatomic ion transmembrane transport","2/173","152/18805",0.0131578947368421,1.43025555217524,0.51320675875475,0.408781193737931,0.770869300742692,0.75815268227011,"GSTO1/COX17",2,"BP",0.0115606936416185,0.00808295666046264
"BP","GO:0002886","regulation of myeloid leukocyte mediated immunity","1/173","57/18805",0.0175438596491228,1.90700740290031,0.660829195960365,0.409979742534297,0.770869300742692,0.75815268227011,"VAMP8",1,"BP",0.00578034682080925,0.00303110874767349
"BP","GO:0031529","ruffle organization","1/173","57/18805",0.0175438596491228,1.90700740290031,0.660829195960365,0.409979742534297,0.770869300742692,0.75815268227011,"HRAS",1,"BP",0.00578034682080925,0.00303110874767349
"BP","GO:0046148","pigment biosynthetic process","1/173","57/18805",0.0175438596491228,1.90700740290031,0.660829195960365,0.409979742534297,0.770869300742692,0.75815268227011,"TMEM14B",1,"BP",0.00578034682080925,0.00303110874767349
"BP","GO:0051452","intracellular pH reduction","1/173","57/18805",0.0175438596491228,1.90700740290031,0.660829195960365,0.409979742534297,0.770869300742692,0.75815268227011,"ATP6V0B",1,"BP",0.00578034682080925,0.00303110874767349
"BP","GO:1901799","negative regulation of proteasomal protein catabolic process","1/173","57/18805",0.0175438596491228,1.90700740290031,0.660829195960365,0.409979742534297,0.770869300742692,0.75815268227011,"CSNK2B",1,"BP",0.00578034682080925,0.00303110874767349
"BP","GO:0001909","leukocyte mediated cytotoxicity","2/173","153/18805",0.0130718954248366,1.42090747667082,0.503718715658954,0.411982761475572,0.773911542584952,0.761144737876167,"HLA-A/HLA-B",2,"BP",0.0115606936416185,0.00813613400691305
"BP","GO:0034599","cellular response to oxidative stress","3/173","254/18805",0.0118110236220472,1.28385144053525,0.438876910726271,0.414673144742545,0.774585092283678,0.761807176385833,"NAGLU/GPX1/ROMO1",3,"BP",0.0173410404624277,0.0135070459984047
"BP","GO:0001755","neural crest cell migration","1/173","58/18805",0.0172413793103448,1.87412796491927,0.64245328850005,0.415424243523286,0.774585092283678,0.761807176385833,"SEMA3B",1,"BP",0.00578034682080925,0.0030842860941239
"BP","GO:0032507","maintenance of protein location in cell","1/173","58/18805",0.0172413793103448,1.87412796491927,0.64245328850005,0.415424243523286,0.774585092283678,0.761807176385833,"CHCHD10",1,"BP",0.00578034682080925,0.0030842860941239
"BP","GO:0033047","regulation of mitotic sister chromatid segregation","1/173","58/18805",0.0172413793103448,1.87412796491927,0.64245328850005,0.415424243523286,0.774585092283678,0.761807176385833,"MAD2L1",1,"BP",0.00578034682080925,0.0030842860941239
"BP","GO:0035315","hair cell differentiation","1/173","58/18805",0.0172413793103448,1.87412796491927,0.64245328850005,0.415424243523286,0.774585092283678,0.761807176385833,"HES1",1,"BP",0.00578034682080925,0.0030842860941239
"BP","GO:0043462","regulation of ATP-dependent activity","1/173","58/18805",0.0172413793103448,1.87412796491927,0.64245328850005,0.415424243523286,0.774585092283678,0.761807176385833,"SNRNP70",1,"BP",0.00578034682080925,0.0030842860941239
"BP","GO:0098732","macromolecule deacylation","1/173","58/18805",0.0172413793103448,1.87412796491927,0.64245328850005,0.415424243523286,0.774585092283678,0.761807176385833,"NNMT",1,"BP",0.00578034682080925,0.0030842860941239
"BP","GO:0099172","presynapse organization","1/173","58/18805",0.0172413793103448,1.87412796491927,0.64245328850005,0.415424243523286,0.774585092283678,0.761807176385833,"CHD4",1,"BP",0.00578034682080925,0.0030842860941239
"BP","GO:0006402","mRNA catabolic process","4/173","357/18805",0.0112044817927171,1.21792069428928,0.400568110657426,0.41706042239142,0.775194503688129,0.762406534656353,"LSM4/FASTK/LSM5/LSM7",4,"BP",0.023121387283237,0.0189843126827971
"BP","GO:0002705","positive regulation of leukocyte mediated immunity","2/173","155/18805",0.0129032258064516,1.40257318664926,0.484941901953964,0.418360336197863,0.775194503688129,0.762406534656353,"HLA-A/HLA-B",2,"BP",0.0115606936416185,0.00824248869981388
"BP","GO:0048863","stem cell differentiation","3/173","256/18805",0.01171875,1.27382135115607,0.425055339623628,0.419579138770915,0.775194503688129,0.762406534656353,"SEMA3B/HES1/CHD4",3,"BP",0.0173410404624277,0.0136134006913055
"BP","GO:0009161","ribonucleoside monophosphate metabolic process","1/173","59/18805",0.0169491525423729,1.84236308415793,0.624438196235764,0.420818792297515,0.775194503688129,0.762406534656353,"GUK1",1,"BP",0.00578034682080925,0.00313746344057432
"BP","GO:0016073","snRNA metabolic process","1/173","59/18805",0.0169491525423729,1.84236308415793,0.624438196235764,0.420818792297515,0.775194503688129,0.762406534656353,"TUT1",1,"BP",0.00578034682080925,0.00313746344057432
"BP","GO:0019369","arachidonate metabolic process","1/173","59/18805",0.0169491525423729,1.84236308415793,0.624438196235764,0.420818792297515,0.775194503688129,0.762406534656353,"GPX1",1,"BP",0.00578034682080925,0.00313746344057432
"BP","GO:0032413","negative regulation of ion transmembrane transporter activity","1/173","59/18805",0.0169491525423729,1.84236308415793,0.624438196235764,0.420818792297515,0.775194503688129,0.762406534656353,"GSTO1",1,"BP",0.00578034682080925,0.00313746344057432
"BP","GO:0042158","lipoprotein biosynthetic process","1/173","59/18805",0.0169491525423729,1.84236308415793,0.624438196235764,0.420818792297515,0.775194503688129,0.762406534656353,"ZDHHC12",1,"BP",0.00578034682080925,0.00313746344057432
"BP","GO:0060986","endocrine hormone secretion","1/173","59/18805",0.0169491525423729,1.84236308415793,0.624438196235764,0.420818792297515,0.775194503688129,0.762406534656353,"SELENOM",1,"BP",0.00578034682080925,0.00313746344057432
"BP","GO:0061005","cell differentiation involved in kidney development","1/173","59/18805",0.0169491525423729,1.84236308415793,0.624438196235764,0.420818792297515,0.775194503688129,0.762406534656353,"HES1",1,"BP",0.00578034682080925,0.00313746344057432
"BP","GO:0061900","glial cell activation","1/173","59/18805",0.0169491525423729,1.84236308415793,0.624438196235764,0.420818792297515,0.775194503688129,0.762406534656353,"NAGLU",1,"BP",0.00578034682080925,0.00313746344057432
"BP","GO:1901019","regulation of calcium ion transmembrane transporter activity","1/173","59/18805",0.0169491525423729,1.84236308415793,0.624438196235764,0.420818792297515,0.775194503688129,0.762406534656353,"GSTO1",1,"BP",0.00578034682080925,0.00313746344057432
"BP","GO:0007030","Golgi organization","2/173","156/18805",0.0128205128205128,1.39358233288869,0.475651154671532,0.421536115687127,0.775194503688129,0.762406534656353,"NAGLU/GOLGA8B",2,"BP",0.0115606936416185,0.00829566604626429
"BP","GO:0062013","positive regulation of small molecule metabolic process","2/173","156/18805",0.0128205128205128,1.39358233288869,0.475651154671532,0.421536115687127,0.775194503688129,0.762406534656353,"NNMT/NDUFC2",2,"BP",0.0115606936416185,0.00829566604626429
"BP","GO:0072523","purine-containing compound catabolic process","2/173","156/18805",0.0128205128205128,1.39358233288869,0.475651154671532,0.421536115687127,0.775194503688129,0.762406534656353,"NUDT1/ITPA",2,"BP",0.0115606936416185,0.00829566604626429
"BP","GO:1901136","carbohydrate derivative catabolic process","3/173","258/18805",0.0116279069767442,1.26394676703858,0.411346492947234,0.424471768246029,0.775854353328215,0.763055499109918,"NAGLU/NUDT1/ITPA",3,"BP",0.0173410404624277,0.0137197553842063
"BP","GO:0043535","regulation of blood vessel endothelial cell migration","2/173","157/18805",0.0127388535031847,1.38470601229704,0.466424231503536,0.424703076237051,0.775854353328215,0.763055499109918,"CIB1/CSNK2B",2,"BP",0.0115606936416185,0.0083488433927147
"BP","GO:0001541","ovarian follicle development","1/173","60/18805",0.0166666666666667,1.8116570327553,0.606769711771616,0.42616384451839,0.775854353328215,0.763055499109918,"AMH",1,"BP",0.00578034682080925,0.00319064078702473
"BP","GO:0043616","keratinocyte proliferation","1/173","60/18805",0.0166666666666667,1.8116570327553,0.606769711771616,0.42616384451839,0.775854353328215,0.763055499109918,"SFN",1,"BP",0.00578034682080925,0.00319064078702473
"BP","GO:0048168","regulation of neuronal synaptic plasticity","1/173","60/18805",0.0166666666666667,1.8116570327553,0.606769711771616,0.42616384451839,0.775854353328215,0.763055499109918,"HRAS",1,"BP",0.00578034682080925,0.00319064078702473
"BP","GO:0050850","positive regulation of calcium-mediated signaling","1/173","60/18805",0.0166666666666667,1.8116570327553,0.606769711771616,0.42616384451839,0.775854353328215,0.763055499109918,"CIB1",1,"BP",0.00578034682080925,0.00319064078702473
"BP","GO:0050881","musculoskeletal movement","1/173","60/18805",0.0166666666666667,1.8116570327553,0.606769711771616,0.42616384451839,0.775854353328215,0.763055499109918,"GSTO1",1,"BP",0.00578034682080925,0.00319064078702473
"BP","GO:0055008","cardiac muscle tissue morphogenesis","1/173","60/18805",0.0166666666666667,1.8116570327553,0.606769711771616,0.42616384451839,0.775854353328215,0.763055499109918,"NAGLU",1,"BP",0.00578034682080925,0.00319064078702473
"BP","GO:0060350","endochondral bone morphogenesis","1/173","60/18805",0.0166666666666667,1.8116570327553,0.606769711771616,0.42616384451839,0.775854353328215,0.763055499109918,"SCX",1,"BP",0.00578034682080925,0.00319064078702473
"BP","GO:0070542","response to fatty acid","1/173","60/18805",0.0166666666666667,1.8116570327553,0.606769711771616,0.42616384451839,0.775854353328215,0.763055499109918,"HES1",1,"BP",0.00578034682080925,0.00319064078702473
"BP","GO:0090497","mesenchymal cell migration","1/173","60/18805",0.0166666666666667,1.8116570327553,0.606769711771616,0.42616384451839,0.775854353328215,0.763055499109918,"SEMA3B",1,"BP",0.00578034682080925,0.00319064078702473
"BP","GO:0010001","glial cell differentiation","3/173","259/18805",0.0115830115830116,1.25906666369094,0.404533713874429,0.426912892925873,0.775854353328215,0.763055499109918,"NAGLU/HRAS/HES1",3,"BP",0.0173410404624277,0.0137729327306567
"BP","GO:0045927","positive regulation of growth","3/173","259/18805",0.0115830115830116,1.25906666369094,0.404533713874429,0.426912892925873,0.775854353328215,0.763055499109918,"CIB1/PRR5/SFN",3,"BP",0.0173410404624277,0.0137729327306567
"BP","GO:0002703","regulation of leukocyte mediated immunity","3/173","260/18805",0.0115384615384615,1.25422409959982,0.397748369543577,0.429350464232062,0.778486806056483,0.765644525673776,"HLA-A/HLA-B/VAMP8",3,"BP",0.0173410404624277,0.0138261100771072
"BP","GO:0005996","monosaccharide metabolic process","3/173","260/18805",0.0115384615384615,1.25422409959982,0.397748369543577,0.429350464232062,0.778486806056483,0.765644525673776,"GSTO1/NNMT/TFF3",3,"BP",0.0173410404624277,0.0138261100771072
"BP","GO:0097696","cell surface receptor signaling pathway via STAT","2/173","159/18805",0.0125786163522013,1.36728832660777,0.44815813359705,0.431010115800433,0.778486806056483,0.765644525673776,"NAGLU/HES1",2,"BP",0.0115606936416185,0.00845519808561553
"BP","GO:0000959","mitochondrial RNA metabolic process","1/173","61/18805",0.0163934426229508,1.78195773713636,0.589434424163847,0.431459851714887,0.778486806056483,0.765644525673776,"CHCHD10",1,"BP",0.00578034682080925,0.00324381813347514
"BP","GO:0014009","glial cell proliferation","1/173","61/18805",0.0163934426229508,1.78195773713636,0.589434424163847,0.431459851714887,0.778486806056483,0.765644525673776,"HES1",1,"BP",0.00578034682080925,0.00324381813347514
"BP","GO:0046456","icosanoid biosynthetic process","1/173","61/18805",0.0163934426229508,1.78195773713636,0.589434424163847,0.431459851714887,0.778486806056483,0.765644525673776,"LTC4S",1,"BP",0.00578034682080925,0.00324381813347514
"BP","GO:0051293","establishment of spindle localization","1/173","61/18805",0.0163934426229508,1.78195773713636,0.589434424163847,0.431459851714887,0.778486806056483,0.765644525673776,"MAD2L1",1,"BP",0.00578034682080925,0.00324381813347514
"BP","GO:0070231","T cell apoptotic process","1/173","61/18805",0.0163934426229508,1.78195773713636,0.589434424163847,0.431459851714887,0.778486806056483,0.765644525673776,"SIVA1",1,"BP",0.00578034682080925,0.00324381813347514
"BP","GO:0010965","regulation of mitotic sister chromatid separation","1/173","62/18805",0.0161290322580645,1.75321648331158,0.572419661773135,0.436707261320804,0.78303442930849,0.770117129217776,"MAD2L1",1,"BP",0.00578034682080925,0.00329699547992555
"BP","GO:0038066","p38MAPK cascade","1/173","62/18805",0.0161290322580645,1.75321648331158,0.572419661773135,0.436707261320804,0.78303442930849,0.770117129217776,"GADD45G",1,"BP",0.00578034682080925,0.00329699547992555
"BP","GO:0050879","multicellular organismal movement","1/173","62/18805",0.0161290322580645,1.75321648331158,0.572419661773135,0.436707261320804,0.78303442930849,0.770117129217776,"GSTO1",1,"BP",0.00578034682080925,0.00329699547992555
"BP","GO:0051932","synaptic transmission, GABAergic","1/173","62/18805",0.0161290322580645,1.75321648331158,0.572419661773135,0.436707261320804,0.78303442930849,0.770117129217776,"ZDHHC12",1,"BP",0.00578034682080925,0.00329699547992555
"BP","GO:0099518","vesicle cytoskeletal trafficking","1/173","62/18805",0.0161290322580645,1.75321648331158,0.572419661773135,0.436707261320804,0.78303442930849,0.770117129217776,"BLOC1S1",1,"BP",0.00578034682080925,0.00329699547992555
"BP","GO:1900024","regulation of substrate adhesion-dependent cell spreading","1/173","62/18805",0.0161290322580645,1.75321648331158,0.572419661773135,0.436707261320804,0.78303442930849,0.770117129217776,"CIB1",1,"BP",0.00578034682080925,0.00329699547992555
"BP","GO:1903409","reactive oxygen species biosynthetic process","1/173","62/18805",0.0161290322580645,1.75321648331158,0.572419661773135,0.436707261320804,0.78303442930849,0.770117129217776,"NDUFC2",1,"BP",0.00578034682080925,0.00329699547992555
"BP","GO:0030902","hindbrain development","2/173","161/18805",0.0124223602484472,1.35030337845115,0.430136356213352,0.437280632067762,0.783363699158826,0.770440967279536,"NAGLU/HES1",2,"BP",0.0115606936416185,0.00856155277851635
"BP","GO:0000723","telomere maintenance","2/173","162/18805",0.0123456790123457,1.34196817241133,0.421214904322353,0.440401948271819,0.788252819257663,0.775249434179571,"TFPT/RPA3",2,"BP",0.0115606936416185,0.00861473012496676
"BP","GO:0003229","ventricular cardiac muscle tissue development","1/173","63/18805",0.0158730158730159,1.72538765024314,0.555713440076149,0.441906516711697,0.788838453455161,0.775825407483002,"NAGLU",1,"BP",0.00578034682080925,0.00335017282637596
"BP","GO:0006611","protein export from nucleus","1/173","63/18805",0.0158730158730159,1.72538765024314,0.555713440076149,0.441906516711697,0.788838453455161,0.775825407483002,"SFN",1,"BP",0.00578034682080925,0.00335017282637596
"BP","GO:0051341","regulation of oxidoreductase activity","1/173","63/18805",0.0158730158730159,1.72538765024314,0.555713440076149,0.441906516711697,0.788838453455161,0.775825407483002,"COX17",1,"BP",0.00578034682080925,0.00335017282637596
"BP","GO:0050729","positive regulation of inflammatory response","2/173","163/18805",0.0122699386503067,1.33373523883826,0.412351948724794,0.443513843923878,0.79100516973114,0.777956380599676,"RPS19/VAMP8",2,"BP",0.0115606936416185,0.00866790747141718
"BP","GO:0033013","tetrapyrrole metabolic process","1/173","64/18805",0.015625,1.69842846820809,0.539304413934201,0.447058057241463,0.792404492994128,0.779332619975371,"TMEM14B",1,"BP",0.00578034682080925,0.00340335017282638
"BP","GO:0033619","membrane protein proteolysis","1/173","64/18805",0.015625,1.69842846820809,0.539304413934201,0.447058057241463,0.792404492994128,0.779332619975371,"PARL",1,"BP",0.00578034682080925,0.00340335017282638
"BP","GO:0034142","toll-like receptor 4 signaling pathway","1/173","64/18805",0.015625,1.69842846820809,0.539304413934201,0.447058057241463,0.792404492994128,0.779332619975371,"NAGLU",1,"BP",0.00578034682080925,0.00340335017282638
"BP","GO:0046824","positive regulation of nucleocytoplasmic transport","1/173","64/18805",0.015625,1.69842846820809,0.539304413934201,0.447058057241463,0.792404492994128,0.779332619975371,"SFN",1,"BP",0.00578034682080925,0.00340335017282638
"BP","GO:0048524","positive regulation of viral process","1/173","64/18805",0.015625,1.69842846820809,0.539304413934201,0.447058057241463,0.792404492994128,0.779332619975371,"TARBP2",1,"BP",0.00578034682080925,0.00340335017282638
"BP","GO:0097352","autophagosome maturation","1/173","64/18805",0.015625,1.69842846820809,0.539304413934201,0.447058057241463,0.792404492994128,0.779332619975371,"VAMP8",1,"BP",0.00578034682080925,0.00340335017282638
"BP","GO:0097479","synaptic vesicle localization","1/173","64/18805",0.015625,1.69842846820809,0.539304413934201,0.447058057241463,0.792404492994128,0.779332619975371,"BLOC1S1",1,"BP",0.00578034682080925,0.00340335017282638
"BP","GO:0120254","olefinic compound metabolic process","2/173","165/18805",0.0121212121212121,1.31756875109476,0.394798245742753,0.449709010722894,0.794088679069528,0.780989022934053,"GPX1/DHRS4L2",2,"BP",0.0115606936416185,0.008774262164318
"BP","GO:0016236","macroautophagy","4/173","374/18805",0.0106951871657754,1.16256066273067,0.305981555254441,0.451902555955669,0.794088679069528,0.780989022934053,"VAMP8/ATP6V0B/CTSD/PARL",4,"BP",0.023121387283237,0.0198883275724541
"BP","GO:0002931","response to ischemia","1/173","65/18805",0.0153846153846154,1.67229879946643,0.523181833874715,0.452162318278613,0.794088679069528,0.780989022934053,"CIB1",1,"BP",0.00578034682080925,0.00345652751927679
"BP","GO:0021545","cranial nerve development","1/173","65/18805",0.0153846153846154,1.67229879946643,0.523181833874715,0.452162318278613,0.794088679069528,0.780989022934053,"HES1",1,"BP",0.00578034682080925,0.00345652751927679
"BP","GO:0031122","cytoplasmic microtubule organization","1/173","65/18805",0.0153846153846154,1.67229879946643,0.523181833874715,0.452162318278613,0.794088679069528,0.780989022934053,"CIB1",1,"BP",0.00578034682080925,0.00345652751927679
"BP","GO:0032615","interleukin-12 production","1/173","65/18805",0.0153846153846154,1.67229879946643,0.523181833874715,0.452162318278613,0.794088679069528,0.780989022934053,"HLA-B",1,"BP",0.00578034682080925,0.00345652751927679
"BP","GO:0032655","regulation of interleukin-12 production","1/173","65/18805",0.0153846153846154,1.67229879946643,0.523181833874715,0.452162318278613,0.794088679069528,0.780989022934053,"HLA-B",1,"BP",0.00578034682080925,0.00345652751927679
"BP","GO:0051306","mitotic sister chromatid separation","1/173","65/18805",0.0153846153846154,1.67229879946643,0.523181833874715,0.452162318278613,0.794088679069528,0.780989022934053,"MAD2L1",1,"BP",0.00578034682080925,0.00345652751927679
"BP","GO:1903078","positive regulation of protein localization to plasma membrane","1/173","65/18805",0.0153846153846154,1.67229879946643,0.523181833874715,0.452162318278613,0.794088679069528,0.780989022934053,"CIB1",1,"BP",0.00578034682080925,0.00345652751927679
"BP","GO:0035051","cardiocyte differentiation","2/173","166/18805",0.0120481927710843,1.30963158994359,0.386105899766161,0.452792106542812,0.794088679069528,0.780989022934053,"NAGLU/HES1",2,"BP",0.0115606936416185,0.00882743951076841
"BP","GO:0043603","amide metabolic process","5/173","480/18805",0.0104166666666667,1.13228564547206,0.282897938573478,0.45322788217238,0.794088679069528,0.780989022934053,"GSTO1/NAGLU/GPX1/NNMT/FPGS",5,"BP",0.0289017341040462,0.0255251262961978
"BP","GO:0016311","dephosphorylation","2/173","167/18805",0.0119760479041916,1.30178948461459,0.377468852016324,0.455865431083236,0.794088679069528,0.780989022934053,"DUSP23/SDHAF2",2,"BP",0.0115606936416185,0.00888061685721882
"BP","GO:0010563","negative regulation of phosphorus metabolic process","3/173","271/18805",0.011070110701107,1.20331463430241,0.32485319374667,0.455910147912751,0.794088679069528,0.780989022934053,"CIB1/TARBP2/SFN",3,"BP",0.0173410404624277,0.0144110608880617
"BP","GO:0045936","negative regulation of phosphate metabolic process","3/173","271/18805",0.011070110701107,1.20331463430241,0.32485319374667,0.455910147912751,0.794088679069528,0.780989022934053,"CIB1/TARBP2/SFN",3,"BP",0.0173410404624277,0.0144110608880617
"BP","GO:0001655","urogenital system development","1/173","66/18805",0.0151515151515152,1.64696093886845,0.507335505991636,0.45721973124221,0.794088679069528,0.780989022934053,"AMH",1,"BP",0.00578034682080925,0.0035097048657272
"BP","GO:0001885","endothelial cell development","1/173","66/18805",0.0151515151515152,1.64696093886845,0.507335505991636,0.45721973124221,0.794088679069528,0.780989022934053,"GPX1",1,"BP",0.00578034682080925,0.0035097048657272
"BP","GO:0008631","intrinsic apoptotic signaling pathway in response to oxidative stress","1/173","66/18805",0.0151515151515152,1.64696093886845,0.507335505991636,0.45721973124221,0.794088679069528,0.780989022934053,"GPX1",1,"BP",0.00578034682080925,0.0035097048657272
"BP","GO:0050688","regulation of defense response to virus","1/173","66/18805",0.0151515151515152,1.64696093886845,0.507335505991636,0.45721973124221,0.794088679069528,0.780989022934053,"TARBP2",1,"BP",0.00578034682080925,0.0035097048657272
"BP","GO:0051653","spindle localization","1/173","66/18805",0.0151515151515152,1.64696093886845,0.507335505991636,0.45721973124221,0.794088679069528,0.780989022934053,"MAD2L1",1,"BP",0.00578034682080925,0.0035097048657272
"BP","GO:0090303","positive regulation of wound healing","1/173","66/18805",0.0151515151515152,1.64696093886845,0.507335505991636,0.45721973124221,0.794088679069528,0.780989022934053,"HRAS",1,"BP",0.00578034682080925,0.0035097048657272
"BP","GO:0001894","tissue homeostasis","3/173","272/18805",0.0110294117647059,1.19889068344101,0.318379036649413,0.458299954366023,0.794088679069528,0.780989022934053,"NAGLU/TFF3/SCX",3,"BP",0.0173410404624277,0.0144642382345121
"BP","GO:0060249","anatomical structure homeostasis","3/173","272/18805",0.0110294117647059,1.19889068344101,0.318379036649413,0.458299954366023,0.794088679069528,0.780989022934053,"NAGLU/TFF3/SCX",3,"BP",0.0173410404624277,0.0144642382345121
"BP","GO:0032412","regulation of monoatomic ion transmembrane transporter activity","2/173","168/18805",0.0119047619047619,1.29404073768236,0.368886342978126,0.45892890261377,0.794088679069528,0.780989022934053,"GSTO1/COX17",2,"BP",0.0115606936416185,0.00893379420366924
"BP","GO:0070665","positive regulation of leukocyte proliferation","2/173","168/18805",0.0119047619047619,1.29404073768236,0.368886342978126,0.45892890261377,0.794088679069528,0.780989022934053,"HLA-A/HES1",2,"BP",0.0115606936416185,0.00893379420366924
"BP","GO:0007416","synapse assembly","3/173","273/18805",0.010989010989011,1.19449914247602,0.311929395600425,0.460685379428662,0.794088679069528,0.780989022934053,"ZDHHC12/NEDD8/CHD4",3,"BP",0.0173410404624277,0.0145174155809625
"BP","GO:0051963","regulation of synapse assembly","2/173","169/18805",0.0118343195266272,1.28638369189725,0.360357628303683,0.461982441712806,0.794088679069528,0.780989022934053,"NEDD8/CHD4",2,"BP",0.0115606936416185,0.00898697155011965
"BP","GO:0006695","cholesterol biosynthetic process","1/173","67/18805",0.0149253731343284,1.62237943231818,0.491755755114946,0.462230723637487,0.794088679069528,0.780989022934053,"EBP",1,"BP",0.00578034682080925,0.00356288221217761
"BP","GO:0006893","Golgi to plasma membrane transport","1/173","67/18805",0.0149253731343284,1.62237943231818,0.491755755114946,0.462230723637487,0.794088679069528,0.780989022934053,"VAMP5",1,"BP",0.00578034682080925,0.00356288221217761
"BP","GO:0030219","megakaryocyte differentiation","1/173","67/18805",0.0149253731343284,1.62237943231818,0.491755755114946,0.462230723637487,0.794088679069528,0.780989022934053,"CIB1",1,"BP",0.00578034682080925,0.00356288221217761
"BP","GO:0034394","protein localization to cell surface","1/173","67/18805",0.0149253731343284,1.62237943231818,0.491755755114946,0.462230723637487,0.794088679069528,0.780989022934053,"TAX1BP3",1,"BP",0.00578034682080925,0.00356288221217761
"BP","GO:0045185","maintenance of protein location","1/173","67/18805",0.0149253731343284,1.62237943231818,0.491755755114946,0.462230723637487,0.794088679069528,0.780989022934053,"CHCHD10",1,"BP",0.00578034682080925,0.00356288221217761
"BP","GO:0060042","retina morphogenesis in camera-type eye","1/173","67/18805",0.0149253731343284,1.62237943231818,0.491755755114946,0.462230723637487,0.794088679069528,0.780989022934053,"NAGLU",1,"BP",0.00578034682080925,0.00356288221217761
"BP","GO:0061951","establishment of protein localization to plasma membrane","1/173","67/18805",0.0149253731343284,1.62237943231818,0.491755755114946,0.462230723637487,0.794088679069528,0.780989022934053,"VAMP5",1,"BP",0.00578034682080925,0.00356288221217761
"BP","GO:0070534","protein K63-linked ubiquitination","1/173","67/18805",0.0149253731343284,1.62237943231818,0.491755755114946,0.462230723637487,0.794088679069528,0.780989022934053,"UBE2S",1,"BP",0.00578034682080925,0.00356288221217761
"BP","GO:1902653","secondary alcohol biosynthetic process","1/173","67/18805",0.0149253731343284,1.62237943231818,0.491755755114946,0.462230723637487,0.794088679069528,0.780989022934053,"EBP",1,"BP",0.00578034682080925,0.00356288221217761
"BP","GO:2000630","positive regulation of miRNA metabolic process","1/173","67/18805",0.0149253731343284,1.62237943231818,0.491755755114946,0.462230723637487,0.794088679069528,0.780989022934053,"HRAS",1,"BP",0.00578034682080925,0.00356288221217761
"BP","GO:0048762","mesenchymal cell differentiation","3/173","275/18805",0.0109090909090909,1.18581187598529,0.299102842524106,0.465442855163216,0.798924115181951,0.785744691443678,"SEMA3B/HES1/SDHAF2",3,"BP",0.0173410404624277,0.0146237702738633
"BP","GO:0035019","somatic stem cell population maintenance","1/173","68/18805",0.0147058823529412,1.59852091125468,0.476433390937954,0.467195719091149,0.799883641714829,0.786688389180648,"HES1",1,"BP",0.00578034682080925,0.00361605955862802
"BP","GO:0060675","ureteric bud morphogenesis","1/173","68/18805",0.0147058823529412,1.59852091125468,0.476433390937954,0.467195719091149,0.799883641714829,0.786688389180648,"HES1",1,"BP",0.00578034682080925,0.00361605955862802
"BP","GO:0070918","regulatory ncRNA processing","1/173","68/18805",0.0147058823529412,1.59852091125468,0.476433390937954,0.467195719091149,0.799883641714829,0.786688389180648,"TARBP2",1,"BP",0.00578034682080925,0.00361605955862802
"BP","GO:0042770","signal transduction in response to DNA damage","2/173","171/18805",0.0116959064327485,1.27133826860021,0.343458678142644,0.468059416263612,0.800680363140307,0.787471967518982,"EEF1E1/BABAM1",2,"BP",0.0115606936416185,0.00909332624302047
"BP","GO:0003205","cardiac chamber development","2/173","172/18805",0.0116279069767442,1.26394676703858,0.335087026317628,0.471082704102263,0.800802891262927,0.78759247436071,"NAGLU/HES1",2,"BP",0.0115606936416185,0.00914650358947089
"BP","GO:0043087","regulation of GTPase activity","2/173","172/18805",0.0116279069767442,1.26394676703858,0.335087026317628,0.471082704102263,0.800802891262927,0.78759247436071,"HRAS/TAX1BP3",2,"BP",0.0115606936416185,0.00914650358947089
"BP","GO:0090287","regulation of cellular response to growth factor stimulus","4/173","384/18805",0.0104166666666667,1.13228564547206,0.252371417316163,0.472094604454007,0.800802891262927,0.78759247436071,"CD63/HES1/FBXL15/FAM89B",4,"BP",0.023121387283237,0.0204201010369583
"BP","GO:0030193","regulation of blood coagulation","1/173","69/18805",0.0144927536231884,1.57535394152635,0.461359676824815,0.472115137386352,0.800802891262927,0.78759247436071,"VKORC1",1,"BP",0.00578034682080925,0.00366923690507844
"BP","GO:0030199","collagen fibril organization","1/173","69/18805",0.0144927536231884,1.57535394152635,0.461359676824815,0.472115137386352,0.800802891262927,0.78759247436071,"SCX",1,"BP",0.00578034682080925,0.00366923690507844
"BP","GO:0043525","positive regulation of neuron apoptotic process","1/173","69/18805",0.0144927536231884,1.57535394152635,0.461359676824815,0.472115137386352,0.800802891262927,0.78759247436071,"CDC34",1,"BP",0.00578034682080925,0.00366923690507844
"BP","GO:0048645","animal organ formation","1/173","69/18805",0.0144927536231884,1.57535394152635,0.461359676824815,0.472115137386352,0.800802891262927,0.78759247436071,"HES1",1,"BP",0.00578034682080925,0.00366923690507844
"BP","GO:0061180","mammary gland epithelium development","1/173","69/18805",0.0144927536231884,1.57535394152635,0.461359676824815,0.472115137386352,0.800802891262927,0.78759247436071,"GPX1",1,"BP",0.00578034682080925,0.00366923690507844
"BP","GO:0072171","mesonephric tubule morphogenesis","1/173","69/18805",0.0144927536231884,1.57535394152635,0.461359676824815,0.472115137386352,0.800802891262927,0.78759247436071,"HES1",1,"BP",0.00578034682080925,0.00366923690507844
"BP","GO:0098930","axonal transport","1/173","69/18805",0.0144927536231884,1.57535394152635,0.461359676824815,0.472115137386352,0.800802891262927,0.78759247436071,"BLOC1S1",1,"BP",0.00578034682080925,0.00366923690507844
"BP","GO:0051896","regulation of phosphatidylinositol 3-kinase/protein kinase B signal transduction","3/173","278/18805",0.0107913669064748,1.17301534494947,0.280041828861597,0.472544791021442,0.800855843130775,0.787644552709921,"CIB1/GPX1/PRR5",3,"BP",0.0173410404624277,0.0147833023132146
"BP","GO:0010562","positive regulation of phosphorus metabolic process","5/173","493/18805",0.0101419878296146,1.1024282146584,0.222071899746833,0.476403886520844,0.802077269209563,0.788845829576098,"HRAS/CIB1/HES1/JTB/NDUFC2",5,"BP",0.0289017341040462,0.0262164318000532
"BP","GO:0045937","positive regulation of phosphate metabolic process","5/173","493/18805",0.0101419878296146,1.1024282146584,0.222071899746833,0.476403886520844,0.802077269209563,0.788845829576098,"HRAS/CIB1/HES1/JTB/NDUFC2",5,"BP",0.0289017341040462,0.0262164318000532
"BP","GO:0006687","glycosphingolipid metabolic process","1/173","70/18805",0.0142857142857143,1.55284888521883,0.446526301050416,0.476989394497377,0.802077269209563,0.788845829576098,"NAGLU",1,"BP",0.00578034682080925,0.00372241425152885
"BP","GO:0044773","mitotic DNA damage checkpoint signaling","1/173","70/18805",0.0142857142857143,1.55284888521883,0.446526301050416,0.476989394497377,0.802077269209563,0.788845829576098,"BABAM1",1,"BP",0.00578034682080925,0.00372241425152885
"BP","GO:0046530","photoreceptor cell differentiation","1/173","70/18805",0.0142857142857143,1.55284888521883,0.446526301050416,0.476989394497377,0.802077269209563,0.788845829576098,"NAGLU",1,"BP",0.00578034682080925,0.00372241425152885
"BP","GO:0030856","regulation of epithelial cell differentiation","2/173","174/18805",0.0114942528735632,1.24941864327952,0.318495931379558,0.477098528206687,0.802077269209563,0.788845829576098,"HES1/SFN",2,"BP",0.0115606936416185,0.00925285828237171
"BP","GO:0048284","organelle fusion","2/173","174/18805",0.0114942528735632,1.24941864327952,0.318495931379558,0.477098528206687,0.802077269209563,0.788845829576098,"VAMP8/PARL",2,"BP",0.0115606936416185,0.00925285828237171
"BP","GO:0051168","nuclear export","2/173","174/18805",0.0114942528735632,1.24941864327952,0.318495931379558,0.477098528206687,0.802077269209563,0.788845829576098,"ALYREF/SFN",2,"BP",0.0115606936416185,0.00925285828237171
"BP","GO:0055002","striated muscle cell development","2/173","174/18805",0.0114942528735632,1.24941864327952,0.318495931379558,0.477098528206687,0.802077269209563,0.788845829576098,"NAGLU/GPX1",2,"BP",0.0115606936416185,0.00925285828237171
"BP","GO:0006898","receptor-mediated endocytosis","3/173","280/18805",0.0107142857142857,1.16463666391412,0.267451414822851,0.477255927350566,0.802077269209563,0.788845829576098,"CD63/AP1S1/AP2S1",3,"BP",0.0173410404624277,0.0148896570061154
"BP","GO:0060041","retina development in camera-type eye","2/173","175/18805",0.0114285714285714,1.24227910817506,0.310275152911343,0.480090929785932,0.803123687771329,0.78987498593064,"NAGLU/HES1",2,"BP",0.0115606936416185,0.00930603562882212
"BP","GO:0003143","embryonic heart tube morphogenesis","1/173","71/18805",0.0140845070422535,1.53097777415941,0.431925350250886,0.481818902623983,0.803123687771329,0.78987498593064,"HES1",1,"BP",0.00578034682080925,0.00377559159797926
"BP","GO:0003208","cardiac ventricle morphogenesis","1/173","71/18805",0.0140845070422535,1.53097777415941,0.431925350250886,0.481818902623983,0.803123687771329,0.78987498593064,"NAGLU",1,"BP",0.00578034682080925,0.00377559159797926
"BP","GO:0009064","glutamine family amino acid metabolic process","1/173","71/18805",0.0140845070422535,1.53097777415941,0.431925350250886,0.481818902623983,0.803123687771329,0.78987498593064,"FPGS",1,"BP",0.00578034682080925,0.00377559159797926
"BP","GO:0018107","peptidyl-threonine phosphorylation","1/173","71/18805",0.0140845070422535,1.53097777415941,0.431925350250886,0.481818902623983,0.803123687771329,0.78987498593064,"CSNK2B",1,"BP",0.00578034682080925,0.00377559159797926
"BP","GO:0030225","macrophage differentiation","1/173","71/18805",0.0140845070422535,1.53097777415941,0.431925350250886,0.481818902623983,0.803123687771329,0.78987498593064,"NAGLU",1,"BP",0.00578034682080925,0.00377559159797926
"BP","GO:0043406","positive regulation of MAP kinase activity","1/173","71/18805",0.0140845070422535,1.53097777415941,0.431925350250886,0.481818902623983,0.803123687771329,0.78987498593064,"HRAS",1,"BP",0.00578034682080925,0.00377559159797926
"BP","GO:1900046","regulation of hemostasis","1/173","71/18805",0.0140845070422535,1.53097777415941,0.431925350250886,0.481818902623983,0.803123687771329,0.78987498593064,"VKORC1",1,"BP",0.00578034682080925,0.00377559159797926
"BP","GO:0051258","protein polymerization","3/173","282/18805",0.0106382978723404,1.15637682941828,0.254952766753271,0.481947781883885,0.803123687771329,0.78987498593064,"UBE2S/CCDC57/ARPC4",3,"BP",0.0173410404624277,0.0149960116990162
"BP","GO:0140014","mitotic nuclear division","3/173","282/18805",0.0106382978723404,1.15637682941828,0.254952766753271,0.481947781883885,0.803123687771329,0.78987498593064,"MAD2L1/UBE2S/AURKAIP1",3,"BP",0.0173410404624277,0.0149960116990162
"BP","GO:0008286","insulin receptor signaling pathway","2/173","176/18805",0.0113636363636364,1.23522070415134,0.302103351523541,0.483072904734098,0.803123687771329,0.78987498593064,"HRAS/CTSD",2,"BP",0.0115606936416185,0.00935921297527253
"BP","GO:0022898","regulation of transmembrane transporter activity","2/173","176/18805",0.0113636363636364,1.23522070415134,0.302103351523541,0.483072904734098,0.803123687771329,0.78987498593064,"GSTO1/COX17",2,"BP",0.0115606936416185,0.00935921297527253
"BP","GO:0051701","biological process involved in interaction with host","2/173","176/18805",0.0113636363636364,1.23522070415134,0.302103351523541,0.483072904734098,0.803123687771329,0.78987498593064,"SIVA1/VAMP8",2,"BP",0.0115606936416185,0.00935921297527253
"BP","GO:0030216","keratinocyte differentiation","2/173","177/18805",0.0112994350282486,1.22824205610529,0.293979891035865,0.486044390872427,0.804550222641027,0.791277988017727,"SFN/CNFN",2,"BP",0.0115606936416185,0.00941239032172295
"BP","GO:0046626","regulation of insulin receptor signaling pathway","1/173","72/18805",0.0138888888888889,1.50971419396275,0.417549284886037,0.486604070225459,0.804550222641027,0.791277988017727,"CTSD",1,"BP",0.00578034682080925,0.00382876894442967
"BP","GO:0140895","cell surface toll-like receptor signaling pathway","1/173","72/18805",0.0138888888888889,1.50971419396275,0.417549284886037,0.486604070225459,0.804550222641027,0.791277988017727,"NAGLU",1,"BP",0.00578034682080925,0.00382876894442967
"BP","GO:0010972","negative regulation of G2/M transition of mitotic cell cycle","1/173","73/18805",0.0136986301369863,1.48903317760709,0.40339091653541,0.49134530205437,0.804550222641027,0.791277988017727,"BABAM1",1,"BP",0.00578034682080925,0.00388194629088009
"BP","GO:0014015","positive regulation of gliogenesis","1/173","73/18805",0.0136986301369863,1.48903317760709,0.40339091653541,0.49134530205437,0.804550222641027,0.791277988017727,"HES1",1,"BP",0.00578034682080925,0.00388194629088009
"BP","GO:0032835","glomerulus development","1/173","73/18805",0.0136986301369863,1.48903317760709,0.40339091653541,0.49134530205437,0.804550222641027,0.791277988017727,"HES1",1,"BP",0.00578034682080925,0.00388194629088009
"BP","GO:0045665","negative regulation of neuron differentiation","1/173","73/18805",0.0136986301369863,1.48903317760709,0.40339091653541,0.49134530205437,0.804550222641027,0.791277988017727,"HES1",1,"BP",0.00578034682080925,0.00388194629088009
"BP","GO:0051898","negative regulation of phosphatidylinositol 3-kinase/protein kinase B signal transduction","1/173","73/18805",0.0136986301369863,1.48903317760709,0.40339091653541,0.49134530205437,0.804550222641027,0.791277988017727,"CIB1",1,"BP",0.00578034682080925,0.00388194629088009
"BP","GO:0060415","muscle tissue morphogenesis","1/173","73/18805",0.0136986301369863,1.48903317760709,0.40339091653541,0.49134530205437,0.804550222641027,0.791277988017727,"NAGLU",1,"BP",0.00578034682080925,0.00388194629088009
"BP","GO:0061035","regulation of cartilage development","1/173","73/18805",0.0136986301369863,1.48903317760709,0.40339091653541,0.49134530205437,0.804550222641027,0.791277988017727,"SCX",1,"BP",0.00578034682080925,0.00388194629088009
"BP","GO:0008544","epidermis development","4/173","395/18805",0.010126582278481,1.10075364015512,0.195007284372374,0.493986549188817,0.804550222641027,0.791277988017727,"NAGLU/HES1/SFN/CNFN",4,"BP",0.023121387283237,0.0210050518479128
"BP","GO:0045089","positive regulation of innate immune response","4/173","395/18805",0.010126582278481,1.10075364015512,0.195007284372374,0.493986549188817,0.804550222641027,0.791277988017727,"RPS19/NAGLU/ZDHHC12/TARBP2",4,"BP",0.023121387283237,0.0210050518479128
"BP","GO:0019362","pyridine nucleotide metabolic process","2/173","180/18805",0.0111111111111111,1.2077713551702,0.269893371991938,0.494895324578432,0.804550222641027,0.791277988017727,"NNMT/LDHB",2,"BP",0.0115606936416185,0.00957192236107418
"BP","GO:0046496","nicotinamide nucleotide metabolic process","2/173","180/18805",0.0111111111111111,1.2077713551702,0.269893371991938,0.494895324578432,0.804550222641027,0.791277988017727,"NNMT/LDHB",2,"BP",0.0115606936416185,0.00957192236107418
"BP","GO:0002221","pattern recognition receptor signaling pathway","3/173","288/18805",0.0104166666666667,1.13228564547206,0.217992768231536,0.495903644830201,0.804550222641027,0.791277988017727,"NAGLU/ZDHHC12/TARBP2",3,"BP",0.0173410404624277,0.0153150757777187
"BP","GO:0006635","fatty acid beta-oxidation","1/173","74/18805",0.0135135135135135,1.46891110763943,0.389443386867631,0.496042999189998,0.804550222641027,0.791277988017727,"ETFB",1,"BP",0.00578034682080925,0.0039351236373305
"BP","GO:0016126","sterol biosynthetic process","1/173","74/18805",0.0135135135135135,1.46891110763943,0.389443386867631,0.496042999189998,0.804550222641027,0.791277988017727,"EBP",1,"BP",0.00578034682080925,0.0039351236373305
"BP","GO:0030858","positive regulation of epithelial cell differentiation","1/173","74/18805",0.0135135135135135,1.46891110763943,0.389443386867631,0.496042999189998,0.804550222641027,0.791277988017727,"SFN",1,"BP",0.00578034682080925,0.0039351236373305
"BP","GO:0032732","positive regulation of interleukin-1 production","1/173","74/18805",0.0135135135135135,1.46891110763943,0.389443386867631,0.496042999189998,0.804550222641027,0.791277988017727,"S100A13",1,"BP",0.00578034682080925,0.0039351236373305
"BP","GO:0044774","mitotic DNA integrity checkpoint signaling","1/173","74/18805",0.0135135135135135,1.46891110763943,0.389443386867631,0.496042999189998,0.804550222641027,0.791277988017727,"BABAM1",1,"BP",0.00578034682080925,0.0039351236373305
"BP","GO:0060411","cardiac septum morphogenesis","1/173","74/18805",0.0135135135135135,1.46891110763943,0.389443386867631,0.496042999189998,0.804550222641027,0.791277988017727,"HES1",1,"BP",0.00578034682080925,0.0039351236373305
"BP","GO:0071260","cellular response to mechanical stimulus","1/173","74/18805",0.0135135135135135,1.46891110763943,0.389443386867631,0.496042999189998,0.804550222641027,0.791277988017727,"SCX",1,"BP",0.00578034682080925,0.0039351236373305
"BP","GO:1903051","negative regulation of proteolysis involved in protein catabolic process","1/173","74/18805",0.0135135135135135,1.46891110763943,0.389443386867631,0.496042999189998,0.804550222641027,0.791277988017727,"CSNK2B",1,"BP",0.00578034682080925,0.0039351236373305
"BP","GO:0010970","transport along microtubule","2/173","181/18805",0.0110497237569061,1.20109858525213,0.26195714969779,0.497824273389466,0.804550222641027,0.791277988017727,"BORCS6/BLOC1S1",2,"BP",0.0115606936416185,0.00962509970752459
"BP","GO:0030178","negative regulation of Wnt signaling pathway","2/173","181/18805",0.0110497237569061,1.20109858525213,0.26195714969779,0.497824273389466,0.804550222641027,0.791277988017727,"SDHAF2/TAX1BP3",2,"BP",0.0115606936416185,0.00962509970752459
"BP","GO:1903034","regulation of response to wounding","2/173","181/18805",0.0110497237569061,1.20109858525213,0.26195714969779,0.497824273389466,0.804550222641027,0.791277988017727,"HRAS/VKORC1",2,"BP",0.0115606936416185,0.00962509970752459
"BP","GO:0002090","regulation of receptor internalization","1/173","75/18805",0.0133333333333333,1.44932562620424,0.37570014813875,0.500697559071485,0.804550222641027,0.791277988017727,"CD63",1,"BP",0.00578034682080925,0.00398830098378091
"BP","GO:0003281","ventricular septum development","1/173","75/18805",0.0133333333333333,1.44932562620424,0.37570014813875,0.500697559071485,0.804550222641027,0.791277988017727,"HES1",1,"BP",0.00578034682080925,0.00398830098378091
"BP","GO:0006406","mRNA export from nucleus","1/173","75/18805",0.0133333333333333,1.44932562620424,0.37570014813875,0.500697559071485,0.804550222641027,0.791277988017727,"ALYREF",1,"BP",0.00578034682080925,0.00398830098378091
"BP","GO:0021879","forebrain neuron differentiation","1/173","75/18805",0.0133333333333333,1.44932562620424,0.37570014813875,0.500697559071485,0.804550222641027,0.791277988017727,"HES1",1,"BP",0.00578034682080925,0.00398830098378091
"BP","GO:0032088","negative regulation of NF-kappaB transcription factor activity","1/173","75/18805",0.0133333333333333,1.44932562620424,0.37570014813875,0.500697559071485,0.804550222641027,0.791277988017727,"SIVA1",1,"BP",0.00578034682080925,0.00398830098378091
"BP","GO:0032206","positive regulation of telomere maintenance","1/173","75/18805",0.0133333333333333,1.44932562620424,0.37570014813875,0.500697559071485,0.804550222641027,0.791277988017727,"TFPT",1,"BP",0.00578034682080925,0.00398830098378091
"BP","GO:0042698","ovulation cycle","1/173","75/18805",0.0133333333333333,1.44932562620424,0.37570014813875,0.500697559071485,0.804550222641027,0.791277988017727,"AMH",1,"BP",0.00578034682080925,0.00398830098378091
"BP","GO:0043112","receptor metabolic process","1/173","75/18805",0.0133333333333333,1.44932562620424,0.37570014813875,0.500697559071485,0.804550222641027,0.791277988017727,"CTSD",1,"BP",0.00578034682080925,0.00398830098378091
"BP","GO:0046635","positive regulation of alpha-beta T cell activation","1/173","75/18805",0.0133333333333333,1.44932562620424,0.37570014813875,0.500697559071485,0.804550222641027,0.791277988017727,"HLA-A",1,"BP",0.00578034682080925,0.00398830098378091
"BP","GO:0051881","regulation of mitochondrial membrane potential","1/173","75/18805",0.0133333333333333,1.44932562620424,0.37570014813875,0.500697559071485,0.804550222641027,0.791277988017727,"NDUFC2",1,"BP",0.00578034682080925,0.00398830098378091
"BP","GO:0071479","cellular response to ionizing radiation","1/173","75/18805",0.0133333333333333,1.44932562620424,0.37570014813875,0.500697559071485,0.804550222641027,0.791277988017727,"HRAS",1,"BP",0.00578034682080925,0.00398830098378091
"BP","GO:0071496","cellular response to external stimulus","1/173","75/18805",0.0133333333333333,1.44932562620424,0.37570014813875,0.500697559071485,0.804550222641027,0.791277988017727,"SCX",1,"BP",0.00578034682080925,0.00398830098378091
"BP","GO:1901880","negative regulation of protein depolymerization","1/173","75/18805",0.0133333333333333,1.44932562620424,0.37570014813875,0.500697559071485,0.804550222641027,0.791277988017727,"CIB1",1,"BP",0.00578034682080925,0.00398830098378091
"BP","GO:1902750","negative regulation of cell cycle G2/M phase transition","1/173","75/18805",0.0133333333333333,1.44932562620424,0.37570014813875,0.500697559071485,0.804550222641027,0.791277988017727,"BABAM1",1,"BP",0.00578034682080925,0.00398830098378091
"BP","GO:2000379","positive regulation of reactive oxygen species metabolic process","1/173","75/18805",0.0133333333333333,1.44932562620424,0.37570014813875,0.500697559071485,0.804550222641027,0.791277988017727,"ROMO1",1,"BP",0.00578034682080925,0.00398830098378091
"BP","GO:0071248","cellular response to metal ion","2/173","182/18805",0.010989010989011,1.19449914247602,0.254066262199193,0.500742452001953,0.804550222641027,0.791277988017727,"MT1G/MT1DP",2,"BP",0.0115606936416185,0.00967827705397501
"BP","GO:0061448","connective tissue development","3/173","291/18805",0.0103092783505155,1.1206125975806,0.199805514652978,0.502811887871771,0.807229947781358,0.793913507165955,"HRAS/SCX/SELENOM",3,"BP",0.0173410404624277,0.0154746078170699
"BP","GO:0001707","mesoderm formation","1/173","76/18805",0.0131578947368421,1.43025555217524,0.362154945089486,0.505309375530675,0.807889636532816,0.794562313384984,"SCX",1,"BP",0.00578034682080925,0.00404147833023132
"BP","GO:0006081","aldehyde metabolic process","1/173","76/18805",0.0131578947368421,1.43025555217524,0.362154945089486,0.505309375530675,0.807889636532816,0.794562313384984,"DHRS4L2",1,"BP",0.00578034682080925,0.00404147833023132
"BP","GO:0050818","regulation of coagulation","1/173","76/18805",0.0131578947368421,1.43025555217524,0.362154945089486,0.505309375530675,0.807889636532816,0.794562313384984,"VKORC1",1,"BP",0.00578034682080925,0.00404147833023132
"BP","GO:1903578","regulation of ATP metabolic process","1/173","76/18805",0.0131578947368421,1.43025555217524,0.362154945089486,0.505309375530675,0.807889636532816,0.794562313384984,"NDUFC2",1,"BP",0.00578034682080925,0.00404147833023132
"BP","GO:0001659","temperature homeostasis","2/173","184/18805",0.0108695652173913,1.18151545614476,0.238418229121551,0.506546298096799,0.807889636532816,0.794562313384984,"GPX1/GADD45G",2,"BP",0.0115606936416185,0.00978463174687583
"BP","GO:0006109","regulation of carbohydrate metabolic process","2/173","184/18805",0.0108695652173913,1.18151545614476,0.238418229121551,0.506546298096799,0.807889636532816,0.794562313384984,"NNMT/TFF3",2,"BP",0.0115606936416185,0.00978463174687583
"BP","GO:0042129","regulation of T cell proliferation","2/173","184/18805",0.0108695652173913,1.18151545614476,0.238418229121551,0.506546298096799,0.807889636532816,0.794562313384984,"HLA-A/HES1",2,"BP",0.0115606936416185,0.00978463174687583
"BP","GO:0043542","endothelial cell migration","3/173","293/18805",0.0102389078498294,1.11296336483261,0.187785992836235,0.50739074495255,0.807889636532816,0.794562313384984,"CIB1/GPX1/CSNK2B",3,"BP",0.0173410404624277,0.0155809625099708
"BP","GO:0009123","nucleoside monophosphate metabolic process","1/173","77/18805",0.012987012987013,1.41168080474439,0.348801798123862,0.509878838824668,0.807889636532816,0.794562313384984,"GUK1",1,"BP",0.00578034682080925,0.00409465567668173
"BP","GO:0046470","phosphatidylcholine metabolic process","1/173","77/18805",0.012987012987013,1.41168080474439,0.348801798123862,0.509878838824668,0.807889636532816,0.794562313384984,"TMEM86B",1,"BP",0.00578034682080925,0.00409465567668173
"BP","GO:0048488","synaptic vesicle endocytosis","1/173","77/18805",0.012987012987013,1.41168080474439,0.348801798123862,0.509878838824668,0.807889636532816,0.794562313384984,"AP2S1",1,"BP",0.00578034682080925,0.00409465567668173
"BP","GO:1900076","regulation of cellular response to insulin stimulus","1/173","77/18805",0.012987012987013,1.41168080474439,0.348801798123862,0.509878838824668,0.807889636532816,0.794562313384984,"CTSD",1,"BP",0.00578034682080925,0.00409465567668173
"BP","GO:1904377","positive regulation of protein localization to cell periphery","1/173","77/18805",0.012987012987013,1.41168080474439,0.348801798123862,0.509878838824668,0.807889636532816,0.794562313384984,"CIB1",1,"BP",0.00578034682080925,0.00409465567668173
"BP","GO:1905818","regulation of chromosome separation","1/173","77/18805",0.012987012987013,1.41168080474439,0.348801798123862,0.509878838824668,0.807889636532816,0.794562313384984,"MAD2L1",1,"BP",0.00578034682080925,0.00409465567668173
"BP","GO:0000075","cell cycle checkpoint signaling","2/173","186/18805",0.010752688172043,1.16881098887439,0.222944850245242,0.512306479885381,0.807889636532816,0.794562313384984,"MAD2L1/BABAM1",2,"BP",0.0115606936416185,0.00989098643977666
"BP","GO:0002753","cytoplasmic pattern recognition receptor signaling pathway","2/173","186/18805",0.010752688172043,1.16881098887439,0.222944850245242,0.512306479885381,0.807889636532816,0.794562313384984,"ZDHHC12/TARBP2",2,"BP",0.0115606936416185,0.00989098643977666
"BP","GO:0070372","regulation of ERK1 and ERK2 cascade","3/173","296/18805",0.0101351351351351,1.10168333072957,0.169911422713022,0.514218222059765,0.807889636532816,0.794562313384984,"HRAS/CIB1/C3orf33",3,"BP",0.0173410404624277,0.015740494549322
"BP","GO:0043536","positive regulation of blood vessel endothelial cell migration","1/173","78/18805",0.0128205128205128,1.39358233288869,0.335634987663054,0.514406335668076,0.807889636532816,0.794562313384984,"CIB1",1,"BP",0.00578034682080925,0.00414783302313215
"BP","GO:0046425","regulation of receptor signaling pathway via JAK-STAT","1/173","78/18805",0.0128205128205128,1.39358233288869,0.335634987663054,0.514406335668076,0.807889636532816,0.794562313384984,"HES1",1,"BP",0.00578034682080925,0.00414783302313215
"BP","GO:0048332","mesoderm morphogenesis","1/173","78/18805",0.0128205128205128,1.39358233288869,0.335634987663054,0.514406335668076,0.807889636532816,0.794562313384984,"SCX",1,"BP",0.00578034682080925,0.00414783302313215
"BP","GO:0070373","negative regulation of ERK1 and ERK2 cascade","1/173","78/18805",0.0128205128205128,1.39358233288869,0.335634987663054,0.514406335668076,0.807889636532816,0.794562313384984,"C3orf33",1,"BP",0.00578034682080925,0.00414783302313215
"BP","GO:0072078","nephron tubule morphogenesis","1/173","78/18805",0.0128205128205128,1.39358233288869,0.335634987663054,0.514406335668076,0.807889636532816,0.794562313384984,"HES1",1,"BP",0.00578034682080925,0.00414783302313215
"BP","GO:0097120","receptor localization to synapse","1/173","78/18805",0.0128205128205128,1.39358233288869,0.335634987663054,0.514406335668076,0.807889636532816,0.794562313384984,"HRAS",1,"BP",0.00578034682080925,0.00414783302313215
"BP","GO:0072524","pyridine-containing compound metabolic process","2/173","187/18805",0.0106951871657754,1.16256066273067,0.215272317639573,0.515170084748882,0.807889636532816,0.794562313384984,"NNMT/LDHB",2,"BP",0.0115606936416185,0.00994416378622707
"BP","GO:0000724","double-strand break repair via homologous recombination","2/173","188/18805",0.0106382978723404,1.15637682941828,0.207641861551875,0.518022642695892,0.807889636532816,0.794562313384984,"RPA3/CHD4",2,"BP",0.0115606936416185,0.00999734113267748
"BP","GO:0031345","negative regulation of cell projection organization","2/173","188/18805",0.0106382978723404,1.15637682941828,0.207641861551875,0.518022642695892,0.807889636532816,0.794562313384984,"CIB1/HES1",2,"BP",0.0115606936416185,0.00999734113267748
"BP","GO:0051345","positive regulation of hydrolase activity","2/173","188/18805",0.0106382978723404,1.15637682941828,0.207641861551875,0.518022642695892,0.807889636532816,0.794562313384984,"HRAS/TAX1BP3",2,"BP",0.0115606936416185,0.00999734113267748
"BP","GO:0009247","glycolipid biosynthetic process","1/173","79/18805",0.0126582278481013,1.3759420501939,0.32264903957828,0.51889224926499,0.807889636532816,0.794562313384984,"DPM3",1,"BP",0.00578034682080925,0.00420101036958256
"BP","GO:0051145","smooth muscle cell differentiation","1/173","79/18805",0.0126582278481013,1.3759420501939,0.32264903957828,0.51889224926499,0.807889636532816,0.794562313384984,"HES1",1,"BP",0.00578034682080925,0.00420101036958256
"BP","GO:0055117","regulation of cardiac muscle contraction","1/173","79/18805",0.0126582278481013,1.3759420501939,0.32264903957828,0.51889224926499,0.807889636532816,0.794562313384984,"GSTO1",1,"BP",0.00578034682080925,0.00420101036958256
"BP","GO:0140056","organelle localization by membrane tethering","1/173","79/18805",0.0126582278481013,1.3759420501939,0.32264903957828,0.51889224926499,0.807889636532816,0.794562313384984,"VAMP8",1,"BP",0.00578034682080925,0.00420101036958256
"BP","GO:0032200","telomere organization","2/173","189/18805",0.0105820105820106,1.15025843349543,0.200052972538565,0.520864113668005,0.807889636532816,0.794562313384984,"TFPT/RPA3",2,"BP",0.0115606936416185,0.0100505184791279
"BP","GO:2001242","regulation of intrinsic apoptotic signaling pathway","2/173","189/18805",0.0105820105820106,1.15025843349543,0.200052972538565,0.520864113668005,0.807889636532816,0.794562313384984,"GPX1/PARL",2,"BP",0.0115606936416185,0.0100505184791279
"BP","GO:0001558","regulation of cell growth","4/173","410/18805",0.00975609756097561,1.0604821655153,0.119313009327137,0.523216328488253,0.807889636532816,0.794562313384984,"CIB1/PRR5/SFN/ST20",4,"BP",0.023121387283237,0.021802712044669
"BP","GO:0050678","regulation of epithelial cell proliferation","4/173","410/18805",0.00975609756097561,1.0604821655153,0.119313009327137,0.523216328488253,0.807889636532816,0.794562313384984,"HRAS/HES1/GPX1/SFN",4,"BP",0.023121387283237,0.021802712044669
"BP","GO:0031016","pancreas development","1/173","80/18805",0.0125,1.35874277456647,0.309838711615547,0.523336959340669,0.807889636532816,0.794562313384984,"HES1",1,"BP",0.00578034682080925,0.00425418771603297
"BP","GO:0035914","skeletal muscle cell differentiation","1/173","80/18805",0.0125,1.35874277456647,0.309838711615547,0.523336959340669,0.807889636532816,0.794562313384984,"SCX",1,"BP",0.00578034682080925,0.00425418771603297
"BP","GO:0045069","regulation of viral genome replication","1/173","80/18805",0.0125,1.35874277456647,0.309838711615547,0.523336959340669,0.807889636532816,0.794562313384984,"TARBP2",1,"BP",0.00578034682080925,0.00425418771603297
"BP","GO:0045685","regulation of glial cell differentiation","1/173","80/18805",0.0125,1.35874277456647,0.309838711615547,0.523336959340669,0.807889636532816,0.794562313384984,"HES1",1,"BP",0.00578034682080925,0.00425418771603297
"BP","GO:0072088","nephron epithelium morphogenesis","1/173","80/18805",0.0125,1.35874277456647,0.309838711615547,0.523336959340669,0.807889636532816,0.794562313384984,"HES1",1,"BP",0.00578034682080925,0.00425418771603297
"BP","GO:0140962","multicellular organismal-level chemical homeostasis","1/173","80/18805",0.0125,1.35874277456647,0.309838711615547,0.523336959340669,0.807889636532816,0.794562313384984,"NAGLU",1,"BP",0.00578034682080925,0.00425418771603297
"BP","GO:0048736","appendage development","2/173","190/18805",0.0105263157894737,1.14420444174019,0.192505150165922,0.52369445926503,0.807889636532816,0.794562313384984,"NAGLU/SCX",2,"BP",0.0115606936416185,0.0101036958255783
"BP","GO:0051302","regulation of cell division","2/173","190/18805",0.0105263157894737,1.14420444174019,0.192505150165922,0.52369445926503,0.807889636532816,0.794562313384984,"CIB1/SFN",2,"BP",0.0115606936416185,0.0101036958255783
"BP","GO:0051897","positive regulation of phosphatidylinositol 3-kinase/protein kinase B signal transduction","2/173","190/18805",0.0105263157894737,1.14420444174019,0.192505150165922,0.52369445926503,0.807889636532816,0.794562313384984,"GPX1/PRR5",2,"BP",0.0115606936416185,0.0101036958255783
"BP","GO:0060173","limb development","2/173","190/18805",0.0105263157894737,1.14420444174019,0.192505150165922,0.52369445926503,0.807889636532816,0.794562313384984,"NAGLU/SCX",2,"BP",0.0115606936416185,0.0101036958255783
"BP","GO:0016241","regulation of macroautophagy","2/173","191/18805",0.0104712041884817,1.13821384256877,0.184997902802622,0.526513642718209,0.807889636532816,0.794562313384984,"ATP6V0B/PARL",2,"BP",0.0115606936416185,0.0101568731720287
"BP","GO:0062207","regulation of pattern recognition receptor signaling pathway","2/173","191/18805",0.0104712041884817,1.13821384256877,0.184997902802622,0.526513642718209,0.807889636532816,0.794562313384984,"ZDHHC12/TARBP2",2,"BP",0.0115606936416185,0.0101568731720287
"BP","GO:0048562","embryonic organ morphogenesis","3/173","302/18805",0.00993377483443709,1.07979558243693,0.134703748451341,0.527722302590729,0.807889636532816,0.794562313384984,"RPL38/NAGLU/HES1",3,"BP",0.0173410404624277,0.0160595586280245
"BP","GO:0001510","RNA methylation","1/173","81/18805",0.0123456790123457,1.34196817241133,0.297198980733143,0.527740842172929,0.807889636532816,0.794562313384984,"SNRPB",1,"BP",0.00578034682080925,0.00430736506248338
"BP","GO:0002260","lymphocyte homeostasis","1/173","81/18805",0.0123456790123457,1.34196817241133,0.297198980733143,0.527740842172929,0.807889636532816,0.794562313384984,"SIVA1",1,"BP",0.00578034682080925,0.00430736506248338
"BP","GO:0002752","cell surface pattern recognition receptor signaling pathway","1/173","81/18805",0.0123456790123457,1.34196817241133,0.297198980733143,0.527740842172929,0.807889636532816,0.794562313384984,"NAGLU",1,"BP",0.00578034682080925,0.00430736506248338
"BP","GO:0018210","peptidyl-threonine modification","1/173","81/18805",0.0123456790123457,1.34196817241133,0.297198980733143,0.527740842172929,0.807889636532816,0.794562313384984,"CSNK2B",1,"BP",0.00578034682080925,0.00430736506248338
"BP","GO:0021536","diencephalon development","1/173","81/18805",0.0123456790123457,1.34196817241133,0.297198980733143,0.527740842172929,0.807889636532816,0.794562313384984,"HES1",1,"BP",0.00578034682080925,0.00430736506248338
"BP","GO:0032410","negative regulation of transporter activity","1/173","81/18805",0.0123456790123457,1.34196817241133,0.297198980733143,0.527740842172929,0.807889636532816,0.794562313384984,"GSTO1",1,"BP",0.00578034682080925,0.00430736506248338
"BP","GO:0042440","pigment metabolic process","1/173","81/18805",0.0123456790123457,1.34196817241133,0.297198980733143,0.527740842172929,0.807889636532816,0.794562313384984,"TMEM14B",1,"BP",0.00578034682080925,0.00430736506248338
"BP","GO:0043954","cellular component maintenance","1/173","81/18805",0.0123456790123457,1.34196817241133,0.297198980733143,0.527740842172929,0.807889636532816,0.794562313384984,"CHCHD10",1,"BP",0.00578034682080925,0.00430736506248338
"BP","GO:0045921","positive regulation of exocytosis","1/173","81/18805",0.0123456790123457,1.34196817241133,0.297198980733143,0.527740842172929,0.807889636532816,0.794562313384984,"VAMP8",1,"BP",0.00578034682080925,0.00430736506248338
"BP","GO:0048644","muscle organ morphogenesis","1/173","81/18805",0.0123456790123457,1.34196817241133,0.297198980733143,0.527740842172929,0.807889636532816,0.794562313384984,"NAGLU",1,"BP",0.00578034682080925,0.00430736506248338
"BP","GO:0090049","regulation of cell migration involved in sprouting angiogenesis","1/173","81/18805",0.0123456790123457,1.34196817241133,0.297198980733143,0.527740842172929,0.807889636532816,0.794562313384984,"CIB1",1,"BP",0.00578034682080925,0.00430736506248338
"BP","GO:0140238","presynaptic endocytosis","1/173","81/18805",0.0123456790123457,1.34196817241133,0.297198980733143,0.527740842172929,0.807889636532816,0.794562313384984,"AP2S1",1,"BP",0.00578034682080925,0.00430736506248338
"BP","GO:1903036","positive regulation of response to wounding","1/173","81/18805",0.0123456790123457,1.34196817241133,0.297198980733143,0.527740842172929,0.807889636532816,0.794562313384984,"HRAS",1,"BP",0.00578034682080925,0.00430736506248338
"BP","GO:1901991","negative regulation of mitotic cell cycle phase transition","2/173","192/18805",0.0104166666666667,1.13228564547206,0.177530747418134,0.529321628863768,0.808433826209236,0.795097525855431,"MAD2L1/BABAM1",2,"BP",0.0115606936416185,0.0102100505184791
"BP","GO:0001934","positive regulation of protein phosphorylation","4/173","414/18805",0.00966183574879227,1.05023596101756,0.0995934204701122,0.530877369728364,0.808433826209236,0.795097525855431,"HRAS/CIB1/HES1/JTB",4,"BP",0.023121387283237,0.0220154214304706
"BP","GO:0002697","regulation of immune effector process","4/173","414/18805",0.00966183574879227,1.05023596101756,0.0995934204701122,0.530877369728364,0.808433826209236,0.795097525855431,"HLA-A/RPS19/HLA-B/VAMP8",4,"BP",0.023121387283237,0.0220154214304706
"BP","GO:0003151","outflow tract morphogenesis","1/173","82/18805",0.0121951219512195,1.32560270689412,0.284725031279935,0.532104270623264,0.808433826209236,0.795097525855431,"HES1",1,"BP",0.00578034682080925,0.00436054240893379
"BP","GO:0042246","tissue regeneration","1/173","82/18805",0.0121951219512195,1.32560270689412,0.284725031279935,0.532104270623264,0.808433826209236,0.795097525855431,"GPX1",1,"BP",0.00578034682080925,0.00436054240893379
"BP","GO:0043537","negative regulation of blood vessel endothelial cell migration","1/173","82/18805",0.0121951219512195,1.32560270689412,0.284725031279935,0.532104270623264,0.808433826209236,0.795097525855431,"CSNK2B",1,"BP",0.00578034682080925,0.00436054240893379
"BP","GO:0072028","nephron morphogenesis","1/173","82/18805",0.0121951219512195,1.32560270689412,0.284725031279935,0.532104270623264,0.808433826209236,0.795097525855431,"HES1",1,"BP",0.00578034682080925,0.00436054240893379
"BP","GO:1904427","positive regulation of calcium ion transmembrane transport","1/173","82/18805",0.0121951219512195,1.32560270689412,0.284725031279935,0.532104270623264,0.808433826209236,0.795097525855431,"GSTO1",1,"BP",0.00578034682080925,0.00436054240893379
"BP","GO:0006006","glucose metabolic process","2/173","193/18805",0.0103626943005181,1.12641888046962,0.170103209386777,0.532118384116826,0.808433826209236,0.795097525855431,"NNMT/TFF3",2,"BP",0.0115606936416185,0.0102632278649295
"BP","GO:0007254","JNK cascade","2/173","193/18805",0.0103626943005181,1.12641888046962,0.170103209386777,0.532118384116826,0.808433826209236,0.795097525855431,"HRAS/GADD45G",2,"BP",0.0115606936416185,0.0102632278649295
"BP","GO:0002758","innate immune response-activating signaling pathway","3/173","305/18805",0.00983606557377049,1.06917464228182,0.117362516334294,0.53439687736264,0.811282268503706,0.797898978921162,"NAGLU/ZDHHC12/TARBP2",3,"BP",0.0173410404624277,0.0162190906673757
"BP","GO:0000725","recombinational repair","2/173","194/18805",0.0103092783505155,1.1206125975806,0.16271482229725,0.534903876445638,0.811301357770539,0.797917753282572,"RPA3/CHD4",2,"BP",0.0115606936416185,0.01031640521138
"BP","GO:0008088","axo-dendritic transport","1/173","83/18805",0.0120481927710843,1.30963158994359,0.272412243949052,0.536427614167684,0.811301357770539,0.797917753282572,"BLOC1S1",1,"BP",0.00578034682080925,0.00441371975538421
"BP","GO:0061053","somite development","1/173","83/18805",0.0120481927710843,1.30963158994359,0.272412243949052,0.536427614167684,0.811301357770539,0.797917753282572,"SCX",1,"BP",0.00578034682080925,0.00441371975538421
"BP","GO:0061333","renal tubule morphogenesis","1/173","83/18805",0.0120481927710843,1.30963158994359,0.272412243949052,0.536427614167684,0.811301357770539,0.797917753282572,"HES1",1,"BP",0.00578034682080925,0.00441371975538421
"BP","GO:0070098","chemokine-mediated signaling pathway","1/173","83/18805",0.0120481927710843,1.30963158994359,0.272412243949052,0.536427614167684,0.811301357770539,0.797917753282572,"CIB1",1,"BP",0.00578034682080925,0.00441371975538421
"BP","GO:0001523","retinoid metabolic process","1/173","84/18805",0.0119047619047619,1.29404073768236,0.260256185447311,0.540711238927271,0.815326024188909,0.801876026932061,"DHRS4L2",1,"BP",0.00578034682080925,0.00446689710183462
"BP","GO:0021872","forebrain generation of neurons","1/173","84/18805",0.0119047619047619,1.29404073768236,0.260256185447311,0.540711238927271,0.815326024188909,0.801876026932061,"HES1",1,"BP",0.00578034682080925,0.00446689710183462
"BP","GO:0051279","regulation of release of sequestered calcium ion into cytosol","1/173","84/18805",0.0119047619047619,1.29404073768236,0.260256185447311,0.540711238927271,0.815326024188909,0.801876026932061,"GSTO1",1,"BP",0.00578034682080925,0.00446689710183462
"BP","GO:0051304","chromosome separation","1/173","84/18805",0.0119047619047619,1.29404073768236,0.260256185447311,0.540711238927271,0.815326024188909,0.801876026932061,"MAD2L1",1,"BP",0.00578034682080925,0.00446689710183462
"BP","GO:0051402","neuron apoptotic process","3/173","309/18805",0.00970873786407767,1.05533419383804,0.0945044705803215,0.543213862974005,0.818043741952145,0.804548911959219,"HRAS/GPX1/CDC34",3,"BP",0.0173410404624277,0.0164318000531773
"BP","GO:0002720","positive regulation of cytokine production involved in immune response","1/173","85/18805",0.0117647058823529,1.27881672900374,0.248252598826011,0.544955507698469,0.818043741952145,0.804548911959219,"HLA-A",1,"BP",0.00578034682080925,0.00452007444828503
"BP","GO:0035050","embryonic heart tube development","1/173","85/18805",0.0117647058823529,1.27881672900374,0.248252598826011,0.544955507698469,0.818043741952145,0.804548911959219,"HES1",1,"BP",0.00578034682080925,0.00452007444828503
"BP","GO:0043242","negative regulation of protein-containing complex disassembly","1/173","85/18805",0.0117647058823529,1.27881672900374,0.248252598826011,0.544955507698469,0.818043741952145,0.804548911959219,"CIB1",1,"BP",0.00578034682080925,0.00452007444828503
"BP","GO:0070227","lymphocyte apoptotic process","1/173","85/18805",0.0117647058823529,1.27881672900374,0.248252598826011,0.544955507698469,0.818043741952145,0.804548911959219,"SIVA1",1,"BP",0.00578034682080925,0.00452007444828503
"BP","GO:0070509","calcium ion import","1/173","85/18805",0.0117647058823529,1.27881672900374,0.248252598826011,0.544955507698469,0.818043741952145,0.804548911959219,"HES1",1,"BP",0.00578034682080925,0.00452007444828503
"BP","GO:0070374","positive regulation of ERK1 and ERK2 cascade","2/173","198/18805",0.0101010101010101,1.09797395924564,0.13354373240695,0.545932628828876,0.818898943243314,0.805390005452183,"HRAS/CIB1",2,"BP",0.0115606936416185,0.0105291145971816
"BP","GO:1904062","regulation of monoatomic cation transmembrane transport","3/173","311/18805",0.00964630225080386,1.04854747876512,0.0831859313568997,0.547586439283981,0.820767146130352,0.807227389595602,"CD63/GSTO1/COX17",3,"BP",0.0173410404624277,0.0165381547460782
"BP","GO:0008625","extrinsic apoptotic signaling pathway via death domain receptors","1/173","86/18805",0.0116279069767442,1.26394676703858,0.236397394423445,0.549160779983093,0.82190109290098,0.808342630252967,"GPX1",1,"BP",0.00578034682080925,0.00457325179473544
"BP","GO:0045913","positive regulation of carbohydrate metabolic process","1/173","86/18805",0.0116279069767442,1.26394676703858,0.236397394423445,0.549160779983093,0.82190109290098,0.808342630252967,"NNMT",1,"BP",0.00578034682080925,0.00457325179473544
"BP","GO:0002706","regulation of lymphocyte mediated immunity","2/173","200/18805",0.01,1.08699421965318,0.119181539908852,0.551378704589539,0.823233233276344,0.809652795021196,"HLA-A/HLA-B",2,"BP",0.0115606936416185,0.0106354692900824
"BP","GO:0061136","regulation of proteasomal protein catabolic process","2/173","200/18805",0.01,1.08699421965318,0.119181539908852,0.551378704589539,0.823233233276344,0.809652795021196,"GPX1/CSNK2B",2,"BP",0.0115606936416185,0.0106354692900824
"BP","GO:0002833","positive regulation of response to biotic stimulus","4/173","425/18805",0.00941176470588235,1.02305338320299,0.0463206682243627,0.551631860420627,0.823233233276344,0.809652795021196,"RPS19/NAGLU/ZDHHC12/TARBP2",4,"BP",0.023121387283237,0.0226003722414252
"BP","GO:0001892","embryonic placenta development","1/173","87/18805",0.0114942528735632,1.24941864327952,0.22468664137372,0.55332741201808,0.823233233276344,0.809652795021196,"HES1",1,"BP",0.00578034682080925,0.00462642914118586
"BP","GO:0055013","cardiac muscle cell development","1/173","87/18805",0.0114942528735632,1.24941864327952,0.22468664137372,0.55332741201808,0.823233233276344,0.809652795021196,"NAGLU",1,"BP",0.00578034682080925,0.00462642914118586
"BP","GO:0150076","neuroinflammatory response","1/173","87/18805",0.0114942528735632,1.24941864327952,0.22468664137372,0.55332741201808,0.823233233276344,0.809652795021196,"NAGLU",1,"BP",0.00578034682080925,0.00462642914118586
"BP","GO:1900542","regulation of purine nucleotide metabolic process","1/173","87/18805",0.0114942528735632,1.24941864327952,0.22468664137372,0.55332741201808,0.823233233276344,0.809652795021196,"NDUFC2",1,"BP",0.00578034682080925,0.00462642914118586
"BP","GO:1901379","regulation of potassium ion transmembrane transport","1/173","87/18805",0.0114942528735632,1.24941864327952,0.22468664137372,0.55332741201808,0.823233233276344,0.809652795021196,"CD63",1,"BP",0.00578034682080925,0.00462642914118586
"BP","GO:0000302","response to reactive oxygen species","2/173","201/18805",0.00995024875621891,1.08158628821212,0.112054802272733,0.55408458476734,0.823750011377481,0.810161048110453,"GPX1/ROMO1",2,"BP",0.0115606936416185,0.0106886466365328
"BP","GO:0010948","negative regulation of cell cycle process","3/173","315/18805",0.00952380952380952,1.03523259014588,0.0607644859374953,0.556258549938229,0.823886817042629,0.810295596965728,"MAD2L1/BABAM1/AURKAIP1",3,"BP",0.0173410404624277,0.0167508641318798
"BP","GO:0002520","immune system development","2/173","202/18805",0.0099009900990099,1.07623190064671,0.10496375881905,0.556778998697893,0.823886817042629,0.810295596965728,"HES1/HLA-B",2,"BP",0.0115606936416185,0.0107418239829832
"BP","GO:0032409","regulation of transporter activity","2/173","202/18805",0.0099009900990099,1.07623190064671,0.10496375881905,0.556778998697893,0.823886817042629,0.810295596965728,"GSTO1/COX17",2,"BP",0.0115606936416185,0.0107418239829832
"BP","GO:0006140","regulation of nucleotide metabolic process","1/173","88/18805",0.0113636363636364,1.23522070415134,0.213116559640352,0.557455756804963,0.823886817042629,0.810295596965728,"NDUFC2",1,"BP",0.00578034682080925,0.00467960648763627
"BP","GO:0006900","vesicle budding from membrane","1/173","88/18805",0.0113636363636364,1.23522070415134,0.213116559640352,0.557455756804963,0.823886817042629,0.810295596965728,"TRAPPC2L",1,"BP",0.00578034682080925,0.00467960648763627
"BP","GO:0007422","peripheral nervous system development","1/173","88/18805",0.0113636363636364,1.23522070415134,0.213116559640352,0.557455756804963,0.823886817042629,0.810295596965728,"HRAS",1,"BP",0.00578034682080925,0.00467960648763627
"BP","GO:0030968","endoplasmic reticulum unfolded protein response","1/173","88/18805",0.0113636363636364,1.23522070415134,0.213116559640352,0.557455756804963,0.823886817042629,0.810295596965728,"RHBDD2",1,"BP",0.00578034682080925,0.00467960648763627
"BP","GO:0071347","cellular response to interleukin-1","1/173","88/18805",0.0113636363636364,1.23522070415134,0.213116559640352,0.557455756804963,0.823886817042629,0.810295596965728,"HES1",1,"BP",0.00578034682080925,0.00467960648763627
"BP","GO:0043491","phosphatidylinositol 3-kinase/protein kinase B signal transduction","3/173","316/18805",0.00949367088607595,1.03195653764542,0.0552032929032715,0.558411194364416,0.824692506004759,0.811087994908058,"CIB1/GPX1/PRR5",3,"BP",0.0173410404624277,0.0168040414783302
"BP","GO:0006399","tRNA metabolic process","2/173","203/18805",0.00985221674876847,1.07093026566816,0.0979080093138501,0.559461927222694,0.825078793800847,0.811467910321022,"POP7/LAGE3",2,"BP",0.0115606936416185,0.0107950013294337
"BP","GO:0006094","gluconeogenesis","1/173","89/18805",0.0112359550561798,1.22134181983503,0.201683512536578,0.561546164139084,0.825078793800847,0.811467910321022,"NNMT",1,"BP",0.00578034682080925,0.00473278383408668
"BP","GO:0016101","diterpenoid metabolic process","1/173","89/18805",0.0112359550561798,1.22134181983503,0.201683512536578,0.561546164139084,0.825078793800847,0.811467910321022,"DHRS4L2",1,"BP",0.00578034682080925,0.00473278383408668
"BP","GO:0022406","membrane docking","1/173","89/18805",0.0112359550561798,1.22134181983503,0.201683512536578,0.561546164139084,0.825078793800847,0.811467910321022,"VAMP8",1,"BP",0.00578034682080925,0.00473278383408668
"BP","GO:0033627","cell adhesion mediated by integrin","1/173","89/18805",0.0112359550561798,1.22134181983503,0.201683512536578,0.561546164139084,0.825078793800847,0.811467910321022,"CIB1",1,"BP",0.00578034682080925,0.00473278383408668
"BP","GO:0036465","synaptic vesicle recycling","1/173","89/18805",0.0112359550561798,1.22134181983503,0.201683512536578,0.561546164139084,0.825078793800847,0.811467910321022,"AP2S1",1,"BP",0.00578034682080925,0.00473278383408668
"BP","GO:1901264","carbohydrate derivative transport","1/173","89/18805",0.0112359550561798,1.22134181983503,0.201683512536578,0.561546164139084,0.825078793800847,0.811467910321022,"GUK1",1,"BP",0.00578034682080925,0.00473278383408668
"BP","GO:0002822","regulation of adaptive immune response based on somatic recombination of immune receptors built from immunoglobulin superfamily domains","2/173","204/18805",0.00980392156862745,1.06568060750312,0.0908871600973915,0.562133352496631,0.825338231203965,0.811723067924088,"HLA-A/HLA-B",2,"BP",0.0115606936416185,0.0108481786758841
"BP","GO:0007059","chromosome segregation","4/173","431/18805",0.00928074245939675,1.00881134074541,0.0178318831821773,0.562749773660937,0.825640178874805,0.812020034525731,"MAD2L1/CENPM/SAC3D1/PMF1",4,"BP",0.023121387283237,0.0229194363201276
"BP","GO:0048839","inner ear development","2/173","205/18805",0.00975609756097561,1.0604821655153,0.0839008239433478,0.564793257965701,0.826201999333923,0.812572586933285,"NAGLU/HES1",2,"BP",0.0115606936416185,0.0109013560223345
"BP","GO:0070371","ERK1 and ERK2 cascade","3/173","319/18805",0.00940438871473354,1.0222516172287,0.0386237006848715,0.564831776844293,0.826201999333923,0.812572586933285,"HRAS/CIB1/C3orf33",3,"BP",0.0173410404624277,0.0169635735176815
"BP","GO:0009953","dorsal/ventral pattern formation","1/173","90/18805",0.0111111111111111,1.2077713551702,0.190383999697475,0.565598980638546,0.826201999333923,0.812572586933285,"FBXL15",1,"BP",0.00578034682080925,0.00478596118053709
"BP","GO:0048145","regulation of fibroblast proliferation","1/173","90/18805",0.0111111111111111,1.2077713551702,0.190383999697475,0.565598980638546,0.826201999333923,0.812572586933285,"HRAS",1,"BP",0.00578034682080925,0.00478596118053709
"BP","GO:0051453","regulation of intracellular pH","1/173","90/18805",0.0111111111111111,1.2077713551702,0.190383999697475,0.565598980638546,0.826201999333923,0.812572586933285,"ATP6V0B",1,"BP",0.00578034682080925,0.00478596118053709
"BP","GO:2000243","positive regulation of reproductive process","1/173","90/18805",0.0111111111111111,1.2077713551702,0.190383999697475,0.565598980638546,0.826201999333923,0.812572586933285,"CIB1",1,"BP",0.00578034682080925,0.00478596118053709
"BP","GO:0140029","exocytic process","1/173","91/18805",0.010989010989011,1.19449914247602,0.179214650471873,0.569614549772905,0.831415801553435,0.817700379846741,"VAMP8",1,"BP",0.00578034682080925,0.0048391385269875
"BP","GO:0030705","cytoskeleton-dependent intracellular transport","2/173","207/18805",0.00966183574879227,1.05023596101756,0.0700301732652553,0.570078449597207,0.831415801553435,0.817700379846741,"BORCS6/BLOC1S1",2,"BP",0.0115606936416185,0.0110077107152353
"BP","GO:0062197","cellular response to chemical stress","3/173","323/18805",0.00928792569659443,1.00959215447664,0.0167556537605065,0.573304463517317,0.831415801553435,0.817700379846741,"NAGLU/GPX1/ROMO1",3,"BP",0.0173410404624277,0.0171762829034831
"BP","GO:0002088","lens development in camera-type eye","1/173","92/18805",0.0108695652173913,1.18151545614476,0.168172217704589,0.573593211891602,0.831415801553435,0.817700379846741,"HSF4",1,"BP",0.00578034682080925,0.00489231587343792
"BP","GO:0019319","hexose biosynthetic process","1/173","92/18805",0.0108695652173913,1.18151545614476,0.168172217704589,0.573593211891602,0.831415801553435,0.817700379846741,"NNMT",1,"BP",0.00578034682080925,0.00489231587343792
"BP","GO:0031123","RNA 3'-end processing","1/173","92/18805",0.0108695652173913,1.18151545614476,0.168172217704589,0.573593211891602,0.831415801553435,0.817700379846741,"TUT1",1,"BP",0.00578034682080925,0.00489231587343792
"BP","GO:1904063","negative regulation of cation transmembrane transport","1/173","92/18805",0.0108695652173913,1.18151545614476,0.168172217704589,0.573593211891602,0.831415801553435,0.817700379846741,"GSTO1",1,"BP",0.00578034682080925,0.00489231587343792
"BP","GO:1990868","response to chemokine","1/173","92/18805",0.0108695652173913,1.18151545614476,0.168172217704589,0.573593211891602,0.831415801553435,0.817700379846741,"CIB1",1,"BP",0.00578034682080925,0.00489231587343792
"BP","GO:1990869","cellular response to chemokine","1/173","92/18805",0.0108695652173913,1.18151545614476,0.168172217704589,0.573593211891602,0.831415801553435,0.817700379846741,"CIB1",1,"BP",0.00578034682080925,0.00489231587343792
"BP","GO:2000628","regulation of miRNA metabolic process","1/173","92/18805",0.0108695652173913,1.18151545614476,0.168172217704589,0.573593211891602,0.831415801553435,0.817700379846741,"HRAS",1,"BP",0.00578034682080925,0.00489231587343792
"BP","GO:0042327","positive regulation of phosphorylation","4/173","437/18805",0.0091533180778032,0.994960384121903,-0.0102713056680575,0.573718267042097,0.831415801553435,0.817700379846741,"HRAS/CIB1/HES1/JTB",4,"BP",0.023121387283237,0.0232385003988301
"BP","GO:0043588","skin development","3/173","324/18805",0.00925925925925926,1.0064761293085,0.0113303602454457,0.575406746174782,0.833261930699792,0.819516054388169,"NAGLU/SFN/CNFN",3,"BP",0.0173410404624277,0.0172294602499335
"BP","GO:0002218","activation of innate immune response","3/173","325/18805",0.00923076923076923,1.00337927967986,0.00592152093396986,0.577502628242017,0.833896760894614,0.820140412128874,"NAGLU/ZDHHC12/TARBP2",3,"BP",0.0173410404624277,0.0172826375963839
"BP","GO:0001656","metanephros development","1/173","93/18805",0.010752688172043,1.16881098887439,0.157253571881943,0.57753530425214,0.833896760894614,0.820140412128874,"HES1",1,"BP",0.00578034682080925,0.00494549321988833
"BP","GO:0030071","regulation of mitotic metaphase/anaphase transition","1/173","93/18805",0.010752688172043,1.16881098887439,0.157253571881943,0.57753530425214,0.833896760894614,0.820140412128874,"MAD2L1",1,"BP",0.00578034682080925,0.00494549321988833
"BP","GO:1901879","regulation of protein depolymerization","1/173","93/18805",0.010752688172043,1.16881098887439,0.157253571881943,0.57753530425214,0.833896760894614,0.820140412128874,"CIB1",1,"BP",0.00578034682080925,0.00494549321988833
"BP","GO:0043270","positive regulation of monoatomic ion transport","2/173","210/18805",0.00952380952380952,1.03523259014588,0.0494737195496363,0.577919496480695,0.833896760894614,0.820140412128874,"GSTO1/COX17",2,"BP",0.0115606936416185,0.0111672427545865
"BP","GO:0034764","positive regulation of transmembrane transport","2/173","211/18805",0.00947867298578199,1.03032627455278,0.0426866734565504,0.580510005055716,0.834783381218934,0.821012406352007,"GSTO1/COX17",2,"BP",0.0115606936416185,0.011220420101037
"BP","GO:0030641","regulation of cellular pH","1/173","94/18805",0.0106382978723404,1.15637682941828,0.146455695615606,0.581441161048013,0.834783381218934,0.821012406352007,"ATP6V0B",1,"BP",0.00578034682080925,0.00499867056633874
"BP","GO:0033273","response to vitamin","1/173","94/18805",0.0106382978723404,1.15637682941828,0.146455695615606,0.581441161048013,0.834783381218934,0.821012406352007,"GPX1",1,"BP",0.00578034682080925,0.00499867056633874
"BP","GO:0046364","monosaccharide biosynthetic process","1/173","94/18805",0.0106382978723404,1.15637682941828,0.146455695615606,0.581441161048013,0.834783381218934,0.821012406352007,"NNMT",1,"BP",0.00578034682080925,0.00499867056633874
"BP","GO:0050886","endocrine process","1/173","94/18805",0.0106382978723404,1.15637682941828,0.146455695615606,0.581441161048013,0.834783381218934,0.821012406352007,"SELENOM",1,"BP",0.00578034682080925,0.00499867056633874
"BP","GO:0055006","cardiac cell development","1/173","94/18805",0.0106382978723404,1.15637682941828,0.146455695615606,0.581441161048013,0.834783381218934,0.821012406352007,"NAGLU",1,"BP",0.00578034682080925,0.00499867056633874
"BP","GO:2000781","positive regulation of double-strand break repair","1/173","94/18805",0.0106382978723404,1.15637682941828,0.146455695615606,0.581441161048013,0.834783381218934,0.821012406352007,"MGMT",1,"BP",0.00578034682080925,0.00499867056633874
"BP","GO:0051651","maintenance of location in cell","2/173","212/18805",0.00943396226415094,1.02546624495583,0.0359315988990364,0.583088912288919,0.836293803636486,0.822497912138948,"GSTO1/CHCHD10",2,"BP",0.0115606936416185,0.0112735974474874
"BP","GO:0006470","protein dephosphorylation","1/173","95/18805",0.0105263157894737,1.14420444174019,0.135775678441821,0.585311113436378,0.836293803636486,0.822497912138948,"SDHAF2",1,"BP",0.00578034682080925,0.00505184791278915
"BP","GO:0007589","body fluid secretion","1/173","95/18805",0.0105263157894737,1.14420444174019,0.135775678441821,0.585311113436378,0.836293803636486,0.822497912138948,"VAMP8",1,"BP",0.00578034682080925,0.00505184791278915
"BP","GO:0010507","negative regulation of autophagy","1/173","95/18805",0.0105263157894737,1.14420444174019,0.135775678441821,0.585311113436378,0.836293803636486,0.822497912138948,"SNRNP70",1,"BP",0.00578034682080925,0.00505184791278915
"BP","GO:0038084","vascular endothelial growth factor signaling pathway","1/173","95/18805",0.0105263157894737,1.14420444174019,0.135775678441821,0.585311113436378,0.836293803636486,0.822497912138948,"CD63",1,"BP",0.00578034682080925,0.00505184791278915
"BP","GO:0090316","positive regulation of intracellular protein transport","1/173","95/18805",0.0105263157894737,1.14420444174019,0.135775678441821,0.585311113436378,0.836293803636486,0.822497912138948,"SFN",1,"BP",0.00578034682080925,0.00505184791278915
"BP","GO:0050851","antigen receptor-mediated signaling pathway","2/173","213/18805",0.00938967136150235,1.0206518494396,0.0292081554702455,0.585656211187938,0.836293803636486,0.822497912138948,"HLA-A/HRAS",2,"BP",0.0115606936416185,0.0113267747939378
"BP","GO:0006790","sulfur compound metabolic process","3/173","329/18805",0.00911854103343465,0.991180139501379,-0.0155515658383707,0.585821729114514,0.836293803636486,0.822497912138948,"GSTO1/NAGLU/GPX1",3,"BP",0.0173410404624277,0.0174953469821856
"BP","GO:0000423","mitophagy","1/173","96/18805",0.0104166666666667,1.13228564547206,0.125210711914819,0.589145489565481,0.838656114749728,0.824821253469489,"PARL",1,"BP",0.00578034682080925,0.00510502525923956
"BP","GO:0006405","RNA export from nucleus","1/173","96/18805",0.0104166666666667,1.13228564547206,0.125210711914819,0.589145489565481,0.838656114749728,0.824821253469489,"ALYREF",1,"BP",0.00578034682080925,0.00510502525923956
"BP","GO:0072091","regulation of stem cell proliferation","1/173","96/18805",0.0104166666666667,1.13228564547206,0.125210711914819,0.589145489565481,0.838656114749728,0.824821253469489,"SFN",1,"BP",0.00578034682080925,0.00510502525923956
"BP","GO:1902099","regulation of metaphase/anaphase transition of cell cycle","1/173","96/18805",0.0104166666666667,1.13228564547206,0.125210711914819,0.589145489565481,0.838656114749728,0.824821253469489,"MAD2L1",1,"BP",0.00578034682080925,0.00510502525923956
"BP","GO:1904951","positive regulation of establishment of protein localization","3/173","331/18805",0.00906344410876133,0.985191135637322,-0.0261923049007901,0.589942343613902,0.838984593802835,0.825144313779379,"HRAS/CIB1/SFN",3,"BP",0.0173410404624277,0.0176017016750864
"BP","GO:0001942","hair follicle development","1/173","97/18805",0.0103092783505155,1.1206125975806,0.114758084974864,0.592944614601836,0.838984593802835,0.825144313779379,"NAGLU",1,"BP",0.00578034682080925,0.00515820260568998
"BP","GO:0002042","cell migration involved in sprouting angiogenesis","1/173","97/18805",0.0103092783505155,1.1206125975806,0.114758084974864,0.592944614601836,0.838984593802835,0.825144313779379,"CIB1",1,"BP",0.00578034682080925,0.00515820260568998
"BP","GO:0007091","metaphase/anaphase transition of mitotic cell cycle","1/173","97/18805",0.0103092783505155,1.1206125975806,0.114758084974864,0.592944614601836,0.838984593802835,0.825144313779379,"MAD2L1",1,"BP",0.00578034682080925,0.00515820260568998
"BP","GO:1904892","regulation of receptor signaling pathway via STAT","1/173","97/18805",0.0103092783505155,1.1206125975806,0.114758084974864,0.592944614601836,0.838984593802835,0.825144313779379,"HES1",1,"BP",0.00578034682080925,0.00515820260568998
"BP","GO:2001257","regulation of cation channel activity","1/173","97/18805",0.0103092783505155,1.1206125975806,0.114758084974864,0.592944614601836,0.838984593802835,0.825144313779379,"GSTO1",1,"BP",0.00578034682080925,0.00515820260568998
"BP","GO:0031503","protein-containing complex localization","2/173","216/18805",0.00925925925925926,1.0064761293085,0.00922428703613647,0.593288404391882,0.838984593802835,0.825144313779379,"HRAS/AP2S1",2,"BP",0.0115606936416185,0.011486306833289
"BP","GO:0000280","nuclear division","4/173","448/18805",0.00892857142857143,0.970530553261767,-0.0608315063028884,0.593424660014616,0.838984593802835,0.825144313779379,"MAD2L1/PSMD13/UBE2S/AURKAIP1",4,"BP",0.023121387283237,0.0238234512097846
"BP","GO:0042098","T cell proliferation","2/173","217/18805",0.00921658986175115,1.00183799046376,0.00262406883804226,0.595809221809562,0.838984593802835,0.825144313779379,"HLA-A/HES1",2,"BP",0.0115606936416185,0.0115394841797394
"BP","GO:0071900","regulation of protein serine/threonine kinase activity","2/173","217/18805",0.00921658986175115,1.00183799046376,0.00262406883804226,0.595809221809562,0.838984593802835,0.825144313779379,"HRAS/CIB1",2,"BP",0.0115606936416185,0.0115394841797394
"BP","GO:0000281","mitotic cytokinesis","1/173","98/18805",0.0102040816326531,1.10917777515631,0.104415179572882,0.596708810757165,0.838984593802835,0.825144313779379,"JTB",1,"BP",0.00578034682080925,0.00521137995214039
"BP","GO:2001251","negative regulation of chromosome organization","1/173","98/18805",0.0102040816326531,1.10917777515631,0.104415179572882,0.596708810757165,0.838984593802835,0.825144313779379,"MAD2L1",1,"BP",0.00578034682080925,0.00521137995214039
"BP","GO:0006493","protein O-linked glycosylation","1/173","99/18805",0.0101010101010101,1.09797395924564,0.0941794665349463,0.600438397315084,0.838984593802835,0.825144313779379,"DPM3",1,"BP",0.00578034682080925,0.0052645572985908
"BP","GO:0007032","endosome organization","1/173","99/18805",0.0101010101010101,1.09797395924564,0.0941794665349463,0.600438397315084,0.838984593802835,0.825144313779379,"ATP6V0B",1,"BP",0.00578034682080925,0.0052645572985908
"BP","GO:0034766","negative regulation of monoatomic ion transmembrane transport","1/173","99/18805",0.0101010101010101,1.09797395924564,0.0941794665349463,0.600438397315084,0.838984593802835,0.825144313779379,"GSTO1",1,"BP",0.00578034682080925,0.0052645572985908
"BP","GO:0042542","response to hydrogen peroxide","1/173","99/18805",0.0101010101010101,1.09797395924564,0.0941794665349463,0.600438397315084,0.838984593802835,0.825144313779379,"GPX1",1,"BP",0.00578034682080925,0.0052645572985908
"BP","GO:0042982","amyloid precursor protein metabolic process","1/173","99/18805",0.0101010101010101,1.09797395924564,0.0941794665349463,0.600438397315084,0.838984593802835,0.825144313779379,"NAGLU",1,"BP",0.00578034682080925,0.0052645572985908
"BP","GO:0050848","regulation of calcium-mediated signaling","1/173","99/18805",0.0101010101010101,1.09797395924564,0.0941794665349463,0.600438397315084,0.838984593802835,0.825144313779379,"CIB1",1,"BP",0.00578034682080925,0.0052645572985908
"BP","GO:0060993","kidney morphogenesis","1/173","99/18805",0.0101010101010101,1.09797395924564,0.0941794665349463,0.600438397315084,0.838984593802835,0.825144313779379,"HES1",1,"BP",0.00578034682080925,0.0052645572985908
"BP","GO:0002819","regulation of adaptive immune response","2/173","219/18805",0.0091324200913242,0.992688785071396,-0.0104866573364905,0.600815974598085,0.838984593802835,0.825144313779379,"HLA-A/HLA-B",2,"BP",0.0115606936416185,0.0116458388726403
"BP","GO:0071356","cellular response to tumor necrosis factor","2/173","219/18805",0.0091324200913242,0.992688785071396,-0.0104866573364905,0.600815974598085,0.838984593802835,0.825144313779379,"CIB1/HES1",2,"BP",0.0115606936416185,0.0116458388726403
"BP","GO:0001657","ureteric bud development","1/173","100/18805",0.01,1.08699421965318,0.0840485016511775,0.604133690657568,0.838984593802835,0.825144313779379,"HES1",1,"BP",0.00578034682080925,0.00531773464504121
"BP","GO:0002220","innate immune response activating cell surface receptor signaling pathway","1/173","100/18805",0.01,1.08699421965318,0.0840485016511775,0.604133690657568,0.838984593802835,0.825144313779379,"NAGLU",1,"BP",0.00578034682080925,0.00531773464504121
"BP","GO:0006721","terpenoid metabolic process","1/173","100/18805",0.01,1.08699421965318,0.0840485016511775,0.604133690657568,0.838984593802835,0.825144313779379,"DHRS4L2",1,"BP",0.00578034682080925,0.00531773464504121
"BP","GO:0022404","molting cycle process","1/173","100/18805",0.01,1.08699421965318,0.0840485016511775,0.604133690657568,0.838984593802835,0.825144313779379,"NAGLU",1,"BP",0.00578034682080925,0.00531773464504121
"BP","GO:0022405","hair cycle process","1/173","100/18805",0.01,1.08699421965318,0.0840485016511775,0.604133690657568,0.838984593802835,0.825144313779379,"NAGLU",1,"BP",0.00578034682080925,0.00531773464504121
"BP","GO:0031110","regulation of microtubule polymerization or depolymerization","1/173","100/18805",0.01,1.08699421965318,0.0840485016511775,0.604133690657568,0.838984593802835,0.825144313779379,"CIB1",1,"BP",0.00578034682080925,0.00531773464504121
"BP","GO:0043648","dicarboxylic acid metabolic process","1/173","100/18805",0.01,1.08699421965318,0.0840485016511775,0.604133690657568,0.838984593802835,0.825144313779379,"FPGS",1,"BP",0.00578034682080925,0.00531773464504121
"BP","GO:0044784","metaphase/anaphase transition of cell cycle","1/173","100/18805",0.01,1.08699421965318,0.0840485016511775,0.604133690657568,0.838984593802835,0.825144313779379,"MAD2L1",1,"BP",0.00578034682080925,0.00531773464504121
"BP","GO:0045638","negative regulation of myeloid cell differentiation","1/173","100/18805",0.01,1.08699421965318,0.0840485016511775,0.604133690657568,0.838984593802835,0.825144313779379,"CIB1",1,"BP",0.00578034682080925,0.00531773464504121
"BP","GO:0051346","negative regulation of hydrolase activity","1/173","100/18805",0.01,1.08699421965318,0.0840485016511775,0.604133690657568,0.838984593802835,0.825144313779379,"HRAS",1,"BP",0.00578034682080925,0.00531773464504121
"BP","GO:0060349","bone morphogenesis","1/173","100/18805",0.01,1.08699421965318,0.0840485016511775,0.604133690657568,0.838984593802835,0.825144313779379,"SCX",1,"BP",0.00578034682080925,0.00531773464504121
"BP","GO:0070936","protein K48-linked ubiquitination","1/173","100/18805",0.01,1.08699421965318,0.0840485016511775,0.604133690657568,0.838984593802835,0.825144313779379,"CDC34",1,"BP",0.00578034682080925,0.00531773464504121
"BP","GO:0030099","myeloid cell differentiation","4/173","455/18805",0.00879120879120879,0.955599313980817,-0.0923837909346646,0.605684917667951,0.838984593802835,0.825144313779379,"RPS19/NAGLU/CIB1/MT1G",4,"BP",0.023121387283237,0.0241956926349375
"BP","GO:0002064","epithelial cell development","2/173","221/18805",0.00904977375565611,0.983705176156723,-0.0234798135194514,0.605776218535258,0.838984593802835,0.825144313779379,"GPX1/SFN",2,"BP",0.0115606936416185,0.0117521935655411
"BP","GO:0006643","membrane lipid metabolic process","2/173","221/18805",0.00904977375565611,0.983705176156723,-0.0234798135194514,0.605776218535258,0.838984593802835,0.825144313779379,"NAGLU/DPM3",2,"BP",0.0115606936416185,0.0117521935655411
"BP","GO:0006942","regulation of striated muscle contraction","1/173","101/18805",0.0099009900990099,1.07623190064671,0.0740199219747404,0.607795004291154,0.838984593802835,0.825144313779379,"GSTO1",1,"BP",0.00578034682080925,0.00537091199149162
"BP","GO:0010596","negative regulation of endothelial cell migration","1/173","101/18805",0.0099009900990099,1.07623190064671,0.0740199219747404,0.607795004291154,0.838984593802835,0.825144313779379,"CSNK2B",1,"BP",0.00578034682080925,0.00537091199149162
"BP","GO:0034446","substrate adhesion-dependent cell spreading","1/173","101/18805",0.0099009900990099,1.07623190064671,0.0740199219747404,0.607795004291154,0.838984593802835,0.825144313779379,"CIB1",1,"BP",0.00578034682080925,0.00537091199149162
"BP","GO:0046785","microtubule polymerization","1/173","101/18805",0.0099009900990099,1.07623190064671,0.0740199219747404,0.607795004291154,0.838984593802835,0.825144313779379,"CCDC57",1,"BP",0.00578034682080925,0.00537091199149162
"BP","GO:0072080","nephron tubule development","1/173","101/18805",0.0099009900990099,1.07623190064671,0.0740199219747404,0.607795004291154,0.838984593802835,0.825144313779379,"HES1",1,"BP",0.00578034682080925,0.00537091199149162
"BP","GO:0072163","mesonephric epithelium development","1/173","101/18805",0.0099009900990099,1.07623190064671,0.0740199219747404,0.607795004291154,0.838984593802835,0.825144313779379,"HES1",1,"BP",0.00578034682080925,0.00537091199149162
"BP","GO:0072164","mesonephric tubule development","1/173","101/18805",0.0099009900990099,1.07623190064671,0.0740199219747404,0.607795004291154,0.838984593802835,0.825144313779379,"HES1",1,"BP",0.00578034682080925,0.00537091199149162
"BP","GO:0120162","positive regulation of cold-induced thermogenesis","1/173","101/18805",0.0099009900990099,1.07623190064671,0.0740199219747404,0.607795004291154,0.838984593802835,0.825144313779379,"GADD45G",1,"BP",0.00578034682080925,0.00537091199149162
"BP","GO:0002429","immune response-activating cell surface receptor signaling pathway","3/173","340/18805",0.00882352941176471,0.959112546752805,-0.0733117013160479,0.608159479189418,0.838984593802835,0.825144313779379,"HLA-A/NAGLU/HRAS",3,"BP",0.0173410404624277,0.0180802977931401
"BP","GO:0034620","cellular response to unfolded protein","1/173","102/18805",0.00980392156862745,1.06568060750312,0.0640914423176589,0.611422648872935,0.841176950194798,0.82730050404076,"RHBDD2",1,"BP",0.00578034682080925,0.00542408933794204
"BP","GO:0043279","response to alkaloid","1/173","102/18805",0.00980392156862745,1.06568060750312,0.0640914423176589,0.611422648872935,0.841176950194798,0.82730050404076,"HES1",1,"BP",0.00578034682080925,0.00542408933794204
"BP","GO:0048534","hematopoietic or lymphoid organ development","1/173","102/18805",0.00980392156862745,1.06568060750312,0.0640914423176589,0.611422648872935,0.841176950194798,0.82730050404076,"HES1",1,"BP",0.00578034682080925,0.00542408933794204
"BP","GO:2001237","negative regulation of extrinsic apoptotic signaling pathway","1/173","102/18805",0.00980392156862745,1.06568060750312,0.0640914423176589,0.611422648872935,0.841176950194798,0.82730050404076,"GPX1",1,"BP",0.00578034682080925,0.00542408933794204
"BP","GO:0051235","maintenance of location","2/173","224/18805",0.00892857142857143,0.970530553261767,-0.0427543083403149,0.613129415566755,0.842948102112981,0.829042438213238,"GSTO1/CHCHD10",2,"BP",0.0115606936416185,0.0119117256048923
"BP","GO:0030101","natural killer cell activation","1/173","103/18805",0.00970873786407767,1.05533419383804,0.0542608519311467,0.615016932236298,0.844388001226065,0.830458584080938,"RHBDD3",1,"BP",0.00578034682080925,0.00547726668439245
"BP","GO:0051310","metaphase chromosome alignment","1/173","103/18805",0.00970873786407767,1.05533419383804,0.0542608519311467,0.615016932236298,0.844388001226065,0.830458584080938,"PMF1",1,"BP",0.00578034682080925,0.00547726668439245
"BP","GO:0045787","positive regulation of cell cycle","3/173","344/18805",0.00872093023255814,0.947960075278935,-0.0938656528003104,0.616082950933062,0.845274219368911,0.831330182757169,"MAD2L1/HES1/CCDC57",3,"BP",0.0173410404624277,0.0182930071789418
"BP","GO:0099111","microtubule-based transport","2/173","226/18805",0.00884955752212389,0.961941787303698,-0.0554638325731164,0.617973482246731,0.846031347549472,0.832074820999166,"BORCS6/BLOC1S1",2,"BP",0.0115606936416185,0.0120180802977931
"BP","GO:1903828","negative regulation of protein localization","2/173","226/18805",0.00884955752212389,0.961941787303698,-0.0554638325731164,0.617973482246731,0.846031347549472,0.832074820999166,"SFN/TAX1BP3",2,"BP",0.0115606936416185,0.0120180802977931
"BP","GO:0034765","regulation of monoatomic ion transmembrane transport","3/173","345/18805",0.00869565217391304,0.945212364915808,-0.0989679760309267,0.618047025328441,0.846031347549472,0.832074820999166,"CD63/GSTO1/COX17",3,"BP",0.0173410404624277,0.0183461845253922
"BP","GO:0043266","regulation of potassium ion transport","1/173","104/18805",0.00961538461538462,1.04518674966652,0.0445260113590241,0.618578159416446,0.846031347549472,0.832074820999166,"CD63",1,"BP",0.00578034682080925,0.00553044403084286
"BP","GO:0043410","positive regulation of MAPK cascade","4/173","464/18805",0.00862068965517241,0.937063982459637,-0.132271164823286,0.621117990186181,0.846031347549472,0.832074820999166,"HRAS/CIB1/NENF/GADD45G",4,"BP",0.023121387283237,0.0246742887529912
"BP","GO:0010038","response to metal ion","3/173","347/18805",0.00864553314121038,0.939764455031567,-0.10912988448858,0.621954941910365,0.846031347549472,0.832074820999166,"NUDT1/MT1G/MT1DP",3,"BP",0.0173410404624277,0.018452539218293
"BP","GO:0062012","regulation of small molecule metabolic process","3/173","347/18805",0.00864553314121038,0.939764455031567,-0.10912988448858,0.621954941910365,0.846031347549472,0.832074820999166,"NNMT/TFF3/NDUFC2",3,"BP",0.0173410404624277,0.018452539218293
"BP","GO:0001823","mesonephros development","1/173","105/18805",0.00952380952380952,1.03523259014588,0.0348848494536046,0.622106632675681,0.846031347549472,0.832074820999166,"HES1",1,"BP",0.00578034682080925,0.00558362137729327
"BP","GO:0008593","regulation of Notch signaling pathway","1/173","105/18805",0.00952380952380952,1.03523259014588,0.0348848494536046,0.622106632675681,0.846031347549472,0.832074820999166,"HES1",1,"BP",0.00578034682080925,0.00558362137729327
"BP","GO:0009062","fatty acid catabolic process","1/173","105/18805",0.00952380952380952,1.03523259014588,0.0348848494536046,0.622106632675681,0.846031347549472,0.832074820999166,"ETFB",1,"BP",0.00578034682080925,0.00558362137729327
"BP","GO:0043255","regulation of carbohydrate biosynthetic process","1/173","105/18805",0.00952380952380952,1.03523259014588,0.0348848494536046,0.622106632675681,0.846031347549472,0.832074820999166,"NNMT",1,"BP",0.00578034682080925,0.00558362137729327
"BP","GO:1990830","cellular response to leukemia inhibitory factor","1/173","105/18805",0.00952380952380952,1.03523259014588,0.0348848494536046,0.622106632675681,0.846031347549472,0.832074820999166,"EEF1E1",1,"BP",0.00578034682080925,0.00558362137729327
"BP","GO:2001252","positive regulation of chromosome organization","1/173","105/18805",0.00952380952380952,1.03523259014588,0.0348848494536046,0.622106632675681,0.846031347549472,0.832074820999166,"TFPT",1,"BP",0.00578034682080925,0.00558362137729327
"BP","GO:0045055","regulated exocytosis","2/173","228/18805",0.0087719298245614,0.953503701450157,-0.0680638402981415,0.622771154270082,0.846362420610456,0.832400432524973,"VAMP8/S100A13",2,"BP",0.0115606936416185,0.012124434990694
"BP","GO:0042063","gliogenesis","3/173","348/18805",0.00862068965517241,0.937063982459637,-0.114189654551488,0.623898763114319,0.846775306109239,0.832806506872559,"NAGLU/HRAS/HES1",3,"BP",0.0173410404624277,0.0185057165647434
"BP","GO:0006885","regulation of pH","1/173","106/18805",0.00943396226415094,1.02546624495583,0.0253353605441822,0.625602651528468,0.846775306109239,0.832806506872559,"ATP6V0B",1,"BP",0.00578034682080925,0.00563679872374368
"BP","GO:0008585","female gonad development","1/173","106/18805",0.00943396226415094,1.02546624495583,0.0253353605441822,0.625602651528468,0.846775306109239,0.832806506872559,"AMH",1,"BP",0.00578034682080925,0.00563679872374368
"BP","GO:0008630","intrinsic apoptotic signaling pathway in response to DNA damage","1/173","106/18805",0.00943396226415094,1.02546624495583,0.0253353605441822,0.625602651528468,0.846775306109239,0.832806506872559,"SFN",1,"BP",0.00578034682080925,0.00563679872374368
"BP","GO:0061326","renal tubule development","1/173","106/18805",0.00943396226415094,1.02546624495583,0.0253353605441822,0.625602651528468,0.846775306109239,0.832806506872559,"HES1",1,"BP",0.00578034682080925,0.00563679872374368
"BP","GO:1901796","regulation of signal transduction by p53 class mediator","1/173","106/18805",0.00943396226415094,1.02546624495583,0.0253353605441822,0.625602651528468,0.846775306109239,0.832806506872559,"EEF1E1",1,"BP",0.00578034682080925,0.00563679872374368
"BP","GO:0019395","fatty acid oxidation","1/173","107/18805",0.00934579439252336,1.015882448274,0.0158756017489379,0.629066512766265,0.849747103938302,0.835729280542619,"ETFB",1,"BP",0.00578034682080925,0.0056899760701941
"BP","GO:1901222","regulation of non-canonical NF-kappaB signal transduction","1/173","107/18805",0.00934579439252336,1.015882448274,0.0158756017489379,0.629066512766265,0.849747103938302,0.835729280542619,"NDUFC2",1,"BP",0.00578034682080925,0.0056899760701941
"BP","GO:1990823","response to leukemia inhibitory factor","1/173","107/18805",0.00934579439252336,1.015882448274,0.0158756017489379,0.629066512766265,0.849747103938302,0.835729280542619,"EEF1E1",1,"BP",0.00578034682080925,0.0056899760701941
"BP","GO:0006310","DNA recombination","3/173","352/18805",0.00852272727272727,0.926415528113505,-0.134289622575657,0.631606243766984,0.852032583873582,0.83797705813804,"TFPT/RPA3/CHD4",3,"BP",0.0173410404624277,0.0187184259505451
"BP","GO:0021700","developmental maturation","3/173","352/18805",0.00852272727272727,0.926415528113505,-0.134289622575657,0.631606243766984,0.852032583873582,0.83797705813804,"EBP/CD63/HES1",3,"BP",0.0173410404624277,0.0187184259505451
"BP","GO:0021549","cerebellum development","1/173","108/18805",0.00925925925925926,1.0064761293085,0.00650369042171359,0.63249851048214,0.85209249736535,0.838035983268985,"NAGLU",1,"BP",0.00578034682080925,0.00574315341664451
"BP","GO:0033045","regulation of sister chromatid segregation","1/173","108/18805",0.00925925925925926,1.0064761293085,0.00650369042171359,0.63249851048214,0.85209249736535,0.838035983268985,"MAD2L1",1,"BP",0.00578034682080925,0.00574315341664451
"BP","GO:0043269","regulation of monoatomic ion transport","4/173","472/18805",0.00847457627118644,0.921181542078965,-0.167109291847117,0.634517539700301,0.853729084737189,0.839645572734455,"CD63/GSTO1/HES1/COX17",4,"BP",0.023121387283237,0.0250997075245945
"BP","GO:0045926","negative regulation of growth","2/173","233/18805",0.00858369098712446,0.933042248629338,-0.0990986911307738,0.634562812237493,0.853729084737189,0.839645572734455,"MT1G/ST20",2,"BP",0.0115606936416185,0.012390321722946
"BP","GO:0010389","regulation of G2/M transition of mitotic cell cycle","1/173","109/18805",0.00917431192660551,0.997242403351541,-0.00278219827430586,0.635898936095158,0.853812198765042,0.839727315674652,"BABAM1",1,"BP",0.00578034682080925,0.00579633076309492
"BP","GO:0043405","regulation of MAP kinase activity","1/173","109/18805",0.00917431192660551,0.997242403351541,-0.00278219827430586,0.635898936095158,0.853812198765042,0.839727315674652,"HRAS",1,"BP",0.00578034682080925,0.00579633076309492
"BP","GO:0048709","oligodendrocyte differentiation","1/173","109/18805",0.00917431192660551,0.997242403351541,-0.00278219827430586,0.635898936095158,0.853812198765042,0.839727315674652,"HES1",1,"BP",0.00578034682080925,0.00579633076309492
"BP","GO:0019722","calcium-mediated signaling","2/173","235/18805",0.00851063829787234,0.925101463534621,-0.111331932057746,0.639198694773822,0.85434098240216,0.840247376250985,"GSTO1/CIB1",2,"BP",0.0115606936416185,0.0124966764158468
"BP","GO:0001708","cell fate specification","1/173","110/18805",0.00909090909090909,0.988176563321072,-0.0119838336734315,0.639268078374551,0.85434098240216,0.840247376250985,"CHD4",1,"BP",0.00578034682080925,0.00584950810954533
"BP","GO:0006029","proteoglycan metabolic process","1/173","110/18805",0.00909090909090909,0.988176563321072,-0.0119838336734315,0.639268078374551,0.85434098240216,0.840247376250985,"NAGLU",1,"BP",0.00578034682080925,0.00584950810954533
"BP","GO:0006641","triglyceride metabolic process","1/173","110/18805",0.00909090909090909,0.988176563321072,-0.0119838336734315,0.639268078374551,0.85434098240216,0.840247376250985,"GPX1",1,"BP",0.00578034682080925,0.00584950810954533
"BP","GO:0010586","miRNA metabolic process","1/173","110/18805",0.00909090909090909,0.988176563321072,-0.0119838336734315,0.639268078374551,0.85434098240216,0.840247376250985,"HRAS",1,"BP",0.00578034682080925,0.00584950810954533
"BP","GO:0031398","positive regulation of protein ubiquitination","1/173","110/18805",0.00909090909090909,0.988176563321072,-0.0119838336734315,0.639268078374551,0.85434098240216,0.840247376250985,"UBE2S",1,"BP",0.00578034682080925,0.00584950810954533
"BP","GO:0046545","development of primary female sexual characteristics","1/173","110/18805",0.00909090909090909,0.988176563321072,-0.0119838336734315,0.639268078374551,0.85434098240216,0.840247376250985,"AMH",1,"BP",0.00578034682080925,0.00584950810954533
"BP","GO:0010594","regulation of endothelial cell migration","2/173","236/18805",0.00847457627118644,0.921181542078965,-0.117410817542798,0.641499377030167,0.854732767064559,0.840632697851397,"CIB1/CSNK2B",2,"BP",0.0115606936416185,0.0125498537622973
"BP","GO:0002526","acute inflammatory response","1/173","111/18805",0.00900900900900901,0.979274071759621,-0.0211029318017562,0.642606223463677,0.854732767064559,0.840632697851397,"RHBDD3",1,"BP",0.00578034682080925,0.00590268545599575
"BP","GO:0003279","cardiac septum development","1/173","111/18805",0.00900900900900901,0.979274071759621,-0.0211029318017562,0.642606223463677,0.854732767064559,0.840632697851397,"HES1",1,"BP",0.00578034682080925,0.00590268545599575
"BP","GO:0006892","post-Golgi vesicle-mediated transport","1/173","111/18805",0.00900900900900901,0.979274071759621,-0.0211029318017562,0.642606223463677,0.854732767064559,0.840632697851397,"VAMP5",1,"BP",0.00578034682080925,0.00590268545599575
"BP","GO:0007229","integrin-mediated signaling pathway","1/173","111/18805",0.00900900900900901,0.979274071759621,-0.0211029318017562,0.642606223463677,0.854732767064559,0.840632697851397,"CD63",1,"BP",0.00578034682080925,0.00590268545599575
"BP","GO:0009063","amino acid catabolic process","1/173","111/18805",0.00900900900900901,0.979274071759621,-0.0211029318017562,0.642606223463677,0.854732767064559,0.840632697851397,"ETFB",1,"BP",0.00578034682080925,0.00590268545599575
"BP","GO:0048024","regulation of mRNA splicing, via spliceosome","1/173","111/18805",0.00900900900900901,0.979274071759621,-0.0211029318017562,0.642606223463677,0.854732767064559,0.840632697851397,"SNRNP70",1,"BP",0.00578034682080925,0.00590268545599575
"BP","GO:1901990","regulation of mitotic cell cycle phase transition","3/173","358/18805",0.00837988826815642,0.910889010882552,-0.164031908832668,0.642963156120206,0.854732767064559,0.840632697851397,"MAD2L1/TMEM14B/BABAM1",3,"BP",0.0173410404624277,0.0190374900292475
"BP","GO:0019318","hexose metabolic process","2/173","237/18805",0.00843881856540084,0.917294700129265,-0.123464864745573,0.643788572522524,0.855261163607736,0.84115237771947,"NNMT/TFF3",2,"BP",0.0115606936416185,0.0126030311087477
"BP","GO:0006936","muscle contraction","3/173","359/18805",0.00835654596100279,0.908351715587615,-0.168942492354996,0.644832050803368,0.855261163607736,0.84115237771947,"GSTO1/MYL6/LTB4R",3,"BP",0.0173410404624277,0.019090667375698
"BP","GO:0010506","regulation of autophagy","3/173","359/18805",0.00835654596100279,0.908351715587615,-0.168942492354996,0.644832050803368,0.855261163607736,0.84115237771947,"SNRNP70/ATP6V0B/PARL",3,"BP",0.0173410404624277,0.019090667375698
"BP","GO:0014013","regulation of gliogenesis","1/173","112/18805",0.00892857142857143,0.970530553261767,-0.0301411574653497,0.645913654903753,0.855261163607736,0.84115237771947,"HES1",1,"BP",0.00578034682080925,0.00595586280244616
"BP","GO:0022600","digestive system process","1/173","112/18805",0.00892857142857143,0.970530553261767,-0.0301411574653497,0.645913654903753,0.855261163607736,0.84115237771947,"TFF3",1,"BP",0.00578034682080925,0.00595586280244616
"BP","GO:0032204","regulation of telomere maintenance","1/173","112/18805",0.00892857142857143,0.970530553261767,-0.0301411574653497,0.645913654903753,0.855261163607736,0.84115237771947,"TFPT",1,"BP",0.00578034682080925,0.00595586280244616
"BP","GO:1903050","regulation of proteolysis involved in protein catabolic process","2/173","239/18805",0.00836820083682008,0.909618593852033,-0.135499379444375,0.648332565160023,0.856520832103836,0.842391266138259,"GPX1/CSNK2B",2,"BP",0.0115606936416185,0.0127093858016485
"BP","GO:0006672","ceramide metabolic process","1/173","113/18805",0.00884955752212389,0.961941787303698,-0.0391001262384095,0.649190653657385,0.856520832103836,0.842391266138259,"NAGLU",1,"BP",0.00578034682080925,0.00600904014889657
"BP","GO:0042116","macrophage activation","1/173","113/18805",0.00884955752212389,0.961941787303698,-0.0391001262384095,0.649190653657385,0.856520832103836,0.842391266138259,"NAGLU",1,"BP",0.00578034682080925,0.00600904014889657
"BP","GO:0120034","positive regulation of plasma membrane bounded cell projection assembly","1/173","113/18805",0.00884955752212389,0.961941787303698,-0.0391001262384095,0.649190653657385,0.856520832103836,0.842391266138259,"HRAS",1,"BP",0.00578034682080925,0.00600904014889657
"BP","GO:0000082","G1/S transition of mitotic cell cycle","2/173","240/18805",0.00833333333333333,0.905828516377649,-0.141480306401971,0.650587394984106,0.856520832103836,0.842391266138259,"TMEM14B/CDC34",2,"BP",0.0115606936416185,0.0127625631480989
"BP","GO:0007160","cell-matrix adhesion","2/173","240/18805",0.00833333333333333,0.905828516377649,-0.141480306401971,0.650587394984106,0.856520832103836,0.842391266138259,"CD63/CIB1",2,"BP",0.0115606936416185,0.0127625631480989
"BP","GO:0042445","hormone metabolic process","2/173","240/18805",0.00833333333333333,0.905828516377649,-0.141480306401971,0.650587394984106,0.856520832103836,0.842391266138259,"NAGLU/SELENOM",2,"BP",0.0115606936416185,0.0127625631480989
"BP","GO:0000077","DNA damage checkpoint signaling","1/173","114/18805",0.0087719298245614,0.953503701450157,-0.047981406357005,0.652437498131881,0.856520832103836,0.842391266138259,"BABAM1",1,"BP",0.00578034682080925,0.00606221749534698
"BP","GO:0001776","leukocyte homeostasis","1/173","114/18805",0.0087719298245614,0.953503701450157,-0.047981406357005,0.652437498131881,0.856520832103836,0.842391266138259,"SIVA1",1,"BP",0.00578034682080925,0.00606221749534698
"BP","GO:0007218","neuropeptide signaling pathway","1/173","114/18805",0.0087719298245614,0.953503701450157,-0.047981406357005,0.652437498131881,0.856520832103836,0.842391266138259,"LTB4R",1,"BP",0.00578034682080925,0.00606221749534698
"BP","GO:0034440","lipid oxidation","1/173","114/18805",0.0087719298245614,0.953503701450157,-0.047981406357005,0.652437498131881,0.856520832103836,0.842391266138259,"ETFB",1,"BP",0.00578034682080925,0.00606221749534698
"BP","GO:0045445","myoblast differentiation","1/173","114/18805",0.0087719298245614,0.953503701450157,-0.047981406357005,0.652437498131881,0.856520832103836,0.842391266138259,"GPX1",1,"BP",0.00578034682080925,0.00606221749534698
"BP","GO:0002443","leukocyte mediated immunity","4/173","483/18805",0.0082815734989648,0.900202252300769,-0.214104749304655,0.652441924107588,0.856520832103836,0.842391266138259,"HLA-A/HLA-B/VAMP8/S100A13",4,"BP",0.023121387283237,0.0256846583355491
"BP","GO:0034612","response to tumor necrosis factor","2/173","241/18805",0.00829875518672199,0.902069891828364,-0.14743731411814,0.652830803374665,0.856520832103836,0.842391266138259,"CIB1/HES1",2,"BP",0.0115606936416185,0.0128157404945493
"BP","GO:0033559","unsaturated fatty acid metabolic process","1/173","115/18805",0.00869565217391304,0.945212364915808,-0.0567865205237005,0.655654464202353,0.856579604606453,0.842449069102341,"GPX1",1,"BP",0.00578034682080925,0.00611539484179739
"BP","GO:0036503","ERAD pathway","1/173","115/18805",0.00869565217391304,0.945212364915808,-0.0567865205237005,0.655654464202353,0.856579604606453,0.842449069102341,"RHBDD2",1,"BP",0.00578034682080925,0.00611539484179739
"BP","GO:0048477","oogenesis","1/173","115/18805",0.00869565217391304,0.945212364915808,-0.0567865205237005,0.655654464202353,0.856579604606453,0.842449069102341,"AMH",1,"BP",0.00578034682080925,0.00611539484179739
"BP","GO:0051303","establishment of chromosome localization","1/173","115/18805",0.00869565217391304,0.945212364915808,-0.0567865205237005,0.655654464202353,0.856579604606453,0.842449069102341,"PMF1",1,"BP",0.00578034682080925,0.00611539484179739
"BP","GO:0050670","regulation of lymphocyte proliferation","2/173","243/18805",0.00823045267489712,0.894645448274222,-0.159280456328692,0.65728342842803,0.856579604606453,0.842449069102341,"HLA-A/HES1",2,"BP",0.0115606936416185,0.0129220951874501
"BP","GO:0099173","postsynapse organization","2/173","243/18805",0.00823045267489712,0.894645448274222,-0.159280456328692,0.65728342842803,0.856579604606453,0.842449069102341,"ZDHHC12/NEDD8",2,"BP",0.0115606936416185,0.0129220951874501
"BP","GO:2001234","negative regulation of apoptotic signaling pathway","2/173","243/18805",0.00823045267489712,0.894645448274222,-0.159280456328692,0.65728342842803,0.856579604606453,0.842449069102341,"GPX1/PARL",2,"BP",0.0115606936416185,0.0129220951874501
"BP","GO:0043010","camera-type eye development","3/173","366/18805",0.00819672131147541,0.89097886856818,-0.202955572654972,0.657722267071132,0.856579604606453,0.842449069102341,"HSF4/NAGLU/HES1",3,"BP",0.0173410404624277,0.0194629088008508
"BP","GO:0000422","autophagy of mitochondrion","1/173","116/18805",0.00862068965517241,0.937063982459637,-0.0655169476279969,0.658841825234615,0.856579604606453,0.842449069102341,"PARL",1,"BP",0.00578034682080925,0.00616857218824781
"BP","GO:0002062","chondrocyte differentiation","1/173","116/18805",0.00862068965517241,0.937063982459637,-0.0655169476279969,0.658841825234615,0.856579604606453,0.842449069102341,"SCX",1,"BP",0.00578034682080925,0.00616857218824781
"BP","GO:0002065","columnar/cuboidal epithelial cell differentiation","1/173","116/18805",0.00862068965517241,0.937063982459637,-0.0655169476279969,0.658841825234615,0.856579604606453,0.842449069102341,"HES1",1,"BP",0.00578034682080925,0.00616857218824781
"BP","GO:0050731","positive regulation of peptidyl-tyrosine phosphorylation","1/173","116/18805",0.00862068965517241,0.937063982459637,-0.0655169476279969,0.658841825234615,0.856579604606453,0.842449069102341,"HES1",1,"BP",0.00578034682080925,0.00616857218824781
"BP","GO:0070252","actin-mediated cell contraction","1/173","116/18805",0.00862068965517241,0.937063982459637,-0.0655169476279969,0.658841825234615,0.856579604606453,0.842449069102341,"MYL6",1,"BP",0.00578034682080925,0.00616857218824781
"BP","GO:0070555","response to interleukin-1","1/173","116/18805",0.00862068965517241,0.937063982459637,-0.0655169476279969,0.658841825234615,0.856579604606453,0.842449069102341,"HES1",1,"BP",0.00578034682080925,0.00616857218824781
"BP","GO:0033044","regulation of chromosome organization","2/173","244/18805",0.00819672131147541,0.89097886856818,-0.165167025536301,0.659492682949397,0.85680599017182,0.842671720106142,"MAD2L1/TFPT",2,"BP",0.0115606936416185,0.0129752725339006
"BP","GO:0050673","epithelial cell proliferation","4/173","488/18805",0.00819672131147541,0.89097886856818,-0.235132065130519,0.660395324762809,0.85680599017182,0.842671720106142,"HRAS/HES1/GPX1/SFN",4,"BP",0.023121387283237,0.0259505450678011
"BP","GO:0009895","negative regulation of catabolic process","3/173","368/18805",0.00815217391304348,0.88613659210857,-0.212559928102193,0.661343353889035,0.85680599017182,0.842671720106142,"MAD2L1/SNRNP70/CSNK2B",3,"BP",0.0173410404624277,0.0195692634937517
"BP","GO:0009743","response to carbohydrate","2/173","245/18805",0.00816326530612245,0.887342220125044,-0.171030545036526,0.661690591728458,0.85680599017182,0.842671720106142,"NAGLU/GPX1",2,"BP",0.0115606936416185,0.013028449880351
"BP","GO:0009135","purine nucleoside diphosphate metabolic process","1/173","117/18805",0.00854700854700855,0.929054888592461,-0.0741741243872139,0.661999852107878,0.85680599017182,0.842671720106142,"GUK1",1,"BP",0.00578034682080925,0.00622174953469822
"BP","GO:0009179","purine ribonucleoside diphosphate metabolic process","1/173","117/18805",0.00854700854700855,0.929054888592461,-0.0741741243872139,0.661999852107878,0.85680599017182,0.842671720106142,"GUK1",1,"BP",0.00578034682080925,0.00622174953469822
"BP","GO:0051928","positive regulation of calcium ion transport","1/173","117/18805",0.00854700854700855,0.929054888592461,-0.0741741243872139,0.661999852107878,0.85680599017182,0.842671720106142,"GSTO1",1,"BP",0.00578034682080925,0.00622174953469822
"BP","GO:0001824","blastocyst development","1/173","118/18805",0.00847457627118644,0.921181542078965,-0.0827594469121543,0.665128813237231,0.858093013226466,0.843937511829957,"NDUFA2",1,"BP",0.00578034682080925,0.00627492688114863
"BP","GO:0006368","transcription elongation by RNA polymerase II","1/173","118/18805",0.00847457627118644,0.921181542078965,-0.0827594469121543,0.665128813237231,0.858093013226466,0.843937511829957,"POLR2I",1,"BP",0.00578034682080925,0.00627492688114863
"BP","GO:0007265","Ras protein signal transduction","1/173","118/18805",0.00847457627118644,0.921181542078965,-0.0827594469121543,0.665128813237231,0.858093013226466,0.843937511829957,"HRAS",1,"BP",0.00578034682080925,0.00627492688114863
"BP","GO:0022037","metencephalon development","1/173","118/18805",0.00847457627118644,0.921181542078965,-0.0827594469121543,0.665128813237231,0.858093013226466,0.843937511829957,"NAGLU",1,"BP",0.00578034682080925,0.00627492688114863
"BP","GO:0035967","cellular response to topologically incorrect protein","1/173","118/18805",0.00847457627118644,0.921181542078965,-0.0827594469121543,0.665128813237231,0.858093013226466,0.843937511829957,"RHBDD2",1,"BP",0.00578034682080925,0.00627492688114863
"BP","GO:0016049","cell growth","4/173","492/18805",0.00813008130081301,0.883735137929414,-0.251808113546873,0.666669930758851,0.85952954510923,0.845350346014734,"CIB1/PRR5/SFN/ST20",4,"BP",0.023121387283237,0.0261632544536028
"BP","GO:0032944","regulation of mononuclear cell proliferation","2/173","248/18805",0.00806451612903226,0.87660824165579,-0.188484891796563,0.668216450949055,0.859687127164253,0.845505328522894,"HLA-A/HES1",2,"BP",0.0115606936416185,0.0131879819197022
"BP","GO:0000045","autophagosome assembly","1/173","119/18805",0.00840336134453781,0.913440520716957,-0.0912742722016095,0.668228974595927,0.859687127164253,0.845505328522894,"CTSD",1,"BP",0.00578034682080925,0.00632810422759904
"BP","GO:0046822","regulation of nucleocytoplasmic transport","1/173","119/18805",0.00840336134453781,0.913440520716957,-0.0912742722016095,0.668228974595927,0.859687127164253,0.845505328522894,"SFN",1,"BP",0.00578034682080925,0.00632810422759904
"BP","GO:0002768","immune response-regulating cell surface receptor signaling pathway","3/173","372/18805",0.00806451612903226,0.87660824165579,-0.231621060886302,0.668502975003844,0.859687127164253,0.845505328522894,"HLA-A/NAGLU/HRAS",3,"BP",0.0173410404624277,0.0197819728795533
"BP","GO:0032355","response to estradiol","1/173","120/18805",0.00833333333333333,0.905828516377649,-0.0997199195695165,0.671300599737472,0.862181600940779,0.847958652299964,"GPX1",1,"BP",0.00578034682080925,0.00638128157404945
"BP","GO:0051092","positive regulation of NF-kappaB transcription factor activity","1/173","120/18805",0.00833333333333333,0.905828516377649,-0.0997199195695165,0.671300599737472,0.862181600940779,0.847958652299964,"CIB1",1,"BP",0.00578034682080925,0.00638128157404945
"BP","GO:0002573","myeloid leukocyte differentiation","2/173","250/18805",0.008,0.869595375722543,-0.200009651090604,0.672510685157466,0.8627825201357,0.848549658452393,"NAGLU/MT1G",2,"BP",0.0115606936416185,0.013294336612603
"BP","GO:0006275","regulation of DNA replication","1/173","121/18805",0.00826446280991736,0.898342330291884,-0.108097672008349,0.674343949817505,0.8627825201357,0.848549658452393,"TFPT",1,"BP",0.00578034682080925,0.00643445892049987
"BP","GO:0006661","phosphatidylinositol biosynthetic process","1/173","121/18805",0.00826446280991736,0.898342330291884,-0.108097672008349,0.674343949817505,0.8627825201357,0.848549658452393,"DPM3",1,"BP",0.00578034682080925,0.00643445892049987
"BP","GO:0042303","molting cycle","1/173","121/18805",0.00826446280991736,0.898342330291884,-0.108097672008349,0.674343949817505,0.8627825201357,0.848549658452393,"NAGLU",1,"BP",0.00578034682080925,0.00643445892049987
"BP","GO:0042633","hair cycle","1/173","121/18805",0.00826446280991736,0.898342330291884,-0.108097672008349,0.674343949817505,0.8627825201357,0.848549658452393,"NAGLU",1,"BP",0.00578034682080925,0.00643445892049987
"BP","GO:0043414","macromolecule methylation","1/173","121/18805",0.00826446280991736,0.898342330291884,-0.108097672008349,0.674343949817505,0.8627825201357,0.848549658452393,"SNRPB",1,"BP",0.00578034682080925,0.00643445892049987
"BP","GO:0048285","organelle fission","4/173","498/18805",0.00803212851405622,0.87308772662906,-0.276584691736521,0.675934215788116,0.863472785337018,0.849228536717947,"MAD2L1/PSMD13/UBE2S/AURKAIP1",4,"BP",0.023121387283237,0.0264823185323052
"BP","GO:0045444","fat cell differentiation","2/173","252/18805",0.00793650793650794,0.862693825121571,-0.211447084705697,0.676760061566906,0.863472785337018,0.849228536717947,"HES1/GPX1",2,"BP",0.0115606936416185,0.0134006913055039
"BP","GO:0019080","viral gene expression","1/173","122/18805",0.00819672131147541,0.89097886856818,-0.116408777492095,0.677359283615491,0.863472785337018,0.849228536717947,"TARBP2",1,"BP",0.00578034682080925,0.00648763626695028
"BP","GO:0051261","protein depolymerization","1/173","122/18805",0.00819672131147541,0.89097886856818,-0.116408777492095,0.677359283615491,0.863472785337018,0.849228536717947,"CIB1",1,"BP",0.00578034682080925,0.00648763626695028
"BP","GO:1902749","regulation of cell cycle G2/M phase transition","1/173","122/18805",0.00819672131147541,0.89097886856818,-0.116408777492095,0.677359283615491,0.863472785337018,0.849228536717947,"BABAM1",1,"BP",0.00578034682080925,0.00648763626695028
"BP","GO:0045785","positive regulation of cell adhesion","4/173","499/18805",0.00801603206412826,0.871338051826196,-0.280686872802857,0.677460986306705,0.863472785337018,0.849228536717947,"HLA-A/CIB1/HES1/SFN",4,"BP",0.023121387283237,0.0265354958787557
"BP","GO:0051924","regulation of calcium ion transport","2/173","253/18805",0.00790513833992095,0.85928396810528,-0.217133537374653,0.678867987812552,0.864717779152871,0.850452992536838,"GSTO1/HES1",2,"BP",0.0115606936416185,0.0134538686519543
"BP","GO:0031570","DNA integrity checkpoint signaling","1/173","123/18805",0.00813008130081301,0.883735137929414,-0.124654450221981,0.680346857556213,0.864891008009737,0.850623363729922,"BABAM1",1,"BP",0.00578034682080925,0.00654081361340069
"BP","GO:0046634","regulation of alpha-beta T cell activation","1/173","123/18805",0.00813008130081301,0.883735137929414,-0.124654450221981,0.680346857556213,0.864891008009737,0.850623363729922,"HLA-A",1,"BP",0.00578034682080925,0.00654081361340069
"BP","GO:0050000","chromosome localization","1/173","123/18805",0.00813008130081301,0.883735137929414,-0.124654450221981,0.680346857556213,0.864891008009737,0.850623363729922,"PMF1",1,"BP",0.00578034682080925,0.00654081361340069
"BP","GO:0060047","heart contraction","2/173","254/18805",0.0078740157480315,0.855900960356834,-0.222798733161128,0.680964772281362,0.864891008009737,0.850623363729922,"GSTO1/GPX1",2,"BP",0.0115606936416185,0.0135070459984047
"BP","GO:0043523","regulation of neuron apoptotic process","2/173","255/18805",0.00784313725490196,0.852544486002493,-0.228442858390769,0.683050440234514,0.864891008009737,0.850623363729922,"HRAS/CDC34",2,"BP",0.0115606936416185,0.0135602233448551
"BP","GO:0019079","viral genome replication","1/173","124/18805",0.00806451612903226,0.87660824165579,-0.132835871817906,0.683306925731076,0.864891008009737,0.850623363729922,"TARBP2",1,"BP",0.00578034682080925,0.0065939909598511
"BP","GO:0045446","endothelial cell differentiation","1/173","124/18805",0.00806451612903226,0.87660824165579,-0.132835871817906,0.683306925731076,0.864891008009737,0.850623363729922,"GPX1",1,"BP",0.00578034682080925,0.0065939909598511
"BP","GO:0071887","leukocyte apoptotic process","1/173","124/18805",0.00806451612903226,0.87660824165579,-0.132835871817906,0.683306925731076,0.864891008009737,0.850623363729922,"SIVA1",1,"BP",0.00578034682080925,0.0065939909598511
"BP","GO:0072009","nephron epithelium development","1/173","124/18805",0.00806451612903226,0.87660824165579,-0.132835871817906,0.683306925731076,0.864891008009737,0.850623363729922,"HES1",1,"BP",0.00578034682080925,0.0065939909598511
"BP","GO:0072329","monocarboxylic acid catabolic process","1/173","124/18805",0.00806451612903226,0.87660824165579,-0.132835871817906,0.683306925731076,0.864891008009737,0.850623363729922,"ETFB",1,"BP",0.00578034682080925,0.0065939909598511
"BP","GO:0001952","regulation of cell-matrix adhesion","1/173","125/18805",0.008,0.869595375722543,-0.140954192458379,0.686239739919209,0.867510614614849,0.853199756086246,"CIB1",1,"BP",0.00578034682080925,0.00664716830630152
"BP","GO:0046660","female sex differentiation","1/173","125/18805",0.008,0.869595375722543,-0.140954192458379,0.686239739919209,0.867510614614849,0.853199756086246,"AMH",1,"BP",0.00578034682080925,0.00664716830630152
"BP","GO:0002718","regulation of cytokine production involved in immune response","1/173","126/18805",0.00793650793650794,0.862693825121571,-0.149010531971583,0.689145549608395,0.867908868867715,0.853591440551751,"HLA-A",1,"BP",0.00578034682080925,0.00670034565275193
"BP","GO:0010717","regulation of epithelial to mesenchymal transition","1/173","126/18805",0.00793650793650794,0.862693825121571,-0.149010531971583,0.689145549608395,0.867908868867715,0.853591440551751,"SDHAF2",1,"BP",0.00578034682080925,0.00670034565275193
"BP","GO:0010811","positive regulation of cell-substrate adhesion","1/173","126/18805",0.00793650793650794,0.862693825121571,-0.149010531971583,0.689145549608395,0.867908868867715,0.853591440551751,"CIB1",1,"BP",0.00578034682080925,0.00670034565275193
"BP","GO:0061640","cytoskeleton-dependent cytokinesis","1/173","126/18805",0.00793650793650794,0.862693825121571,-0.149010531971583,0.689145549608395,0.867908868867715,0.853591440551751,"JTB",1,"BP",0.00578034682080925,0.00670034565275193
"BP","GO:1903305","regulation of regulated secretory pathway","1/173","126/18805",0.00793650793650794,0.862693825121571,-0.149010531971583,0.689145549608395,0.867908868867715,0.853591440551751,"VAMP8",1,"BP",0.00578034682080925,0.00670034565275193
"BP","GO:1905037","autophagosome organization","1/173","126/18805",0.00793650793650794,0.862693825121571,-0.149010531971583,0.689145549608395,0.867908868867715,0.853591440551751,"CTSD",1,"BP",0.00578034682080925,0.00670034565275193
"BP","GO:0002367","cytokine production involved in immune response","1/173","127/18805",0.0078740157480315,0.855900960356834,-0.157005980880033,0.69202460201579,0.870443961233879,0.856084712855315,"HLA-A",1,"BP",0.00578034682080925,0.00675352299920234
"BP","GO:0006090","pyruvate metabolic process","1/173","127/18805",0.0078740157480315,0.855900960356834,-0.157005980880033,0.69202460201579,0.870443961233879,0.856084712855315,"LDHB",1,"BP",0.00578034682080925,0.00675352299920234
"BP","GO:0032869","cellular response to insulin stimulus","2/173","260/18805",0.00769230769230769,0.836149399733215,-0.25635378080771,0.693312949279338,0.870790201903031,0.856425241777372,"HRAS/CTSD",2,"BP",0.0115606936416185,0.0138261100771072
"BP","GO:0006906","vesicle fusion","1/173","128/18805",0.0078125,0.849214234104046,-0.164941601401163,0.694877142108481,0.870790201903031,0.856425241777372,"VAMP8",1,"BP",0.00578034682080925,0.00680670034565275
"BP","GO:0009185","ribonucleoside diphosphate metabolic process","1/173","128/18805",0.0078125,0.849214234104046,-0.164941601401163,0.694877142108481,0.870790201903031,0.856425241777372,"GUK1",1,"BP",0.00578034682080925,0.00680670034565275
"BP","GO:0030282","bone mineralization","1/173","128/18805",0.0078125,0.849214234104046,-0.164941601401163,0.694877142108481,0.870790201903031,0.856425241777372,"FBXL15",1,"BP",0.00578034682080925,0.00680670034565275
"BP","GO:0048259","regulation of receptor-mediated endocytosis","1/173","128/18805",0.0078125,0.849214234104046,-0.164941601401163,0.694877142108481,0.870790201903031,0.856425241777372,"CD63",1,"BP",0.00578034682080925,0.00680670034565275
"BP","GO:0032984","protein-containing complex disassembly","2/173","261/18805",0.00766283524904215,0.832945762186344,-0.261875263118851,0.695332474653913,0.870790201903031,0.856425241777372,"CIB1/VAMP8",2,"BP",0.0115606936416185,0.0138792874235576
"BP","GO:0050870","positive regulation of T cell activation","2/173","261/18805",0.00766283524904215,0.832945762186344,-0.261875263118851,0.695332474653913,0.870790201903031,0.856425241777372,"HLA-A/HES1",2,"BP",0.0115606936416185,0.0138792874235576
"BP","GO:0003015","heart process","2/173","263/18805",0.00760456273764259,0.826611573880745,-0.272858900870614,0.699338773516811,0.87345678952869,0.859047840133479,"GSTO1/GPX1",2,"BP",0.0115606936416185,0.0139856421164584
"BP","GO:0007127","meiosis I","1/173","130/18805",0.00769230769230769,0.836149399733215,-0.180637470338215,0.700503654089675,0.87345678952869,0.859047840133479,"PSMD13",1,"BP",0.00578034682080925,0.00691305503855358
"BP","GO:0009154","purine ribonucleotide catabolic process","1/173","130/18805",0.00769230769230769,0.836149399733215,-0.180637470338215,0.700503654089675,0.87345678952869,0.859047840133479,"ITPA",1,"BP",0.00578034682080925,0.00691305503855358
"BP","GO:0021987","cerebral cortex development","1/173","130/18805",0.00769230769230769,0.836149399733215,-0.180637470338215,0.700503654089675,0.87345678952869,0.859047840133479,"TMEM14B",1,"BP",0.00578034682080925,0.00691305503855358
"BP","GO:0043244","regulation of protein-containing complex disassembly","1/173","130/18805",0.00769230769230769,0.836149399733215,-0.180637470338215,0.700503654089675,0.87345678952869,0.859047840133479,"CIB1",1,"BP",0.00578034682080925,0.00691305503855358
"BP","GO:0055007","cardiac muscle cell differentiation","1/173","130/18805",0.00769230769230769,0.836149399733215,-0.180637470338215,0.700503654089675,0.87345678952869,0.859047840133479,"NAGLU",1,"BP",0.00578034682080925,0.00691305503855358
"BP","GO:0090174","organelle membrane fusion","1/173","130/18805",0.00769230769230769,0.836149399733215,-0.180637470338215,0.700503654089675,0.87345678952869,0.859047840133479,"VAMP8",1,"BP",0.00578034682080925,0.00691305503855358
"BP","GO:0000209","protein polyubiquitination","2/173","264/18805",0.00757575757575758,0.823480469434227,-0.278321390416302,0.701325604985856,0.873664394769487,0.859252020621679,"CDC34/UBE2S",2,"BP",0.0115606936416185,0.0140388194629088
"BP","GO:0006888","endoplasmic reticulum to Golgi vesicle-mediated transport","1/173","131/18805",0.00763358778625954,0.829766579887923,-0.188399710094838,0.703278104844293,0.873664394769487,0.859252020621679,"TRAPPC2L",1,"BP",0.00578034682080925,0.00696623238500399
"BP","GO:0007259","cell surface receptor signaling pathway via JAK-STAT","1/173","131/18805",0.00763358778625954,0.829766579887923,-0.188399710094838,0.703278104844293,0.873664394769487,0.859252020621679,"HES1",1,"BP",0.00578034682080925,0.00696623238500399
"BP","GO:0032612","interleukin-1 production","1/173","131/18805",0.00763358778625954,0.829766579887923,-0.188399710094838,0.703278104844293,0.873664394769487,0.859252020621679,"S100A13",1,"BP",0.00578034682080925,0.00696623238500399
"BP","GO:0032652","regulation of interleukin-1 production","1/173","131/18805",0.00763358778625954,0.829766579887923,-0.188399710094838,0.703278104844293,0.873664394769487,0.859252020621679,"S100A13",1,"BP",0.00578034682080925,0.00696623238500399
"BP","GO:0051209","release of sequestered calcium ion into cytosol","1/173","131/18805",0.00763358778625954,0.829766579887923,-0.188399710094838,0.703278104844293,0.873664394769487,0.859252020621679,"GSTO1",1,"BP",0.00578034682080925,0.00696623238500399
"BP","GO:0001704","formation of primary germ layer","1/173","132/18805",0.00757575757575758,0.823480469434227,-0.19610610587158,0.706027001056242,0.874916320667723,0.860483294168098,"SCX",1,"BP",0.00578034682080925,0.0070194097314544
"BP","GO:0014902","myotube differentiation","1/173","132/18805",0.00757575757575758,0.823480469434227,-0.19610610587158,0.706027001056242,0.874916320667723,0.860483294168098,"GPX1",1,"BP",0.00578034682080925,0.0070194097314544
"BP","GO:0032434","regulation of proteasomal ubiquitin-dependent protein catabolic process","1/173","132/18805",0.00757575757575758,0.823480469434227,-0.19610610587158,0.706027001056242,0.874916320667723,0.860483294168098,"CSNK2B",1,"BP",0.00578034682080925,0.0070194097314544
"BP","GO:0051283","negative regulation of sequestering of calcium ion","1/173","132/18805",0.00757575757575758,0.823480469434227,-0.19610610587158,0.706027001056242,0.874916320667723,0.860483294168098,"GSTO1",1,"BP",0.00578034682080925,0.0070194097314544
"BP","GO:0046486","glycerolipid metabolic process","3/173","395/18805",0.00759493670886076,0.825565230116339,-0.337616097272142,0.707537776569192,0.875551167001383,0.861107667781408,"TMEM86B/GPX1/DPM3",3,"BP",0.0173410404624277,0.0210050518479128
"BP","GO:0010595","positive regulation of endothelial cell migration","1/173","133/18805",0.0075187969924812,0.817288886957278,-0.203757591973407,0.708750576743988,0.875551167001383,0.861107667781408,"CIB1",1,"BP",0.00578034682080925,0.00707258707790481
"BP","GO:0038061","non-canonical NF-kappaB signal transduction","1/173","133/18805",0.0075187969924812,0.817288886957278,-0.203757591973407,0.708750576743988,0.875551167001383,0.861107667781408,"NDUFC2",1,"BP",0.00578034682080925,0.00707258707790481
"BP","GO:0050684","regulation of mRNA processing","1/173","133/18805",0.0075187969924812,0.817288886957278,-0.203757591973407,0.708750576743988,0.875551167001383,0.861107667781408,"SNRNP70",1,"BP",0.00578034682080925,0.00707258707790481
"BP","GO:1903322","positive regulation of protein modification by small protein conjugation or removal","1/173","133/18805",0.0075187969924812,0.817288886957278,-0.203757591973407,0.708750576743988,0.875551167001383,0.861107667781408,"UBE2S",1,"BP",0.00578034682080925,0.00707258707790481
"BP","GO:0002460","adaptive immune response based on somatic recombination of immune receptors built from immunoglobulin superfamily domains","3/173","396/18805",0.00757575757575758,0.823480469434227,-0.342092610368942,0.709152885511568,0.875551167001383,0.861107667781408,"HLA-A/HRAS/HLA-B",3,"BP",0.0173410404624277,0.0210582291943632
"BP","GO:0006354","DNA-templated transcription elongation","1/173","134/18805",0.00746268656716418,0.811189716159089,-0.211355079592654,0.711449063795363,0.875696643128402,0.861250744066582,"POLR2I",1,"BP",0.00578034682080925,0.00712576442435522
"BP","GO:0009132","nucleoside diphosphate metabolic process","1/173","134/18805",0.00746268656716418,0.811189716159089,-0.211355079592654,0.711449063795363,0.875696643128402,0.861250744066582,"GUK1",1,"BP",0.00578034682080925,0.00712576442435522
"BP","GO:0030512","negative regulation of transforming growth factor beta receptor signaling pathway","1/173","134/18805",0.00746268656716418,0.811189716159089,-0.211355079592654,0.711449063795363,0.875696643128402,0.861250744066582,"FAM89B",1,"BP",0.00578034682080925,0.00712576442435522
"BP","GO:0051282","regulation of sequestering of calcium ion","1/173","134/18805",0.00746268656716418,0.811189716159089,-0.211355079592654,0.711449063795363,0.875696643128402,0.861250744066582,"GSTO1",1,"BP",0.00578034682080925,0.00712576442435522
"BP","GO:1901875","positive regulation of post-translational protein modification","1/173","134/18805",0.00746268656716418,0.811189716159089,-0.211355079592654,0.711449063795363,0.875696643128402,0.861250744066582,"UBE2S",1,"BP",0.00578034682080925,0.00712576442435522
"BP","GO:1901888","regulation of cell junction assembly","2/173","270/18805",0.00740740740740741,0.805180903446799,-0.310695917689032,0.713020028677734,0.8768397134353,0.862374957754121,"NEDD8/CHD4",2,"BP",0.0115606936416185,0.0143578835416113
"BP","GO:2001233","regulation of apoptotic signaling pathway","3/173","399/18805",0.0075187969924812,0.817288886957278,-0.355459509540875,0.713957489122103,0.8768397134353,0.862374957754121,"GPX1/EEF1E1/PARL",3,"BP",0.0173410404624277,0.0212177612337144
"BP","GO:0002244","hematopoietic progenitor cell differentiation","1/173","135/18805",0.00740740740740741,0.805180903446799,-0.21889945755602,0.714122691986859,0.8768397134353,0.862374957754121,"HES1",1,"BP",0.00578034682080925,0.00717894177080564
"BP","GO:0048706","embryonic skeletal system development","1/173","135/18805",0.00740740740740741,0.805180903446799,-0.21889945755602,0.714122691986859,0.8768397134353,0.862374957754121,"SCX",1,"BP",0.00578034682080925,0.00717894177080564
"BP","GO:0044843","cell cycle G1/S phase transition","2/173","271/18805",0.00738007380073801,0.802209756201608,-0.316026402183473,0.71493162630424,0.877297050593115,0.862824750465499,"TMEM14B/CDC34",2,"BP",0.0115606936416185,0.0144110608880617
"BP","GO:0009261","ribonucleotide catabolic process","1/173","136/18805",0.00735294117647059,0.799260455627338,-0.226391593041941,0.716771689002728,0.877344583790877,0.862871499533525,"ITPA",1,"BP",0.00578034682080925,0.00723211911725605
"BP","GO:0051028","mRNA transport","1/173","136/18805",0.00735294117647059,0.799260455627338,-0.226391593041941,0.716771689002728,0.877344583790877,0.862871499533525,"ALYREF",1,"BP",0.00578034682080925,0.00723211911725605
"BP","GO:0051225","spindle assembly","1/173","136/18805",0.00735294117647059,0.799260455627338,-0.226391593041941,0.716771689002728,0.877344583790877,0.862871499533525,"SAC3D1",1,"BP",0.00578034682080925,0.00723211911725605
"BP","GO:0003007","heart morphogenesis","2/173","272/18805",0.00735294117647059,0.799260455627338,-0.321338645174736,0.71683260165193,0.877344583790877,0.862871499533525,"NAGLU/HES1",2,"BP",0.0115606936416185,0.0144642382345121
"BP","GO:0070663","regulation of leukocyte proliferation","2/173","273/18805",0.00732600732600733,0.796332761650681,-0.326632795153547,0.718722987055792,0.877344583790877,0.862871499533525,"HLA-A/HES1",2,"BP",0.0115606936416185,0.0145174155809625
"BP","GO:1901988","negative regulation of cell cycle phase transition","2/173","273/18805",0.00732600732600733,0.796332761650681,-0.326632795153547,0.718722987055792,0.877344583790877,0.862871499533525,"MAD2L1/BABAM1",2,"BP",0.0115606936416185,0.0145174155809625
"BP","GO:0006639","acylglycerol metabolic process","1/173","137/18805",0.0072992700729927,0.79342643770305,-0.233832332269725,0.719396280453931,0.877344583790877,0.862871499533525,"GPX1",1,"BP",0.00578034682080925,0.00728529646370646
"BP","GO:0030879","mammary gland development","1/173","137/18805",0.0072992700729927,0.79342643770305,-0.233832332269725,0.719396280453931,0.877344583790877,0.862871499533525,"GPX1",1,"BP",0.00578034682080925,0.00728529646370646
"BP","GO:0048593","camera-type eye morphogenesis","1/173","137/18805",0.0072992700729927,0.79342643770305,-0.233832332269725,0.719396280453931,0.877344583790877,0.862871499533525,"NAGLU",1,"BP",0.00578034682080925,0.00728529646370646
"BP","GO:0051983","regulation of chromosome segregation","1/173","137/18805",0.0072992700729927,0.79342643770305,-0.233832332269725,0.719396280453931,0.877344583790877,0.862871499533525,"MAD2L1",1,"BP",0.00578034682080925,0.00728529646370646
"BP","GO:0010959","regulation of metal ion transport","3/173","403/18805",0.00744416873449132,0.809176838451498,-0.373138045090177,0.720268894283952,0.877344583790877,0.862871499533525,"CD63/GSTO1/HES1",3,"BP",0.0173410404624277,0.0214304706195161
"BP","GO:0006638","neutral lipid metabolic process","1/173","138/18805",0.0072463768115942,0.787676970763173,-0.241222501161762,0.721996689896907,0.877344583790877,0.862871499533525,"GPX1",1,"BP",0.00578034682080925,0.00733847381015687
"BP","GO:0018205","peptidyl-lysine modification","1/173","138/18805",0.0072463768115942,0.787676970763173,-0.241222501161762,0.721996689896907,0.877344583790877,0.862871499533525,"BLOC1S1",1,"BP",0.00578034682080925,0.00733847381015687
"BP","GO:0030218","erythrocyte differentiation","1/173","138/18805",0.0072463768115942,0.787676970763173,-0.241222501161762,0.721996689896907,0.877344583790877,0.862871499533525,"RPS19",1,"BP",0.00578034682080925,0.00733847381015687
"BP","GO:0048565","digestive tract development","1/173","138/18805",0.0072463768115942,0.787676970763173,-0.241222501161762,0.721996689896907,0.877344583790877,0.862871499533525,"HES1",1,"BP",0.00578034682080925,0.00733847381015687
"BP","GO:0051208","sequestering of calcium ion","1/173","138/18805",0.0072463768115942,0.787676970763173,-0.241222501161762,0.721996689896907,0.877344583790877,0.862871499533525,"GSTO1",1,"BP",0.00578034682080925,0.00733847381015687
"BP","GO:0045786","negative regulation of cell cycle","3/173","405/18805",0.00740740740740741,0.805180903446799,-0.381916621815653,0.723384146738757,0.877344583790877,0.862871499533525,"MAD2L1/BABAM1/AURKAIP1",3,"BP",0.0173410404624277,0.0215368253124169
"BP","GO:0006195","purine nucleotide catabolic process","1/173","139/18805",0.00719424460431655,0.782010229966316,-0.248562905980053,0.724573138852167,0.877344583790877,0.862871499533525,"ITPA",1,"BP",0.00578034682080925,0.00739165115660729
"BP","GO:0007266","Rho protein signal transduction","1/173","139/18805",0.00719424460431655,0.782010229966316,-0.248562905980053,0.724573138852167,0.877344583790877,0.862871499533525,"TAX1BP3",1,"BP",0.00578034682080925,0.00739165115660729
"BP","GO:0030048","actin filament-based movement","1/173","139/18805",0.00719424460431655,0.782010229966316,-0.248562905980053,0.724573138852167,0.877344583790877,0.862871499533525,"MYL6",1,"BP",0.00578034682080925,0.00739165115660729
"BP","GO:0035270","endocrine system development","1/173","139/18805",0.00719424460431655,0.782010229966316,-0.248562905980053,0.724573138852167,0.877344583790877,0.862871499533525,"HES1",1,"BP",0.00578034682080925,0.00739165115660729
"BP","GO:0050768","negative regulation of neurogenesis","1/173","139/18805",0.00719424460431655,0.782010229966316,-0.248562905980053,0.724573138852167,0.877344583790877,0.862871499533525,"HES1",1,"BP",0.00578034682080925,0.00739165115660729
"BP","GO:0071695","anatomical structure maturation","2/173","277/18805",0.0072202166064982,0.784833371590743,-0.34763137261804,0.726179286463787,0.878319081799094,0.863829921769415,"EBP/HES1",2,"BP",0.0115606936416185,0.0147301249667642
"BP","GO:0007200","phospholipase C-activating G protein-coupled receptor signaling pathway","1/173","140/18805",0.00714285714285714,0.776424442609414,-0.255854333938233,0.727125846822732,0.878319081799094,0.863829921769415,"LTB4R",1,"BP",0.00578034682080925,0.0074448285030577
"BP","GO:0032388","positive regulation of intracellular transport","1/173","140/18805",0.00714285714285714,0.776424442609414,-0.255854333938233,0.727125846822732,0.878319081799094,0.863829921769415,"SFN",1,"BP",0.00578034682080925,0.0074448285030577
"BP","GO:0061982","meiosis I cell cycle process","1/173","140/18805",0.00714285714285714,0.776424442609414,-0.255854333938233,0.727125846822732,0.878319081799094,0.863829921769415,"PSMD13",1,"BP",0.00578034682080925,0.0074448285030577
"BP","GO:0002702","positive regulation of production of molecular mediator of immune response","1/173","141/18805",0.00709219858156028,0.77091788627885,-0.263097553790201,0.729655031312401,0.880844812575331,0.866313986916194,"HLA-A",1,"BP",0.00578034682080925,0.00749800584950811
"BP","GO:0021537","telencephalon development","2/173","280/18805",0.00714285714285714,0.776424442609414,-0.363197344518053,0.731661944758223,0.882737400338552,0.868175353671538,"TMEM14B/HES1",2,"BP",0.0115606936416185,0.0148896570061154
"BP","GO:1904064","positive regulation of cation transmembrane transport","1/173","142/18805",0.00704225352112676,0.765488887079704,-0.270293316396415,0.73216090784385,0.882809492961091,0.868246257020649,"GSTO1",1,"BP",0.00578034682080925,0.00755118319595852
"BP","GO:0034763","negative regulation of transmembrane transport","1/173","143/18805",0.00699300699300699,0.760135817939286,-0.277442355268855,0.734643689976573,0.885272072453784,0.870668212656824,"GSTO1",1,"BP",0.00578034682080925,0.00760436054240893
"BP","GO:0006631","fatty acid metabolic process","3/173","413/18805",0.00726392251815981,0.789584178924827,-0.416636556267316,0.735577225080112,0.885865921156996,0.871252264955663,"GPX1/ETFB/LTC4S",3,"BP",0.0173410404624277,0.0219622440840202
"BP","GO:0006520","amino acid metabolic process","2/173","283/18805",0.00706713780918728,0.7681937948079,-0.378610601274911,0.737051716103003,0.886641660408481,0.872015207251703,"FPGS/ETFB",2,"BP",0.0115606936416185,0.0150491890454666
"BP","GO:0007586","digestion","1/173","144/18805",0.00694444444444444,0.754857096981374,-0.284545387095596,0.737103589324663,0.886641660408481,0.872015207251703,"TFF3",1,"BP",0.00578034682080925,0.00765753788885935
"BP","GO:0001654","eye development","3/173","415/18805",0.0072289156626506,0.785778953966153,-0.425220069786284,0.738558918801474,0.887860901190767,0.873214334871045,"HSF4/NAGLU/HES1",3,"BP",0.0173410404624277,0.022068598776921
"BP","GO:0031333","negative regulation of protein-containing complex assembly","1/173","145/18805",0.00689655172413793,0.74965118596771,-0.2916031122459,0.739540815574426,0.887979115474669,0.873330599037145,"ZDHHC12",1,"BP",0.00578034682080925,0.00771071523530976
"BP","GO:2000779","regulation of double-strand break repair","1/173","145/18805",0.00689655172413793,0.74965118596771,-0.2916031122459,0.739540815574426,0.887979115474669,0.873330599037145,"MGMT",1,"BP",0.00578034682080925,0.00771071523530976
"BP","GO:1903039","positive regulation of leukocyte cell-cell adhesion","2/173","285/18805",0.00701754385964912,0.762802961160126,-0.388803026516809,0.740593759421907,0.888712511306288,0.874051896430065,"HLA-A/HES1",2,"BP",0.0115606936416185,0.0151555437383675
"BP","GO:0006986","response to unfolded protein","1/173","146/18805",0.00684931506849315,0.744516588803547,-0.298616215256679,0.741955576501844,0.889226810471921,0.87455771147749,"RHBDD2",1,"BP",0.00578034682080925,0.00776389258176017
"BP","GO:0046887","positive regulation of hormone secretion","1/173","146/18805",0.00684931506849315,0.744516588803547,-0.298616215256679,0.741955576501844,0.889226810471921,0.87455771147749,"VAMP8",1,"BP",0.00578034682080925,0.00776389258176017
"BP","GO:0090596","sensory organ morphogenesis","2/173","286/18805",0.00699300699300699,0.760135817939286,-0.393874701606524,0.742349546254668,0.889226810471921,0.87455771147749,"RPL38/NAGLU",2,"BP",0.0115606936416185,0.0152087210848179
"BP","GO:0045598","regulation of fat cell differentiation","1/173","147/18805",0.00680272108843537,0.739451850104203,-0.305585365301143,0.744348077989876,0.889613848211147,0.874938364462181,"HES1",1,"BP",0.00578034682080925,0.00781706992821058
"BP","GO:0051961","negative regulation of nervous system development","1/173","147/18805",0.00680272108843537,0.739451850104203,-0.305585365301143,0.744348077989876,0.889613848211147,0.874938364462181,"HES1",1,"BP",0.00578034682080925,0.00781706992821058
"BP","GO:0060048","cardiac muscle contraction","1/173","147/18805",0.00680272108843537,0.739451850104203,-0.305585365301143,0.744348077989876,0.889613848211147,0.874938364462181,"GSTO1",1,"BP",0.00578034682080925,0.00781706992821058
"BP","GO:0150063","visual system development","3/173","419/18805",0.00715990453460621,0.778277484238553,-0.442274210889378,0.744443031189627,0.889613848211147,0.874938364462181,"HSF4/NAGLU/HES1",3,"BP",0.0173410404624277,0.0222813081627227
"BP","GO:0099175","regulation of postsynapse organization","1/173","148/18805",0.00675675675675676,0.734455553819716,-0.312511216640395,0.746718524045603,0.89180287185482,0.877091276953837,"NEDD8",1,"BP",0.00578034682080925,0.00787024727466099
"BP","GO:0034101","erythrocyte homeostasis","1/173","149/18805",0.00671140939597315,0.729526321914885,-0.319394409058719,0.749067116817223,0.892486606284895,0.877763732182787,"RPS19",1,"BP",0.00578034682080925,0.00792342462111141
"BP","GO:0034614","cellular response to reactive oxygen species","1/173","149/18805",0.00671140939597315,0.729526321914885,-0.319394409058719,0.749067116817223,0.892486606284895,0.877763732182787,"ROMO1",1,"BP",0.00578034682080925,0.00792342462111141
"BP","GO:0090090","negative regulation of canonical Wnt signaling pathway","1/173","149/18805",0.00671140939597315,0.729526321914885,-0.319394409058719,0.749067116817223,0.892486606284895,0.877763732182787,"SDHAF2",1,"BP",0.00578034682080925,0.00792342462111141
"BP","GO:2001235","positive regulation of apoptotic signaling pathway","1/173","149/18805",0.00671140939597315,0.729526321914885,-0.319394409058719,0.749067116817223,0.892486606284895,0.877763732182787,"EEF1E1",1,"BP",0.00578034682080925,0.00792342462111141
"BP","GO:0008203","cholesterol metabolic process","1/173","150/18805",0.00666666666666667,0.724662813102119,-0.326235568283252,0.751394056610888,0.894198966126634,0.879447844140256,"EBP",1,"BP",0.00578034682080925,0.00797660196756182
"BP","GO:0071333","cellular response to glucose stimulus","1/173","150/18805",0.00666666666666667,0.724662813102119,-0.326235568283252,0.751394056610888,0.894198966126634,0.879447844140256,"GPX1",1,"BP",0.00578034682080925,0.00797660196756182
"BP","GO:0009615","response to virus","3/173","425/18805",0.00705882352941176,0.767290037402244,-0.467579134701385,0.753072447739778,0.894892447851129,0.880129885867724,"AP1S1/TARBP2/VAMP8",3,"BP",0.0173410404624277,0.0226003722414252
"BP","GO:0055123","digestive system development","1/173","151/18805",0.00662251655629139,0.719863721624622,-0.333035306388698,0.753699541907394,0.894892447851129,0.880129885867724,"HES1",1,"BP",0.00578034682080925,0.00802977931401223
"BP","GO:0120161","regulation of cold-induced thermogenesis","1/173","151/18805",0.00662251655629139,0.719863721624622,-0.333035306388698,0.753699541907394,0.894892447851129,0.880129885867724,"GADD45G",1,"BP",0.00578034682080925,0.00802977931401223
"BP","GO:0048880","sensory system development","3/173","426/18805",0.00704225352112676,0.765488887079704,-0.47176500627952,0.754487890479374,0.894892447851129,0.880129885867724,"HSF4/NAGLU/HES1",3,"BP",0.0173410404624277,0.0226535495878756
"BP","GO:0001890","placenta development","1/173","152/18805",0.00657894736842105,0.715127776087618,-0.339794222187717,0.755983769378715,0.894892447851129,0.880129885867724,"HES1",1,"BP",0.00578034682080925,0.00808295666046264
"BP","GO:0030534","adult behavior","1/173","152/18805",0.00657894736842105,0.715127776087618,-0.339794222187717,0.755983769378715,0.894892447851129,0.880129885867724,"NAGLU",1,"BP",0.00578034682080925,0.00808295666046264
"BP","GO:0033157","regulation of intracellular protein transport","1/173","152/18805",0.00657894736842105,0.715127776087618,-0.339794222187717,0.755983769378715,0.894892447851129,0.880129885867724,"SFN",1,"BP",0.00578034682080925,0.00808295666046264
"BP","GO:0046165","alcohol biosynthetic process","1/173","152/18805",0.00657894736842105,0.715127776087618,-0.339794222187717,0.755983769378715,0.894892447851129,0.880129885867724,"EBP",1,"BP",0.00578034682080925,0.00808295666046264
"BP","GO:0106106","cold-induced thermogenesis","1/173","152/18805",0.00657894736842105,0.715127776087618,-0.339794222187717,0.755983769378715,0.894892447851129,0.880129885867724,"GADD45G",1,"BP",0.00578034682080925,0.00808295666046264
"BP","GO:0045165","cell fate commitment","2/173","295/18805",0.00677966101694915,0.736945233663172,-0.438805850140553,0.757701106249581,0.895988440416126,0.881207798429686,"HES1/CHD4",2,"BP",0.0115606936416185,0.0156873172028716
"BP","GO:0046467","membrane lipid biosynthetic process","1/173","153/18805",0.0065359477124183,0.710453738335411,-0.346512901607596,0.758246933904393,0.895988440416126,0.881207798429686,"DPM3",1,"BP",0.00578034682080925,0.00813613400691305
"BP","GO:0071331","cellular response to hexose stimulus","1/173","153/18805",0.0065359477124183,0.710453738335411,-0.346512901607596,0.758246933904393,0.895988440416126,0.881207798429686,"GPX1",1,"BP",0.00578034682080925,0.00813613400691305
"BP","GO:0042692","muscle cell differentiation","3/173","429/18805",0.00699300699300699,0.760135817939286,-0.484269359542902,0.758695407354303,0.895991638532403,0.881210943788349,"NAGLU/HES1/GPX1",3,"BP",0.0173410404624277,0.0228130816272268
"BP","GO:0006997","nucleus organization","1/173","154/18805",0.00649350649350649,0.705840402372194,-0.353191918053755,0.760489228587781,0.896529823731049,0.881740250833679,"RPS19",1,"BP",0.00578034682080925,0.00818931135336347
"BP","GO:0046488","phosphatidylinositol metabolic process","1/173","154/18805",0.00649350649350649,0.705840402372194,-0.353191918053755,0.760489228587781,0.896529823731049,0.881740250833679,"DPM3",1,"BP",0.00578034682080925,0.00818931135336347
"BP","GO:1903531","negative regulation of secretion by cell","1/173","154/18805",0.00649350649350649,0.705840402372194,-0.353191918053755,0.760489228587781,0.896529823731049,0.881740250833679,"VAMP8",1,"BP",0.00578034682080925,0.00818931135336347
"BP","GO:0071326","cellular response to monosaccharide stimulus","1/173","155/18805",0.00645161290322581,0.701286593324632,-0.359831832760654,0.762710844772131,0.898095370821314,0.883279971931096,"GPX1",1,"BP",0.00578034682080925,0.00824248869981388
"BP","GO:0072073","kidney epithelium development","1/173","155/18805",0.00645161290322581,0.701286593324632,-0.359831832760654,0.762710844772131,0.898095370821314,0.883279971931096,"HES1",1,"BP",0.00578034682080925,0.00824248869981388
"BP","GO:0030041","actin filament polymerization","1/173","156/18805",0.00641025641025641,0.696791166444346,-0.366433195130591,0.76491197205655,0.898581568576076,0.883758149141592,"ARPC4",1,"BP",0.00578034682080925,0.00829566604626429
"BP","GO:0035296","regulation of tube diameter","1/173","156/18805",0.00641025641025641,0.696791166444346,-0.366433195130591,0.76491197205655,0.898581568576076,0.883758149141592,"GPX1",1,"BP",0.00578034682080925,0.00829566604626429
"BP","GO:0050730","regulation of peptidyl-tyrosine phosphorylation","1/173","156/18805",0.00641025641025641,0.696791166444346,-0.366433195130591,0.76491197205655,0.898581568576076,0.883758149141592,"HES1",1,"BP",0.00578034682080925,0.00829566604626429
"BP","GO:0097746","blood vessel diameter maintenance","1/173","156/18805",0.00641025641025641,0.696791166444346,-0.366433195130591,0.76491197205655,0.898581568576076,0.883758149141592,"GPX1",1,"BP",0.00578034682080925,0.00829566604626429
"BP","GO:0046651","lymphocyte proliferation","2/173","300/18805",0.00666666666666667,0.724662813102119,-0.463232891587024,0.765885818241311,0.899200055294997,0.884366433015975,"HLA-A/HES1",2,"BP",0.0115606936416185,0.0159532039351236
"BP","GO:0021915","neural tube development","1/173","157/18805",0.00636942675159236,0.692353006148522,-0.372996543060919,0.767092798311803,0.89956623372621,0.884726570797498,"HES1",1,"BP",0.00578034682080925,0.0083488433927147
"BP","GO:0035150","regulation of tube size","1/173","157/18805",0.00636942675159236,0.692353006148522,-0.372996543060919,0.767092798311803,0.89956623372621,0.884726570797498,"GPX1",1,"BP",0.00578034682080925,0.0083488433927147
"BP","GO:0006650","glycerophospholipid metabolic process","2/173","302/18805",0.00662251655629139,0.719863721624622,-0.472900950427877,0.769092321750458,0.900523910593426,0.885668449381751,"TMEM86B/DPM3",2,"BP",0.0115606936416185,0.0160595586280245
"BP","GO:0042552","myelination","1/173","158/18805",0.00632911392405063,0.687971025096949,-0.379522403260111,0.769253509695976,0.900523910593426,0.885668449381751,"HRAS",1,"BP",0.00578034682080925,0.00840202073916512
"BP","GO:0098876","vesicle-mediated transport to the plasma membrane","1/173","158/18805",0.00632911392405063,0.687971025096949,-0.379522403260111,0.769253509695976,0.900523910593426,0.885668449381751,"VAMP5",1,"BP",0.00578034682080925,0.00840202073916512
"BP","GO:0048511","rhythmic process","2/173","303/18805",0.0066006600660066,0.717487933764475,-0.477713387846867,0.770681287458716,0.901670190798615,0.886795820015605,"NAGLU/AMH",2,"BP",0.0115606936416185,0.0161127359744749
"BP","GO:0045807","positive regulation of endocytosis","1/173","159/18805",0.00628930817610063,0.683644163303886,-0.386011291553155,0.771394290669999,0.901979362563524,0.887099891539302,"CD63",1,"BP",0.00578034682080925,0.00845519808561553
"BP","GO:0007272","ensheathment of neurons","1/173","160/18805",0.00625,0.679371387283237,-0.392463713176693,0.773515324013026,0.902359722151005,0.887473976538145,"HRAS",1,"BP",0.00578034682080925,0.00850837543206594
"BP","GO:0008366","axon ensheathment","1/173","160/18805",0.00625,0.679371387283237,-0.392463713176693,0.773515324013026,0.902359722151005,0.887473976538145,"HRAS",1,"BP",0.00578034682080925,0.00850837543206594
"BP","GO:0035264","multicellular organism growth","1/173","160/18805",0.00625,0.679371387283237,-0.392463713176693,0.773515324013026,0.902359722151005,0.887473976538145,"SELENOM",1,"BP",0.00578034682080925,0.00850837543206594
"BP","GO:0061351","neural precursor cell proliferation","1/173","160/18805",0.00625,0.679371387283237,-0.392463713176693,0.773515324013026,0.902359722151005,0.887473976538145,"TMEM14B",1,"BP",0.00578034682080925,0.00850837543206594
"BP","GO:0048193","Golgi vesicle transport","2/173","306/18805",0.0065359477124183,0.710453738335411,-0.492065576648724,0.775391502431639,0.902715546950634,0.887823931486405,"TRAPPC2L/VAMP5",2,"BP",0.0115606936416185,0.0162722680138261
"BP","GO:0016125","sterol metabolic process","1/173","161/18805",0.0062111801242236,0.675151689225577,-0.398880163064304,0.775616790837684,0.902715546950634,0.887823931486405,"EBP",1,"BP",0.00578034682080925,0.00856155277851635
"BP","GO:0072006","nephron development","1/173","161/18805",0.0062111801242236,0.675151689225577,-0.398880163064304,0.775616790837684,0.902715546950634,0.887823931486405,"HES1",1,"BP",0.00578034682080925,0.00856155277851635
"BP","GO:1902652","secondary alcohol metabolic process","1/173","161/18805",0.0062111801242236,0.675151689225577,-0.398880163064304,0.775616790837684,0.902715546950634,0.887823931486405,"EBP",1,"BP",0.00578034682080925,0.00856155277851635
"BP","GO:0006261","DNA-templated DNA replication","1/173","162/18805",0.00617283950617284,0.670984086205666,-0.405261126122331,0.777698870605174,0.903437900193529,0.88853436845428,"CDC34",1,"BP",0.00578034682080925,0.00861473012496676
"BP","GO:0009166","nucleotide catabolic process","1/173","162/18805",0.00617283950617284,0.670984086205666,-0.405261126122331,0.777698870605174,0.903437900193529,0.88853436845428,"ITPA",1,"BP",0.00578034682080925,0.00861473012496676
"BP","GO:0051494","negative regulation of cytoskeleton organization","1/173","162/18805",0.00617283950617284,0.670984086205666,-0.405261126122331,0.777698870605174,0.903437900193529,0.88853436845428,"CIB1",1,"BP",0.00578034682080925,0.00861473012496676
"BP","GO:0032943","mononuclear cell proliferation","2/173","308/18805",0.00649350649350649,0.705840402372194,-0.501563781249805,0.778484797579698,0.903437900193529,0.88853436845428,"HLA-A/HES1",2,"BP",0.0115606936416185,0.0163786227067269
"BP","GO:0071560","cellular response to transforming growth factor beta stimulus","2/173","308/18805",0.00649350649350649,0.705840402372194,-0.501563781249805,0.778484797579698,0.903437900193529,0.88853436845428,"FAM89B/SCX",2,"BP",0.0115606936416185,0.0163786227067269
"BP","GO:0030100","regulation of endocytosis","2/173","309/18805",0.00647249190938511,0.703556129225359,-0.506292205979159,0.780017507251396,0.904291406865354,0.889373795283129,"CD63/AP2S1",2,"BP",0.0115606936416185,0.0164318000531773
"BP","GO:0035966","response to topologically incorrect protein","1/173","164/18805",0.00609756097560976,0.66280135344706,-0.417918482830538,0.781805578646023,0.904291406865354,0.889373795283129,"RHBDD2",1,"BP",0.00578034682080925,0.00872108481786759
"BP","GO:0051146","striated muscle cell differentiation","2/173","311/18805",0.00643086816720257,0.699031652510083,-0.515708187772694,0.783055245826021,0.904291406865354,0.889373795283129,"NAGLU/GPX1",2,"BP",0.0115606936416185,0.0165381547460782
"BP","GO:0045861","negative regulation of proteolysis","1/173","165/18805",0.00606060606060606,0.658784375547381,-0.424195798514552,0.783830557718725,0.904291406865354,0.889373795283129,"CSNK2B",1,"BP",0.00578034682080925,0.008774262164318
"BP","GO:0050657","nucleic acid transport","1/173","165/18805",0.00606060606060606,0.658784375547381,-0.424195798514552,0.783830557718725,0.904291406865354,0.889373795283129,"ALYREF",1,"BP",0.00578034682080925,0.008774262164318
"BP","GO:0050658","RNA transport","1/173","165/18805",0.00606060606060606,0.658784375547381,-0.424195798514552,0.783830557718725,0.904291406865354,0.889373795283129,"ALYREF",1,"BP",0.00578034682080925,0.008774262164318
"BP","GO:0071322","cellular response to carbohydrate stimulus","1/173","165/18805",0.00606060606060606,0.658784375547381,-0.424195798514552,0.783830557718725,0.904291406865354,0.889373795283129,"GPX1",1,"BP",0.00578034682080925,0.008774262164318
"BP","GO:0072331","signal transduction by p53 class mediator","1/173","165/18805",0.00606060606060606,0.658784375547381,-0.424195798514552,0.783830557718725,0.904291406865354,0.889373795283129,"EEF1E1",1,"BP",0.00578034682080925,0.008774262164318
"BP","GO:2001236","regulation of extrinsic apoptotic signaling pathway","1/173","165/18805",0.00606060606060606,0.658784375547381,-0.424195798514552,0.783830557718725,0.904291406865354,0.889373795283129,"GPX1",1,"BP",0.00578034682080925,0.008774262164318
"BP","GO:0070507","regulation of microtubule cytoskeleton organization","1/173","166/18805",0.00602409638554217,0.654815794971795,-0.430439471927795,0.785836851362215,0.904291406865354,0.889373795283129,"CIB1",1,"BP",0.00578034682080925,0.00882743951076841
"BP","GO:0042060","wound healing","3/173","450/18805",0.00666666666666667,0.724662813102119,-0.569655596590074,0.786548039110793,0.904291406865354,0.889373795283129,"HRAS/GPX1/VKORC1",3,"BP",0.0173410404624277,0.0239298059026855
"BP","GO:0170033","L-amino acid metabolic process","1/173","167/18805",0.00598802395209581,0.650894742307293,-0.436649941671826,0.78782463100245,0.904291406865354,0.889373795283129,"FPGS",1,"BP",0.00578034682080925,0.00888061685721882
"BP","GO:0170039","proteinogenic amino acid metabolic process","1/173","167/18805",0.00598802395209581,0.650894742307293,-0.436649941671826,0.78782463100245,0.904291406865354,0.889373795283129,"FPGS",1,"BP",0.00578034682080925,0.00888061685721882
"BP","GO:1902904","negative regulation of supramolecular fiber organization","1/173","167/18805",0.00598802395209581,0.650894742307293,-0.436649941671826,0.78782463100245,0.904291406865354,0.889373795283129,"CIB1",1,"BP",0.00578034682080925,0.00888061685721882
"BP","GO:0050807","regulation of synapse organization","2/173","315/18805",0.00634920634920635,0.690155060097257,-0.534379346382608,0.789021096372258,0.904291406865354,0.889373795283129,"NEDD8/CHD4",2,"BP",0.0115606936416185,0.0167508641318798
"BP","GO:0071559","response to transforming growth factor beta","2/173","315/18805",0.00634920634920635,0.690155060097257,-0.534379346382608,0.789021096372258,0.904291406865354,0.889373795283129,"FAM89B/SCX",2,"BP",0.0115606936416185,0.0167508641318798
"BP","GO:0048592","eye morphogenesis","1/173","168/18805",0.00595238095238095,0.647020368841178,-0.442827637796934,0.789794066501784,0.904291406865354,0.889373795283129,"NAGLU",1,"BP",0.00578034682080925,0.00893379420366924
"BP","GO:0051236","establishment of RNA localization","1/173","168/18805",0.00595238095238095,0.647020368841178,-0.442827637796934,0.789794066501784,0.904291406865354,0.889373795283129,"ALYREF",1,"BP",0.00578034682080925,0.00893379420366924
"BP","GO:0140588","chromatin looping","1/173","168/18805",0.00595238095238095,0.647020368841178,-0.442827637796934,0.789794066501784,0.904291406865354,0.889373795283129,"CHD4",1,"BP",0.00578034682080925,0.00893379420366924
"BP","GO:0001666","response to hypoxia","2/173","316/18805",0.00632911392405063,0.687971025096949,-0.539014178788785,0.790489949251289,0.904291406865354,0.889373795283129,"MT-ND2/MT-ND1",2,"BP",0.0115606936416185,0.0168040414783302
"BP","GO:0006367","transcription initiation at RNA polymerase II promoter","1/173","169/18805",0.00591715976331361,0.643191845948627,-0.448972982021262,0.791745326173146,0.904291406865354,0.889373795283129,"POLR2I",1,"BP",0.00578034682080925,0.00898697155011965
"BP","GO:0006694","steroid biosynthetic process","1/173","169/18805",0.00591715976331361,0.643191845948627,-0.448972982021262,0.791745326173146,0.904291406865354,0.889373795283129,"EBP",1,"BP",0.00578034682080925,0.00898697155011965
"BP","GO:0007584","response to nutrient","1/173","169/18805",0.00591715976331361,0.643191845948627,-0.448972982021262,0.791745326173146,0.904291406865354,0.889373795283129,"GPX1",1,"BP",0.00578034682080925,0.00898697155011965
"BP","GO:1902850","microtubule cytoskeleton organization involved in mitosis","1/173","169/18805",0.00591715976331361,0.643191845948627,-0.448972982021262,0.791745326173146,0.904291406865354,0.889373795283129,"MAD2L1",1,"BP",0.00578034682080925,0.00898697155011965
"BP","GO:1990845","adaptive thermogenesis","1/173","169/18805",0.00591715976331361,0.643191845948627,-0.448972982021262,0.791745326173146,0.904291406865354,0.889373795283129,"GADD45G",1,"BP",0.00578034682080925,0.00898697155011965
"BP","GO:0006633","fatty acid biosynthetic process","1/173","170/18805",0.00588235294117647,0.63940836450187,-0.455086387943008,0.793678576794097,0.904291406865354,0.889373795283129,"LTC4S",1,"BP",0.00578034682080925,0.00904014889657006
"BP","GO:0022411","cellular component disassembly","3/173","456/18805",0.00657894736842105,0.715127776087618,-0.593396201648533,0.794004095982423,0.904291406865354,0.889373795283129,"CIB1/VAMP8/ST20",3,"BP",0.0173410404624277,0.0242488699813879
"BP","GO:0002366","leukocyte activation involved in immune response","2/173","319/18805",0.00626959247648903,0.681501078152463,-0.55284103170846,0.794842874882111,0.904291406865354,0.889373795283129,"VAMP8/S100A13",2,"BP",0.0115606936416185,0.0169635735176815
"BP","GO:0048568","embryonic organ development","3/173","457/18805",0.00656455142231947,0.713562945067732,-0.597325931657445,0.795225619471225,0.904291406865354,0.889373795283129,"RPL38/NAGLU/HES1",3,"BP",0.0173410404624277,0.0243020473278383
"BP","GO:0009451","RNA modification","1/173","171/18805",0.00584795321637427,0.635669134300105,-0.461168261245972,0.795593983620748,0.904291406865354,0.889373795283129,"SNRPB",1,"BP",0.00578034682080925,0.00909332624302047
"BP","GO:0043409","negative regulation of MAPK cascade","1/173","171/18805",0.00584795321637427,0.635669134300105,-0.461168261245972,0.795593983620748,0.904291406865354,0.889373795283129,"C3orf33",1,"BP",0.00578034682080925,0.00909332624302047
"BP","GO:0043524","negative regulation of neuron apoptotic process","1/173","171/18805",0.00584795321637427,0.635669134300105,-0.461168261245972,0.795593983620748,0.904291406865354,0.889373795283129,"HRAS",1,"BP",0.00578034682080925,0.00909332624302047
"BP","GO:0046879","hormone secretion","2/173","320/18805",0.00625,0.679371387283237,-0.557424396982446,0.796276104060665,0.904291406865354,0.889373795283129,"VAMP8/SELENOM",2,"BP",0.0115606936416185,0.0170167508641319
"BP","GO:0001678","intracellular glucose homeostasis","1/173","172/18805",0.00581395348837209,0.63197338351929,-0.467218999898694,0.797491710401557,0.904291406865354,0.889373795283129,"GPX1",1,"BP",0.00578034682080925,0.00914650358947089
"BP","GO:0007292","female gamete generation","1/173","172/18805",0.00581395348837209,0.63197338351929,-0.467218999898694,0.797491710401557,0.904291406865354,0.889373795283129,"AMH",1,"BP",0.00578034682080925,0.00914650358947089
"BP","GO:2000058","regulation of ubiquitin-dependent protein catabolic process","1/173","172/18805",0.00581395348837209,0.63197338351929,-0.467218999898694,0.797491710401557,0.904291406865354,0.889373795283129,"CSNK2B",1,"BP",0.00578034682080925,0.00914650358947089
"BP","GO:0050803","regulation of synapse structure or activity","2/173","321/18805",0.00623052959501558,0.677254965515999,-0.561995115005387,0.797700526122156,0.904291406865354,0.889373795283129,"NEDD8/CHD4",2,"BP",0.0115606936416185,0.0170699282105823
"BP","GO:0051607","defense response to virus","2/173","321/18805",0.00623052959501558,0.677254965515999,-0.561995115005387,0.797700526122156,0.904291406865354,0.889373795283129,"TARBP2/VAMP8",2,"BP",0.0115606936416185,0.0170699282105823
"BP","GO:0098813","nuclear chromosome segregation","2/173","322/18805",0.0062111801242236,0.675151689225577,-0.56655327180111,0.799116180645846,0.904291406865354,0.889373795283129,"MAD2L1/PMF1",2,"BP",0.0115606936416185,0.0171231055570327
"BP","GO:0006665","sphingolipid metabolic process","1/173","173/18805",0.00578034682080925,0.628320358181028,-0.473238994347416,0.799371919391013,0.904291406865354,0.889373795283129,"NAGLU",1,"BP",0.00578034682080925,0.0091996809359213
"BP","GO:0051250","negative regulation of lymphocyte activation","1/173","173/18805",0.00578034682080925,0.628320358181028,-0.473238994347416,0.799371919391013,0.904291406865354,0.889373795283129,"RHBDD3",1,"BP",0.00578034682080925,0.0091996809359213
"BP","GO:0002263","cell activation involved in immune response","2/173","323/18805",0.00619195046439629,0.673061436317758,-0.571098952519952,0.800523107232316,0.904291406865354,0.889373795283129,"VAMP8/S100A13",2,"BP",0.0115606936416185,0.0171762829034831
"BP","GO:0044248","cellular catabolic process","2/173","323/18805",0.00619195046439629,0.673061436317758,-0.571098952519952,0.800523107232316,0.904291406865354,0.889373795283129,"NAGLU/ETFB",2,"BP",0.0115606936416185,0.0171762829034831
"BP","GO:0030308","negative regulation of cell growth","1/173","174/18805",0.00574712643678161,0.624709321639758,-0.479228627703099,0.801234771363177,0.904291406865354,0.889373795283129,"ST20",1,"BP",0.00578034682080925,0.00925285828237171
"BP","GO:0032868","response to insulin","2/173","324/18805",0.00617283950617284,0.670984086205666,-0.575632241450439,0.801921345499754,0.904291406865354,0.889373795283129,"HRAS/CTSD",2,"BP",0.0115606936416185,0.0172294602499335
"BP","GO:0007015","actin filament organization","3/173","463/18805",0.00647948164146868,0.704315909062535,-0.620745449102274,0.802429403884217,0.904291406865354,0.889373795283129,"TMSB10/ARPC1A/ARPC4",3,"BP",0.0173410404624277,0.0246211114065408
"BP","GO:0006937","regulation of muscle contraction","1/173","175/18805",0.00571428571428571,0.621139554087531,-0.485188275922714,0.803080425625115,0.904291406865354,0.889373795283129,"GSTO1",1,"BP",0.00578034682080925,0.00930603562882212
"BP","GO:0051048","negative regulation of secretion","1/173","175/18805",0.00571428571428571,0.621139554087531,-0.485188275922714,0.803080425625115,0.904291406865354,0.889373795283129,"VAMP8",1,"BP",0.00578034682080925,0.00930603562882212
"BP","GO:0071897","DNA biosynthetic process","1/173","175/18805",0.00571428571428571,0.621139554087531,-0.485188275922714,0.803080425625115,0.904291406865354,0.889373795283129,"PCLAF",1,"BP",0.00578034682080925,0.00930603562882212
"BP","GO:1903169","regulation of calcium ion transmembrane transport","1/173","175/18805",0.00571428571428571,0.621139554087531,-0.485188275922714,0.803080425625115,0.904291406865354,0.889373795283129,"GSTO1",1,"BP",0.00578034682080925,0.00930603562882212
"BP","GO:0001822","kidney development","2/173","325/18805",0.00615384615384615,0.668919519786572,-0.580153222030774,0.803310935080298,0.904291406865354,0.889373795283129,"HES1/UPK3A",2,"BP",0.0115606936416185,0.0172826375963839
"BP","GO:0050905","neuromuscular process","1/173","176/18805",0.00568181818181818,0.61761035207567,-0.491118307985002,0.804909040030207,0.904291406865354,0.889373795283129,"GSTO1",1,"BP",0.00578034682080925,0.00935921297527253
"BP","GO:2000045","regulation of G1/S transition of mitotic cell cycle","1/173","176/18805",0.00568181818181818,0.61761035207567,-0.491118307985002,0.804909040030207,0.904291406865354,0.889373795283129,"TMEM14B",1,"BP",0.00578034682080925,0.00935921297527253
"BP","GO:0006935","chemotaxis","3/173","466/18805",0.00643776824034335,0.699781686472004,-0.632354697549319,0.805951496277273,0.904291406865354,0.889373795283129,"RPS19/SEMA3B/HRAS",3,"BP",0.0173410404624277,0.0247806434458921
"BP","GO:0032635","interleukin-6 production","1/173","177/18805",0.00564971751412429,0.614121028052644,-0.497019086060922,0.80672077099133,0.904291406865354,0.889373795283129,"HLA-B",1,"BP",0.00578034682080925,0.00941239032172295
"BP","GO:0032675","regulation of interleukin-6 production","1/173","177/18805",0.00564971751412429,0.614121028052644,-0.497019086060922,0.80672077099133,0.904291406865354,0.889373795283129,"HLA-B",1,"BP",0.00578034682080925,0.00941239032172295
"BP","GO:0050680","negative regulation of epithelial cell proliferation","1/173","177/18805",0.00564971751412429,0.614121028052644,-0.497019086060922,0.80672077099133,0.904291406865354,0.889373795283129,"SFN",1,"BP",0.00578034682080925,0.00941239032172295
"BP","GO:0050806","positive regulation of synaptic transmission","1/173","177/18805",0.00564971751412429,0.614121028052644,-0.497019086060922,0.80672077099133,0.904291406865354,0.889373795283129,"ZDHHC12",1,"BP",0.00578034682080925,0.00941239032172295
"BP","GO:1902905","positive regulation of supramolecular fiber organization","1/173","177/18805",0.00564971751412429,0.614121028052644,-0.497019086060922,0.80672077099133,0.904291406865354,0.889373795283129,"GPX1",1,"BP",0.00578034682080925,0.00941239032172295
"BP","GO:0003012","muscle system process","3/173","467/18805",0.00642398286937901,0.698283224616603,-0.636209791342407,0.807113822844003,0.904291406865354,0.889373795283129,"GSTO1/MYL6/LTB4R",3,"BP",0.0173410404624277,0.0248338207923425
"BP","GO:0051051","negative regulation of transport","3/173","467/18805",0.00642398286937901,0.698283224616603,-0.636209791342407,0.807113822844003,0.904291406865354,0.889373795283129,"GSTO1/HES1/VAMP8",3,"BP",0.0173410404624277,0.0248338207923425
"BP","GO:0072594","establishment of protein localization to organelle","3/173","467/18805",0.00642398286937901,0.698283224616603,-0.636209791342407,0.807113822844003,0.904291406865354,0.889373795283129,"TIMM17B/ROMO1/PARL",3,"BP",0.0173410404624277,0.0248338207923425
"BP","GO:0042330","taxis","3/173","468/18805",0.00641025641025641,0.696791166444346,-0.640057614837364,0.808270327125382,0.904578706860812,0.889656355844255,"RPS19/SEMA3B/HRAS",3,"BP",0.0173410404624277,0.0248869981387929
"BP","GO:1901987","regulation of cell cycle phase transition","3/173","468/18805",0.00641025641025641,0.696791166444346,-0.640057614837364,0.808270327125382,0.904578706860812,0.889656355844255,"MAD2L1/TMEM14B/BABAM1",3,"BP",0.0173410404624277,0.0248869981387929
"BP","GO:0036293","response to decreased oxygen levels","2/173","330/18805",0.00606060606060606,0.658784375547381,-0.602576361902856,0.810130540334257,0.906156030090071,0.891207658816001,"MT-ND2/MT-ND1",2,"BP",0.0115606936416185,0.017548524328636
"BP","GO:0009914","hormone transport","2/173","331/18805",0.00604229607250755,0.656794090424882,-0.607025198367016,0.811469070405506,0.90714840462462,0.892183662678731,"VAMP8/SELENOM",2,"BP",0.0115606936416185,0.0176017016750864
"BP","GO:0031929","TOR signaling","1/173","181/18805",0.00552486187845304,0.600549292626066,-0.520336672767978,0.813801938964783,0.909250637753871,0.894251216392652,"PRR5",1,"BP",0.00578034682080925,0.00962509970752459
"BP","GO:0051336","regulation of hydrolase activity","2/173","334/18805",0.00598802395209581,0.650894742307293,-0.620301532119757,0.815434592094247,0.90957121160266,0.894566501906152,"HRAS/TAX1BP3",2,"BP",0.0115606936416185,0.0177612337144376
"BP","GO:0017015","regulation of transforming growth factor beta receptor signaling pathway","1/173","182/18805",0.00549450549450549,0.59724957123801,-0.526096386503586,0.815531549389992,0.90957121160266,0.894566501906152,"FAM89B",1,"BP",0.00578034682080925,0.00967827705397501
"BP","GO:0031214","biomineral tissue development","1/173","182/18805",0.00549450549450549,0.59724957123801,-0.526096386503586,0.815531549389992,0.90957121160266,0.894566501906152,"FBXL15",1,"BP",0.00578034682080925,0.00967827705397501
"BP","GO:0002262","myeloid cell homeostasis","1/173","183/18805",0.00546448087431694,0.593985912378786,-0.53182888523582,0.817245185321664,0.90957121160266,0.894566501906152,"RPS19",1,"BP",0.00578034682080925,0.00973145440042542
"BP","GO:0072001","renal system development","2/173","336/18805",0.00595238095238095,0.647020368841178,-0.629094702481477,0.818036945428301,0.90957121160266,0.894566501906152,"HES1/UPK3A",2,"BP",0.0115606936416185,0.0178675884073385
"BP","GO:0016055","Wnt signaling pathway","3/173","477/18805",0.00628930817610063,0.683644163303886,-0.674366422307124,0.818419854429138,0.90957121160266,0.894566501906152,"SDHAF2/TAX1BP3/CSNK2B",3,"BP",0.0173410404624277,0.0253655942568466
"BP","GO:0017157","regulation of exocytosis","1/173","184/18805",0.00543478260869565,0.59075772807238,-0.537534487844661,0.818942993448576,0.90957121160266,0.894566501906152,"VAMP8",1,"BP",0.00578034682080925,0.00978463174687583
"BP","GO:1901292","nucleoside phosphate catabolic process","1/173","184/18805",0.00543478260869565,0.59075772807238,-0.537534487844661,0.818942993448576,0.90957121160266,0.894566501906152,"ITPA",1,"BP",0.00578034682080925,0.00978463174687583
"BP","GO:0022409","positive regulation of cell-cell adhesion","2/173","337/18805",0.00593471810089021,0.645100427093875,-0.633474196405535,0.819325842441694,0.90957121160266,0.894566501906152,"HLA-A/HES1",2,"BP",0.0115606936416185,0.0179207657537889
"BP","GO:0051251","positive regulation of lymphocyte activation","2/173","337/18805",0.00593471810089021,0.645100427093875,-0.633474196405535,0.819325842441694,0.90957121160266,0.894566501906152,"HLA-A/HES1",2,"BP",0.0115606936416185,0.0179207657537889
"BP","GO:0060562","epithelial tube morphogenesis","2/173","337/18805",0.00593471810089021,0.645100427093875,-0.633474196405535,0.819325842441694,0.90957121160266,0.894566501906152,"HES1/CSNK2B",2,"BP",0.0115606936416185,0.0179207657537889
"BP","GO:0034762","regulation of transmembrane transport","3/173","478/18805",0.00627615062761506,0.682213945389025,-0.67814338321013,0.819519136424089,0.90957121160266,0.894566501906152,"CD63/GSTO1/COX17",3,"BP",0.0173410404624277,0.025418771603297
"BP","GO:1903844","regulation of cellular response to transforming growth factor beta stimulus","1/173","185/18805",0.00540540540540541,0.587564443055772,-0.543213507595582,0.820625119120312,0.910296075845379,0.895279408451229,"FAM89B",1,"BP",0.00578034682080925,0.00983780909332624
"BP","GO:0048872","homeostasis of number of cells","2/173","339/18805",0.00589970501474926,0.641294524869132,-0.642199368489905,0.821879274705801,0.910959969596064,0.895932350301863,"RPS19/SIVA1",2,"BP",0.0115606936416185,0.0180271204466897
"BP","GO:0006913","nucleocytoplasmic transport","2/173","340/18805",0.00588235294117647,0.63940836450187,-0.646545191232173,0.823143888880454,0.910959969596064,0.895932350301863,"ALYREF/SFN",2,"BP",0.0115606936416185,0.0180802977931401
"BP","GO:0051169","nuclear transport","2/173","340/18805",0.00588235294117647,0.63940836450187,-0.646545191232173,0.823143888880454,0.910959969596064,0.895932350301863,"ALYREF/SFN",2,"BP",0.0115606936416185,0.0180802977931401
"BP","GO:0007219","Notch signaling pathway","1/173","187/18805",0.0053475935828877,0.581280331365337,-0.554493024290865,0.823942897873455,0.910959969596064,0.895932350301863,"HES1",1,"BP",0.00578034682080925,0.00994416378622707
"BP","GO:0008154","actin polymerization or depolymerization","1/173","187/18805",0.0053475935828877,0.581280331365337,-0.554493024290865,0.823942897873455,0.910959969596064,0.895932350301863,"ARPC4",1,"BP",0.00578034682080925,0.00994416378622707
"BP","GO:0019827","stem cell population maintenance","1/173","187/18805",0.0053475935828877,0.581280331365337,-0.554493024290865,0.823942897873455,0.910959969596064,0.895932350301863,"HES1",1,"BP",0.00578034682080925,0.00994416378622707
"BP","GO:0070661","leukocyte proliferation","2/173","344/18805",0.00581395348837209,0.63197338351929,-0.663818381540975,0.828122584927686,0.915077732657861,0.899982184829255,"HLA-A/HES1",2,"BP",0.0115606936416185,0.0182930071789418
"BP","GO:0097553","calcium ion transmembrane import into cytosol","1/173","191/18805",0.00523560209424084,0.569106921284387,-0.576746253580848,0.830396515470704,0.916582644753496,0.901462271195111,"GSTO1",1,"BP",0.00578034682080925,0.0101568731720287
"BP","GO:0098727","maintenance of cell number","1/173","191/18805",0.00523560209424084,0.569106921284387,-0.576746253580848,0.830396515470704,0.916582644753496,0.901462271195111,"HES1",1,"BP",0.00578034682080925,0.0101568731720287
"BP","GO:0001837","epithelial to mesenchymal transition","1/173","192/18805",0.00520833333333333,0.566142822736031,-0.582247519581869,0.831972823777547,0.917818537756789,0.902677776332679,"SDHAF2",1,"BP",0.00578034682080925,0.0102100505184791
"BP","GO:0000070","mitotic sister chromatid segregation","1/173","193/18805",0.00518134715025907,0.563209440234808,-0.587724521605486,0.83353456565078,0.918023447102164,0.902879305398201,"MAD2L1",1,"BP",0.00578034682080925,0.0102632278649295
"BP","GO:0061025","membrane fusion","1/173","193/18805",0.00518134715025907,0.563209440234808,-0.587724521605486,0.83353456565078,0.918023447102164,0.902879305398201,"VAMP8",1,"BP",0.00578034682080925,0.0102632278649295
"BP","GO:0000910","cytokinesis","1/173","194/18805",0.00515463917525773,0.560306298790298,-0.593177527826214,0.835081874921273,0.918023447102164,0.902879305398201,"JTB",1,"BP",0.00578034682080925,0.01031640521138
"BP","GO:0006941","striated muscle contraction","1/173","194/18805",0.00515463917525773,0.560306298790298,-0.593177527826214,0.835081874921273,0.918023447102164,0.902879305398201,"GSTO1",1,"BP",0.00578034682080925,0.01031640521138
"BP","GO:0021543","pallium development","1/173","194/18805",0.00515463917525773,0.560306298790298,-0.593177527826214,0.835081874921273,0.918023447102164,0.902879305398201,"TMEM14B",1,"BP",0.00578034682080925,0.01031640521138
"BP","GO:0030258","lipid modification","1/173","194/18805",0.00515463917525773,0.560306298790298,-0.593177527826214,0.835081874921273,0.918023447102164,0.902879305398201,"ETFB",1,"BP",0.00578034682080925,0.01031640521138
"BP","GO:0030111","regulation of Wnt signaling pathway","2/173","350/18805",0.00571428571428571,0.621139554087531,-0.689405428115671,0.835355664054656,0.918023447102164,0.902879305398201,"SDHAF2/TAX1BP3",2,"BP",0.0115606936416185,0.0186120712576442
"BP","GO:0045664","regulation of neuron differentiation","1/173","195/18805",0.00512820512820513,0.557432933155476,-0.598606801953064,0.836614884197433,0.918403013236942,0.903252610033505,"HES1",1,"BP",0.00578034682080925,0.0103695825578304
"BP","GO:0051091","positive regulation of DNA-binding transcription factor activity","1/173","195/18805",0.00512820512820513,0.557432933155476,-0.598606801953064,0.836614884197433,0.918403013236942,0.903252610033505,"CIB1",1,"BP",0.00578034682080925,0.0103695825578304
"BP","GO:0032535","regulation of cellular component size","2/173","353/18805",0.0056657223796034,0.615860747678855,-0.702057610410699,0.838868754651389,0.919713046093029,0.904541031978375,"BORCS6/BLOC1S1",2,"BP",0.0115606936416185,0.0187716032969955
"BP","GO:0002040","sprouting angiogenesis","1/173","197/18805",0.0050761421319797,0.551773715559989,-0.609395187019703,0.839638527154581,0.919713046093029,0.904541031978375,"CIB1",1,"BP",0.00578034682080925,0.0104759372507312
"BP","GO:0002700","regulation of production of molecular mediator of immune response","1/173","197/18805",0.0050761421319797,0.551773715559989,-0.609395187019703,0.839638527154581,0.919713046093029,0.904541031978375,"HLA-A",1,"BP",0.00578034682080925,0.0104759372507312
"BP","GO:0140013","meiotic nuclear division","1/173","197/18805",0.0050761421319797,0.551773715559989,-0.609395187019703,0.839638527154581,0.919713046093029,0.904541031978375,"PSMD13",1,"BP",0.00578034682080925,0.0104759372507312
"BP","GO:0018108","peptidyl-tyrosine phosphorylation","1/173","198/18805",0.00505050505050505,0.548986979622818,-0.614754803919835,0.841129420039483,0.920567582256486,0.905381471315884,"HES1",1,"BP",0.00578034682080925,0.0105291145971816
"BP","GO:1903829","positive regulation of protein localization","3/173","499/18805",0.00601202404809619,0.653503538869647,-0.755911203680478,0.841334651047346,0.920567582256486,0.905381471315884,"HRAS/CIB1/SFN",3,"BP",0.0173410404624277,0.0265354958787557
"BP","GO:0018212","peptidyl-tyrosine modification","1/173","199/18805",0.0050251256281407,0.546228251082,-0.620091700830039,0.842606531359587,0.920956567717656,0.905764039891992,"HES1",1,"BP",0.00578034682080925,0.010582291943632
"BP","GO:0030324","lung development","1/173","199/18805",0.0050251256281407,0.546228251082,-0.620091700830039,0.842606531359587,0.920956567717656,0.905764039891992,"HES1",1,"BP",0.00578034682080925,0.010582291943632
"BP","GO:0032496","response to lipopolysaccharide","2/173","357/18805",0.00560224089635854,0.608960347144638,-0.71878448922561,0.84344794945592,0.921375205655652,0.906175771783878,"NAGLU/GPX1",2,"BP",0.0115606936416185,0.0189843126827971
"BP","GO:0006887","exocytosis","2/173","358/18805",0.00558659217877095,0.607259340588368,-0.722941139779998,0.844574268519604,0.921603843498591,0.906400637910633,"VAMP8/S100A13",2,"BP",0.0115606936416185,0.0190374900292475
"BP","GO:0070482","response to oxygen levels","2/173","358/18805",0.00558659217877095,0.607259340588368,-0.722941139779998,0.844574268519604,0.921603843498591,0.906400637910633,"MT-ND2/MT-ND1",2,"BP",0.0115606936416185,0.0190374900292475
"BP","GO:0046631","alpha-beta T cell activation","1/173","201/18805",0.00497512437810945,0.540793144106059,-0.630698301970743,0.845519914790558,0.922135121393934,0.906923151598748,"HLA-A",1,"BP",0.00578034682080925,0.0106886466365328
"BP","GO:0007369","gastrulation","1/173","202/18805",0.00495049504950495,0.538115950323356,-0.635968480142001,0.846956436761168,0.922750622610319,0.907528499220832,"SCX",1,"BP",0.00578034682080925,0.0107418239829832
"BP","GO:0031589","cell-substrate adhesion","2/173","361/18805",0.00554016620498615,0.602212864073783,-0.735351890990928,0.847909488454505,0.922750622610319,0.907528499220832,"CD63/CIB1",2,"BP",0.0115606936416185,0.0191970220685988
"BP","GO:0030323","respiratory tube development","1/173","203/18805",0.00492610837438424,0.535465132834078,-0.64121688636939,0.848379676907398,0.922750622610319,0.907528499220832,"HES1",1,"BP",0.00578034682080925,0.0107950013294337
"BP","GO:0046474","glycerophospholipid biosynthetic process","1/173","203/18805",0.00492610837438424,0.535465132834078,-0.64121688636939,0.848379676907398,0.922750622610319,0.907528499220832,"DPM3",1,"BP",0.00578034682080925,0.0107950013294337
"BP","GO:1901605","alpha-amino acid metabolic process","1/173","203/18805",0.00492610837438424,0.535465132834078,-0.64121688636939,0.848379676907398,0.922750622610319,0.907528499220832,"FPGS",1,"BP",0.00578034682080925,0.0107950013294337
"BP","GO:0002695","negative regulation of leukocyte activation","1/173","204/18805",0.00490196078431373,0.532840303751558,-0.64644374828546,0.849789757323214,0.923784430621775,0.908545253054565,"RHBDD3",1,"BP",0.00578034682080925,0.0108481786758841
"BP","GO:1902806","regulation of cell cycle G1/S phase transition","1/173","205/18805",0.0048780487804878,0.530241082757648,-0.651649289928286,0.851186798986732,0.92381000148701,0.908570402090916,"TMEM14B",1,"BP",0.00578034682080925,0.0109013560223345
"BP","GO:2000241","regulation of reproductive process","1/173","205/18805",0.0048780487804878,0.530241082757648,-0.651649289928286,0.851186798986732,0.92381000148701,0.908570402090916,"CIB1",1,"BP",0.00578034682080925,0.0109013560223345
"BP","GO:0006403","RNA localization","1/173","206/18805",0.00485436893203883,0.527667096919019,-0.656833731816469,0.85257092177035,0.92381000148701,0.908570402090916,"ALYREF",1,"BP",0.00578034682080925,0.0109545333687849
"BP","GO:0007051","spindle organization","1/173","206/18805",0.00485436893203883,0.527667096919019,-0.656833731816469,0.85257092177035,0.92381000148701,0.908570402090916,"SAC3D1",1,"BP",0.00578034682080925,0.0109545333687849
"BP","GO:0090101","negative regulation of transmembrane receptor protein serine/threonine kinase signaling pathway","1/173","206/18805",0.00485436893203883,0.527667096919019,-0.656833731816469,0.85257092177035,0.92381000148701,0.908570402090916,"FAM89B",1,"BP",0.00578034682080925,0.0109545333687849
"BP","GO:0120032","regulation of plasma membrane bounded cell projection assembly","1/173","206/18805",0.00485436893203883,0.527667096919019,-0.656833731816469,0.85257092177035,0.92381000148701,0.908570402090916,"HRAS",1,"BP",0.00578034682080925,0.0109545333687849
"BP","GO:0007623","circadian rhythm","1/173","207/18805",0.00483091787439614,0.525117980508782,-0.661997291022198,0.853942244450802,0.924299359906361,0.909051687826209,"NAGLU",1,"BP",0.00578034682080925,0.0110077107152353
"BP","GO:0016051","carbohydrate biosynthetic process","1/173","207/18805",0.00483091787439614,0.525117980508782,-0.661997291022198,0.853942244450802,0.924299359906361,0.909051687826209,"NNMT",1,"BP",0.00578034682080925,0.0110077107152353
"BP","GO:0009749","response to glucose","1/173","208/18805",0.00480769230769231,0.522593374833259,-0.667140181242435,0.855300884719111,0.924428630284588,0.909178825700161,"GPX1",1,"BP",0.00578034682080925,0.0110608880616857
"BP","GO:0060491","regulation of cell projection assembly","1/173","208/18805",0.00480769230769231,0.522593374833259,-0.667140181242435,0.855300884719111,0.924428630284588,0.909178825700161,"HRAS",1,"BP",0.00578034682080925,0.0110608880616857
"BP","GO:0006066","alcohol metabolic process","2/173","368/18805",0.00543478260869565,0.59075772807238,-0.763972460584156,0.85544141906932,0.924428630284588,0.909178825700161,"EBP/DPM3",2,"BP",0.0115606936416185,0.0195692634937517
"BP","GO:0071375","cellular response to peptide hormone stimulus","2/173","369/18805",0.00542005420054201,0.589156758619609,-0.768023334805211,0.856489363696301,0.925063740478004,0.909803458820472,"HRAS/CTSD",2,"BP",0.0115606936416185,0.0196224408402021
"BP","GO:0044282","small molecule catabolic process","2/173","370/18805",0.00540540540540541,0.587564443055772,-0.772064930230582,0.857530409552612,0.925431080670361,0.910164739198186,"NUDT1/ETFB",2,"BP",0.0115606936416185,0.0196756181866525
"BP","GO:0051216","cartilage development","1/173","210/18805",0.00476190476190476,0.517616295072942,-0.677364793052637,0.857980583413947,0.925431080670361,0.910164739198186,"SCX",1,"BP",0.00578034682080925,0.0111672427545865
"BP","GO:0006352","DNA-templated transcription initiation","1/173","211/18805",0.004739336492891,0.515163137276388,-0.682446925775996,0.85930187188232,0.925431080670361,0.910164739198186,"POLR2I",1,"BP",0.00578034682080925,0.011220420101037
"BP","GO:0048469","cell maturation","1/173","211/18805",0.004739336492891,0.515163137276388,-0.682446925775996,0.85930187188232,0.925431080670361,0.910164739198186,"HES1",1,"BP",0.00578034682080925,0.011220420101037
"BP","GO:0002696","positive regulation of leukocyte activation","2/173","372/18805",0.00537634408602151,0.584405494437193,-0.78012050049931,0.859591954035604,0.925431080670361,0.910164739198186,"HLA-A/HES1",2,"BP",0.0115606936416185,0.0197819728795533
"BP","GO:0009306","protein secretion","2/173","372/18805",0.00537634408602151,0.584405494437193,-0.78012050049931,0.859591954035604,0.925431080670361,0.910164739198186,"AP1S1/RHBDD3",2,"BP",0.0115606936416185,0.0197819728795533
"BP","GO:0009746","response to hexose","1/173","213/18805",0.00469483568075117,0.510325924719802,-0.69255184928398,0.861907894300273,0.926825658439753,0.911536311364156,"GPX1",1,"BP",0.00578034682080925,0.0113267747939378
"BP","GO:0035592","establishment of protein localization to extracellular region","2/173","375/18805",0.00533333333333333,0.579730250481696,-0.792135601414498,0.862633459150974,0.926825658439753,0.911536311364156,"AP1S1/RHBDD3",2,"BP",0.0115606936416185,0.0199415049189045
"BP","GO:0008016","regulation of heart contraction","1/173","214/18805",0.00467289719626168,0.507941224137,-0.697575032738119,0.863192852039411,0.926825658439753,0.911536311364156,"GSTO1",1,"BP",0.00578034682080925,0.0113799521403882
"BP","GO:0043123","positive regulation of canonical NF-kappaB signal transduction","1/173","214/18805",0.00467289719626168,0.507941224137,-0.697575032738119,0.863192852039411,0.926825658439753,0.911536311364156,"S100A13",1,"BP",0.00578034682080925,0.0113799521403882
"BP","GO:0045732","positive regulation of protein catabolic process","1/173","214/18805",0.00467289719626168,0.507941224137,-0.697575032738119,0.863192852039411,0.926825658439753,0.911536311364156,"RHBDD3",1,"BP",0.00578034682080925,0.0113799521403882
"BP","GO:0007626","locomotory behavior","1/173","215/18805",0.00465116279069767,0.505578706815432,-0.702578954190932,0.864465921621316,0.927201975698423,0.911906420718323,"NAGLU",1,"BP",0.00578034682080925,0.0114331294868386
"BP","GO:0021953","central nervous system neuron differentiation","1/173","215/18805",0.00465116279069767,0.505578706815432,-0.702578954190932,0.864465921621316,0.927201975698423,0.911906420718323,"HES1",1,"BP",0.00578034682080925,0.0114331294868386
"BP","GO:0071805","potassium ion transmembrane transport","1/173","216/18805",0.00462962962962963,0.50323806465425,-0.707563802693393,0.865727212399127,0.928059571691864,0.912749869409437,"CD63",1,"BP",0.00578034682080925,0.011486306833289
"BP","GO:0002237","response to molecule of bacterial origin","2/173","379/18805",0.00527704485488127,0.573611725410649,-0.808030511124847,0.866595498391916,0.928495176848482,0.913178288620816,"NAGLU/GPX1",2,"BP",0.0115606936416185,0.0201542143047062
"BP","GO:0050679","positive regulation of epithelial cell proliferation","1/173","218/18805",0.00458715596330275,0.49862120167577,-0.717477023055993,0.868214889963848,0.92918350562052,0.913855262401329,"HRAS",1,"BP",0.00578034682080925,0.0115926615261898
"BP","GO:0009952","anterior/posterior pattern specification","1/173","219/18805",0.0045662100456621,0.496344392535698,-0.722405759187404,0.869441490493049,0.92918350562052,0.913855262401329,"HES1",1,"BP",0.00578034682080925,0.0116458388726403
"BP","GO:0006644","phospholipid metabolic process","2/173","383/18805",0.00522193211488251,0.567621002429859,-0.823785272380683,0.87045304945463,0.92918350562052,0.913855262401329,"TMEM86B/DPM3",2,"BP",0.0115606936416185,0.0203669236905078
"BP","GO:0071692","protein localization to extracellular region","2/173","383/18805",0.00522193211488251,0.567621002429859,-0.823785272380683,0.87045304945463,0.92918350562052,0.913855262401329,"AP1S1/RHBDD3",2,"BP",0.0115606936416185,0.0203669236905078
"BP","GO:0034284","response to monosaccharide","1/173","220/18805",0.00454545454545455,0.494088281660536,-0.727316151017564,0.870656739720677,0.92918350562052,0.913855262401329,"GPX1",1,"BP",0.00578034682080925,0.0116990162190907
"BP","GO:0045637","regulation of myeloid cell differentiation","1/173","220/18805",0.00454545454545455,0.494088281660536,-0.727316151017564,0.870656739720677,0.92918350562052,0.913855262401329,"CIB1",1,"BP",0.00578034682080925,0.0116990162190907
"BP","GO:1903046","meiotic cell cycle process","1/173","220/18805",0.00454545454545455,0.494088281660536,-0.727316151017564,0.870656739720677,0.92918350562052,0.913855262401329,"PSMD13",1,"BP",0.00578034682080925,0.0116990162190907
"BP","GO:0002449","lymphocyte mediated immunity","2/173","384/18805",0.00520833333333333,0.566142822736031,-0.827702433987988,0.871401382267699,0.92918350562052,0.913855262401329,"HLA-A/HLA-B",2,"BP",0.0115606936416185,0.0204201010369583
"BP","GO:0006486","protein glycosylation","1/173","221/18805",0.00452488687782805,0.491852588078362,-0.732208374086517,0.871860742089702,0.92918350562052,0.913855262401329,"DPM3",1,"BP",0.00578034682080925,0.0117521935655411
"BP","GO:0043413","macromolecule glycosylation","1/173","221/18805",0.00452488687782805,0.491852588078362,-0.732208374086517,0.871860742089702,0.92918350562052,0.913855262401329,"DPM3",1,"BP",0.00578034682080925,0.0117521935655411
"BP","GO:0099504","synaptic vesicle cycle","1/173","222/18805",0.0045045045045045,0.48963703587981,-0.737082601387535,0.873053601087683,0.929250762931506,0.913921410204435,"AP2S1",1,"BP",0.00578034682080925,0.0118053709119915
"BP","GO:0009612","response to mechanical stimulus","1/173","223/18805",0.00448430493273543,0.487441354104565,-0.741939003416046,0.874235419255462,0.929250762931506,0.913921410204435,"SCX",1,"BP",0.00578034682080925,0.0118585482584419
"BP","GO:0009755","hormone-mediated signaling pathway","1/173","223/18805",0.00448430493273543,0.487441354104565,-0.741939003416046,0.874235419255462,0.929250762931506,0.913921410204435,"CSNK2B",1,"BP",0.00578034682080925,0.0118585482584419
"BP","GO:0045862","positive regulation of proteolysis","1/173","223/18805",0.00448430493273543,0.487441354104565,-0.741939003416046,0.874235419255462,0.929250762931506,0.913921410204435,"AURKAIP1",1,"BP",0.00578034682080925,0.0118585482584419
"BP","GO:0048167","regulation of synaptic plasticity","1/173","223/18805",0.00448430493273543,0.487441354104565,-0.741939003416046,0.874235419255462,0.929250762931506,0.913921410204435,"HRAS",1,"BP",0.00578034682080925,0.0118585482584419
"BP","GO:0050878","regulation of body fluid levels","2/173","388/18805",0.00515463917525773,0.560306298790298,-0.843286403251899,0.875131568114439,0.929512234217379,0.91417856813838,"VKORC1/VAMP8",2,"BP",0.0115606936416185,0.0206328104227599
"BP","GO:0010810","regulation of cell-substrate adhesion","1/173","224/18805",0.00446428571428571,0.485265276630884,-0.746777748217394,0.87540629819577,0.929512234217379,0.91417856813838,"CIB1",1,"BP",0.00578034682080925,0.0119117256048923
"BP","GO:0060541","respiratory system development","1/173","226/18805",0.00442477876106195,0.480970893651849,-0.756402926348287,0.877715640165474,0.930224932380333,0.914879509301003,"HES1",1,"BP",0.00578034682080925,0.0120180802977931
"BP","GO:0007281","germ cell development","2/173","391/18805",0.0051150895140665,0.556007273479887,-0.854886777502446,0.87786389795242,0.930224932380333,0.914879509301003,"CIB1/AMH",2,"BP",0.0115606936416185,0.0207923424621111
"BP","GO:0050867","positive regulation of cell activation","2/173","392/18805",0.00510204081632653,0.554588887578153,-0.858737127248541,0.878762422412273,0.930224932380333,0.914879509301003,"HLA-A/HES1",2,"BP",0.0115606936416185,0.0208455198085616
"BP","GO:0006457","protein folding","1/173","227/18805",0.00440528634361234,0.47885207914237,-0.76118968393236,0.878854301786195,0.930224932380333,0.914879509301003,"SNRNP70",1,"BP",0.00578034682080925,0.0120712576442436
"BP","GO:0042180","ketone metabolic process","1/173","227/18805",0.00440528634361234,0.47885207914237,-0.76118968393236,0.878854301786195,0.930224932380333,0.914879509301003,"VKORC1",1,"BP",0.00578034682080925,0.0120712576442436
"BP","GO:0050866","negative regulation of cell activation","1/173","227/18805",0.00440528634361234,0.47885207914237,-0.76118968393236,0.878854301786195,0.930224932380333,0.914879509301003,"RHBDD3",1,"BP",0.00578034682080925,0.0120712576442436
"BP","GO:0030522","intracellular receptor signaling pathway","2/173","393/18805",0.00508905852417303,0.553177719925282,-0.862579331162857,0.879654879025209,0.930438268297991,0.915089325930153,"ZDHHC12/TARBP2",2,"BP",0.0115606936416185,0.020898697155012
"BP","GO:0072330","monocarboxylic acid biosynthetic process","1/173","229/18805",0.00436681222707424,0.474669964914052,-0.770712329682821,0.88110009598186,0.930438268297991,0.915089325930153,"LTC4S",1,"BP",0.00578034682080925,0.0121776123371444
"BP","GO:0050863","regulation of T cell activation","2/173","395/18805",0.00506329113924051,0.550376820077559,-0.870239478916658,0.881421727616826,0.930438268297991,0.915089325930153,"HLA-A/HES1",2,"BP",0.0115606936416185,0.0210050518479128
"BP","GO:0060271","cilium assembly","2/173","395/18805",0.00506329113924051,0.550376820077559,-0.870239478916658,0.881421727616826,0.930438268297991,0.915089325930153,"DUSP23/CCDC57",2,"BP",0.0115606936416185,0.0210050518479128
"BP","GO:1903037","regulation of leukocyte cell-cell adhesion","2/173","395/18805",0.00506329113924051,0.550376820077559,-0.870239478916658,0.881421727616826,0.930438268297991,0.915089325930153,"HLA-A/HES1",2,"BP",0.0115606936416185,0.0210050518479128
"BP","GO:0071674","mononuclear cell migration","1/173","230/18805",0.00434782608695652,0.472606182457904,-0.775448528608921,0.882207421746025,0.930438268297991,0.915089325930153,"RPS19",1,"BP",0.00578034682080925,0.0122307896835948
"BP","GO:1902903","regulation of supramolecular fiber organization","2/173","396/18805",0.00505050505050505,0.548986979622818,-0.874057510558139,0.882296188744264,0.930438268297991,0.915089325930153,"CIB1/GPX1",2,"BP",0.0115606936416185,0.0210582291943632
"BP","GO:0002440","production of molecular mediator of immune response","1/173","231/18805",0.00432900432900433,0.47056026824813,-0.780168181805637,0.883304493941877,0.930525174435625,0.915174798423725,"HLA-A",1,"BP",0.00578034682080925,0.0122839670300452
"BP","GO:0007286","spermatid development","1/173","231/18805",0.00432900432900433,0.47056026824813,-0.780168181805637,0.883304493941877,0.930525174435625,0.915174798423725,"CIB1",1,"BP",0.00578034682080925,0.0122839670300452
"BP","GO:0048705","skeletal system morphogenesis","1/173","233/18805",0.00429184549356223,0.466521124314669,-0.789558449083424,0.885468254359125,0.931000840582553,0.915642617760688,"SCX",1,"BP",0.00578034682080925,0.012390321722946
"BP","GO:0009100","glycoprotein metabolic process","2/173","400/18805",0.005,0.54349710982659,-0.889250363285541,0.885735079791846,0.931000840582553,0.915642617760688,"NAGLU/DPM3",2,"BP",0.0115606936416185,0.0212709385801648
"BP","GO:0000819","sister chromatid segregation","1/173","234/18805",0.00427350427350427,0.46452744429623,-0.794229357069877,0.886535128793536,0.931000840582553,0.915642617760688,"MAD2L1",1,"BP",0.00578034682080925,0.0124434990693964
"BP","GO:0030595","leukocyte chemotaxis","1/173","234/18805",0.00427350427350427,0.46452744429623,-0.794229357069877,0.886535128793536,0.931000840582553,0.915642617760688,"RPS19",1,"BP",0.00578034682080925,0.0124434990693964
"BP","GO:0050769","positive regulation of neurogenesis","1/173","234/18805",0.00427350427350427,0.46452744429623,-0.794229357069877,0.886535128793536,0.931000840582553,0.915642617760688,"HES1",1,"BP",0.00578034682080925,0.0124434990693964
"BP","GO:1903313","positive regulation of mRNA metabolic process","1/173","234/18805",0.00427350427350427,0.46452744429623,-0.794229357069877,0.886535128793536,0.931000840582553,0.915642617760688,"SNRNP70",1,"BP",0.00578034682080925,0.0124434990693964
"BP","GO:0001701","in utero embryonic development","2/173","403/18805",0.00496277915632754,0.539451225634332,-0.900562950225534,0.888253299422165,0.932318084510993,0.91693813182071,"HES1/NDUFA2",2,"BP",0.0115606936416185,0.0214304706195161
"BP","GO:1903311","regulation of mRNA metabolic process","2/173","404/18805",0.00495049504950495,0.538115950323356,-0.904318405094296,0.889081276613178,0.932700086634911,0.917313832259943,"SNRNP70/FASTK",2,"BP",0.0115606936416185,0.0214836479659665
"BP","GO:0097529","myeloid leukocyte migration","1/173","237/18805",0.00421940928270042,0.458647350064633,-0.808146899997857,0.889676828461443,0.932837989153626,0.91744945987458,"RPS19",1,"BP",0.00578034682080925,0.0126030311087477
"BP","GO:0007411","axon guidance","1/173","238/18805",0.00420168067226891,0.456720260358479,-0.812754820887895,0.890704721001091,0.933428826492279,0.91803055048573,"SEMA3B",1,"BP",0.00578034682080925,0.0126562084551981
"BP","GO:0048515","spermatid differentiation","1/173","239/18805",0.00418410041841004,0.454809296926016,-0.817347340496415,0.891723091403784,0.933522611313336,0.918122788188765,"CIB1",1,"BP",0.00578034682080925,0.0127093858016485
"BP","GO:0097485","neuron projection guidance","1/173","239/18805",0.00418410041841004,0.454809296926016,-0.817347340496415,0.891723091403784,0.933522611313336,0.918122788188765,"SEMA3B",1,"BP",0.00578034682080925,0.0127093858016485
"BP","GO:0015931","nucleobase-containing compound transport","1/173","240/18805",0.00416666666666667,0.452914258188825,-0.821924593330122,0.892732027372067,0.933744083615219,0.918340606980561,"ALYREF",1,"BP",0.00578034682080925,0.0127625631480989
"BP","GO:0007596","blood coagulation","1/173","241/18805",0.004149377593361,0.451034945914182,-0.826486712107763,0.89373161580539,0.933744083615219,0.918340606980561,"VKORC1",1,"BP",0.00578034682080925,0.0128157404945493
"BP","GO:0070085","glycosylation","1/173","241/18805",0.004149377593361,0.451034945914182,-0.826486712107763,0.89373161580539,0.933744083615219,0.918340606980561,"DPM3",1,"BP",0.00578034682080925,0.0128157404945493
"BP","GO:0016054","organic acid catabolic process","1/173","242/18805",0.00413223140495868,0.449171165145942,-0.83103382779167,0.894721942807419,0.933744083615219,0.918340606980561,"ETFB",1,"BP",0.00578034682080925,0.0128689178409997
"BP","GO:0046395","carboxylic acid catabolic process","1/173","242/18805",0.00413223140495868,0.449171165145942,-0.83103382779167,0.894721942807419,0.933744083615219,0.918340606980561,"ETFB",1,"BP",0.00578034682080925,0.0128689178409997
"BP","GO:0046434","organophosphate catabolic process","1/173","242/18805",0.00413223140495868,0.449171165145942,-0.83103382779167,0.894721942807419,0.933744083615219,0.918340606980561,"ITPA",1,"BP",0.00578034682080925,0.0128689178409997
"BP","GO:0001667","ameboidal-type cell migration","1/173","243/18805",0.00411522633744856,0.447322724137111,-0.835566069618614,0.895703093693284,0.934282936338091,0.918870570538327,"SEMA3B",1,"BP",0.00578034682080925,0.0129220951874501
"BP","GO:0030900","forebrain development","2/173","413/18805",0.00484261501210654,0.526389452616552,-0.937778663531311,0.896282383215142,0.934402277107073,0.918987942606485,"TMEM14B/HES1",2,"BP",0.0115606936416185,0.0219622440840202
"BP","GO:0006813","potassium ion transport","1/173","245/18805",0.00408163265306122,0.443671110062522,-0.844586440201315,0.897638204477365,0.935330632970193,0.919900983879562,"CD63",1,"BP",0.00578034682080925,0.013028449880351
"BP","GO:0045017","glycerolipid biosynthetic process","1/173","246/18805",0.0040650406504065,0.441867568964707,-0.849074819071176,0.898592331127441,0.935355041722505,0.919924989973744,"DPM3",1,"BP",0.00578034682080925,0.0130816272268014
"BP","GO:0050817","coagulation","1/173","246/18805",0.0040650406504065,0.441867568964707,-0.849074819071176,0.898592331127441,0.935355041722505,0.919924989973744,"VKORC1",1,"BP",0.00578034682080925,0.0130816272268014
"BP","GO:0007599","hemostasis","1/173","248/18805",0.00403225806451613,0.438304120827895,-0.85800857714495,0.900474138111217,0.936828684059806,0.921374322421742,"VKORC1",1,"BP",0.00578034682080925,0.0131879819197022
"BP","GO:0008654","phospholipid biosynthetic process","1/173","251/18805",0.00398406374501992,0.433065426156645,-0.871303507672372,0.903231943822908,0.938726063642216,0.923240401948197,"DPM3",1,"BP",0.00578034682080925,0.0133475139590534
"BP","GO:0048738","cardiac muscle tissue development","1/173","251/18805",0.00398406374501992,0.433065426156645,-0.871303507672372,0.903231943822908,0.938726063642216,0.923240401948197,"NAGLU",1,"BP",0.00578034682080925,0.0133475139590534
"BP","GO:0007179","transforming growth factor beta receptor signaling pathway","1/173","252/18805",0.00396825396825397,0.431346912560785,-0.875707430160195,0.904134222238271,0.939178184340529,0.923685064253215,"FAM89B",1,"BP",0.00578034682080925,0.0134006913055039
"BP","GO:0044782","cilium organization","2/173","425/18805",0.00470588235294118,0.511526691601496,-0.981478937627132,0.905211848639025,0.939811888308079,0.924308314345416,"DUSP23/CCDC57",2,"BP",0.0115606936416185,0.0226003722414252
"BP","GO:0090257","regulation of muscle system process","1/173","256/18805",0.00390625,0.424607117052023,-0.893187533572105,0.907660455516942,0.940762616263358,0.925243358650216,"GSTO1",1,"BP",0.00578034682080925,0.0136134006913055
"BP","GO:0022412","cellular process involved in reproduction in multicellular organism","2/173","429/18805",0.00466200466200466,0.506757211959524,-0.995823415615494,0.908026072727853,0.940762616263358,0.925243358650216,"CIB1/AMH",2,"BP",0.0115606936416185,0.0228130816272268
"BP","GO:0051222","positive regulation of protein transport","1/173","257/18805",0.00389105058365759,0.422954949281393,-0.897524212929426,0.908521673975919,0.940762616263358,0.925243358650216,"SFN",1,"BP",0.00578034682080925,0.0136665780377559
"BP","GO:0003002","regionalization","2/173","430/18805",0.00465116279069767,0.505578706815432,-0.999392659321081,0.908717386052813,0.940762616263358,0.925243358650216,"HES1/FBXL15",2,"BP",0.0115606936416185,0.0228662589736772
"BP","GO:0031669","cellular response to nutrient levels","1/173","258/18805",0.00387596899224806,0.42131558901286,-0.901847768978364,0.909374906152012,0.940762616263358,0.925243358650216,"PRR5",1,"BP",0.00578034682080925,0.0137197553842063
"BP","GO:0099003","vesicle-mediated transport in synapse","1/173","258/18805",0.00387596899224806,0.42131558901286,-0.901847768978364,0.909374906152012,0.940762616263358,0.925243358650216,"AP2S1",1,"BP",0.00578034682080925,0.0137197553842063
"BP","GO:0043254","regulation of protein-containing complex assembly","2/173","431/18805",0.00464037122969838,0.504405670372705,-1.00295521952968,0.909403862387913,0.940762616263358,0.925243358650216,"ZDHHC12/HES1",2,"BP",0.0115606936416185,0.0229194363201276
"BP","GO:0007159","leukocyte cell-cell adhesion","2/173","433/18805",0.0046189376443418,0.502075852033801,-1.01006042110288,0.91076242318665,0.941683369652863,0.926148922863617,"HLA-A/HES1",2,"BP",0.0115606936416185,0.0230257910130285
"BP","GO:0001649","osteoblast differentiation","1/173","262/18805",0.00381679389312977,0.414883289943962,-0.919012847344759,0.91270943458207,0.942299487843528,0.926754877282087,"ALYREF",1,"BP",0.00578034682080925,0.013932464770008
"BP","GO:0046883","regulation of hormone secretion","1/173","262/18805",0.00381679389312977,0.414883289943962,-0.919012847344759,0.91270943458207,0.942299487843528,0.926754877282087,"VAMP8",1,"BP",0.00578034682080925,0.013932464770008
"BP","GO:1903706","regulation of hemopoiesis","2/173","436/18805",0.00458715596330275,0.49862120167577,-1.0206689136334,0.912764727776791,0.942299487843528,0.926754877282087,"CIB1/HLA-B",2,"BP",0.0115606936416185,0.0231853230523797
"BP","GO:0042593","glucose homeostasis","1/173","268/18805",0.00373134328358209,0.405594858079544,-0.944384096145989,0.917483852138576,0.946022777223957,0.930416745549406,"GPX1",1,"BP",0.00578034682080925,0.0142515288487104
"BP","GO:0032886","regulation of microtubule-based process","1/173","269/18805",0.00371747211895911,0.404087070503041,-0.948569973286931,0.918253949434796,0.946022777223957,0.930416745549406,"CIB1",1,"BP",0.00578034682080925,0.0143047061951609
"BP","GO:0033500","carbohydrate homeostasis","1/173","269/18805",0.00371747211895911,0.404087070503041,-0.948569973286931,0.918253949434796,0.946022777223957,0.930416745549406,"GPX1",1,"BP",0.00578034682080925,0.0143047061951609
"BP","GO:1903522","regulation of blood circulation","1/173","269/18805",0.00371747211895911,0.404087070503041,-0.948569973286931,0.918253949434796,0.946022777223957,0.930416745549406,"GSTO1",1,"BP",0.00578034682080925,0.0143047061951609
"BP","GO:0006816","calcium ion transport","2/173","447/18805",0.00447427293064877,0.48635088127659,-1.0590734021528,0.91975356309285,0.94616983154259,0.930561373991612,"GSTO1/HES1",2,"BP",0.0115606936416185,0.0237702738633342
"BP","GO:0010975","regulation of neuron projection development","2/173","448/18805",0.00446428571428571,0.485265276630884,-1.0625271945917,0.920362260976795,0.94616983154259,0.930561373991612,"CIB1/HES1",2,"BP",0.0115606936416185,0.0238234512097846
"BP","GO:0051223","regulation of protein transport","2/173","449/18805",0.0044543429844098,0.484184507640614,-1.06597486136951,0.92096663774453,0.94616983154259,0.930561373991612,"RHBDD3/SFN",2,"BP",0.0115606936416185,0.023876628556235
"BP","GO:0032386","regulation of intracellular transport","1/173","273/18805",0.00366300366300366,0.39816638082534,-0.965194985907519,0.921263535689587,0.94616983154259,0.930561373991612,"SFN",1,"BP",0.00578034682080925,0.0145174155809625
"BP","GO:0050708","regulation of protein secretion","1/173","273/18805",0.00366300366300366,0.39816638082534,-0.965194985907519,0.921263535689587,0.94616983154259,0.930561373991612,"RHBDD3",1,"BP",0.00578034682080925,0.0145174155809625
"BP","GO:0043488","regulation of mRNA stability","1/173","274/18805",0.00364963503649635,0.396713218851525,-0.969322062827392,0.92199855664392,0.94616983154259,0.930561373991612,"FASTK",1,"BP",0.00578034682080925,0.0145705929274129
"BP","GO:0090068","positive regulation of cell cycle process","1/173","274/18805",0.00364963503649635,0.396713218851525,-0.969322062827392,0.92199855664392,0.94616983154259,0.930561373991612,"MAD2L1",1,"BP",0.00578034682080925,0.0145705929274129
"BP","GO:0006417","regulation of translation","2/173","451/18805",0.00443458980044346,0.482037347961498,-1.0728519333396,0.922162537309419,0.94616983154259,0.930561373991612,"RPL38/TARBP2",2,"BP",0.0115606936416185,0.0239829832491359
"BP","GO:0060828","regulation of canonical Wnt signaling pathway","1/173","277/18805",0.0036101083032491,0.392416685795372,-0.981634666389958,0.924162937102302,0.947738522232463,0.932104186830357,"SDHAF2",1,"BP",0.00578034682080925,0.0147301249667642
"BP","GO:0003018","vascular process in circulatory system","1/173","278/18805",0.00359712230215827,0.391005114983158,-0.985716275150502,0.92487104439296,0.947981029693957,0.932342693775989,"GPX1",1,"BP",0.00578034682080925,0.0147833023132146
"BP","GO:0034976","response to endoplasmic reticulum stress","1/173","283/18805",0.00353356890459364,0.38409689740395,-1.0059585929019,0.928314177754685,0.950936713753039,0.935249619496312,"RHBDD2",1,"BP",0.00578034682080925,0.0150491890454666
"BP","GO:0042391","regulation of membrane potential","2/173","463/18805",0.00431965442764579,0.469543939375023,-1.11361481957889,0.928989283248277,0.950936713753039,0.935249619496312,"CHCHD10/NDUFC2",2,"BP",0.0115606936416185,0.0246211114065408
"BP","GO:0010721","negative regulation of cell development","1/173","285/18805",0.00350877192982456,0.381401480580063,-1.01397967582408,0.929647085833195,0.950936713753039,0.935249619496312,"HES1",1,"BP",0.00578034682080925,0.0151555437383675
"BP","GO:0051962","positive regulation of nervous system development","1/173","285/18805",0.00350877192982456,0.381401480580063,-1.01397967582408,0.929647085833195,0.950936713753039,0.935249619496312,"HES1",1,"BP",0.00578034682080925,0.0151555437383675
"BP","GO:0043487","regulation of RNA stability","1/173","287/18805",0.00348432055749129,0.378743630541177,-1.02195835348935,0.930955350762453,0.95179056715795,0.936089387338377,"FASTK",1,"BP",0.00578034682080925,0.0152618984312683
"BP","GO:0061013","regulation of mRNA catabolic process","1/173","290/18805",0.00344827586206897,0.374825592983855,-1.03384817788556,0.932872530940069,0.953265778947401,0.937540263348112,"FASTK",1,"BP",0.00578034682080925,0.0154214304706195
"BP","GO:0015850","organic hydroxy compound transport","1/173","293/18805",0.00341296928327645,0.370987788277536,-1.04564593007169,0.934736775494258,0.953716202407847,0.937983256413688,"SELENOM",1,"BP",0.00578034682080925,0.0155809625099708
"BP","GO:0016197","endosomal transport","1/173","293/18805",0.00341296928327645,0.370987788277536,-1.04564593007169,0.934736775494258,0.953716202407847,0.937983256413688,"BLOC1S1",1,"BP",0.00578034682080925,0.0155809625099708
"BP","GO:0051321","meiotic cell cycle","1/173","293/18805",0.00341296928327645,0.370987788277536,-1.04564593007169,0.934736775494258,0.953716202407847,0.937983256413688,"PSMD13",1,"BP",0.00578034682080925,0.0155809625099708
"BP","GO:0007389","pattern specification process","2/173","476/18805",0.00420168067226891,0.456720260358479,-1.15684729423039,0.935748298427835,0.954263865976636,0.938521885469559,"HES1/FBXL15",2,"BP",0.0115606936416185,0.0253124169103962
"BP","GO:1903532","positive regulation of secretion by cell","1/173","297/18805",0.00336700336700337,0.365991319748545,-1.06123635229921,0.93714259682697,0.955201125569072,0.939443683591892,"VAMP8",1,"BP",0.00578034682080925,0.0157936718957724
"BP","GO:0007018","microtubule-based movement","2/173","481/18805",0.00415800415800416,0.45197264850444,-1.17322974706938,0.938182796109869,0.955776695479391,0.940009758633305,"BORCS6/BLOC1S1",2,"BP",0.0115606936416185,0.0255783036426482
"BP","GO:0043122","regulation of canonical NF-kappaB signal transduction","1/173","300/18805",0.00333333333333333,0.36233140655106,-1.07282663030599,0.938888908430765,0.956011502505491,0.940240692173507,"S100A13",1,"BP",0.00578034682080925,0.0159532039351236
"BP","GO:0007264","small GTPase-mediated signal transduction","2/173","487/18805",0.00410677618069815,0.446404196982825,-1.19271498939156,0.940989350495222,0.957665111136909,0.941867022107942,"HRAS/TAX1BP3",2,"BP",0.0115606936416185,0.0258973677213507
"BP","GO:0006874","intracellular calcium ion homeostasis","1/173","306/18805",0.00326797385620915,0.355226869167706,-1.095751195704,0.942238126219949,0.958450725557742,0.942639676667944,"GSTO1",1,"BP",0.00578034682080925,0.0162722680138261
"BP","GO:0040029","epigenetic regulation of gene expression","1/173","308/18805",0.00324675324675325,0.352920201186097,-1.10331871977236,0.943313465006465,0.959059213284267,0.943238126497959,"GPX1",1,"BP",0.00578034682080925,0.0163786227067269
"BP","GO:0043434","response to peptide hormone","2/173","494/18805",0.00404858299595142,0.440078631438534,-1.21521443650084,0.944111513105708,0.959385309071018,0.943558842856964,"HRAS/CTSD",2,"BP",0.0115606936416185,0.0262696091465036
"BP","GO:0023061","signal release","2/173","497/18805",0.00402414486921529,0.437422221188402,-1.22478187715969,0.945401185860073,0.960210400999872,0.944370323685656,"VAMP8/SELENOM",2,"BP",0.0115606936416185,0.0264291411858548
"BP","GO:0007249","canonical NF-kappaB signal transduction","1/173","318/18805",0.00314465408805031,0.341822081651943,-1.14062288857261,0.948398800396533,0.96276847919042,0.946886202628756,"S100A13",1,"BP",0.00578034682080925,0.0169103961712311
"BP","GO:0051047","positive regulation of secretion","1/173","321/18805",0.00311526479750779,0.338627482758,-1.15164629715549,0.949834004121456,0.963728605147874,0.947830489901915,"VAMP8",1,"BP",0.00578034682080925,0.0170699282105823
"BP","GO:0034504","protein localization to nucleus","1/173","322/18805",0.0031055900621118,0.337575844612789,-1.15530406071689,0.950303530051287,0.963728605147874,0.947830489901915,"CHCHD10",1,"BP",0.00578034682080925,0.0171231055570327
"BP","GO:0060326","cell chemotaxis","1/173","325/18805",0.00307692307692308,0.334459759893286,-1.16622796499552,0.951686053150284,0.964615962215983,0.948703208715169,"RPS19",1,"BP",0.00578034682080925,0.0172826375963839
"BP","GO:0009101","glycoprotein biosynthetic process","1/173","326/18805",0.00306748466257669,0.333433809709564,-1.16985297509597,0.952138342804234,0.964615962215983,0.948703208715169,"DPM3",1,"BP",0.00578034682080925,0.0173358149428344
"BP","GO:0042886","amide transport","1/173","328/18805",0.00304878048780488,0.33140067672353,-1.17707886061596,0.953030331520755,0.96503323242152,0.949113595437347,"UPK3A",1,"BP",0.00578034682080925,0.0174421696357352
"BP","GO:0055074","calcium ion homeostasis","1/173","331/18805",0.00302114803625378,0.328397045212441,-1.18785809183324,0.954337417144995,0.965870195599919,0.949936751681932,"GSTO1",1,"BP",0.00578034682080925,0.0176017016750864
"BP","GO:0060070","canonical Wnt signaling pathway","1/173","333/18805",0.003003003003003,0.32642469058654,-1.19500507903725,0.955188651373732,0.966117875912823,0.950180346145212,"SDHAF2",1,"BP",0.00578034682080925,0.0177080563679872
"BP","GO:0046394","carboxylic acid biosynthetic process","1/173","334/18805",0.0029940119760479,0.325447371153646,-1.19856696497282,0.95560833323343,0.966117875912823,0.950180346145212,"LTC4S",1,"BP",0.00578034682080925,0.0177612337144376
"BP","GO:0008202","steroid metabolic process","1/173","335/18805",0.00298507462686567,0.324475886463636,-1.20212117472448,0.956024107060003,0.966117875912823,0.950180346145212,"EBP",1,"BP",0.00578034682080925,0.0178144110608881
"BP","GO:0016053","organic acid biosynthetic process","1/173","337/18805",0.0029673590504451,0.322550213546937,-1.20920674985419,0.956844075007027,0.966129265567639,0.950191547910985,"LTC4S",1,"BP",0.00578034682080925,0.0179207657537889
"BP","GO:0030198","extracellular matrix organization","1/173","339/18805",0.00294985250737463,0.320647262434566,-1.21626216853044,0.957648840689202,0.966129265567639,0.950191547910985,"SCX",1,"BP",0.00578034682080925,0.0180271204466897
"BP","GO:0043062","extracellular structure organization","1/173","340/18805",0.00294117647058824,0.319704182250935,-1.2197786811483,0.95804561045855,0.966129265567639,0.950191547910985,"SCX",1,"BP",0.00578034682080925,0.0180802977931401
"BP","GO:1902105","regulation of leukocyte differentiation","1/173","340/18805",0.00294117647058824,0.319704182250935,-1.2197786811483,0.95804561045855,0.966129265567639,0.950191547910985,"HLA-B",1,"BP",0.00578034682080925,0.0180802977931401
"BP","GO:0045229","external encapsulating structure organization","1/173","341/18805",0.00293255131964809,0.318766633329378,-1.22328778817124,0.95843868434919,0.966129265567639,0.950191547910985,"SCX",1,"BP",0.00578034682080925,0.0181334751395905
"BP","GO:0032956","regulation of actin cytoskeleton organization","1/173","348/18805",0.0028735632183908,0.312354660819879,-1.24764779856876,0.961089552825762,0.968076772903458,0.952106928260117,"HRAS",1,"BP",0.00578034682080925,0.0185057165647434
"BP","GO:0016042","lipid catabolic process","1/173","350/18805",0.00285714285714286,0.310569777043765,-1.25454357439794,0.961815579844878,0.968076772903458,0.952106928260117,"ETFB",1,"BP",0.00578034682080925,0.0186120712576442
"BP","GO:0070588","calcium ion transmembrane transport","1/173","350/18805",0.00285714285714286,0.310569777043765,-1.25454357439794,0.961815579844878,0.968076772903458,0.952106928260117,"GSTO1",1,"BP",0.00578034682080925,0.0186120712576442
"BP","GO:0031346","positive regulation of cell projection organization","1/173","360/18805",0.00277777777777778,0.30194283879255,-1.28860954057283,0.965248566299701,0.971045854986186,0.955027030984057,"HRAS",1,"BP",0.00578034682080925,0.0191438447221484
"BP","GO:0050767","regulation of neurogenesis","1/173","372/18805",0.00268817204301075,0.292202747218597,-1.32861994011232,0.96896533004883,0.97429730535175,0.958224843912326,"HES1",1,"BP",0.00578034682080925,0.0197819728795533
"BP","GO:0031647","regulation of protein stability","1/173","386/18805",0.00259067357512953,0.281604720117404,-1.37417655162325,0.972804734089431,0.977668757759878,0.961540679273658,"DPM3",1,"BP",0.00578034682080925,0.0205264557298591
"BP","GO:0030336","negative regulation of cell migration","1/173","388/18805",0.00257731958762887,0.280153149395149,-1.3805907609517,0.973313210418863,0.977690931005455,0.961562486739065,"CSNK2B",1,"BP",0.00578034682080925,0.0206328104227599
"BP","GO:0032970","regulation of actin filament-based process","1/173","392/18805",0.00255102040816327,0.277294443789076,-1.39335116677409,0.97430197830766,0.978195292906292,0.962058528451435,"HRAS",1,"BP",0.00578034682080925,0.0208455198085616
"BP","GO:0050900","leukocyte migration","1/173","395/18805",0.00253164556962025,0.27518841003878,-1.40286286056117,0.97501957271061,0.97842703002912,0.962286442730918,"RPS19",1,"BP",0.00578034682080925,0.0210050518479128
"BP","GO:2000146","negative regulation of cell motility","1/173","403/18805",0.00248138957816377,0.269725612817166,-1.42798785536089,0.976837231218844,0.979761893587762,0.963599285759527,"CSNK2B",1,"BP",0.00578034682080925,0.0214304706195161
"BP","GO:0040013","negative regulation of locomotion","1/173","421/18805",0.00237529691211401,0.258193401342798,-1.48330400564044,0.980460343895513,0.982905382159591,0.966690917882017,"CSNK2B",1,"BP",0.00578034682080925,0.0223876628556235
"BP","GO:0010720","positive regulation of cell development","1/173","447/18805",0.00223713646532438,0.243175440638295,-1.56046750923679,0.984721445380472,0.986684997614531,0.970408183042728,"HES1",1,"BP",0.00578034682080925,0.0237702738633342
"BP","GO:0051960","regulation of nervous system development","1/173","454/18805",0.00220264317180617,0.239426039571185,-1.58073091257155,0.98570141297758,0.986982511196194,0.970700788701991,"HES1",1,"BP",0.00578034682080925,0.0241425152884871
"BP","GO:0007409","axonogenesis","1/173","459/18805",0.00217864923747277,0.23681791277847,-1.59507919938215,0.986362879137696,0.986982511196194,0.970700788701991,"SEMA3B",1,"BP",0.00578034682080925,0.0244084020207392
"BP","GO:0006869","lipid transport","1/173","460/18805",0.00217391304347826,0.236303091228952,-1.59793653148897,0.986491475120972,0.986982511196194,0.970700788701991,"SELENOM",1,"BP",0.00578034682080925,0.0244615793671896
"BP","GO:0010876","lipid localization","1/173","482/18805",0.0020746887966805,0.225517472957091,-1.65979819340162,0.989034559339625,0.989034559339625,0.972718985304957,"SELENOM",1,"BP",0.00578034682080925,0.0256314809890986
"CC","GO:0098803","respiratory chain complex","17/188","109/19880",0.155963302752294,16.4922896740191,15.846954743956,2.84425452339859e-16,8.6749762963657e-14,7.18548511174381e-14,"NDUFS3/NDUFA3/COX8A/COX6A1/UQCR11/COX6B1/NDUFB7/ATP5MG/NDUFB9/NDUFA2/NDUFB1/NDUFC2/NDUFB8/ATP5ME/NDUFA11/MT-ND2/MT-ND1",17,"CC",0.0904255319148936,0.00548289738430584
"CC","GO:1990204","oxidoreductase complex","17/188","153/19880",0.111111111111111,11.7494089834515,13.0416054681895,9.37279886264754e-14,1.42935182655375e-11,1.18393248791337e-11,"NDUFS3/NDUFA3/COX8A/COX6A1/UQCR11/COX6B1/NDUFB7/NOXA1/NDUFB9/NDUFA2/NDUFB1/LDHB/NDUFC2/NDUFB8/NDUFA11/MT-ND2/MT-ND1",17,"CC",0.0904255319148936,0.00769617706237425
"CC","GO:0030964","NADH dehydrogenase complex","11/188","46/19880",0.239130434782609,25.2867715078631,16.1129413495507,4.03126880270891e-13,3.07384246206555e-11,2.54606450697405e-11,"NDUFS3/NDUFA3/NDUFB7/NDUFB9/NDUFA2/NDUFB1/NDUFC2/NDUFB8/NDUFA11/MT-ND2/MT-ND1",11,"CC",0.0585106382978723,0.00231388329979879
"CC","GO:0045271","respiratory chain complex I","11/188","46/19880",0.239130434782609,25.2867715078631,16.1129413495507,4.03126880270891e-13,3.07384246206555e-11,2.54606450697405e-11,"NDUFS3/NDUFA3/NDUFB7/NDUFB9/NDUFA2/NDUFB1/NDUFC2/NDUFB8/NDUFA11/MT-ND2/MT-ND1",11,"CC",0.0585106382978723,0.00231388329979879
"CC","GO:0044391","ribosomal subunit","17/188","186/19880",0.0913978494623656,9.66483642187143,11.6006186832784,2.34317115181141e-12,1.42933440260496e-10,1.18391805565208e-10,"RPL38/RPL39/RPL18/RPS27A/RPS19/RPS18/RPL27A/RPS29/MRPL2/RPS26/RPL34/MRPL41/RPL21/AURKAIP1/MRPL55/RPLP1/RPLP2",17,"CC",0.0904255319148936,0.00935613682092555
"CC","GO:0005840","ribosome","18/188","244/19880",0.0737704918032787,7.80083711196372,10.4438843131815,1.94133656577932e-11,9.8684608760449e-10,8.17404869801821e-10,"RPL38/RPL39/RPL18/RPS27A/RPS19/RPS18/RPL27A/RPS29/MRPL2/RPS26/LINC01004/RPL34/MRPL41/RPL21/AURKAIP1/MRPL55/RPLP1/RPLP2",18,"CC",0.0957446808510638,0.0122736418511066
"CC","GO:0022626","cytosolic ribosome","13/188","118/19880",0.110169491525424,11.6498377208799,11.337043794081,9.32923852524812e-11,4.06488250028668e-09,3.36694322715722e-09,"RPL38/RPL39/RPL18/RPS27A/RPS19/RPS18/RPL27A/RPS29/RPS26/RPL34/RPL21/RPLP1/RPLP2",13,"CC",0.0691489361702128,0.00593561368209256
"CC","GO:0015934","large ribosomal subunit","11/188","114/19880",0.0964912280701754,10.2034341172079,9.62884544644556,1.11395467747248e-08,4.24695220786381e-07,3.51775161307098e-07,"RPL38/RPL39/RPL18/RPL27A/MRPL2/RPL34/MRPL41/RPL21/MRPL55/RPLP1/RPLP2",11,"CC",0.0585106382978723,0.00573440643863179
"CC","GO:0022625","cytosolic large ribosomal subunit","8/188","57/19880",0.140350877192982,14.8413587159388,10.2249864076539,6.12789774701638e-08,2.07667645871111e-06,1.7201116482853e-06,"RPL38/RPL39/RPL18/RPL27A/RPL34/RPL21/RPLP1/RPLP2",8,"CC",0.0425531914893617,0.0028672032193159
"CC","GO:0005684","U2-type spliceosomal complex","9/188","95/19880",0.0947368421052632,10.0179171332587,8.60857551511206,2.91430898261991e-07,8.88864239699071e-06,7.36246479819766e-06,"LUC7L/SNRNP70/LSM4/SF3B5/LSM5/LSM7/PRPF31/SNRPB/SNRPN",9,"CC",0.0478723404255319,0.00477867203219316
"CC","GO:0097525","spliceosomal snRNP complex","9/188","97/19880",0.0927835051546392,9.81136214082036,8.49990595069141,3.48764175335479e-07,9.67027940702918e-06,8.00989493593444e-06,"LUC7L/SNRNP70/LSM4/SF3B5/LSM5/LSM7/PRPF31/SNRPB/SNRPN",9,"CC",0.0478723404255319,0.00487927565392354
"CC","GO:0071004","U2-type prespliceosome","5/188","18/19880",0.277777777777778,29.3735224586288,11.7670960047678,5.56003723412281e-07,1.30447027415958e-05,1.08049306574046e-05,"LUC7L/SNRNP70/LSM7/SNRPB/SNRPN",5,"CC",0.0265957446808511,0.000905432595573441
"CC","GO:0071010","prespliceosome","5/188","18/19880",0.277777777777778,29.3735224586288,11.7670960047678,5.56003723412281e-07,1.30447027415958e-05,1.08049306574046e-05,"LUC7L/SNRNP70/LSM7/SNRPB/SNRPN",5,"CC",0.0265957446808511,0.000905432595573441
"CC","GO:0030532","small nuclear ribonucleoprotein complex","9/188","107/19880",0.0841121495327103,8.89441240803341,8.00030776061444,8.06836250048899e-07,1.75775040189224e-05,1.45594511287019e-05,"LUC7L/SNRNP70/LSM4/SF3B5/LSM5/LSM7/PRPF31/SNRPB/SNRPN",9,"CC",0.0478723404255319,0.00538229376257545
"CC","GO:1902495","transmembrane transporter complex","18/188","498/19880",0.036144578313253,3.82209689823122,6.2318727401424,1.27196242342139e-06,2.58632359429016e-05,2.14225250260445e-05,"NDUFS3/NDUFA3/COX8A/COX6A1/UQCR11/COX6B1/NDUFB7/ATP5MG/NDUFB9/NDUFA2/NDUFB1/ATP6V0B/NDUFC2/NDUFB8/ATP5ME/NDUFA11/MT-ND2/MT-ND1",18,"CC",0.0957446808510638,0.0250503018108652
"CC","GO:0120114","Sm-like protein family complex","9/188","119/19880",0.0756302521008403,7.99749687108886,7.48071333218606,1.97488056647721e-06,3.76461607984719e-05,3.11823247338508e-05,"LUC7L/SNRNP70/LSM4/SF3B5/LSM5/LSM7/PRPF31/SNRPB/SNRPN",9,"CC",0.0478723404255319,0.00598591549295775
"CC","GO:0046540","U4/U6 x U5 tri-snRNP complex","6/188","45/19880",0.133333333333333,14.0992907801418,8.59546181264892,3.95839152046268e-06,7.10182008083011e-05,5.88243941121389e-05,"LSM4/LSM5/LSM7/PRPF31/SNRPB/SNRPN",6,"CC",0.0319148936170213,0.0022635814889336
"CC","GO:0097526","spliceosomal tri-snRNP complex","6/188","46/19880",0.130434782608696,13.7927844588344,8.48731111156155,4.51659423642659e-06,7.65311801172282e-05,6.3390796300724e-05,"LSM4/LSM5/LSM7/PRPF31/SNRPB/SNRPN",6,"CC",0.0319148936170213,0.00231388329979879
"CC","GO:0071005","U2-type precatalytic spliceosome","6/188","50/19880",0.12,12.6893617021277,8.08622311387314,7.42582093421287e-06,0.000119203967628154,9.87366772416116e-05,"LSM4/SF3B5/LSM5/LSM7/PRPF31/SNRPB",6,"CC",0.0319148936170213,0.00251509054325956
"CC","GO:0071011","precatalytic spliceosome","6/188","52/19880",0.115384615384615,12.2013093289689,7.90245961830071,9.36573003604277e-06,0.000142827383049652,0.000118303958350014,"LSM4/SF3B5/LSM5/LSM7/PRPF31/SNRPB",6,"CC",0.0319148936170213,0.00261569416498994
"CC","GO:0005681","spliceosomal complex","10/188","208/19880",0.0480769230769231,5.08387888707038,5.78510893949051,2.99873630547224e-05,0.000435530749128111,0.000360750232237262,"LUC7L/SNRNP70/LSM4/SF3B5/ALYREF/LSM5/LSM7/PRPF31/SNRPB/SNRPN",10,"CC",0.0531914893617021,0.0104627766599598
"CC","GO:0022627","cytosolic small ribosomal subunit","5/188","42/19880",0.119047619047619,12.5886524822695,7.34581386703159,4.59235284359837e-05,0.000636667098771592,0.000527351522709861,"RPS27A/RPS19/RPS18/RPS29/RPS26",5,"CC",0.0265957446808511,0.00211267605633803
"CC","GO:0015935","small ribosomal subunit","6/188","74/19880",0.0810810810810811,8.57389304197815,6.37775626722855,7.1748441264112e-05,0.00095144672111105,0.000788083565372397,"RPS27A/RPS19/RPS18/RPS29/RPS26/AURKAIP1",6,"CC",0.0319148936170213,0.00372233400402415
"CC","GO:0005688","U6 snRNP","3/188","11/19880",0.272727272727273,28.8394584139265,9.0240272467852,0.000129870936335672,0.00165044314926583,0.00136706248774391,"LSM4/LSM5/LSM7",3,"CC",0.0159574468085106,0.000553319919517103
"CC","GO:0005687","U4 snRNP","3/188","13/19880",0.230769230769231,24.4026186579378,8.24710006640595,0.000221989316231777,0.00270826965802768,0.00224326045876322,"PRPF31/SNRPB/SNRPN",3,"CC",0.0159574468085106,0.000653923541247485
"CC","GO:0005685","U1 snRNP","4/188","33/19880",0.121212121212121,12.8175370728562,6.63846678183761,0.000255755332264572,0.00300020678233441,0.00248507205439261,"LUC7L/SNRNP70/SNRPB/SNRPN",4,"CC",0.0212765957446809,0.00165995975855131
"CC","GO:0070069","cytochrome complex","4/188","41/19880",0.0975609756097561,10.3165542293721,5.83470138075501,0.000596729542315778,0.00674083371875231,0.00558343431406576,"COX8A/COX6A1/UQCR11/COX6B1",4,"CC",0.0212765957446809,0.00206237424547284
"CC","GO:0005758","mitochondrial intermembrane space","5/188","87/19880",0.0574712643678161,6.07728050868183,4.63731128930304,0.00141595431772062,0.0154237881037425,0.0127755276786823,"CHCHD10/BLOC1S1/CHCHD5/NDUFB7/COX17",5,"CC",0.0265957446808511,0.00437625754527163
"CC","GO:0098798","mitochondrial protein-containing complex","7/188","178/19880",0.0393258426966292,4.1584986851542,4.1358694547781,0.00155173071183056,0.0163199264520111,0.0135177993045131,"TIMM17B/CHCHD10/MRPL2/MRPL41/AURKAIP1/MRPL55/ROMO1",7,"CC",0.0372340425531915,0.00895372233400402
"CC","GO:0045277","respiratory chain complex IV","3/188","25/19880",0.12,12.6893617021277,5.71422232656361,0.00164223169396901,0.0166960222220183,0.0138293195281601,"COX8A/COX6A1/COX6B1",3,"CC",0.0159574468085106,0.00125754527162978
"CC","GO:0005689","U12-type spliceosomal complex","3/188","27/19880",0.111111111111111,11.7494089834515,5.46115717014493,0.00205971985936698,0.0202649857131268,0.0167854929116494,"SF3B5/LSM7/SNRPB",3,"CC",0.0159574468085106,0.00135814889336016
"CC","GO:0031970","organelle envelope lumen","5/188","97/19880",0.0515463917525773,5.4507567449002,4.29343535499438,0.00228953718825822,0.0218221513255862,0.0180752935915123,"CHCHD10/BLOC1S1/CHCHD5/NDUFB7/COX17",5,"CC",0.0265957446808511,0.00487927565392354
"CC","GO:0005686","U2 snRNP","3/188","29/19880",0.103448275862069,10.9391049156273,5.23342924757625,0.00253765153139029,0.0234540520325466,0.019426997369495,"SF3B5/SNRPB/SNRPN",3,"CC",0.0159574468085106,0.00145875251509054
"CC","GO:0098574","cytoplasmic side of lysosomal membrane","2/188","14/19880",0.142857142857143,15.1063829787234,5.1588838576507,0.00751196176156938,0.0665481569578845,0.0551218556337956,"BORCS6/BLOC1S1",2,"CC",0.0106382978723404,0.000704225352112676
"CC","GO:0030670","phagocytic vesicle membrane","4/188","82/19880",0.0487804878048781,5.15827711468604,3.68672693816137,0.00763667374926543,0.0665481569578845,0.0551218556337956,"HLA-A/HLA-B/VAMP8/ATP6V0B",4,"CC",0.0212765957446809,0.00412474849094567
"CC","GO:0016469","proton-transporting two-sector ATPase complex","3/188","46/19880",0.0652173913043478,6.89639222941721,3.91193296876805,0.00937558705400801,0.0765146380850905,0.0633770945312225,"ATP5MG/ATP6V0B/ATP5ME",3,"CC",0.0159574468085106,0.00231388329979879
"CC","GO:0000313","organellar ribosome","4/188","88/19880",0.0454545454545455,4.80657640232108,3.49673180608171,0.00974752961028647,0.0765146380850905,0.0633770945312225,"MRPL2/MRPL41/AURKAIP1/MRPL55",4,"CC",0.0212765957446809,0.00442655935613682
"CC","GO:0005761","mitochondrial ribosome","4/188","88/19880",0.0454545454545455,4.80657640232108,3.49673180608171,0.00974752961028647,0.0765146380850905,0.0633770945312225,"MRPL2/MRPL41/AURKAIP1/MRPL55",4,"CC",0.0212765957446809,0.00442655935613682
"CC","GO:0005744","TIM23 mitochondrial import inner membrane translocase complex","2/188","16/19880",0.125,13.218085106383,4.77706402426901,0.00978383896825747,0.0765146380850905,0.0633770945312225,"TIMM17B/ROMO1",2,"CC",0.0106382978723404,0.000804828973843058
"CC","GO:0071013","catalytic step 2 spliceosome","4/188","90/19880",0.0444444444444444,4.69976359338061,3.43719055761575,0.0105272168846589,0.080025547855573,0.0662851820028905,"ALYREF/LSM7/SNRPB/SNRPN",4,"CC",0.0212765957446809,0.0045271629778672
"CC","GO:0005665","RNA polymerase II, core complex","2/188","17/19880",0.117647058823529,12.4405506883604,4.61084206875139,0.0110199115079806,0.080025547855573,0.0662851820028905,"POLR2J/POLR2I",2,"CC",0.0106382978723404,0.00085513078470825
"CC","GO:0045259","proton-transporting ATP synthase complex","2/188","17/19880",0.117647058823529,12.4405506883604,4.61084206875139,0.0110199115079806,0.080025547855573,0.0662851820028905,"ATP5MG/ATP5ME",2,"CC",0.0106382978723404,0.00085513078470825
"CC","GO:0098800","inner mitochondrial membrane protein complex","3/188","51/19880",0.0588235294117647,6.22027534418023,3.64719824430956,0.0124281794860142,0.0881533661217283,0.0730174559765826,"TIMM17B/CHCHD10/ROMO1",3,"CC",0.0159574468085106,0.00256539235412475
"CC","GO:0030662","coated vesicle membrane","6/188","205/19880",0.0292682926829268,3.09496626881162,2.94596696629753,0.0134695580959483,0.093368527710551,0.0773371756705168,"HLA-A/AP1S1/HLA-B/VAMP8/ATP6V0B/AP2S1",6,"CC",0.0319148936170213,0.0103118712273642
"CC","GO:0030666","endocytic vesicle membrane","6/188","207/19880",0.0289855072463768,3.06506321307431,2.91819631662895,0.0140710790933182,0.0953706471880458,0.078995531751962,"HLA-A/RPS27A/HLA-B/VAMP8/ATP6V0B/AP2S1",6,"CC",0.0319148936170213,0.0104124748490946
"CC","GO:0000315","organellar large ribosomal subunit","3/188","56/19880",0.0535714285714286,5.66489361702128,3.41563449591444,0.0159862720829307,0.103740701814763,0.0859284501658092,"MRPL2/MRPL41/MRPL55",3,"CC",0.0159574468085106,0.0028169014084507
"CC","GO:0005762","mitochondrial large ribosomal subunit","3/188","56/19880",0.0535714285714286,5.66489361702128,3.41563449591444,0.0159862720829307,0.103740701814763,0.0859284501658092,"MRPL2/MRPL41/MRPL55",3,"CC",0.0159574468085106,0.0028169014084507
"CC","GO:0005791","rough endoplasmic reticulum","3/188","58/19880",0.0517241379310345,5.46955245781365,3.33070046476624,0.0175531976468916,0.109259699638815,0.0904998374920299,"RPL18/RPS29/RPS26",3,"CC",0.0159574468085106,0.00291750503018109
"CC","GO:0035577","azurophil granule membrane","3/188","58/19880",0.0517241379310345,5.46955245781365,3.33070046476624,0.0175531976468916,0.109259699638815,0.0904998374920299,"CD63/VAMP8/NDUFC2",3,"CC",0.0159574468085106,0.00291750503018109
"CC","GO:0098554","cytoplasmic side of endoplasmic reticulum membrane","2/188","23/19880",0.0869565217391304,9.19518963922294,3.84235410095639,0.0197546965475413,0.120503648940002,0.0998132036086299,"RPS29/RPS26",2,"CC",0.0106382978723404,0.0011569416498994
"CC","GO:0005682","U5 snRNP","2/188","25/19880",0.08,8.45957446808511,3.64653503402476,0.0231379412869507,0.135712924856153,0.112411050786805,"SNRPB/SNRPN",2,"CC",0.0106382978723404,0.00125754527162978
"CC","GO:0042611","MHC protein complex","2/188","25/19880",0.08,8.45957446808511,3.64653503402476,0.0231379412869507,0.135712924856153,0.112411050786805,"HLA-A/HLA-B",2,"CC",0.0106382978723404,0.00125754527162978
"CC","GO:0030867","rough endoplasmic reticulum membrane","2/188","26/19880",0.0769230769230769,8.1342062193126,3.5566374893169,0.0249124695837036,0.143364211755275,0.118748613705836,"RPS29/RPS26",2,"CC",0.0106382978723404,0.00130784708249497
"CC","GO:0030131","clathrin adaptor complex","2/188","27/19880",0.0740740740740741,7.83293932230102,3.47142392950126,0.0267406895616506,0.151035376227841,0.125102641224096,"AP1S1/AP2S1",2,"CC",0.0106382978723404,0.00135814889336016
"CC","GO:0005765","lysosomal membrane","9/188","451/19880",0.0199556541019956,2.11020427418974,2.33022157906497,0.0280688856609946,0.152875180832203,0.126626551854111,"CD63/AP1S1/BORCS6/BLOC1S1/VAMP8/ATP6V0B/AP2S1/NDUFC2/CTSD",9,"CC",0.0478723404255319,0.0226861167002012
"CC","GO:0098852","lytic vacuole membrane","9/188","451/19880",0.0199556541019956,2.11020427418974,2.33022157906497,0.0280688856609946,0.152875180832203,0.126626551854111,"CD63/AP1S1/BORCS6/BLOC1S1/VAMP8/ATP6V0B/AP2S1/NDUFC2/CTSD",9,"CC",0.0478723404255319,0.0226861167002012
"CC","GO:0032040","small-subunit processome","3/188","74/19880",0.0405405405405405,4.28694652098907,2.76784259535938,0.033072211095493,0.176965340072375,0.146580436988335,"RPS27A/RPS19/IMP3",3,"CC",0.0159574468085106,0.00372233400402415
"CC","GO:0090734","site of DNA damage","4/188","131/19880",0.0305343511450382,3.22884521682638,2.50077305089701,0.0359381711351444,0.188985210279639,0.15653649859228,"RPA3/ARPC1A/ARPC4/CHD4",4,"CC",0.0212765957446809,0.00658953722334004
"CC","GO:1902555","endoribonuclease complex","2/188","34/19880",0.0588235294117647,6.22027534418022,2.97664918423241,0.0409460468036826,0.211670241951241,0.175326516197749,"POP7/TARBP2",2,"CC",0.0106382978723404,0.0017102615694165
"CC","GO:0030665","clathrin-coated vesicle membrane","4/188","138/19880",0.0289855072463768,3.06506321307431,2.37852980361328,0.0422007629029827,0.212335808147799,0.175877804850636,"AP1S1/VAMP8/ATP6V0B/AP2S1",4,"CC",0.0212765957446809,0.00694164989939638
"CC","GO:0030125","clathrin vesicle coat","2/188","35/19880",0.0571428571428571,6.04255319148936,2.91736142765954,0.0431633446070935,0.212335808147799,0.175877804850636,"AP1S1/AP2S1",2,"CC",0.0106382978723404,0.00176056338028169
"CC","GO:0098553","lumenal side of endoplasmic reticulum membrane","2/188","35/19880",0.0571428571428571,6.04255319148936,2.91736142765954,0.0431633446070935,0.212335808147799,0.175877804850636,"HLA-A/HLA-B",2,"CC",0.0106382978723404,0.00176056338028169
"CC","GO:0005774","vacuolar membrane","9/188","495/19880",0.0181818181818182,1.92263056092843,2.03108832921031,0.0462222746705148,0.223774504357254,0.185352479881764,"CD63/AP1S1/BORCS6/BLOC1S1/VAMP8/ATP6V0B/AP2S1/NDUFC2/CTSD",9,"CC",0.0478723404255319,0.0248993963782696
"CC","GO:0098562","cytoplasmic side of membrane","5/188","209/19880",0.0239234449760766,2.5297770538532,2.17229770894122,0.0487706189156255,0.230118205780928,0.19060696941302,"BORCS6/RPS29/BLOC1S1/RPS26/AP2S1",5,"CC",0.0265957446808511,0.010513078470825
"CC","GO:0045335","phagocytic vesicle","4/188","145/19880",0.0275862068965517,2.91709464416728,2.26381153027111,0.0490415848385583,0.230118205780928,0.19060696941302,"HLA-A/HLA-B/VAMP8/ATP6V0B",4,"CC",0.0212765957446809,0.00729376257545272
"CC","GO:0031904","endosome lumen","2/188","38/19880",0.0526315789473684,5.56550951847704,2.75245106271778,0.050074112725774,0.231403096687289,0.191671244883345,"CD63/CTSD",2,"CC",0.0106382978723404,0.00191146881287726
"CC","GO:1905348","endonuclease complex","2/188","39/19880",0.0512820512820513,5.4228041462084,2.70134162665687,0.0524606528563574,0.238813419719239,0.197809217368826,"POP7/TARBP2",2,"CC",0.0106382978723404,0.00196177062374245
"CC","GO:0030119","AP-type membrane coat adaptor complex","2/188","41/19880",0.0487804878048781,5.15827711468604,2.60421445797303,0.0573523019438565,0.257241942542298,0.213073567593275,"AP1S1/AP2S1",2,"CC",0.0106382978723404,0.00206237424547284
"CC","GO:0035861","site of double-strand break","3/188","99/19880",0.0303030303030303,3.20438426821406,2.14838472926154,0.067621438910639,0.2989063604021,0.247584215691127,"RPA3/ARPC1A/ARPC4",3,"CC",0.0159574468085106,0.00497987927565392
"CC","GO:0098576","lumenal side of membrane","2/188","46/19880",0.0434782608695652,4.59759481961147,2.38680692117021,0.0702293700170003,0.302813463578347,0.250820470263342,"HLA-A/HLA-B",2,"CC",0.0106382978723404,0.00231388329979879
"CC","GO:0005814","centriole","4/188","164/19880",0.024390243902439,2.57913855734302,1.98410218292185,0.0704910029969267,0.302813463578347,0.250820470263342,"NUBP2/TEDC2/CCDC57/TEDC1",4,"CC",0.0212765957446809,0.00824949698189135
"CC","GO:0030684","preribosome","3/188","106/19880",0.0283018867924528,2.99277398635086,2.00999506417371,0.0793736906144886,0.336235772741931,0.278504177594697,"RPS27A/RPS19/IMP3",3,"CC",0.0159574468085106,0.00533199195171026
"CC","GO:0030118","clathrin coat","2/188","51/19880",0.0392156862745098,4.14685022945348,2.19857878660809,0.0839429164904385,0.348957238158112,0.289041370691793,"AP1S1/AP2S1",2,"CC",0.0106382978723404,0.00256539235412475
"CC","GO:0055038","recycling endosome membrane","3/188","109/19880",0.0275229357798165,2.91040406012102,1.95413895043402,0.0846650348318043,0.348957238158112,0.289041370691793,"HLA-A/HLA-B/VAMP8",3,"CC",0.0159574468085106,0.00548289738430584
"CC","GO:0030135","coated vesicle","6/188","322/19880",0.0186335403726708,1.97039777983349,1.71532646076964,0.0859030264964838,0.349338974419034,0.289357562935524,"HLA-A/AP1S1/HLA-B/VAMP8/ATP6V0B/AP2S1",6,"CC",0.0319148936170213,0.0161971830985915
"CC","GO:0000220","vacuolar proton-transporting V-type ATPase, V0 domain","1/188","10/19880",0.1,10.5744680851064,2.95901386562099,0.0906625401253757,0.354513778695379,0.293643854657087,"ATP6V0B",1,"CC",0.00531914893617021,0.000503018108651912
"CC","GO:0030681","multimeric ribonuclease P complex","1/188","10/19880",0.1,10.5744680851064,2.95901386562099,0.0906625401253757,0.354513778695379,0.293643854657087,"POP7",1,"CC",0.00531914893617021,0.000503018108651912
"CC","GO:0031414","N-terminal protein acetyltransferase complex","1/188","10/19880",0.1,10.5744680851064,2.95901386562099,0.0906625401253757,0.354513778695379,0.293643854657087,"NAA38",1,"CC",0.00531914893617021,0.000503018108651912
"CC","GO:0000931","gamma-tubulin ring complex","1/188","11/19880",0.0909090909090909,9.61315280464217,2.7919122719332,0.099266236273158,0.355769420453541,0.294683903050388,"MZT2A",1,"CC",0.00531914893617021,0.000553319919517103
"CC","GO:0005797","Golgi medial cisterna","1/188","11/19880",0.0909090909090909,9.61315280464217,2.7919122719332,0.099266236273158,0.355769420453541,0.294683903050388,"HLA-A",1,"CC",0.00531914893617021,0.000553319919517103
"CC","GO:0017101","aminoacyl-tRNA synthetase multienzyme complex","1/188","11/19880",0.0909090909090909,9.61315280464217,2.7919122719332,0.099266236273158,0.355769420453541,0.294683903050388,"EEF1E1",1,"CC",0.00531914893617021,0.000553319919517103
"CC","GO:0030122","AP-2 adaptor complex","1/188","11/19880",0.0909090909090909,9.61315280464217,2.7919122719332,0.099266236273158,0.355769420453541,0.294683903050388,"AP2S1",1,"CC",0.00531914893617021,0.000553319919517103
"CC","GO:0030128","clathrin coat of endocytic vesicle","1/188","11/19880",0.0909090909090909,9.61315280464217,2.7919122719332,0.099266236273158,0.355769420453541,0.294683903050388,"AP2S1",1,"CC",0.00531914893617021,0.000553319919517103
"CC","GO:0016607","nuclear speck","7/188","415/19880",0.0168674698795181,1.78364521917457,1.5763317050241,0.0997681024205622,0.355769420453541,0.294683903050388,"HSF4/SNRNP70/CDC34/ALYREF/TUT1/PRPF31/NDUFB1",7,"CC",0.0372340425531915,0.0208752515090543
"CC","GO:0000346","transcription export complex","1/188","12/19880",0.0833333333333333,8.81205673758865,2.64490583141744,0.107788957476069,0.355769420453541,0.294683903050388,"ALYREF",1,"CC",0.00531914893617021,0.000603621730382294
"CC","GO:0030121","AP-1 adaptor complex","1/188","12/19880",0.0833333333333333,8.81205673758865,2.64490583141744,0.107788957476069,0.355769420453541,0.294683903050388,"AP1S1",1,"CC",0.00531914893617021,0.000603621730382294
"CC","GO:0033177","proton-transporting two-sector ATPase complex, proton-transporting domain","1/188","12/19880",0.0833333333333333,8.81205673758865,2.64490583141744,0.107788957476069,0.355769420453541,0.294683903050388,"ATP6V0B",1,"CC",0.00531914893617021,0.000603621730382294
"CC","GO:0033179","proton-transporting V-type ATPase, V0 domain","1/188","12/19880",0.0833333333333333,8.81205673758865,2.64490583141744,0.107788957476069,0.355769420453541,0.294683903050388,"ATP6V0B",1,"CC",0.00531914893617021,0.000603621730382294
"CC","GO:0038201","TOR complex","1/188","12/19880",0.0833333333333333,8.81205673758865,2.64490583141744,0.107788957476069,0.355769420453541,0.294683903050388,"PRR5",1,"CC",0.00531914893617021,0.000603621730382294
"CC","GO:1990071","TRAPPII protein complex","1/188","12/19880",0.0833333333333333,8.81205673758865,2.64490583141744,0.107788957476069,0.355769420453541,0.294683903050388,"TRAPPC2L",1,"CC",0.00531914893617021,0.000603621730382294
"CC","GO:1990072","TRAPPIII protein complex","1/188","12/19880",0.0833333333333333,8.81205673758865,2.64490583141744,0.107788957476069,0.355769420453541,0.294683903050388,"TRAPPC2L",1,"CC",0.00531914893617021,0.000603621730382294
"CC","GO:0005925","focal adhesion","7/188","424/19880",0.0165094339622642,1.74578482537134,1.51670448106098,0.108431799193916,0.355769420453541,0.294683903050388,"RPL38/RPL18/RPS19/RPS18/RPS29/RPLP1/RPLP2",7,"CC",0.0372340425531915,0.021327967806841
"CC","GO:1904813","ficolin-1-rich granule lumen","3/188","124/19880",0.0241935483870968,2.55833905284832,1.70080516576725,0.113234869656907,0.355769420453541,0.294683903050388,"PSMD13/CSNK2B/CTSD",3,"CC",0.0159574468085106,0.0062374245472837
"CC","GO:0005662","DNA replication factor A complex","1/188","13/19880",0.0769230769230769,8.1342062193126,2.5140995306989,0.116231461804361,0.355769420453541,0.294683903050388,"RPA3",1,"CC",0.00531914893617021,0.000653923541247485
"CC","GO:0031616","spindle pole centrosome","1/188","13/19880",0.0769230769230769,8.1342062193126,2.5140995306989,0.116231461804361,0.355769420453541,0.294683903050388,"NUBP2",1,"CC",0.00531914893617021,0.000653923541247485
"CC","GO:0034709","methylosome","1/188","13/19880",0.0769230769230769,8.1342062193126,2.5140995306989,0.116231461804361,0.355769420453541,0.294683903050388,"SNRPB",1,"CC",0.00531914893617021,0.000653923541247485
"CC","GO:0044615","nuclear pore nuclear basket","1/188","13/19880",0.0769230769230769,8.1342062193126,2.5140995306989,0.116231461804361,0.355769420453541,0.294683903050388,"MAD2L1",1,"CC",0.00531914893617021,0.000653923541247485
"CC","GO:0045275","respiratory chain complex III","1/188","13/19880",0.0769230769230769,8.1342062193126,2.5140995306989,0.116231461804361,0.355769420453541,0.294683903050388,"UQCR11",1,"CC",0.00531914893617021,0.000653923541247485
"CC","GO:0030055","cell-substrate junction","7/188","434/19880",0.0161290322580645,1.70555936856555,1.45209344476193,0.118516439268396,0.355769420453541,0.294683903050388,"RPL38/RPL18/RPS19/RPS18/RPS29/RPLP1/RPLP2",7,"CC",0.0372340425531915,0.021830985915493
"CC","GO:1904949","ATPase complex","3/188","127/19880",0.0236220472440945,2.49790584687552,1.65463086983124,0.119339911182824,0.355769420453541,0.294683903050388,"TFPT/ATP6V0B/CHD4",3,"CC",0.0159574468085106,0.00638832997987928
"CC","GO:0005819","spindle","7/188","435/19880",0.0160919540229885,1.70163854243091,1.44572393242731,0.119551042138016,0.355769420453541,0.294683903050388,"MAD2L1/NUBP2/MZT2A/CCDC57/SAC3D1/JTB/PMF1",7,"CC",0.0372340425531915,0.0218812877263581
"CC","GO:0030120","vesicle coat","2/188","63/19880",0.0317460317460317,3.35697399527187,1.83078518298099,0.119659621149294,0.355769420453541,0.294683903050388,"AP1S1/AP2S1",2,"CC",0.0106382978723404,0.00316901408450704
"CC","GO:0000502","proteasome complex","2/188","64/19880",0.03125,3.30452127659574,1.80423868456243,0.122785706113828,0.355769420453541,0.294683903050388,"PSMD13/PSMA1",2,"CC",0.0106382978723404,0.00321931589537223
"CC","GO:0012507","ER to Golgi transport vesicle membrane","2/188","64/19880",0.03125,3.30452127659574,1.80423868456243,0.122785706113828,0.355769420453541,0.294683903050388,"HLA-A/HLA-B",2,"CC",0.0106382978723404,0.00321931589537223
"CC","GO:1905368","peptidase complex","3/188","129/19880",0.0232558139534884,2.45917862444334,1.62457605441976,0.12347664622077,0.355769420453541,0.294683903050388,"SF3B5/PSMD13/PSMA1",3,"CC",0.0159574468085106,0.00648893360160966
"CC","GO:0030677","ribonuclease P complex","1/188","14/19880",0.0714285714285714,7.5531914893617,2.39658556283019,0.124594500269191,0.355769420453541,0.294683903050388,"POP7",1,"CC",0.00531914893617021,0.000704225352112676
"CC","GO:0030139","endocytic vesicle","6/188","358/19880",0.0167597765363128,1.77225722096755,1.44069687745976,0.1248109114378,0.355769420453541,0.294683903050388,"HLA-A/RPS27A/HLA-B/VAMP8/ATP6V0B/AP2S1",6,"CC",0.0319148936170213,0.0180080482897384
"CC","GO:0031083","BLOC-1 complex","1/188","15/19880",0.0666666666666667,7.04964539007092,2.29014268407959,0.132878816888007,0.375259621767056,0.310827641843291,"BLOC1S1",1,"CC",0.00531914893617021,0.000754527162977867
"CC","GO:0016581","NuRD complex","1/188","16/19880",0.0625,6.60904255319149,2.19304049350965,0.141085148749323,0.384205092576282,0.318237177630052,"CHD4",1,"CC",0.00531914893617021,0.000804828973843058
"CC","GO:0031011","Ino80 complex","1/188","16/19880",0.0625,6.60904255319149,2.19304049350965,0.141085148749323,0.384205092576282,0.318237177630052,"TFPT",1,"CC",0.00531914893617021,0.000804828973843058
"CC","GO:0090545","CHD-type complex","1/188","16/19880",0.0625,6.60904255319149,2.19304049350965,0.141085148749323,0.384205092576282,0.318237177630052,"CHD4",1,"CC",0.00531914893617021,0.000804828973843058
"CC","GO:0098985","asymmetric, glutamatergic, excitatory synapse","1/188","16/19880",0.0625,6.60904255319149,2.19304049350965,0.141085148749323,0.384205092576282,0.318237177630052,"CHD4",1,"CC",0.00531914893617021,0.000804828973843058
"CC","GO:0030008","TRAPP complex","1/188","17/19880",0.0588235294117647,6.22027534418022,2.10390791694148,0.149214226076907,0.399213499591726,0.330668645045778,"TRAPPC2L",1,"CC",0.00531914893617021,0.00085513078470825
"CC","GO:0042589","zymogen granule membrane","1/188","17/19880",0.0588235294117647,6.22027534418022,2.10390791694148,0.149214226076907,0.399213499591726,0.330668645045778,"VAMP8",1,"CC",0.00531914893617021,0.00085513078470825
"CC","GO:0000930","gamma-tubulin complex","1/188","18/19880",0.0555555555555556,5.87470449172577,2.0216423897543,0.157266772293367,0.403194149962908,0.333965818778595,"MZT2A",1,"CC",0.00531914893617021,0.000905432595573441
"CC","GO:0030130","clathrin coat of trans-Golgi network vesicle","1/188","18/19880",0.0555555555555556,5.87470449172577,2.0216423897543,0.157266772293367,0.403194149962908,0.333965818778595,"AP1S1",1,"CC",0.00531914893617021,0.000905432595573441
"CC","GO:0030132","clathrin coat of coated pit","1/188","18/19880",0.0555555555555556,5.87470449172577,2.0216423897543,0.157266772293367,0.403194149962908,0.333965818778595,"AP2S1",1,"CC",0.00531914893617021,0.000905432595573441
"CC","GO:0043020","NADPH oxidase complex","1/188","18/19880",0.0555555555555556,5.87470449172577,2.0216423897543,0.157266772293367,0.403194149962908,0.333965818778595,"NOXA1",1,"CC",0.00531914893617021,0.000905432595573441
"CC","GO:0030669","clathrin-coated endocytic vesicle membrane","2/188","75/19880",0.0266666666666667,2.81985815602837,1.54280850969907,0.158342521730745,0.403194149962908,0.333965818778595,"VAMP8/AP2S1",2,"CC",0.0106382978723404,0.00377263581488934
"CC","GO:0030136","clathrin-coated vesicle","4/188","222/19880",0.018018018018018,1.90530956488403,1.32536411808762,0.159459895206431,0.403194149962908,0.333965818778595,"AP1S1/VAMP8/ATP6V0B/AP2S1",4,"CC",0.0212765957446809,0.0111670020120724
"CC","GO:0000939","inner kinetochore","1/188","19/19880",0.0526315789473684,5.56550951847704,1.94534563697789,0.165243504083159,0.403194149962908,0.333965818778595,"CENPM",1,"CC",0.00531914893617021,0.000955734406438632
"CC","GO:0032433","filopodium tip","1/188","19/19880",0.0526315789473684,5.56550951847704,1.94534563697789,0.165243504083159,0.403194149962908,0.333965818778595,"CIB1",1,"CC",0.00531914893617021,0.000955734406438632
"CC","GO:0034719","SMN-Sm protein complex","1/188","19/19880",0.0526315789473684,5.56550951847704,1.94534563697789,0.165243504083159,0.403194149962908,0.333965818778595,"SNRPB",1,"CC",0.00531914893617021,0.000955734406438632
"CC","GO:0036020","endolysosome membrane","1/188","19/19880",0.0526315789473684,5.56550951847704,1.94534563697789,0.165243504083159,0.403194149962908,0.333965818778595,"AP2S1",1,"CC",0.00531914893617021,0.000955734406438632
"CC","GO:0042588","zymogen granule","1/188","19/19880",0.0526315789473684,5.56550951847704,1.94534563697789,0.165243504083159,0.403194149962908,0.333965818778595,"VAMP8",1,"CC",0.00531914893617021,0.000955734406438632
"CC","GO:0005905","clathrin-coated pit","2/188","78/19880",0.0256410256410256,2.7114020731042,1.47970828319346,0.168349701924396,0.406225116105989,0.336476368819456,"AP1S1/AP2S1",2,"CC",0.0106382978723404,0.00392354124748491
"CC","GO:0000940","outer kinetochore","1/188","20/19880",0.05,5.28723404255319,1.874277303891,0.173145131455012,0.406225116105989,0.336476368819456,"PMF1",1,"CC",0.00531914893617021,0.00100603621730382
"CC","GO:0005839","proteasome core complex","1/188","20/19880",0.05,5.28723404255319,1.874277303891,0.173145131455012,0.406225116105989,0.336476368819456,"PSMA1",1,"CC",0.00531914893617021,0.00100603621730382
"CC","GO:0012510","trans-Golgi network transport vesicle membrane","1/188","20/19880",0.05,5.28723404255319,1.874277303891,0.173145131455012,0.406225116105989,0.336476368819456,"AP1S1",1,"CC",0.00531914893617021,0.00100603621730382
"CC","GO:0031082","BLOC complex","1/188","20/19880",0.05,5.28723404255319,1.874277303891,0.173145131455012,0.406225116105989,0.336476368819456,"BLOC1S1",1,"CC",0.00531914893617021,0.00100603621730382
"CC","GO:0035145","exon-exon junction complex","1/188","21/19880",0.0476190476190476,5.0354609929078,1.80782085099404,0.180972357803776,0.413006914633254,0.342093734295016,"ALYREF",1,"CC",0.00531914893617021,0.00105633802816901
"CC","GO:0042827","platelet dense granule","1/188","21/19880",0.0476190476190476,5.0354609929078,1.80782085099404,0.180972357803776,0.413006914633254,0.342093734295016,"CD63",1,"CC",0.00531914893617021,0.00105633802816901
"CC","GO:0005766","primary lysosome","3/188","155/19880",0.0193548387096774,2.04667124227865,1.27820029367676,0.181452218232315,0.413006914633254,0.342093734295016,"CD63/VAMP8/NDUFC2",3,"CC",0.0159574468085106,0.00779678068410463
"CC","GO:0042582","azurophil granule","3/188","155/19880",0.0193548387096774,2.04667124227865,1.27820029367676,0.181452218232315,0.413006914633254,0.342093734295016,"CD63/VAMP8/NDUFC2",3,"CC",0.0159574468085106,0.00779678068410463
"CC","GO:0005680","anaphase-promoting complex","1/188","22/19880",0.0454545454545455,4.80657640232108,1.74545805258938,0.188725879971704,0.417111546314274,0.345493601778864,"UBE2S",1,"CC",0.00531914893617021,0.00110663983903421
"CC","GO:0005697","telomerase holoenzyme complex","1/188","22/19880",0.0454545454545455,4.80657640232108,1.74545805258938,0.188725879971704,0.417111546314274,0.345493601778864,"SNRPB",1,"CC",0.00531914893617021,0.00110663983903421
"CC","GO:0005838","proteasome regulatory particle","1/188","22/19880",0.0454545454545455,4.80657640232108,1.74545805258938,0.188725879971704,0.417111546314274,0.345493601778864,"PSMD13",1,"CC",0.00531914893617021,0.00110663983903421
"CC","GO:0043601","nuclear replisome","1/188","22/19880",0.0454545454545455,4.80657640232108,1.74545805258938,0.188725879971704,0.417111546314274,0.345493601778864,"RPA3",1,"CC",0.00531914893617021,0.00110663983903421
"CC","GO:0016591","RNA polymerase II, holoenzyme","2/188","88/19880",0.0227272727272727,2.40328820116054,1.28906449456925,0.202387333471408,0.441308105348334,0.365535617889906,"POLR2J/POLR2I",2,"CC",0.0106382978723404,0.00442655935613682
"CC","GO:0005847","mRNA cleavage and polyadenylation specificity factor complex","1/188","24/19880",0.0416666666666667,4.40602836879433,1.63132043918386,0.204014566734804,0.441308105348334,0.365535617889906,"TUT1",1,"CC",0.00531914893617021,0.00120724346076459
"CC","GO:0030894","replisome","1/188","24/19880",0.0416666666666667,4.40602836879433,1.63132043918386,0.204014566734804,0.441308105348334,0.365535617889906,"RPA3",1,"CC",0.00531914893617021,0.00120724346076459
"CC","GO:0022624","proteasome accessory complex","1/188","25/19880",0.04,4.22978723404255,1.57884774148591,0.211551092795131,0.454387910581091,0.376369623949825,"PSMD13",1,"CC",0.00531914893617021,0.00125754527162978
"CC","GO:0016471","vacuolar proton-transporting V-type ATPase complex","1/188","26/19880",0.0384615384615385,4.0671031096563,1.52905222642346,0.219016637723588,0.456986657440084,0.378522166645798,"ATP6V0B",1,"CC",0.00531914893617021,0.00130784708249497
"CC","GO:0045334","clathrin-coated endocytic vesicle","2/188","93/19880",0.021505376344086,2.27407915808739,1.20331460175863,0.219692007606664,0.456986657440084,0.378522166645798,"VAMP8/AP2S1",2,"CC",0.0106382978723404,0.00467806841046278
"CC","GO:0000124","SAGA complex","1/188","27/19880",0.037037037037037,3.91646966115051,1.48169068885759,0.226411866499047,0.456986657440084,0.378522166645798,"SF3B5",1,"CC",0.00531914893617021,0.00135814889336016
"CC","GO:0016460","myosin II complex","1/188","27/19880",0.037037037037037,3.91646966115051,1.48169068885759,0.226411866499047,0.456986657440084,0.378522166645798,"MYL6",1,"CC",0.00531914893617021,0.00135814889336016
"CC","GO:0030686","90S preribosome","1/188","27/19880",0.037037037037037,3.91646966115051,1.48169068885759,0.226411866499047,0.456986657440084,0.378522166645798,"IMP3",1,"CC",0.00531914893617021,0.00135814889336016
"CC","GO:0097346","INO80-type complex","1/188","27/19880",0.037037037037037,3.91646966115051,1.48169068885759,0.226411866499047,0.456986657440084,0.378522166645798,"TFPT",1,"CC",0.00531914893617021,0.00135814889336016
"CC","GO:0030134","COPII-coated ER to Golgi transport vesicle","2/188","95/19880",0.0210526315789474,2.22620380739082,1.1705439201599,0.226649992792754,0.456986657440084,0.378522166645798,"HLA-A/HLA-B",2,"CC",0.0106382978723404,0.00477867203219316
"CC","GO:0070603","SWI/SNF superfamily-type complex","2/188","95/19880",0.0210526315789474,2.22620380739082,1.1705439201599,0.226649992792754,0.456986657440084,0.378522166645798,"TFPT/CHD4",2,"CC",0.0106382978723404,0.00477867203219316
"CC","GO:0000776","kinetochore","3/188","174/19880",0.0172413793103448,1.82318415260455,1.06562319228126,0.227591339477759,0.456986657440084,0.378522166645798,"MAD2L1/CENPM/PMF1",3,"CC",0.0159574468085106,0.00875251509054326
"CC","GO:0030117","membrane coat","2/188","97/19880",0.0206185567010309,2.18030269796008,1.13858240822161,0.233623820387976,0.456986657440084,0.378522166645798,"AP1S1/AP2S1",2,"CC",0.0106382978723404,0.00487927565392354
"CC","GO:0048475","coated membrane","2/188","97/19880",0.0206185567010309,2.18030269796008,1.13858240822161,0.233623820387976,0.456986657440084,0.378522166645798,"AP1S1/AP2S1",2,"CC",0.0106382978723404,0.00487927565392354
"CC","GO:0005732","sno(s)RNA-containing ribonucleoprotein complex","1/188","28/19880",0.0357142857142857,3.77659574468085,1.43655022363668,0.23373743790378,0.456986657440084,0.378522166645798,"POP7",1,"CC",0.00531914893617021,0.00140845070422535
"CC","GO:0033176","proton-transporting V-type ATPase complex","1/188","28/19880",0.0357142857142857,3.77659574468085,1.43655022363668,0.23373743790378,0.456986657440084,0.378522166645798,"ATP6V0B",1,"CC",0.00531914893617021,0.00140845070422535
"CC","GO:0036019","endolysosome","1/188","28/19880",0.0357142857142857,3.77659574468085,1.43655022363668,0.23373743790378,0.456986657440084,0.378522166645798,"AP2S1",1,"CC",0.00531914893617021,0.00140845070422535
"CC","GO:0043202","lysosomal lumen","2/188","98/19880",0.0204081632653061,2.1580547112462,1.12289279380514,0.237115719886695,0.457723383325582,0.379132396887454,"NAGLU/CTSD",2,"CC",0.0106382978723404,0.00492957746478873
"CC","GO:1905369","endopeptidase complex","2/188","98/19880",0.0204081632653061,2.1580547112462,1.12289279380514,0.237115719886695,0.457723383325582,0.379132396887454,"PSMD13/PSMA1",2,"CC",0.0106382978723404,0.00492957746478873
"CC","GO:0005849","mRNA cleavage factor complex","1/188","29/19880",0.0344827586206897,3.6463683052091,1.3934435148747,0.240994004580896,0.459394821232332,0.380516849338256,"TUT1",1,"CC",0.00531914893617021,0.00145875251509054
"CC","GO:0032585","multivesicular body membrane","1/188","29/19880",0.0344827586206897,3.6463683052091,1.3934435148747,0.240994004580896,0.459394821232332,0.380516849338256,"CD63",1,"CC",0.00531914893617021,0.00145875251509054
"CC","GO:0000922","spindle pole","3/188","180/19880",0.0166666666666667,1.76241134751773,1.00397701222262,0.2426110330755,0.459604752099549,0.380690735129911,"MAD2L1/NUBP2/PMF1",3,"CC",0.0159574468085106,0.00905432595573441
"CC","GO:0034708","methyltransferase complex","2/188","101/19880",0.0198019801980198,2.09395407625869,1.07693350935619,0.247606938339241,0.461558384102606,0.382308929023729,"PRPF31/SNRPB",2,"CC",0.0106382978723404,0.00508048289738431
"CC","GO:0000137","Golgi cis cisterna","1/188","30/19880",0.0333333333333333,3.52482269503546,1.3522049924885,0.248182213091237,0.461558384102606,0.382308929023729,"GOLGA8B",1,"CC",0.00531914893617021,0.00150905432595573
"CC","GO:0071007","U2-type catalytic step 2 spliceosome","1/188","30/19880",0.0333333333333333,3.52482269503546,1.3522049924885,0.248182213091237,0.461558384102606,0.382308929023729,"SNRPB",1,"CC",0.00531914893617021,0.00150905432595573
"CC","GO:0101002","ficolin-1-rich granule","3/188","185/19880",0.0162162162162162,1.71477860839563,0.954356632796121,0.25524920938707,0.465224500542653,0.385345574219972,"PSMD13/CSNK2B/CTSD",3,"CC",0.0159574468085106,0.00930583501006036
"CC","GO:0005640","nuclear outer membrane","1/188","31/19880",0.032258064516129,3.41111873713109,1.31268767317855,0.255302703969769,0.465224500542653,0.385345574219972,"LTC4S",1,"CC",0.00531914893617021,0.00155935613682093
"CC","GO:0071339","MLL1 complex","1/188","31/19880",0.032258064516129,3.41111873713109,1.31268767317855,0.255302703969769,0.465224500542653,0.385345574219972,"PRPF31",1,"CC",0.00531914893617021,0.00155935613682093
"CC","GO:0000779","condensed chromosome, centromeric region","3/188","186/19880",0.0161290322580645,1.70555936856555,0.944613930908556,0.257788333692771,0.465224500542653,0.385345574219972,"MAD2L1/CENPM/PMF1",3,"CC",0.0159574468085106,0.00935613682092555
"CC","GO:0031248","protein acetyltransferase complex","2/188","105/19880",0.019047619047619,2.01418439716312,1.01808633011881,0.261618292789304,0.465224500542653,0.385345574219972,"SF3B5/NAA38",2,"CC",0.0106382978723404,0.00528169014084507
"CC","GO:0000314","organellar small ribosomal subunit","1/188","32/19880",0.03125,3.30452127659574,1.27476054613944,0.262356111781431,0.465224500542653,0.385345574219972,"AURKAIP1",1,"CC",0.00531914893617021,0.00160965794768612
"CC","GO:0005763","mitochondrial small ribosomal subunit","1/188","32/19880",0.03125,3.30452127659574,1.27476054613944,0.262356111781431,0.465224500542653,0.385345574219972,"AURKAIP1",1,"CC",0.00531914893617021,0.00160965794768612
"CC","GO:0044665","MLL1/2 complex","1/188","32/19880",0.03125,3.30452127659574,1.27476054613944,0.262356111781431,0.465224500542653,0.385345574219972,"PRPF31",1,"CC",0.00531914893617021,0.00160965794768612
"CC","GO:1902493","acetyltransferase complex","2/188","106/19880",0.0188679245283019,1.99518265756724,1.00378278889739,0.265122996677281,0.467413375644917,0.387158620033754,"SF3B5/NAA38",2,"CC",0.0106382978723404,0.00533199195171026
"CC","GO:0070971","endoplasmic reticulum exit site","1/188","33/19880",0.0303030303030303,3.20438426821406,1.23830639571732,0.269343065176488,0.472124338384073,0.39106071169,"HLA-A",1,"CC",0.00531914893617021,0.00165995975855131
"CC","GO:0042470","melanosome","2/188","111/19880",0.018018018018018,1.90530956488403,0.934539205491225,0.282641799771317,0.489805391649157,0.405705932686101,"CD63/CTSD",2,"CC",0.0106382978723404,0.00558350100603622
"CC","GO:0048770","pigment granule","2/188","111/19880",0.018018018018018,1.90530956488403,0.934539205491225,0.282641799771317,0.489805391649157,0.405705932686101,"CD63/CTSD",2,"CC",0.0106382978723404,0.00558350100603622
"CC","GO:0055029","nuclear DNA-directed RNA polymerase complex","2/188","112/19880",0.0178571428571429,1.88829787234043,0.921122826919736,0.286142502832944,0.493070414486146,0.40841035194711,"POLR2J/POLR2I",2,"CC",0.0106382978723404,0.00563380281690141
"CC","GO:0008180","COP9 signalosome","1/188","36/19880",0.0277777777777778,2.93735224586288,1.13678022371444,0.289911397792498,0.496758293970291,0.411465023478412,"COPS9",1,"CC",0.00531914893617021,0.00181086519114688
"CC","GO:0031901","early endosome membrane","3/188","200/19880",0.015,1.58617021276596,0.814061983887226,0.293637999475644,0.500332904134477,0.414425874002673,"HLA-A/HLA-B/VAMP8",3,"CC",0.0159574468085106,0.0100603621730382
"CC","GO:0000428","DNA-directed RNA polymerase complex","2/188","115/19880",0.0173913043478261,1.83903792784459,0.881684857130485,0.296633313726861,0.502628670481626,0.416327457862261,"POLR2J/POLR2I",2,"CC",0.0106382978723404,0.00578470824949698
"CC","GO:0030140","trans-Golgi network transport vesicle","1/188","38/19880",0.0263157894736842,2.78275475923852,1.07478589449269,0.303302611501365,0.511090035955339,0.42333600907431,"AP1S1",1,"CC",0.00531914893617021,0.00191146881287726
"CC","GO:0030880","RNA polymerase complex","2/188","118/19880",0.0169491525423729,1.79228272628922,0.843406650941215,0.307101472335449,0.511835787225748,0.423953715044623,"POLR2J/POLR2I",2,"CC",0.0106382978723404,0.00593561368209256
"CC","GO:0031985","Golgi cisterna","2/188","118/19880",0.0169491525423729,1.79228272628922,0.843406650941215,0.307101472335449,0.511835787225748,0.423953715044623,"HLA-A/GOLGA8B",2,"CC",0.0106382978723404,0.00593561368209256
"CC","GO:0070461","SAGA-type complex","1/188","40/19880",0.025,2.6436170212766,1.01669589452239,0.316442604918352,0.524538013587486,0.434474972427943,"SF3B5",1,"CC",0.00531914893617021,0.00201207243460765
"CC","GO:0055037","recycling endosome","3/188","211/19880",0.014218009478673,1.50347887465968,0.718393870612138,0.322039952308736,0.52668747625817,0.436255372914447,"HLA-A/HLA-B/VAMP8",3,"CC",0.0159574468085106,0.0106136820925553
"CC","GO:0043596","nuclear replication fork","1/188","41/19880",0.024390243902439,2.57913855734302,0.988970996582047,0.322919862492714,0.52668747625817,0.436255372914447,"RPA3",1,"CC",0.00531914893617021,0.00206237424547284
"CC","GO:1905360","GTPase complex","1/188","41/19880",0.024390243902439,2.57913855734302,0.988970996582047,0.322919862492714,0.52668747625817,0.436255372914447,"HRAS",1,"CC",0.00531914893617021,0.00206237424547284
"CC","GO:0034451","centriolar satellite","2/188","127/19880",0.015748031496063,1.66527056458368,0.734877439223786,0.338302213840943,0.548841357561105,0.454605438532063,"RASSF7/CCDC57",2,"CC",0.0106382978723404,0.00638832997987928
"CC","GO:0098687","chromosomal region","5/188","408/19880",0.0122549019607843,1.29589069670421,0.59004806363407,0.343064510919682,0.553622623441815,0.458565762298656,"MAD2L1/CENPM/ALYREF/PMF1/CHD4",5,"CC",0.0265957446808511,0.020523138832998
"CC","GO:0000152","nuclear ubiquitin ligase complex","1/188","47/19880",0.0212765957446809,2.24988682661838,0.838217438428286,0.360521126761015,0.578731282432156,0.479363271039577,"UBE2S",1,"CC",0.00531914893617021,0.00236418511066398
"CC","GO:0030667","secretory granule membrane","4/188","322/19880",0.0124223602484472,1.31359851988899,0.554333336702485,0.362971921430408,0.579614848357458,0.48009512892421,"CD63/HLA-B/VAMP8/NDUFC2",4,"CC",0.0212765957446809,0.0161971830985915
"CC","GO:0090533","cation-transporting ATPase complex","1/188","48/19880",0.0208333333333333,2.20301418439716,0.815341199152536,0.366582843504268,0.582332121191675,0.482345846716142,"ATP6V0B",1,"CC",0.00531914893617021,0.00241448692152917
"CC","GO:0031201","SNARE complex","1/188","49/19880",0.0204081632653061,2.1580547112462,0.793023557100206,0.372587403075728,0.585768855351015,0.485192494509901,"VAMP8",1,"CC",0.00531914893617021,0.00246478873239437
"CC","GO:0031519","PcG protein complex","1/188","49/19880",0.0204081632653061,2.1580547112462,0.793023557100206,0.372587403075728,0.585768855351015,0.485192494509901,"CSNK2B",1,"CC",0.00531914893617021,0.00246478873239437
"CC","GO:0014704","intercalated disc","1/188","52/19880",0.0192307692307692,2.03355155482815,0.729164706159687,0.390263474715688,0.610412101478384,0.505604501655952,"VAMP5",1,"CC",0.00531914893617021,0.00261569416498994
"CC","GO:0098533","ATPase dependent transmembrane transport complex","1/188","54/19880",0.0185185185185185,1.95823483057526,0.688941838665933,0.40177143248869,0.624012976136712,0.516870109655947,"ATP6V0B",1,"CC",0.00531914893617021,0.00271629778672032
"CC","GO:0005769","early endosome","5/188","440/19880",0.0113636363636364,1.20164410058027,0.417921781386432,0.403051004258794,0.624012976136712,0.516870109655947,"HLA-A/AP1S1/BLOC1S1/HLA-B/VAMP8",5,"CC",0.0265957446808511,0.0221327967806841
"CC","GO:1904724","tertiary granule lumen","1/188","55/19880",0.0181818181818182,1.92263056092843,0.669474224169574,0.407444133522288,0.627628589516656,0.519864923154435,"CTSD",1,"CC",0.00531914893617021,0.00276659959758551
"CC","GO:0016459","myosin complex","1/188","57/19880",0.0175438596491228,1.85516983949235,0.631737112265989,0.418629513783723,0.638410008520177,0.528795175305755,"MYL6",1,"CC",0.00531914893617021,0.0028672032193159
"CC","GO:0030660","Golgi-associated vesicle membrane","1/188","57/19880",0.0175438596491228,1.85516983949235,0.631737112265989,0.418629513783723,0.638410008520177,0.528795175305755,"AP1S1",1,"CC",0.00531914893617021,0.0028672032193159
"CC","GO:0005795","Golgi stack","2/188","152/19880",0.0131578947368421,1.39137737961926,0.473268133846054,0.422289904358802,0.64078816333052,0.530765001550733,"HLA-A/GOLGA8B",2,"CC",0.0106382978723404,0.00764587525150905
"CC","GO:0030658","transport vesicle membrane","3/188","254/19880",0.0118110236220472,1.24895292343776,0.390166043374968,0.431976658177489,0.652241983881853,0.540252204078152,"HLA-A/AP1S1/HLA-B",3,"CC",0.0159574468085106,0.0127766599597586
"CC","GO:0001533","cornified envelope","1/188","60/19880",0.0166666666666667,1.76241134751773,0.577889002413487,0.435014990270172,0.653593950898534,0.541372038708018,"CNFN",1,"CC",0.00531914893617021,0.00301810865191147
"CC","GO:0031968","organelle outer membrane","3/188","257/19880",0.0116731517509728,1.23437370643265,0.369508153394424,0.439454124188827,0.655190706145584,0.542694631492459,"RPS27A/COX14/LTC4S",3,"CC",0.0159574468085106,0.0129275653923541
"CC","GO:0019005","SCF ubiquitin ligase complex","1/188","61/19880",0.0163934426229508,1.73351935821416,0.560617830412346,0.440374081179819,0.655190706145584,0.542694631492459,"FBXL15",1,"CC",0.00531914893617021,0.00306841046277666
"CC","GO:0019867","outer membrane","3/188","259/19880",0.0115830115830116,1.22484186313974,0.355875234627727,0.444418585260004,0.656682102064874,0.543929955118446,"RPS27A/COX14/LTC4S",3,"CC",0.0159574468085106,0.0130281690140845
"CC","GO:0035580","specific granule lumen","1/188","62/19880",0.0161290322580645,1.70555936856555,0.543664247140881,0.445682606975176,0.656682102064874,0.543929955118446,"CTSD",1,"CC",0.00531914893617021,0.00311871227364185
"CC","GO:0042581","specific granule","2/188","160/19880",0.0125,1.3218085106383,0.399333127382606,0.44803593123056,0.656975764544812,0.544173195826591,"VAMP8/CTSD",2,"CC",0.0106382978723404,0.00804828973843058
"CC","GO:1904115","axon cytoplasm","1/188","63/19880",0.0158730158730159,1.67848699763593,0.527016396705662,0.450941042230433,0.658071855886516,0.545081088568642,"BLOC1S1",1,"CC",0.00531914893617021,0.00316901408450704
"CC","GO:0000775","chromosome, centromeric region","3/188","265/19880",0.0113207547169811,1.19710959454035,0.315622403900152,0.459207456958122,0.665893842638554,0.551560042220028,"MAD2L1/CENPM/PMF1",3,"CC",0.0159574468085106,0.0133299798792757
"CC","GO:0070820","tertiary granule","2/188","164/19880",0.0121951219512195,1.28956927867151,0.363828136073084,0.460667543595852,0.665893842638554,0.551560042220028,"VAMP8/CTSD",2,"CC",0.0106382978723404,0.00824949698189135
"CC","GO:0099023","vesicle tethering complex","1/188","66/19880",0.0151515151515152,1.60219213410703,0.478797908673457,0.466420484288684,0.671029470320984,0.55581388395871,"TRAPPC2L",1,"CC",0.00531914893617021,0.00331991951710262
"CC","GO:0005771","multivesicular body","1/188","67/19880",0.0149253731343284,1.57827881867259,0.463266444849148,0.471483215133225,0.675128547491237,0.559209150639851,"CD63",1,"CC",0.00531914893617021,0.00337022132796781
"CC","GO:0035097","histone methyltransferase complex","1/188","68/19880",0.0147058823529412,1.55506883604506,0.447990102816131,0.476498162670446,0.676717718610192,0.560525461489029,"PRPF31",1,"CC",0.00531914893617021,0.003420523138833
"CC","GO:0032279","asymmetric synapse","4/188","376/19880",0.0106382978723404,1.12494341330919,0.238988345383512,0.477030522954725,0.676717718610192,0.560525461489029,"RPL38/RPS19/RPS18/CHD4",4,"CC",0.0212765957446809,0.0189134808853119
"CC","GO:0001917","photoreceptor inner segment","1/188","70/19880",0.0142857142857143,1.51063829787234,0.418168624194398,0.486386498040228,0.683630792176357,0.56625156211329,"GUK1",1,"CC",0.00531914893617021,0.00352112676056338
"CC","GO:0060076","excitatory synapse","1/188","70/19880",0.0142857142857143,1.51063829787234,0.418168624194398,0.486386498040228,0.683630792176357,0.56625156211329,"CHD4",1,"CC",0.00531914893617021,0.00352112676056338
"CC","GO:0000781","chromosome, telomeric region","2/188","174/19880",0.0114942528735632,1.21545610173637,0.278910883065891,0.491497588614288,0.687645708841091,0.569577118625926,"ALYREF/CHD4",2,"CC",0.0106382978723404,0.00875251509054326
"CC","GO:0031902","late endosome membrane","2/188","177/19880",0.0112994350282486,1.19485515085948,0.254427249505542,0.50052999235502,0.690637884533204,0.572055538526209,"CD63/VAMP8",2,"CC",0.0106382978723404,0.00890342052313883
"CC","GO:0070821","tertiary granule membrane","1/188","73/19880",0.0136986301369863,1.44855727193238,0.375146810979544,0.500871705997473,0.690637884533204,0.572055538526209,"VAMP8",1,"CC",0.00531914893617021,0.00367203219315895
"CC","GO:0005775","vacuolar lumen","2/188","178/19880",0.0112359550561798,1.18814248147263,0.246361584991702,0.503517999723615,0.690637884533204,0.572055538526209,"NAGLU/CTSD",2,"CC",0.0106382978723404,0.00895372233400402
"CC","GO:0005657","replication fork","1/188","74/19880",0.0135135135135135,1.42898217366302,0.361233480779933,0.505609229058637,0.690637884533204,0.572055538526209,"RPA3",1,"CC",0.00531914893617021,0.00372233400402415
"CC","GO:0016234","inclusion body","1/188","74/19880",0.0135135135135135,1.42898217366302,0.361233480779933,0.505609229058637,0.690637884533204,0.572055538526209,"GPX1",1,"CC",0.00531914893617021,0.00372233400402415
"CC","GO:0000793","condensed chromosome","3/188","285/19880",0.0105263157894737,1.11310190369541,0.187910474380612,0.507222577493238,0.690637884533204,0.572055538526209,"MAD2L1/CENPM/PMF1",3,"CC",0.0159574468085106,0.0143360160965795
"CC","GO:0044291","cell-cell contact zone","1/188","76/19880",0.0131578947368421,1.39137737961926,0.334008359539611,0.514950506106467,0.698044019388766,0.578190041944103,"VAMP5",1,"CC",0.00531914893617021,0.00382293762575453
"CC","GO:0005801","cis-Golgi network","1/188","77/19880",0.012987012987013,1.37330754352031,0.320684458283226,0.519555096333289,0.701169488414394,0.580778868747039,"GOLGA8B",1,"CC",0.00531914893617021,0.00387323943661972
"CC","GO:0015030","Cajal body","1/188","82/19880",0.0121951219512195,1.28956927867151,0.256732014413334,0.541933940686035,0.727583086099785,0.602657258546845,"PRPF31",1,"CC",0.00531914893617021,0.00412474849094567
"CC","GO:0000118","histone deacetylase complex","1/188","83/19880",0.0120481927710843,1.27403229941041,0.244440063282966,0.546283694153609,0.727583086099785,0.602657258546845,"CHD4",1,"CC",0.00531914893617021,0.00417505030181086
"CC","GO:0005876","spindle microtubule","1/188","83/19880",0.0120481927710843,1.27403229941041,0.244440063282966,0.546283694153609,0.727583086099785,0.602657258546845,"CCDC57",1,"CC",0.00531914893617021,0.00417505030181086
"CC","GO:0098984","neuron to neuron synapse","4/188","414/19880",0.00966183574879227,1.02168773769144,0.0435719845417552,0.55254638388285,0.730091538680818,0.604735010469012,"RPL38/RPS19/RPS18/CHD4",4,"CC",0.0212765957446809,0.0208249496981891
"CC","GO:0061695","transferase complex, transferring phosphorus-containing groups","3/188","305/19880",0.00983606557377049,1.0401116149285,0.0689763897758298,0.552954575197603,0.730091538680818,0.604735010469012,"POLR2J/POLR2I/CSNK2B",3,"CC",0.0159574468085106,0.0153420523138833
"CC","GO:0120111","neuron projection cytoplasm","1/188","88/19880",0.0113636363636364,1.20164410058027,0.185230838813017,0.567423820097567,0.743993043635753,0.616249630621504,"BLOC1S1",1,"CC",0.00531914893617021,0.00442655935613682
"CC","GO:0031965","nuclear membrane","3/188","312/19880",0.00961538461538462,1.01677577741408,0.0291821987020113,0.568361898908625,0.743993043635753,0.616249630621504,"EBP/NUDT1/LTC4S",3,"CC",0.0159574468085106,0.0156941649899396
"CC","GO:0030027","lamellipodium","2/188","203/19880",0.00985221674876847,1.04181951577403,0.0585165689589527,0.57438022609415,0.748657987003058,0.620113604420134,"CIB1/FAM89B",2,"CC",0.0106382978723404,0.0102112676056338
"CC","GO:0035579","specific granule membrane","1/188","91/19880",0.010989010989011,1.1620294599018,0.151367986580143,0.57963455931432,0.752291662088798,0.623123378434207,"VAMP8",1,"CC",0.00531914893617021,0.00457746478873239
"CC","GO:0005770","late endosome","3/188","320/19880",0.009375,0.991356382978723,-0.0152306121162425,0.585568997647447,0.756633585217608,0.626719794485681,"CD63/VAMP5/VAMP8",3,"CC",0.0159574468085106,0.0160965794768612
"CC","GO:0032580","Golgi cisterna membrane","1/188","94/19880",0.0106382978723404,1.12494341330919,0.118639571257894,0.591502396214358,0.756633585217608,0.626719794485681,"GOLGA8B",1,"CC",0.00531914893617021,0.00472837022132797
"CC","GO:0034774","secretory granule lumen","3/188","324/19880",0.00925925925925926,0.979117415287628,-0.0370295147222337,0.594008460548899,0.756633585217608,0.626719794485681,"PSMD13/CSNK2B/CTSD",3,"CC",0.0159574468085106,0.0162977867203219
"CC","GO:0000123","histone acetyltransferase complex","1/188","95/19880",0.0105263157894737,1.11310190369541,0.107967978023882,0.595383804761397,0.756633585217608,0.626719794485681,"SF3B5",1,"CC",0.00531914893617021,0.00477867203219316
"CC","GO:0005798","Golgi-associated vesicle","1/188","95/19880",0.0105263157894737,1.11310190369541,0.107967978023882,0.595383804761397,0.756633585217608,0.626719794485681,"AP1S1",1,"CC",0.00531914893617021,0.00477867203219316
"CC","GO:0005643","nuclear pore","1/188","96/19880",0.0104166666666667,1.10150709219858,0.0974106025618149,0.599228527768971,0.758359755060316,0.628149581413204,"MAD2L1",1,"CC",0.00531914893617021,0.00482897384305835
"CC","GO:0060205","cytoplasmic vesicle lumen","3/188","329/19880",0.00911854103343465,0.964237211407877,-0.0639110738115785,0.604401428292521,0.759912441421362,0.629435671927962,"PSMD13/CSNK2B/CTSD",3,"CC",0.0159574468085106,0.0165492957746479
"CC","GO:0031983","vesicle lumen","3/188","330/19880",0.00909090909090909,0.961315280464216,-0.069239563220667,0.606459001754257,0.759912441421362,0.629435671927962,"PSMD13/CSNK2B/CTSD",3,"CC",0.0159574468085106,0.0165995975855131
"CC","GO:0030133","transport vesicle","4/188","444/19880",0.00900900900900901,0.952654782442017,-0.0985815027952284,0.60792995313709,0.759912441421362,0.629435671927962,"HLA-A/AP1S1/HLA-B/RABAC1",4,"CC",0.0212765957446809,0.0223340040241449
"CC","GO:0000932","P-body","1/188","100/19880",0.01,1.05744680851064,0.056270923217425,0.614247414213328,0.764675352388021,0.633380792314495,"LSM4",1,"CC",0.00531914893617021,0.00503018108651911
"CC","GO:0032587","ruffle membrane","1/188","101/19880",0.0099009900990099,1.04697703812934,0.0462461337543673,0.617913818972069,0.766112661733662,0.634571316017529,"CIB1",1,"CC",0.00531914893617021,0.00508048289738431
"CC","GO:0034703","cation channel complex","2/188","223/19880",0.00896860986547085,0.948382787901918,-0.0757390118629561,0.62559892199234,0.772500693148436,0.639862524091888,"ATP5MG/ATP5ME",2,"CC",0.0106382978723404,0.0112173038229376
"CC","GO:0031461","cullin-RING ubiquitin ligase complex","2/188","227/19880",0.00881057268722467,0.931671196925673,-0.101165770288627,0.635254477473072,0.779818642742744,0.64592398363506,"FBXL15/UBE2S",2,"CC",0.0106382978723404,0.0114185110663984
"CC","GO:0005741","mitochondrial outer membrane","2/188","228/19880",0.0087719298245614,0.927584919746174,-0.107454433778096,0.637637900888053,0.779818642742744,0.64592398363506,"RPS27A/COX14",2,"CC",0.0106382978723404,0.0114688128772636
"CC","GO:0030175","filopodium","1/188","107/19880",0.00934579439252336,0.988268045337045,-0.0118893266637175,0.639195608805528,0.779818642742744,0.64592398363506,"CIB1",1,"CC",0.00531914893617021,0.00538229376257545
"CC","GO:0005903","brush border","1/188","109/19880",0.00917431192660551,0.970134686707008,-0.0305490200691127,0.646024158627305,0.785009435782184,0.650223518853232,"MYL6",1,"CC",0.00531914893617021,0.00548289738430584
"CC","GO:0016605","PML body","1/188","110/19880",0.00909090909090909,0.961315280464217,-0.0397524352106472,0.649390071235573,0.785968141773213,0.651017615273757,"CSNK2B",1,"CC",0.00531914893617021,0.00553319919517103
"CC","GO:0032588","trans-Golgi network membrane","1/188","112/19880",0.00892857142857143,0.944148936170213,-0.0579149082793845,0.656026683760412,0.788039543273758,0.652733357672828,"AP1S1",1,"CC",0.00531914893617021,0.00563380281690141
"CC","GO:0000228","nuclear chromosome","2/188","236/19880",0.00847457627118644,0.896141363144609,-0.156824869521015,0.656268996693556,0.788039543273758,0.652733357672828,"TFPT/RPA3",2,"CC",0.0106382978723404,0.0118712273641851
"CC","GO:0014069","postsynaptic density","3/188","360/19880",0.00833333333333333,0.881205673758865,-0.222248234845449,0.664861968343701,0.795227060175799,0.658686779783233,"RPL38/RPS19/RPS18",3,"CC",0.0159574468085106,0.0181086519114688
"CC","GO:0005884","actin filament","1/188","116/19880",0.00862068965517241,0.911592076302274,-0.0933069602041673,0.668927347808988,0.796964222975552,0.660125672179923,"TFPT",1,"CC",0.00531914893617021,0.00583501006036217
"CC","GO:0140534","endoplasmic reticulum protein-containing complex","1/188","118/19880",0.00847457627118644,0.896141363144609,-0.110560362071493,0.675196037284571,0.801302690162623,0.663719225673959,"HLA-A",1,"CC",0.00531914893617021,0.00593561368209256
"CC","GO:0005635","nuclear envelope","4/188","496/19880",0.00806451612903226,0.852779684282773,-0.324427873830754,0.693460164273853,0.819788178695834,0.679030760610872,"EBP/MAD2L1/NUDT1/LTC4S",4,"CC",0.0212765957446809,0.0249496981891348
"CC","GO:0016363","nuclear matrix","1/188","129/19880",0.00775193798449612,0.819726208147782,-0.200707768450412,0.707621599914582,0.833299567466979,0.690222247427351,"HES1",1,"CC",0.00531914893617021,0.00648893360160966
"CC","GO:0098791","Golgi apparatus subcompartment","3/188","388/19880",0.0077319587628866,0.81761351173503,-0.354496213535752,0.713495726744242,0.836985371757668,0.693275200075377,"HLA-A/AP1S1/GOLGA8B",3,"CC",0.0159574468085106,0.0195171026156942
"CC","GO:0099572","postsynaptic specialization","3/188","396/19880",0.00757575757575758,0.801096067053514,-0.390645819448385,0.726355926615381,0.848806734167399,0.703066837619243,"RPL38/RPS19/RPS18",3,"CC",0.0159574468085106,0.0199195171026157
"CC","GO:1902554","serine/threonine protein kinase complex","1/188","140/19880",0.00714285714285714,0.75531914893617,-0.28387144209476,0.736825574016443,0.857754962118379,0.710478657147234,"CSNK2B",1,"CC",0.00531914893617021,0.00704225352112676
"CC","GO:0035770","ribonucleoprotein granule","2/188","278/19880",0.00719424460431655,0.760753099647941,-0.392509166282912,0.741793804303805,0.859861813839917,0.712223762973529,"LSM4/FASTK",2,"CC",0.0106382978723404,0.0139839034205231
"CC","GO:0042383","sarcolemma","1/188","143/19880",0.00699300699300699,0.739473292664782,-0.305499832733438,0.744273832307338,0.859861813839917,0.712223762973529,"CIB1",1,"CC",0.00531914893617021,0.00719315895372233
"CC","GO:0005777","peroxisome","1/188","147/19880",0.00680272108843537,0.7193515704154,-0.333699844104243,0.753879650844192,0.862521798907152,0.71442702929324,"DHRS4L2",1,"CC",0.00531914893617021,0.0073943661971831
"CC","GO:0042579","microbody","1/188","147/19880",0.00680272108843537,0.7193515704154,-0.333699844104243,0.753879650844192,0.862521798907152,0.71442702929324,"DHRS4L2",1,"CC",0.00531914893617021,0.0073943661971831
"CC","GO:0001650","fibrillar center","1/188","150/19880",0.00666666666666667,0.704964539007092,-0.354394997404027,0.760847698866655,0.862521798907152,0.71442702929324,"TAX1BP3",1,"CC",0.00531914893617021,0.00754527162977867
"CC","GO:0045121","membrane raft","2/188","291/19880",0.00687285223367698,0.726767565986693,-0.458779380095655,0.764323645002679,0.862521798907152,0.71442702929324,"LDHB/CTSD",2,"CC",0.0106382978723404,0.0146378269617706
"CC","GO:0001669","acrosomal vesicle","1/188","152/19880",0.00657894736842105,0.695688689809631,-0.367984593340959,0.765383690194221,0.862521798907152,0.71442702929324,"NUDT1",1,"CC",0.00531914893617021,0.00764587525150905
"CC","GO:0043204","perikaryon","1/188","152/19880",0.00657894736842105,0.695688689809631,-0.367984593340959,0.765383690194221,0.862521798907152,0.71442702929324,"CIB1",1,"CC",0.00531914893617021,0.00764587525150905
"CC","GO:0098857","membrane microdomain","2/188","293/19880",0.0068259385665529,0.721806695229105,-0.468735450129906,0.76763514328608,0.862521798907152,0.71442702929324,"LDHB/CTSD",2,"CC",0.0106382978723404,0.014738430583501
"CC","GO:1902911","protein kinase complex","1/188","154/19880",0.00649350649350649,0.686653771760155,-0.381413969615441,0.769834096553533,0.862521798907152,0.71442702929324,"CSNK2B",1,"CC",0.00531914893617021,0.00774647887323944
"CC","GO:0034399","nuclear periphery","1/188","155/19880",0.00645161290322581,0.682223747426218,-0.388069990801534,0.772027708530008,0.862521798907152,0.71442702929324,"HES1",1,"CC",0.00531914893617021,0.00779678068410463
"CC","GO:0009898","cytoplasmic side of plasma membrane","1/188","161/19880",0.0062111801242236,0.656799259944496,-0.427218438296049,0.784759459636653,0.873546113829121,0.723558472196684,"AP2S1",1,"CC",0.00531914893617021,0.00809859154929577
"CC","GO:0030426","growth cone","1/188","166/19880",0.00602409638554217,0.637016149705204,-0.458865333680099,0.79482713710162,0.88153555205816,0.730176125949814,"CIB1",1,"CC",0.00531914893617021,0.00835010060362173
"CC","GO:0030427","site of polarized growth","1/188","171/19880",0.00584795321637427,0.618389946497449,-0.489685050849569,0.804426296068085,0.888949348915818,0.736316975806027,"CIB1",1,"CC",0.00531914893617021,0.00860160965794769
"CC","GO:0098862","cluster of actin-based cell projections","1/188","173/19880",0.00578034682080925,0.611240929774935,-0.501793008504123,0.808139667607777,0.889828875885819,0.737045488222939,"MYL6",1,"CC",0.00531914893617021,0.00870221327967807
"CC","GO:0043197","dendritic spine","1/188","178/19880",0.00561797752808989,0.594071240736314,-0.531539988965578,0.817119118228097,0.896201192979034,0.742323680120684,"ZDHHC12",1,"CC",0.00531914893617021,0.00895372233400402
"CC","GO:0044309","neuron spine","1/188","180/19880",0.00555555555555556,0.587470449172577,-0.543237174055339,0.82059271809847,0.896201192979034,0.742323680120684,"ZDHHC12",1,"CC",0.00531914893617021,0.00905432595573441
"CC","GO:0072686","mitotic spindle","1/188","182/19880",0.00549450549450549,0.5810147299509,-0.55482326079173,0.824000685466652,0.896201192979034,0.742323680120684,"MAD2L1",1,"CC",0.00531914893617021,0.00915492957746479
"CC","GO:0031256","leading edge membrane","1/188","183/19880",0.00546448087431694,0.577839786071387,-0.560575459512738,0.82568044336757,0.896201192979034,0.742323680120684,"CIB1",1,"CC",0.00531914893617021,0.00920523138832998
"CC","GO:0001726","ruffle","1/188","185/19880",0.00540540540540541,0.57159286946521,-0.571999751756324,0.828992267753105,0.89660511228616,0.742658246587328,"CIB1",1,"CC",0.00531914893617021,0.00930583501006036
"CC","GO:0000151","ubiquitin ligase complex","2/188","352/19880",0.00568181818181818,0.600822050290135,-0.738312582182382,0.848648028273394,0.914620666513728,0.757580534817238,"FBXL15/UBE2S",2,"CC",0.0106382978723404,0.0177062374245473
"CC","GO:0031253","cell projection membrane","2/188","359/19880",0.00557103064066852,0.589106857108991,-0.767637823115777,0.856342265591782,0.918718290891452,0.760974598149952,"CIB1/ARPC1A",2,"CC",0.0106382978723404,0.0180583501006036
"CC","GO:0034702","monoatomic ion channel complex","2/188","361/19880",0.00554016620498615,0.58584310720811,-0.775927225542236,0.858474468537914,0.918718290891452,0.760974598149952,"ATP5MG/ATP5ME",2,"CC",0.0106382978723404,0.018158953722334
"CC","GO:0030496","midbody","1/188","209/19880",0.00478468899521531,0.50595541077064,-0.701547932487638,0.86417334116941,0.921583458240105,0.763347817006472,"JTB",1,"CC",0.00531914893617021,0.010513078470825
"CC","GO:0008021","synaptic vesicle","1/188","226/19880",0.00442477876106195,0.467896817925061,-0.786060327102212,0.884639881243857,0.94012252187936,0.778703728217589,"RABAC1",1,"CC",0.00531914893617021,0.0113682092555332
"CC","GO:0098858","actin-based cell projection","1/188","235/19880",0.00425531914893617,0.449977365323676,-0.828742773709072,0.89420140133247,0.944984521804468,0.782730924014054,"CIB1",1,"CC",0.00531914893617021,0.0118209255533199
"CC","GO:0009897","external side of plasma membrane","2/188","401/19880",0.00498753117206983,0.527404892025256,-0.93413438216985,0.895485306391423,0.944984521804468,0.782730924014054,"HLA-A/HLA-B",2,"CC",0.0106382978723404,0.0201710261569416
"CC","GO:0032993","protein-DNA complex","1/188","240/19880",0.00416666666666667,0.440602836879433,-0.851895681454263,0.899168318948915,0.944984521804468,0.782730924014054,"RPA3",1,"CC",0.00531914893617021,0.0120724346076459
"CC","GO:0070382","exocytic vesicle","1/188","243/19880",0.00411522633744856,0.43516329568339,-0.865604997304918,0.90203640845231,0.944984521804468,0.782730924014054,"RABAC1",1,"CC",0.00531914893617021,0.0122233400402414
"CC","GO:0016324","apical plasma membrane","2/188","413/19880",0.00484261501210654,0.512080778939776,-0.979049649663544,0.904706493006244,0.944984521804468,0.782730924014054,"CIB1/UPK3A",2,"CC",0.0106382978723404,0.0207746478873239
"CC","GO:0090575","RNA polymerase II transcription regulator complex","1/188","254/19880",0.00393700787401575,0.416317641145921,-0.914763455665134,0.911875546877534,0.945532041940563,0.783184435084505,"CHD4",1,"CC",0.00531914893617021,0.0127766599597586
"CC","GO:0036464","cytoplasmic ribonucleoprotein granule","1/188","261/19880",0.00383141762452107,0.405152033912122,-0.945189914671859,0.91761836208026,0.945532041940563,0.783184435084505,"LSM4",1,"CC",0.00531914893617021,0.0131287726358149
"CC","GO:0062023","collagen-containing extracellular matrix","2/188","432/19880",0.00462962962962963,0.489558707643814,-1.04804873470118,0.917773154584612,0.945532041940563,0.783184435084505,"SEMA3B/CTSD",2,"CC",0.0106382978723404,0.0217303822937626
"CC","GO:0031252","cell leading edge","2/188","434/19880",0.00460829493087558,0.487302676733013,-1.05516906929685,0.919046667333286,0.945532041940563,0.783184435084505,"CIB1/FAM89B",2,"CC",0.0106382978723404,0.021830985915493
"CC","GO:0005802","trans-Golgi network","1/188","265/19880",0.00377358490566038,0.399036531513448,-0.962294783377856,0.920731201496221,0.945532041940563,0.783184435084505,"AP1S1",1,"CC",0.00531914893617021,0.0133299798792757
"CC","GO:0032838","plasma membrane bounded cell projection cytoplasm","1/188","272/19880",0.00367647058823529,0.388767209011264,-0.991758030513792,0.92589973365964,0.947649056262383,0.784937958595244,"BLOC1S1",1,"CC",0.00531914893617021,0.013682092555332
"CC","GO:0150034","distal axon","1/188","277/19880",0.0036101083032491,0.381749750364851,-1.01245141784088,0.929384951600434,0.948034816849941,0.78525748418977,"CIB1",1,"CC",0.00531914893617021,0.0139336016096579
"CC","GO:0045177","apical part of cell","2/188","479/19880",0.00417536534446764,0.441522675787323,-1.20890596646535,0.943248168123382,0.958968970925438,0.794314246840743,"CIB1/UPK3A",2,"CC",0.0106382978723404,0.0240945674044266
"CC","GO:0099568","cytoplasmic region","1/188","307/19880",0.00325732899022801,0.344445214498579,-1.13104728003131,0.947125107594276,0.959711487761642,0.794929273728366,"BLOC1S1",1,"CC",0.00531914893617021,0.0154426559356137
"CC","GO:0005788","endoplasmic reticulum lumen","1/188","315/19880",0.00317460317460317,0.335697399527187,-1.1612148503948,0.951054728290052,0.960502291816112,0.795584296931379,"SELENOM",1,"CC",0.00531914893617021,0.0158450704225352
"CC","GO:0016442","RISC complex","1/188","412/19880",0.00242718446601942,0.256661846725883,-1.48972340686578,0.98085949822382,0.984271455140175,0.815272301065201,"TARBP2",1,"CC",0.00531914893617021,0.0207243460764588
"CC","GO:0031332","RNAi effector complex","1/188","413/19880",0.00242130750605327,0.256040389469888,-1.49281554120909,0.981044335615125,0.984271455140175,0.815272301065201,"TARBP2",1,"CC",0.00531914893617021,0.0207746478873239
"CC","GO:0005874","microtubule","1/188","486/19880",0.00205761316872428,0.217581647841695,-1.70629746479591,0.990678077351473,0.990678077351473,0.820578907901133,"CCDC57",1,"CC",0.00531914893617021,0.0244466800804829
"MF","GO:0003735","structural constituent of ribosome","17/181","175/18639",0.0971428571428571,10.0035674822415,11.8499733296031,1.28099963798138e-12,3.28269824908818e-10,3.01335759884401e-10,"RPL38/RPL39/RPL18/RPS27A/RPS19/RPS18/RPL27A/RPS29/MRPL2/RPS26/LINC01004/RPL34/MRPL41/RPL21/MRPL55/RPLP1/RPLP2",17,"MF",0.0939226519337017,0.00938891571436236
"MF","GO:0015453","oxidoreduction-driven active transmembrane transporter activity","12/181","68/18639",0.176470588235294,18.1725706857329,14.0481373382171,2.21057121150719e-12,3.28269824908818e-10,3.01335759884401e-10,"NDUFS3/NDUFA3/COX8A/COX6B1/NDUFB7/NDUFB9/NDUFA2/NDUFB1/NDUFC2/NDUFB8/MT-ND2/MT-ND1",12,"MF",0.0662983425414365,0.00364826439186652
"MF","GO:0008137","NADH dehydrogenase (ubiquinone) activity","10/181","41/18639",0.24390243902439,25.1165611103625,15.3080829490667,5.01831444829033e-12,4.96813130380742e-10,4.56050330563928e-10,"NDUFS3/NDUFA3/NDUFB7/NDUFB9/NDUFA2/NDUFB1/NDUFC2/NDUFB8/MT-ND2/MT-ND1",10,"MF",0.0552486187845304,0.00219968882450775
"MF","GO:0009055","electron transfer activity","14/181","116/18639",0.120689655172414,12.4283673080587,12.2265560106844,6.83114296664724e-12,5.07212365273557e-10,4.65596323253062e-10,"NDUFS3/NDUFA3/COX8A/UQCR11/COX6B1/NDUFB7/NDUFB9/NDUFA2/ETFB/NDUFB1/NDUFC2/NDUFB8/MT-ND2/MT-ND1",14,"MF",0.0773480662983425,0.00622350984494876
"MF","GO:0003954","NADH dehydrogenase activity","10/181","44/18639",0.227272727272727,23.4040683073832,14.7333584609398,1.08311725378006e-11,6.43371648745357e-10,5.90583934166392e-10,"NDUFS3/NDUFA3/NDUFB7/NDUFB9/NDUFA2/NDUFB1/NDUFC2/NDUFB8/MT-ND2/MT-ND1",10,"MF",0.0552486187845304,0.00236064166532539
"MF","GO:0022853","active monoatomic ion transmembrane transporter activity","13/181","118/18639",0.110169491525424,11.3450229422231,11.1631527196822,1.26850989499367e-10,6.27912398021868e-09,5.76393092637476e-09,"NDUFS3/NDUFA3/COX8A/COX6B1/NDUFB7/NDUFB9/NDUFA2/NDUFB1/ATP6V0B/NDUFC2/NDUFB8/MT-ND2/MT-ND1",13,"MF",0.0718232044198895,0.00633081173882719
"MF","GO:0016655","oxidoreductase activity, acting on NAD(P)H, quinone or similar compound as acceptor","10/181","58/18639",0.172413793103448,17.7548104400838,12.6551003741033,2.02582050691009e-10,8.59526700788995e-09,7.89003776375508e-09,"NDUFS3/NDUFA3/NDUFB7/NDUFB9/NDUFA2/NDUFB1/NDUFC2/NDUFB8/MT-ND2/MT-ND1",10,"MF",0.0552486187845304,0.00311175492247438
"MF","GO:0015078","proton transmembrane transporter activity","15/181","185/18639",0.0810810810810811,8.34955950425564,9.94829229102522,3.71429843426543e-10,1.37893329372104e-08,1.2657938085194e-08,"NDUFS3/NDUFA3/COX8A/COX6B1/NDUFB7/ATP5MG/NDUFB9/NDUFA2/NDUFB1/ATP6V0B/NDUFC2/NDUFB8/ATP5ME/MT-ND2/MT-ND1",15,"MF",0.0828729281767956,0.00992542518375449
"MF","GO:0015399","primary active transmembrane transporter activity","13/181","166/18639",0.0783132530120482,8.06453438061639,9.05347886824065,8.77451151164574e-09,2.89558879884309e-07,2.65800991990204e-07,"NDUFS3/NDUFA3/COX8A/COX6B1/NDUFB7/NDUFB9/NDUFA2/NDUFB1/ATP6V0B/NDUFC2/NDUFB8/MT-ND2/MT-ND1",13,"MF",0.0718232044198895,0.00890605719190944
"MF","GO:0016651","oxidoreductase activity, acting on NAD(P)H","10/181","88/18639",0.113636363636364,11.7020341536916,9.9648468014541,1.36338049970891e-08,4.04924008413547e-07,3.71700578341693e-07,"NDUFS3/NDUFA3/NDUFB7/NDUFB9/NDUFA2/NDUFB1/NDUFC2/NDUFB8/MT-ND2/MT-ND1",10,"MF",0.0552486187845304,0.00472128333065079
"MF","GO:0070990","snRNP binding","3/181","11/18639",0.272727272727273,28.0848819688599,8.89788514671711,0.00014032996647357,0.00378890909478639,0.00347803457575642,"PRPF31/SNRPB/SNRPN",3,"MF",0.0165745856353591,0.000590160416331348
"MF","GO:0017069","snRNA binding","5/181","54/18639",0.0925925925925926,9.53499079189687,6.21964037895501,0.000175771672571206,0.00435034889613735,0.00399340905227565,"SNRNP70/LSM4/LSM7/TUT1/PRPF31",5,"MF",0.0276243093922652,0.00289715113471753
"MF","GO:0016530","metallochaperone activity","3/181","14/18639",0.214285714285714,22.0666929755328,7.80834265604248,0.000302997024472958,0.00692231663603604,0.00635435055372438,"NUBP2/ATOX1/COX17",3,"MF",0.0165745856353591,0.000751113257148989
"MF","GO:0017070","U6 snRNA binding","3/181","16/18639",0.1875,19.3083563535912,7.25489526161046,0.00045952838090735,0.00974856636639164,0.00894871057556419,"LSM4/LSM7/TUT1",3,"MF",0.0165745856353591,0.000858415151027416
"MF","GO:0022804","active transmembrane transporter activity","13/181","457/18639",0.0284463894967177,2.92934946867029,4.13518356812347,0.000541076320218619,0.0107133111403287,0.00983429943414894,"NDUFS3/NDUFA3/COX8A/COX6B1/NDUFB7/NDUFB9/NDUFA2/NDUFB1/ATP6V0B/NDUFC2/NDUFB8/MT-ND2/MT-ND1",13,"MF",0.0718232044198895,0.0245184827512206
"MF","GO:0047429","nucleoside triphosphate diphosphatase activity","2/181","10/18639",0.2,20.5955801104972,6.13776100804318,0.00400944166854611,0.0744252609723871,0.0683187757995686,"NUDT1/ITPA",2,"MF",0.0110497237569061,0.000536509469392135
"MF","GO:0016801","hydrolase activity, acting on ether bonds","2/181","12/18639",0.166666666666667,17.1629834254144,5.54609511770678,0.00580593892186724,0.0957979922108095,0.0879379053078138,"EBP/TMEM86B",2,"MF",0.0110497237569061,0.000643811363270562
"MF","GO:0016803","ether hydrolase activity","2/181","12/18639",0.166666666666667,17.1629834254144,5.54609511770678,0.00580593892186724,0.0957979922108095,0.0879379053078138,"EBP/TMEM86B",2,"MF",0.0110497237569061,0.000643811363270562
"MF","GO:0004129","cytochrome-c oxidase activity","2/181","15/18639",0.133333333333333,13.7303867403315,4.88424415857234,0.0090619118648169,0.128161324945268,0.117645873332711,"COX8A/COX6B1",2,"MF",0.0110497237569061,0.000804764204088202
"MF","GO:0031386","protein tag activity","2/181","15/18639",0.133333333333333,13.7303867403315,4.88424415857234,0.0090619118648169,0.128161324945268,0.117645873332711,"RPS27A/NEDD8",2,"MF",0.0110497237569061,0.000804764204088202
"MF","GO:0141047","molecular tag activity","2/181","15/18639",0.133333333333333,13.7303867403315,4.88424415857234,0.0090619118648169,0.128161324945268,0.117645873332711,"RPS27A/NEDD8",2,"MF",0.0110497237569061,0.000804764204088202
"MF","GO:0016675","oxidoreductase activity, acting on a heme group of donors","2/181","16/18639",0.125,12.8722375690608,4.70450970152753,0.0102908237910897,0.132885855041463,0.121982762557997,"COX8A/COX6B1",2,"MF",0.0110497237569061,0.000858415151027416
"MF","GO:0030275","LRR domain binding","2/181","16/18639",0.125,12.8722375690608,4.70450970152753,0.0102908237910897,0.132885855041463,0.121982762557997,"POLR2J/PMF1",2,"MF",0.0110497237569061,0.000858415151027416
"MF","GO:0035615","clathrin adaptor activity","2/181","18/18639",0.111111111111111,11.4419889502762,4.38899010888139,0.0129551845917049,0.153907592949454,0.141279697231645,"AP1S1/AP2S1",2,"MF",0.0110497237569061,0.000965717044905843
"MF","GO:0046933","proton-transporting ATP synthase activity, rotational mechanism","2/181","18/18639",0.111111111111111,11.4419889502762,4.38899010888139,0.0129551845917049,0.153907592949454,0.141279697231645,"ATP5MG/ATP5ME",2,"MF",0.0110497237569061,0.000965717044905843
"MF","GO:0003899","DNA-directed 5'-3' RNA polymerase activity","2/181","20/18639",0.1,10.2977900552486,4.11967710317826,0.0158853876797586,0.181460005418781,0.16657147405091,"POLR2J/POLR2I",2,"MF",0.0110497237569061,0.00107301893878427
"MF","GO:0140312","cargo adaptor activity","2/181","21/18639",0.0952380952380952,9.80741910023678,3.99888041935632,0.0174466812937252,0.191913494230977,0.176167269203697,"AP1S1/AP2S1",2,"MF",0.0110497237569061,0.00112666988572348
"MF","GO:0034062","5'-3' RNA polymerase activity","2/181","22/18639",0.0909090909090909,9.36162732295329,3.88592056413327,0.0190702782211785,0.195305952816897,0.179281381462259,"POLR2J/POLR2I",2,"MF",0.0110497237569061,0.0011803208326627
"MF","GO:0097747","RNA polymerase activity","2/181","22/18639",0.0909090909090909,9.36162732295329,3.88592056413327,0.0190702782211785,0.195305952816897,0.179281381462259,"POLR2J/POLR2I",2,"MF",0.0110497237569061,0.0011803208326627
"MF","GO:0004602","glutathione peroxidase activity","2/181","23/18639",0.0869565217391304,8.95460004804228,3.77994692334793,0.0207548352524235,0.198844711934509,0.182529790505185,"GPX1/LTC4S",2,"MF",0.0110497237569061,0.00123397177960191
"MF","GO:0017134","fibroblast growth factor binding","2/181","23/18639",0.0869565217391304,8.95460004804228,3.77994692334793,0.0207548352524235,0.198844711934509,0.182529790505185,"RPS19/S100A13",2,"MF",0.0110497237569061,0.00123397177960191
"MF","GO:0005507","copper ion binding","3/181","63/18639",0.0476190476190476,4.90370955011839,3.07339436720368,0.0233724048376999,0.216925132399902,0.199126738584351,"ATOX1/S100A13/COX17",3,"MF",0.0165745856353591,0.00338000965717045
"MF","GO:0004364","glutathione transferase activity","2/181","27/18639",0.0740740740740741,7.6279926335175,3.41282482760622,0.0280764933963359,0.24525642760917,0.22513349193966,"GSTO1/LTC4S",2,"MF",0.0110497237569061,0.00144857556735876
"MF","GO:0015252","proton channel activity","2/181","27/18639",0.0740740740740741,7.6279926335175,3.41282482760622,0.0280764933963359,0.24525642760917,0.22513349193966,"ATP5MG/ATP5ME",2,"MF",0.0110497237569061,0.00144857556735876
"MF","GO:0043021","ribonucleoprotein complex binding","5/181","177/18639",0.0282485875706215,2.90898024159565,2.52694223105377,0.0294030325477225,0.249505733333531,0.22903414826647,"RHBDD2/PRPF31/SNRPB/SNRPN/RPLP1",5,"MF",0.0276243093922652,0.00949621760824079
"MF","GO:0030515","snoRNA binding","2/181","32/18639",0.0625,6.43611878453039,3.04770107743695,0.0384471021567388,0.317188592793095,0.291163726859513,"IMP3/NUDT1",2,"MF",0.0110497237569061,0.00171683030205483
"MF","GO:0140311","protein sequestering activity","2/181","33/18639",0.0606060606060606,6.24108488196886,2.98399626572785,0.0406716496105329,0.326472430657521,0.299685839235506,"TARBP2/SFN",2,"MF",0.0110497237569061,0.00177048124899404
"MF","GO:0061631","ubiquitin conjugating enzyme activity","2/181","35/18639",0.0571428571428571,5.88445146014207,2.86413361988725,0.0452619653011439,0.35375799195894,0.324732659639786,"CDC34/UBE2S",2,"MF",0.0110497237569061,0.00187778314287247
"MF","GO:0016209","antioxidant activity","3/181","86/18639",0.0348837209302326,3.59225234485417,2.38597588326819,0.0513363730124396,0.390946225248579,0.358869652097756,"GSTO1/GPX1/LTC4S",3,"MF",0.0165745856353591,0.00461398143677236
"MF","GO:0061650","ubiquitin-like protein conjugating enzyme activity","2/181","41/18639",0.0487804878048781,5.0233122220725,2.55381341243615,0.0600841584586848,0.446124876555735,0.409520974757878,"CDC34/UBE2S",2,"MF",0.0110497237569061,0.00219968882450775
"MF","GO:0042605","peptide antigen binding","2/181","45/18639",0.0444444444444444,4.5767955801105,2.37881453842847,0.0707586696155988,0.507782897853682,0.466120044458988,"HLA-A/HLA-B",2,"MF",0.0110497237569061,0.00241429261226461
"MF","GO:0008083","growth factor activity","4/181","162/18639",0.0246913580246914,2.5426642111725,1.95280915509253,0.0733776888467988,0.507782897853682,0.466120044458988,"AMH/CDNF/NENF/CLEC11A",4,"MF",0.0220994475138122,0.00869145340415258
"MF","GO:0030291","protein serine/threonine kinase inhibitor activity","2/181","46/18639",0.0434782608695652,4.47730002402114,2.33826088669194,0.0735173892515432,0.507782897853682,0.466120044458988,"CIB1/SFN",2,"MF",0.0110497237569061,0.00246794355920382
"MF","GO:0043495","protein-membrane adaptor activity","2/181","47/18639",0.0425531914893617,4.38203832138239,2.29885203085857,0.0763102646052411,0.515094286085377,0.472831543845872,"HRAS/CIB1",2,"MF",0.0110497237569061,0.00252159450614303
"MF","GO:0001222","transcription corepressor binding","2/181","49/18639",0.0408163265306122,4.20317961438719,2.22323953801386,0.0819948375495215,0.520538579639793,0.477829140977162,"HES1/FAM89B",2,"MF",0.0110497237569061,0.00262889640002146
"MF","GO:0004090","carbonyl reductase (NADPH) activity","1/181","10/18639",0.1,10.2977900552486,2.91226965163975,0.0929942341351003,0.520538579639793,0.477829140977162,"DHRS4L2",1,"MF",0.00552486187845304,0.000536509469392135
"MF","GO:0033204","ribonuclease P RNA binding","1/181","10/18639",0.1,10.2977900552486,2.91226965163975,0.0929942341351003,0.520538579639793,0.477829140977162,"POP7",1,"MF",0.00552486187845304,0.000536509469392135
"MF","GO:0050815","phosphoserine residue binding","1/181","10/18639",0.1,10.2977900552486,2.91226965163975,0.0929942341351003,0.520538579639793,0.477829140977162,"SFN",1,"MF",0.00552486187845304,0.000536509469392135
"MF","GO:0140313","molecular sequestering activity","2/181","55/18639",0.0363636363636364,3.74465092918132,2.01857776177652,0.0997760648232457,0.520538579639793,0.477829140977162,"TARBP2/SFN",2,"MF",0.0110497237569061,0.00295080208165674
"MF","GO:0001221","transcription coregulator binding","3/181","115/18639",0.0260869565217391,2.68638001441268,1.79631956853204,0.101530763271359,0.520538579639793,0.477829140977162,"HES1/FAM89B/CHD4",3,"MF",0.0165745856353591,0.00616985889800955
"MF","GO:0005114","type II transforming growth factor beta receptor binding","1/181","11/18639",0.0909090909090909,9.36162732295329,2.74694937363325,0.10180673312171,0.520538579639793,0.477829140977162,"AMH",1,"MF",0.00552486187845304,0.000590160416331348
"MF","GO:0008172","S-methyltransferase activity","1/181","11/18639",0.0909090909090909,9.36162732295329,2.74694937363325,0.10180673312171,0.520538579639793,0.477829140977162,"MGMT",1,"MF",0.00552486187845304,0.000590160416331348
"MF","GO:0008432","JUN kinase binding","1/181","11/18639",0.0909090909090909,9.36162732295329,2.74694937363325,0.10180673312171,0.520538579639793,0.477829140977162,"HES1",1,"MF",0.00552486187845304,0.000590160416331348
"MF","GO:0016176","superoxide-generating NADPH oxidase activator activity","1/181","11/18639",0.0909090909090909,9.36162732295329,2.74694937363325,0.10180673312171,0.520538579639793,0.477829140977162,"NOXA1",1,"MF",0.00552486187845304,0.000590160416331348
"MF","GO:0016725","oxidoreductase activity, acting on CH or CH2 groups","1/181","11/18639",0.0909090909090909,9.36162732295329,2.74694937363325,0.10180673312171,0.520538579639793,0.477829140977162,"VKORC1",1,"MF",0.00552486187845304,0.000590160416331348
"MF","GO:0042608","T cell receptor binding","1/181","11/18639",0.0909090909090909,9.36162732295329,2.74694937363325,0.10180673312171,0.520538579639793,0.477829140977162,"HLA-A",1,"MF",0.00552486187845304,0.000590160416331348
"MF","GO:0043522","leucine zipper domain binding","1/181","11/18639",0.0909090909090909,9.36162732295329,2.74694937363325,0.10180673312171,0.520538579639793,0.477829140977162,"PMF1",1,"MF",0.00552486187845304,0.000590160416331348
"MF","GO:0050786","RAGE receptor binding","1/181","11/18639",0.0909090909090909,9.36162732295329,2.74694937363325,0.10180673312171,0.520538579639793,0.477829140977162,"S100A13",1,"MF",0.00552486187845304,0.000590160416331348
"MF","GO:0004601","peroxidase activity","2/181","57/18639",0.0350877192982456,3.61325966850829,1.95668261408118,0.105923286214797,0.520538579639793,0.477829140977162,"GPX1/LTC4S",2,"MF",0.0110497237569061,0.00305810397553517
"MF","GO:0004526","ribonuclease P activity","1/181","12/18639",0.0833333333333333,8.58149171270718,2.6014797556907,0.110534078048969,0.520538579639793,0.477829140977162,"POP7",1,"MF",0.00552486187845304,0.000643811363270562
"MF","GO:0035197","siRNA binding","1/181","12/18639",0.0833333333333333,8.58149171270718,2.6014797556907,0.110534078048969,0.520538579639793,0.477829140977162,"TARBP2",1,"MF",0.00552486187845304,0.000643811363270562
"MF","GO:1990817","poly(A) RNA polymerase activity","1/181","12/18639",0.0833333333333333,8.58149171270718,2.6014797556907,0.110534078048969,0.520538579639793,0.477829140977162,"TUT1",1,"MF",0.00552486187845304,0.000643811363270562
"MF","GO:0016684","oxidoreductase activity, acting on peroxide as acceptor","2/181","59/18639",0.0338983050847458,3.49077628991479,1.89751183907237,0.112169929619349,0.520538579639793,0.477829140977162,"GPX1/LTC4S",2,"MF",0.0110497237569061,0.00316540586941359
"MF","GO:0070888","E-box binding","2/181","59/18639",0.0338983050847458,3.49077628991479,1.89751183907237,0.112169929619349,0.520538579639793,0.477829140977162,"HES1/SCX",2,"MF",0.0110497237569061,0.00316540586941359
"MF","GO:0016765","transferase activity, transferring alkyl or aryl (other than methyl) groups","2/181","61/18639",0.0327868852459016,3.37632460827824,1.84084755046871,0.118509909512308,0.541499125002393,0.49706990386539,"GSTO1/LTC4S",2,"MF",0.0110497237569061,0.00327270776329202
"MF","GO:0019843","rRNA binding","2/181","65/18639",0.0307692307692308,3.16855078623034,1.73428383275584,0.131446510178838,0.569793799344268,0.523043041042585,"RPS18/IMP3",2,"MF",0.0110497237569061,0.00348731155104888
"MF","GO:0004953","icosanoid receptor activity","1/181","15/18639",0.0666666666666667,6.86519337016574,2.25028799528704,0.136213332503175,0.569793799344268,0.523043041042585,"LTB4R",1,"MF",0.00552486187845304,0.000804764204088202
"MF","GO:0015929","hexosaminidase activity","1/181","15/18639",0.0666666666666667,6.86519337016574,2.25028799528704,0.136213332503175,0.569793799344268,0.523043041042585,"NAGLU",1,"MF",0.00552486187845304,0.000804764204088202
"MF","GO:0016846","carbon-sulfur lyase activity","1/181","15/18639",0.0666666666666667,6.86519337016574,2.25028799528704,0.136213332503175,0.569793799344268,0.523043041042585,"LTC4S",1,"MF",0.00552486187845304,0.000804764204088202
"MF","GO:0016863","intramolecular oxidoreductase activity, transposing C=C bonds","1/181","15/18639",0.0666666666666667,6.86519337016574,2.25028799528704,0.136213332503175,0.569793799344268,0.523043041042585,"EBP",1,"MF",0.00552486187845304,0.000804764204088202
"MF","GO:0017081","chloride channel regulator activity","1/181","15/18639",0.0666666666666667,6.86519337016574,2.25028799528704,0.136213332503175,0.569793799344268,0.523043041042585,"VAMP8",1,"MF",0.00552486187845304,0.000804764204088202
"MF","GO:0016779","nucleotidyltransferase activity","3/181","136/18639",0.0220588235294118,2.27157133571661,1.47379042072487,0.146308022319699,0.597602533161615,0.548570108413462,"TUT1/POLR2J/POLR2I",3,"MF",0.0165745856353591,0.00729652878373303
"MF","GO:0004549","tRNA-specific ribonuclease activity","1/181","17/18639",0.0588235294117647,6.05752356191095,2.06583596787689,0.152921860337652,0.597602533161615,0.548570108413462,"POP7",1,"MF",0.00552486187845304,0.000912066097966629
"MF","GO:0008656","cysteine-type endopeptidase activator activity involved in apoptotic process","1/181","17/18639",0.0588235294117647,6.05752356191095,2.06583596787689,0.152921860337652,0.597602533161615,0.548570108413462,"ST20",1,"MF",0.00552486187845304,0.000912066097966629
"MF","GO:0038191","neuropilin binding","1/181","17/18639",0.0588235294117647,6.05752356191095,2.06583596787689,0.152921860337652,0.597602533161615,0.548570108413462,"SEMA3B",1,"MF",0.00552486187845304,0.000912066097966629
"MF","GO:0048038","quinone binding","1/181","17/18639",0.0588235294117647,6.05752356191095,2.06583596787689,0.152921860337652,0.597602533161615,0.548570108413462,"VKORC1",1,"MF",0.00552486187845304,0.000912066097966629
"MF","GO:0008409","5'-3' exonuclease activity","1/181","18/18639",0.0555555555555556,5.72099447513812,1.98433441695193,0.161155194205062,0.613629393319273,0.563281987842253,"TRIR",1,"MF",0.00552486187845304,0.000965717044905843
"MF","GO:0070064","proline-rich region binding","1/181","18/18639",0.0555555555555556,5.72099447513812,1.98433441695193,0.161155194205062,0.613629393319273,0.563281987842253,"RABAC1",1,"MF",0.00552486187845304,0.000965717044905843
"MF","GO:0050145","nucleoside monophosphate kinase activity","1/181","19/18639",0.0526315789473684,5.41988950276243,1.90873217600783,0.169308940504878,0.636515890252515,0.58429068075634,"GUK1",1,"MF",0.00552486187845304,0.00101936799184506
"MF","GO:0016004","phospholipase activator activity","1/181","20/18639",0.05,5.14889502762431,1.83829789092145,0.177383864337779,0.650407502571856,0.59704250634808,"HRAS",1,"MF",0.00552486187845304,0.00107301893878427
"MF","GO:0016505","peptidase activator activity involved in apoptotic process","1/181","20/18639",0.05,5.14889502762431,1.83829789092145,0.177383864337779,0.650407502571856,0.59704250634808,"ST20",1,"MF",0.00552486187845304,0.00107301893878427
"MF","GO:0016881","acid-amino acid ligase activity","1/181","22/18639",0.0454545454545455,4.68081366147664,1.71059399653116,0.193300268502782,0.679524084398657,0.623770114688117,"FPGS",1,"MF",0.00552486187845304,0.0011803208326627
"MF","GO:0070034","telomerase RNA binding","1/181","22/18639",0.0454545454545455,4.68081366147664,1.71059399653116,0.193300268502782,0.679524084398657,0.623770114688117,"SNRPB",1,"MF",0.00552486187845304,0.0011803208326627
"MF","GO:0140517","protein-RNA adaptor activity","1/181","22/18639",0.0454545454545455,4.68081366147664,1.71059399653116,0.193300268502782,0.679524084398657,0.623770114688117,"ALYREF",1,"MF",0.00552486187845304,0.0011803208326627
"MF","GO:0004860","protein kinase inhibitor activity","2/181","84/18639",0.0238095238095238,2.45185477505919,1.32062331805672,0.196377077660603,0.679524084398657,0.623770114688117,"CIB1/SFN",2,"MF",0.0110497237569061,0.00450667954289393
"MF","GO:0008171","O-methyltransferase activity","1/181","23/18639",0.0434782608695652,4.47730002402114,1.65237842857873,0.201143242741435,0.679524084398657,0.623770114688117,"COMTD1",1,"MF",0.00552486187845304,0.00123397177960191
"MF","GO:0030215","semaphorin receptor binding","1/181","24/18639",0.0416666666666667,4.29074585635359,1.59740509021108,0.208910382463384,0.679524084398657,0.623770114688117,"SEMA3B",1,"MF",0.00552486187845304,0.00128762272654112
"MF","GO:0042625","ATPase-coupled ion transmembrane transporter activity","1/181","24/18639",0.0416666666666667,4.29074585635359,1.59740509021108,0.208910382463384,0.679524084398657,0.623770114688117,"ATP6V0B",1,"MF",0.00552486187845304,0.00128762272654112
"MF","GO:0044769","ATPase activity, coupled to transmembrane movement of ions, rotational mechanism","1/181","24/18639",0.0416666666666667,4.29074585635359,1.59740509021108,0.208910382463384,0.679524084398657,0.623770114688117,"ATP6V0B",1,"MF",0.00552486187845304,0.00128762272654112
"MF","GO:0046961","proton-transporting ATPase activity, rotational mechanism","1/181","24/18639",0.0416666666666667,4.29074585635359,1.59740509021108,0.208910382463384,0.679524084398657,0.623770114688117,"ATP6V0B",1,"MF",0.00552486187845304,0.00128762272654112
"MF","GO:0060229","lipase activator activity","1/181","24/18639",0.0416666666666667,4.29074585635359,1.59740509021108,0.208910382463384,0.679524084398657,0.623770114688117,"HRAS",1,"MF",0.00552486187845304,0.00128762272654112
"MF","GO:0019706","protein-cysteine S-palmitoyltransferase activity","1/181","25/18639",0.04,4.11911602209945,1.54535513438773,0.216602416885845,0.679524084398657,0.623770114688117,"ZDHHC12",1,"MF",0.00552486187845304,0.00134127367348034
"MF","GO:0019707","protein-cysteine S-acyltransferase activity","1/181","25/18639",0.04,4.11911602209945,1.54535513438773,0.216602416885845,0.679524084398657,0.623770114688117,"ZDHHC12",1,"MF",0.00552486187845304,0.00134127367348034
"MF","GO:0019210","kinase inhibitor activity","2/181","90/18639",0.0222222222222222,2.28839779005525,1.21327038137846,0.217660100233513,0.679524084398657,0.623770114688117,"CIB1/SFN",2,"MF",0.0110497237569061,0.00482858522452921
"MF","GO:0016874","ligase activity","3/181","167/18639",0.0179640718562874,1.84990240513448,1.09248870144299,0.221324722363018,0.679524084398657,0.623770114688117,"FPGS/ATP5MG/ATP5ME",3,"MF",0.0165745856353591,0.00895970813884865
"MF","GO:0140104","molecular carrier activity","4/181","249/18639",0.0160642570281124,1.65426346269054,1.02921971596074,0.223602616679502,0.679524084398657,0.623770114688117,"NUBP2/ATOX1/CHD4/COX17",4,"MF",0.0220994475138122,0.0133590857878642
"MF","GO:0005160","transforming growth factor beta receptor binding","1/181","26/18639",0.0384615384615385,3.96068848278793,1.49595255515503,0.224220068252755,0.679524084398657,0.623770114688117,"AMH",1,"MF",0.00552486187845304,0.00139492462041955
"MF","GO:0008138","protein tyrosine/serine/threonine phosphatase activity","1/181","26/18639",0.0384615384615385,3.96068848278793,1.49595255515503,0.224220068252755,0.679524084398657,0.623770114688117,"DUSP23",1,"MF",0.00552486187845304,0.00139492462041955
"MF","GO:0008320","protein transmembrane transporter activity","1/181","27/18639",0.037037037037037,3.81399631675875,1.44895702600231,0.231764051901079,0.688339234146205,0.63186199413031,"TIMM17B",1,"MF",0.00552486187845304,0.00144857556735876
"MF","GO:0035255","ionotropic glutamate receptor binding","1/181","27/18639",0.037037037037037,3.81399631675875,1.44895702600231,0.231764051901079,0.688339234146205,0.63186199413031,"MT-ND2",1,"MF",0.00552486187845304,0.00144857556735876
"MF","GO:0019887","protein kinase regulator activity","4/181","255/18639",0.0156862745098039,1.61533961650959,0.979741673828935,0.236023611609619,0.689833181252136,0.633233365033859,"CIB1/SFN/RPLP1/CSNK2B",4,"MF",0.0220994475138122,0.0136809914694994
"MF","GO:0016866","intramolecular transferase activity","1/181","28/18639",0.0357142857142857,3.67778216258879,1.40415815216077,0.239235076326498,0.689833181252136,0.633233365033859,"TMEM86B",1,"MF",0.00552486187845304,0.00150222651429798
"MF","GO:0045499","chemorepellent activity","1/181","28/18639",0.0357142857142857,3.67778216258879,1.40415815216077,0.239235076326498,0.689833181252136,0.633233365033859,"SEMA3B",1,"MF",0.00552486187845304,0.00150222651429798
"MF","GO:0004252","serine-type endopeptidase activity","3/181","176/18639",0.0170454545454545,1.75530512305374,0.996952001941552,0.244421824622824,0.691040107969784,0.634341265157448,"RHBDD3/RHBDD2/PARL",3,"MF",0.0165745856353591,0.00944256666130157
"MF","GO:0003785","actin monomer binding","1/181","29/18639",0.0344827586206897,3.55096208801677,1.3613708179812,0.246633843248475,0.691040107969784,0.634341265157448,"TMSB10",1,"MF",0.00552486187845304,0.00155587746123719
"MF","GO:0016417","S-acyltransferase activity","1/181","29/18639",0.0344827586206897,3.55096208801677,1.3613708179812,0.246633843248475,0.691040107969784,0.634341265157448,"ZDHHC12",1,"MF",0.00552486187845304,0.00155587746123719
"MF","GO:0008106","alcohol dehydrogenase (NADP+) activity","1/181","30/18639",0.0333333333333333,3.43259668508287,1.32043139077366,0.253961047674698,0.698392881105421,0.641090753876675,"DHRS4L2",1,"MF",0.00552486187845304,0.0016095284081764
"MF","GO:0070566","adenylyltransferase activity","1/181","30/18639",0.0333333333333333,3.43259668508287,1.32043139077366,0.253961047674698,0.698392881105421,0.641090753876675,"TUT1",1,"MF",0.00552486187845304,0.0016095284081764
"MF","GO:0005164","tumor necrosis factor receptor binding","1/181","31/18639",0.032258064516129,3.32186775975762,1.28119460058435,0.261217377964928,0.711757442711776,0.653358772505228,"SIVA1",1,"MF",0.00552486187845304,0.00166317935511562
"MF","GO:0022884","macromolecule transmembrane transporter activity","1/181","32/18639",0.03125,3.21805939226519,1.24353095794424,0.268403515894225,0.718160758744006,0.659236705705113,"TIMM17B",1,"MF",0.00552486187845304,0.00171683030205483
"MF","GO:0043425","bHLH transcription factor binding","1/181","32/18639",0.03125,3.21805939226519,1.24353095794424,0.268403515894225,0.718160758744006,0.659236705705113,"SCX",1,"MF",0.00552486187845304,0.00171683030205483
"MF","GO:0016891","RNA endonuclease activity, producing 5'-phosphomonoesters","1/181","34/18639",0.0294117647058824,3.02876178095548,1.17247150426302,0.282567909222011,0.731779230505173,0.671737801526989,"POP7",1,"MF",0.00552486187845304,0.00182413219593326
"MF","GO:0008236","serine-type peptidase activity","3/181","194/18639",0.0154639175257732,1.59244176112092,0.82139833797939,0.291598061348982,0.731779230505173,0.671737801526989,"RHBDD3/RHBDD2/PARL",3,"MF",0.0165745856353591,0.0104082837062074
"MF","GO:0004033","aldo-keto reductase (NADPH) activity","1/181","36/18639",0.0277777777777778,2.86049723756906,1.10645920755774,0.296459552530063,0.731779230505173,0.671737801526989,"DHRS4L2",1,"MF",0.00552486187845304,0.00193143408981169
"MF","GO:0004190","aspartic-type endopeptidase activity","1/181","36/18639",0.0277777777777778,2.86049723756906,1.10645920755774,0.296459552530063,0.731779230505173,0.671737801526989,"CTSD",1,"MF",0.00552486187845304,0.00193143408981169
"MF","GO:0005484","SNAP receptor activity","1/181","36/18639",0.0277777777777778,2.86049723756906,1.10645920755774,0.296459552530063,0.731779230505173,0.671737801526989,"VAMP8",1,"MF",0.00552486187845304,0.00193143408981169
"MF","GO:0016409","palmitoyltransferase activity","1/181","36/18639",0.0277777777777778,2.86049723756906,1.10645920755774,0.296459552530063,0.731779230505173,0.671737801526989,"ZDHHC12",1,"MF",0.00552486187845304,0.00193143408981169
"MF","GO:0017171","serine hydrolase activity","3/181","198/18639",0.0151515151515152,1.56027122049221,0.784847530490605,0.302189471944899,0.731779230505173,0.671737801526989,"RHBDD3/RHBDD2/PARL",3,"MF",0.0165745856353591,0.0106228874939643
"MF","GO:0019213","deacetylase activity","1/181","37/18639",0.027027027027027,2.78318650141855,1.07513854033986,0.303304729167813,0.731779230505173,0.671737801526989,"MACROD1",1,"MF",0.00552486187845304,0.0019850850367509
"MF","GO:0070001","aspartic-type peptidase activity","1/181","37/18639",0.027027027027027,2.78318650141855,1.07513854033986,0.303304729167813,0.731779230505173,0.671737801526989,"CTSD",1,"MF",0.00552486187845304,0.0019850850367509
"MF","GO:0019207","kinase regulator activity","4/181","287/18639",0.0139372822299652,1.43523206344928,0.735811804129775,0.304547466832369,0.731779230505173,0.671737801526989,"CIB1/SFN/RPLP1/CSNK2B",4,"MF",0.0220994475138122,0.0153978217715543
"MF","GO:0017124","SH3 domain binding","2/181","115/18639",0.0173913043478261,1.79092000960846,0.84248216787485,0.307423935675355,0.731779230505173,0.671737801526989,"GPX1/NOXA1",2,"MF",0.0110497237569061,0.00616985889800955
"MF","GO:0000146","microfilament motor activity","1/181","38/18639",0.0263157894736842,2.70994475138122,1.04484615947545,0.310083669282888,0.731779230505173,0.671737801526989,"MYL6",1,"MF",0.00552486187845304,0.00203873598369011
"MF","GO:0016776","phosphotransferase activity, phosphate group as acceptor","1/181","39/18639",0.0256410256410256,2.64045898852529,1.01551847597232,0.316797010278523,0.731779230505173,0.671737801526989,"GUK1",1,"MF",0.00552486187845304,0.00209238693062933
"MF","GO:0016799","hydrolase activity, hydrolyzing N-glycosyl compounds","1/181","39/18639",0.0256410256410256,2.64045898852529,1.01551847597232,0.316797010278523,0.731779230505173,0.671737801526989,"MACROD1",1,"MF",0.00552486187845304,0.00209238693062933
"MF","GO:0008168","methyltransferase activity","3/181","204/18639",0.0147058823529412,1.51438089047774,0.731517902295435,0.318109947802598,0.731779230505173,0.671737801526989,"MGMT/NNMT/COMTD1",3,"MF",0.0165745856353591,0.0109447931755996
"MF","GO:0015036","disulfide oxidoreductase activity","1/181","40/18639",0.025,2.57444751381215,0.987097395991849,0.32344538345807,0.731779230505173,0.671737801526989,"GSTO1",1,"MF",0.00552486187845304,0.00214603787756854
"MF","GO:0043028","cysteine-type endopeptidase regulator activity involved in apoptotic process","1/181","40/18639",0.025,2.57444751381215,0.987097395991849,0.32344538345807,0.731779230505173,0.671737801526989,"ST20",1,"MF",0.00552486187845304,0.00214603787756854
"MF","GO:0001530","lipopolysaccharide binding","1/181","41/18639",0.024390243902439,2.51165611103625,0.959529720357326,0.330029414083055,0.731779230505173,0.671737801526989,"PSMA1",1,"MF",0.00552486187845304,0.00219968882450775
"MF","GO:0140318","protein transporter activity","1/181","41/18639",0.024390243902439,2.51165611103625,0.959529720357326,0.330029414083055,0.731779230505173,0.671737801526989,"TIMM17B",1,"MF",0.00552486187845304,0.00219968882450775
"MF","GO:0016616","oxidoreductase activity, acting on the CH-OH group of donors, NAD or NADP as acceptor","2/181","122/18639",0.0163934426229508,1.68816230413912,0.755148043800726,0.332376671858277,0.731779230505173,0.671737801526989,"DHRS4L2/LDHB",2,"MF",0.0110497237569061,0.00654541552658404
"MF","GO:0008307","structural constituent of muscle","1/181","42/18639",0.0238095238095238,2.45185477505919,0.932766622643128,0.336549721430671,0.731779230505173,0.671737801526989,"MYL6",1,"MF",0.00552486187845304,0.00225333977144697
"MF","GO:0031492","nucleosomal DNA binding","1/181","42/18639",0.0238095238095238,2.45185477505919,0.932766622643128,0.336549721430671,0.731779230505173,0.671737801526989,"CHD4",1,"MF",0.00552486187845304,0.00225333977144697
"MF","GO:0035198","miRNA binding","1/181","42/18639",0.0238095238095238,2.45185477505919,0.932766622643128,0.336549721430671,0.731779230505173,0.671737801526989,"TARBP2",1,"MF",0.00552486187845304,0.00225333977144697
"MF","GO:0008200","ion channel inhibitor activity","1/181","43/18639",0.0232558139534884,2.39483489656945,0.90676319395132,0.343006918850742,0.731779230505173,0.671737801526989,"VAMP8",1,"MF",0.00552486187845304,0.00230699071838618
"MF","GO:0016893","endonuclease activity, active with either ribo- or deoxyribonucleic acids and producing 5'-phosphomonoesters","1/181","43/18639",0.0232558139534884,2.39483489656945,0.90676319395132,0.343006918850742,0.731779230505173,0.671737801526989,"POP7",1,"MF",0.00552486187845304,0.00230699071838618
"MF","GO:0016741","transferase activity, transferring one-carbon groups","3/181","215/18639",0.013953488372093,1.43690093794167,0.63805316141318,0.347315244216059,0.731779230505173,0.671737801526989,"MGMT/NNMT/COMTD1",3,"MF",0.0165745856353591,0.0115349535919309
"MF","GO:0016248","channel inhibitor activity","1/181","44/18639",0.0227272727272727,2.34040683073832,0.881478044514435,0.349401613822134,0.731779230505173,0.671737801526989,"VAMP8",1,"MF",0.00552486187845304,0.00236064166532539
"MF","GO:0019205","nucleobase-containing compound kinase activity","1/181","44/18639",0.0227272727272727,2.34040683073832,0.881478044514435,0.349401613822134,0.731779230505173,0.671737801526989,"GUK1",1,"MF",0.00552486187845304,0.00236064166532539
"MF","GO:0042826","histone deacetylase binding","2/181","127/18639",0.015748031496063,1.621699221299,0.696148887406816,0.350047332419437,0.731779230505173,0.671737801526989,"HES1/CHD4",2,"MF",0.0110497237569061,0.00681367026128011
"MF","GO:0051539","4 iron, 4 sulfur cluster binding","1/181","45/18639",0.0222222222222222,2.28839779005525,0.856872953910287,0.355734408008646,0.731779230505173,0.671737801526989,"NUBP2",1,"MF",0.00552486187845304,0.00241429261226461
"MF","GO:0141110","transporter inhibitor activity","1/181","45/18639",0.0222222222222222,2.28839779005525,0.856872953910287,0.355734408008646,0.731779230505173,0.671737801526989,"VAMP8",1,"MF",0.00552486187845304,0.00241429261226461
"MF","GO:0016798","hydrolase activity, acting on glycosyl bonds","2/181","130/18639",0.0153846153846154,1.58427539311517,0.661979308709587,0.36057500747431,0.731779230505173,0.671737801526989,"NAGLU/MACROD1",2,"MF",0.0110497237569061,0.00697462310209775
"MF","GO:0016614","oxidoreductase activity, acting on CH-OH group of donors","2/181","132/18639",0.0151515151515152,1.56027122049221,0.639681643164602,0.367558876272194,0.731779230505173,0.671737801526989,"DHRS4L2/LDHB",2,"MF",0.0110497237569061,0.00708192499597618
"MF","GO:0061733","protein-lysine-acetyltransferase activity","1/181","47/18639",0.0212765957446809,2.1910191606912,0.809564101931078,0.368216671938471,0.731779230505173,0.671737801526989,"BLOC1S1",1,"MF",0.00552486187845304,0.00252159450614303
"MF","GO:0061749","forked DNA-dependent helicase activity","1/181","47/18639",0.0212765957446809,2.1910191606912,0.809564101931078,0.368216671938471,0.731779230505173,0.671737801526989,"CHD4",1,"MF",0.00552486187845304,0.00252159450614303
"MF","GO:1990518","single-stranded 3'-5' DNA helicase activity","1/181","47/18639",0.0212765957446809,2.1910191606912,0.809564101931078,0.368216671938471,0.731779230505173,0.671737801526989,"CHD4",1,"MF",0.00552486187845304,0.00252159450614303
"MF","GO:0009378","four-way junction helicase activity","1/181","48/18639",0.0208333333333333,2.1453729281768,0.786797148988525,0.374367316429604,0.731779230505173,0.671737801526989,"CHD4",1,"MF",0.00552486187845304,0.00257524545308225
"MF","GO:0016879","ligase activity, forming carbon-nitrogen bonds","1/181","48/18639",0.0208333333333333,2.1453729281768,0.786797148988525,0.374367316429604,0.731779230505173,0.671737801526989,"FPGS",1,"MF",0.00552486187845304,0.00257524545308225
"MF","GO:0036121","double-stranded DNA helicase activity","1/181","48/18639",0.0208333333333333,2.1453729281768,0.786797148988525,0.374367316429604,0.731779230505173,0.671737801526989,"CHD4",1,"MF",0.00552486187845304,0.00257524545308225
"MF","GO:0043138","3'-5' DNA helicase activity","1/181","48/18639",0.0208333333333333,2.1453729281768,0.786797148988525,0.374367316429604,0.731779230505173,0.671737801526989,"CHD4",1,"MF",0.00552486187845304,0.00257524545308225
"MF","GO:0051087","protein-folding chaperone binding","2/181","134/18639",0.0149253731343284,1.53698359033561,0.617753890352971,0.374513276218136,0.731779230505173,0.671737801526989,"HES1/HLA-B",2,"MF",0.0110497237569061,0.00718922688985461
"MF","GO:0035254","glutamate receptor binding","1/181","49/18639",0.0204081632653061,2.1015898071936,0.764583416748052,0.380458409739605,0.73562799700118,0.675270782290646,"MT-ND2",1,"MF",0.00552486187845304,0.00262889640002146
"MF","GO:0019838","growth factor binding","2/181","136/18639",0.0147058823529412,1.51438089047774,0.596183326641907,0.381436739185797,0.73562799700118,0.675270782290646,"RPS19/S100A13",2,"MF",0.0110497237569061,0.00729652878373303
"MF","GO:0032813","tumor necrosis factor receptor superfamily binding","1/181","50/18639",0.02,2.05955801104972,0.742896561448906,0.386490525276837,0.740565716175616,0.679803368738205,"SIVA1",1,"MF",0.00552486187845304,0.00268254734696067
"MF","GO:0018455","alcohol dehydrogenase [NAD(P)+] activity","1/181","52/18639",0.0192307692307692,1.98034424139396,0.701006822556596,0.398380089265197,0.751740892439438,0.690061637929522,"DHRS4L2",1,"MF",0.00552486187845304,0.0027898492408391
"MF","GO:0016860","intramolecular oxidoreductase activity","1/181","53/18639",0.0188679245283019,1.94297925570729,0.680759526658119,0.40423865728817,0.751740892439438,0.690061637929522,"EBP",1,"MF",0.00552486187845304,0.00284350018777831
"MF","GO:0034212","protein N-acetyltransferase activity","1/181","53/18639",0.0188679245283019,1.94297925570729,0.680759526658119,0.40423865728817,0.751740892439438,0.690061637929522,"BLOC1S1",1,"MF",0.00552486187845304,0.00284350018777831
"MF","GO:0003925","G protein activity","1/181","54/18639",0.0185185185185185,1.90699815837937,0.660950024087893,0.410040486785148,0.751740892439438,0.690061637929522,"HRAS",1,"MF",0.00552486187845304,0.00289715113471753
"MF","GO:0016667","oxidoreductase activity, acting on a sulfur group of donors","1/181","54/18639",0.0185185185185185,1.90699815837937,0.660950024087893,0.410040486785148,0.751740892439438,0.690061637929522,"GSTO1",1,"MF",0.00552486187845304,0.00289715113471753
"MF","GO:0019829","ATPase-coupled monoatomic cation transmembrane transporter activity","1/181","54/18639",0.0185185185185185,1.90699815837937,0.660950024087893,0.410040486785148,0.751740892439438,0.690061637929522,"ATP6V0B",1,"MF",0.00552486187845304,0.00289715113471753
"MF","GO:0051287","NAD binding","1/181","54/18639",0.0185185185185185,1.90699815837937,0.660950024087893,0.410040486785148,0.751740892439438,0.690061637929522,"LDHB",1,"MF",0.00552486187845304,0.00289715113471753
"MF","GO:0016504","peptidase activator activity","1/181","57/18639",0.0175438596491228,1.80662983425414,0.603965458046198,0.427110982726581,0.774152454300928,0.71063436350856,"ST20",1,"MF",0.00552486187845304,0.00305810397553517
"MF","GO:0008408","3'-5' exonuclease activity","1/181","58/18639",0.0172413793103448,1.77548104400838,0.585729721337949,0.432691270754054,0.774152454300928,0.71063436350856,"TRIR",1,"MF",0.00552486187845304,0.00311175492247438
"MF","GO:0017116","single-stranded DNA helicase activity","1/181","58/18639",0.0172413793103448,1.77548104400838,0.585729721337949,0.432691270754054,0.774152454300928,0.71063436350856,"CHD4",1,"MF",0.00552486187845304,0.00311175492247438
"MF","GO:0061980","regulatory RNA binding","1/181","58/18639",0.0172413793103448,1.77548104400838,0.585729721337949,0.432691270754054,0.774152454300928,0.71063436350856,"TARBP2",1,"MF",0.00552486187845304,0.00311175492247438
"MF","GO:0036002","pre-mRNA binding","1/181","59/18639",0.0169491525423729,1.74538814495739,0.567848198767474,0.438217500773618,0.774705938867645,0.711142435465958,"TARBP2",1,"MF",0.00552486187845304,0.00316540586941359
"MF","GO:0045309","protein phosphorylated amino acid binding","1/181","59/18639",0.0169491525423729,1.74538814495739,0.567848198767474,0.438217500773618,0.774705938867645,0.711142435465958,"SFN",1,"MF",0.00552486187845304,0.00316540586941359
"MF","GO:0019905","syntaxin binding","1/181","61/18639",0.0163934426229508,1.68816230413912,0.533092948449185,0.44910986498208,0.789264082246613,0.724506104206531,"VAMP8",1,"MF",0.00552486187845304,0.00327270776329202
"MF","GO:0160215","deacylase activity","1/181","65/18639",0.0153846153846154,1.58427539311517,0.467270296176994,0.470268480660153,0.821586698565091,0.754176696538574,"MACROD1",1,"MF",0.00552486187845304,0.00348731155104888
"MF","GO:0008757","S-adenosylmethionine-dependent methyltransferase activity","2/181","167/18639",0.0119760479041916,1.23326827008966,0.299849662665414,0.483911578510947,0.831962142142118,0.763700849955019,"NNMT/COMTD1",2,"MF",0.0110497237569061,0.00895970813884865
"MF","GO:0008080","N-acetyltransferase activity","1/181","69/18639",0.0144927536231884,1.49243334134038,0.405800580516026,0.490618752969282,0.831962142142118,0.763700849955019,"BLOC1S1",1,"MF",0.00552486187845304,0.00370191533880573
"MF","GO:0003823","antigen binding","2/181","174/18639",0.0114942528735632,1.18365402933892,0.241016652158567,0.505593135127049,0.831962142142118,0.763700849955019,"HLA-A/HLA-B",2,"MF",0.0110497237569061,0.00933526476742315
"MF","GO:0004521","RNA endonuclease activity","1/181","73/18639",0.0136986301369863,1.41065617195187,0.348118602771903,0.510191398817704,0.831962142142118,0.763700849955019,"POP7",1,"MF",0.00552486187845304,0.00391651912656258
"MF","GO:0003678","DNA helicase activity","1/181","74/18639",0.0135135135135135,1.39159325070927,0.334233672804348,0.514966544611844,0.831962142142118,0.763700849955019,"CHD4",1,"MF",0.00552486187845304,0.0039701700735018
"MF","GO:0003684","damaged DNA binding","1/181","74/18639",0.0135135135135135,1.39159325070927,0.334233672804348,0.514966544611844,0.831962142142118,0.763700849955019,"RPA3",1,"MF",0.00552486187845304,0.0039701700735018
"MF","GO:0031491","nucleosome binding","1/181","74/18639",0.0135135135135135,1.39159325070927,0.334233672804348,0.514966544611844,0.831962142142118,0.763700849955019,"CHD4",1,"MF",0.00552486187845304,0.0039701700735018
"MF","GO:0003725","double-stranded RNA binding","1/181","75/18639",0.0133333333333333,1.37303867403315,0.320549667606273,0.519695392197368,0.831962142142118,0.763700849955019,"TARBP2",1,"MF",0.00552486187845304,0.00402382102044101
"MF","GO:0019003","GDP binding","1/181","75/18639",0.0133333333333333,1.37303867403315,0.320549667606273,0.519695392197368,0.831962142142118,0.763700849955019,"HRAS",1,"MF",0.00552486187845304,0.00402382102044101
"MF","GO:0140098","catalytic activity, acting on RNA","4/181","387/18639",0.0103359173126615,1.06437106514198,0.126717783613807,0.520295671945106,0.831962142142118,0.763700849955019,"POP7/TUT1/POLR2J/POLR2I",4,"MF",0.0220994475138122,0.0207629164654756
"MF","GO:0016853","isomerase activity","2/181","180/18639",0.0111111111111111,1.14419889502762,0.192504426578938,0.523704384577985,0.831962142142118,0.763700849955019,"EBP/TMEM86B",2,"MF",0.0110497237569061,0.00965717044905843
"MF","GO:0051536","iron-sulfur cluster binding","1/181","76/18639",0.0131578947368421,1.35497237569061,0.307060456504106,0.524378387996348,0.831962142142118,0.763700849955019,"NUBP2",1,"MF",0.00552486187845304,0.00407747196738022
"MF","GO:0051540","metal cluster binding","1/181","77/18639",0.012987012987013,1.33737533185047,0.293760178539345,0.529015974150131,0.831962142142118,0.763700849955019,"NUBP2",1,"MF",0.00552486187845304,0.00413112291431944
"MF","GO:0048306","calcium-dependent protein binding","1/181","80/18639",0.0125,1.28722375690608,0.254938065744749,0.542660632797341,0.831962142142118,0.763700849955019,"S100A13",1,"MF",0.00552486187845304,0.00429207575513708
"MF","GO:0001618","virus receptor activity","1/181","81/18639",0.0123456790123457,1.27133210558625,0.242339791327665,0.547120917589823,0.831962142142118,0.763700849955019,"SIVA1",1,"MF",0.00552486187845304,0.00434572670207629
"MF","GO:0033192","calmodulin-dependent protein phosphatase activity","1/181","81/18639",0.0123456790123457,1.27133210558625,0.242339791327665,0.547120917589823,0.831962142142118,0.763700849955019,"DUSP23",1,"MF",0.00552486187845304,0.00434572670207629
"MF","GO:0140791","histone H2AXS140 phosphatase activity","1/181","81/18639",0.0123456790123457,1.27133210558625,0.242339791327665,0.547120917589823,0.831962142142118,0.763700849955019,"DUSP23",1,"MF",0.00552486187845304,0.00434572670207629
"MF","GO:0180004","RNA polymerase II CTD heptapeptide repeat Y1 phosphatase activity","1/181","81/18639",0.0123456790123457,1.27133210558625,0.242339791327665,0.547120917589823,0.831962142142118,0.763700849955019,"DUSP23",1,"MF",0.00552486187845304,0.00434572670207629
"MF","GO:0180005","RNA polymerase II CTD heptapeptide repeat T4 phosphatase activity","1/181","81/18639",0.0123456790123457,1.27133210558625,0.242339791327665,0.547120917589823,0.831962142142118,0.763700849955019,"DUSP23",1,"MF",0.00552486187845304,0.00434572670207629
"MF","GO:0180006","RNA polymerase II CTD heptapeptide repeat S2 phosphatase activity","1/181","81/18639",0.0123456790123457,1.27133210558625,0.242339791327665,0.547120917589823,0.831962142142118,0.763700849955019,"DUSP23",1,"MF",0.00552486187845304,0.00434572670207629
"MF","GO:0180007","RNA polymerase II CTD heptapeptide repeat S5 phosphatase activity","1/181","81/18639",0.0123456790123457,1.27133210558625,0.242339791327665,0.547120917589823,0.831962142142118,0.763700849955019,"DUSP23",1,"MF",0.00552486187845304,0.00434572670207629
"MF","GO:0180008","RNA polymerase II CTD heptapeptide repeat S7 phosphatase activity","1/181","81/18639",0.0123456790123457,1.27133210558625,0.242339791327665,0.547120917589823,0.831962142142118,0.763700849955019,"DUSP23",1,"MF",0.00552486187845304,0.00434572670207629
"MF","GO:1990439","MAP kinase serine/threonine phosphatase activity","1/181","81/18639",0.0123456790123457,1.27133210558625,0.242339791327665,0.547120917589823,0.831962142142118,0.763700849955019,"DUSP23",1,"MF",0.00552486187845304,0.00434572670207629
"MF","GO:0008420","RNA polymerase II CTD heptapeptide repeat phosphatase activity","1/181","82/18639",0.0121951219512195,1.25582805551812,0.229904690874035,0.55153794064814,0.831962142142118,0.763700849955019,"DUSP23",1,"MF",0.00552486187845304,0.0043993776490155
"MF","GO:0033549","MAP kinase phosphatase activity","1/181","82/18639",0.0121951219512195,1.25582805551812,0.229904690874035,0.55153794064814,0.831962142142118,0.763700849955019,"DUSP23",1,"MF",0.00552486187845304,0.0043993776490155
"MF","GO:0140272","exogenous protein binding","1/181","82/18639",0.0121951219512195,1.25582805551812,0.229904690874035,0.55153794064814,0.831962142142118,0.763700849955019,"SIVA1",1,"MF",0.00552486187845304,0.0043993776490155
"MF","GO:0004723","calcium-dependent protein serine/threonine phosphatase activity","1/181","83/18639",0.0120481927710843,1.24069759701791,0.217628234627691,0.555912119273062,0.831962142142118,0.763700849955019,"DUSP23",1,"MF",0.00552486187845304,0.00445302859595472
"MF","GO:0004175","endopeptidase activity","4/181","405/18639",0.00987654320987654,1.017065684469,0.0343840372224305,0.556238404417976,0.831962142142118,0.763700849955019,"RHBDD3/RHBDD2/CTSD/PARL",4,"MF",0.0220994475138122,0.0217286335103815
"MF","GO:0004527","exonuclease activity","1/181","84/18639",0.0119047619047619,1.2259273875296,0.205506074908256,0.560243866762369,0.831962142142118,0.763700849955019,"TRIR",1,"MF",0.00552486187845304,0.00450667954289393
"MF","GO:0017018","myosin phosphatase activity","1/181","84/18639",0.0119047619047619,1.2259273875296,0.205506074908256,0.560243866762369,0.831962142142118,0.763700849955019,"DUSP23",1,"MF",0.00552486187845304,0.00450667954289393
"MF","GO:0004197","cysteine-type endopeptidase activity","1/181","88/18639",0.0113636363636364,1.17020341536916,0.158479307286915,0.577154673342521,0.847860670485774,0.778294927009802,"CTSD",1,"MF",0.00552486187845304,0.00472128333065079
"MF","GO:0004726","non-membrane spanning protein tyrosine phosphatase activity","1/181","89/18639",0.0112359550561798,1.15705506238749,0.147069158105305,0.58128032716846,0.847860670485774,0.778294927009802,"DUSP23",1,"MF",0.00552486187845304,0.00477493427759
"MF","GO:0030946","protein tyrosine phosphatase activity, metal-dependent","1/181","89/18639",0.0112359550561798,1.15705506238749,0.147069158105305,0.58128032716846,0.847860670485774,0.778294927009802,"DUSP23",1,"MF",0.00552486187845304,0.00477493427759
"MF","GO:0140793","histone H2AXY142 phosphatase activity","1/181","90/18639",0.0111111111111111,1.14419889502762,0.135790552975891,0.585365947695819,0.847860670485774,0.778294927009802,"DUSP23",1,"MF",0.00552486187845304,0.00482858522452921
"MF","GO:0004553","hydrolase activity, hydrolyzing O-glycosyl compounds","1/181","91/18639",0.010989010989011,1.13162528079655,0.124640184595998,0.589411921250569,0.847860670485774,0.778294927009802,"NAGLU",1,"MF",0.00552486187845304,0.00488223617146843
"MF","GO:0051020","GTPase binding","3/181","315/18639",0.00952380952380952,0.980741910023678,-0.0341353977055275,0.592986342021099,0.847860670485774,0.778294927009802,"CIB1/NOXA1/RABAC1",3,"MF",0.0165745856353591,0.0169000482858522
"MF","GO:0052689","carboxylic ester hydrolase activity","1/181","92/18639",0.0108695652173913,1.11932500600528,0.113614866601089,0.593418630451219,0.847860670485774,0.778294927009802,"MACROD1",1,"MF",0.00552486187845304,0.00493588711840764
"MF","GO:0051219","phosphoprotein binding","1/181","93/18639",0.010752688172043,1.10728925325254,0.102711527838201,0.597386454244195,0.847860670485774,0.778294927009802,"SFN",1,"MF",0.00552486187845304,0.00498953806534685
"MF","GO:0016410","N-acyltransferase activity","1/181","94/18639",0.0106382978723404,1.0955095803456,0.0919272069700662,0.601315767938889,0.847860670485774,0.778294927009802,"BLOC1S1",1,"MF",0.00552486187845304,0.00504318901228607
"MF","GO:0004518","nuclease activity","2/181","209/18639",0.00956937799043062,0.985434455047715,-0.0209692952003727,0.604816781030593,0.847860670485774,0.778294927009802,"TRIR/POP7",2,"MF",0.0110497237569061,0.0112130479102956
"MF","GO:0051015","actin filament binding","2/181","209/18639",0.00956937799043062,0.985434455047715,-0.0209692952003727,0.604816781030593,0.847860670485774,0.778294927009802,"ARPC1A/ARPC4",2,"MF",0.0110497237569061,0.0112130479102956
"MF","GO:0008276","protein methyltransferase activity","1/181","95/18639",0.0105263157894737,1.08397790055249,0.0812590473874868,0.605206943242371,0.847860670485774,0.778294927009802,"MGMT",1,"MF",0.00552486187845304,0.00509683995922528
"MF","GO:0016407","acetyltransferase activity","1/181","96/18639",0.0104166666666667,1.0726864640884,0.0707042924092823,0.609060348293769,0.8479010410216,0.778331985201469,"BLOC1S1",1,"MF",0.00552486187845304,0.00515049090616449
"MF","GO:0004725","protein tyrosine phosphatase activity","1/181","98/18639",0.0102040816326531,1.0507949035968,0.0499244422425888,0.616655302561163,0.8479010410216,0.778331985201469,"DUSP23",1,"MF",0.00552486187845304,0.00525779280004292
"MF","GO:0008170","N-methyltransferase activity","1/181","98/18639",0.0102040816326531,1.0507949035968,0.0499244422425888,0.616655302561163,0.8479010410216,0.778331985201469,"NNMT",1,"MF",0.00552486187845304,0.00525779280004292
"MF","GO:0042626","ATPase-coupled transmembrane transporter activity","1/181","98/18639",0.0102040816326531,1.0507949035968,0.0499244422425888,0.616655302561163,0.8479010410216,0.778331985201469,"ATP6V0B",1,"MF",0.00552486187845304,0.00525779280004292
"MF","GO:0045296","cadherin binding","3/181","334/18639",0.00898203592814371,0.924951202567241,-0.13704990053722,0.632629400861242,0.865123952112556,0.794141781311898,"RPS26/RPL34/SFN",3,"MF",0.0165745856353591,0.0179194162776973
"MF","GO:0004722","protein serine/threonine phosphatase activity","1/181","103/18639",0.00970873786407767,0.999785442257147,-0.000216222763671577,0.635006806601135,0.865123952112556,0.794141781311898,"DUSP23",1,"MF",0.00552486187845304,0.00552604753473899
"MF","GO:0000149","SNARE binding","1/181","106/18639",0.00943396226415094,0.971489627853643,-0.0291493970757989,0.645595541697897,0.871553981292161,0.800044235883997,"VAMP8",1,"MF",0.00552486187845304,0.00568700037555663
"MF","GO:0008013","beta-catenin binding","1/181","106/18639",0.00943396226415094,0.971489627853643,-0.0291493970757989,0.645595541697897,0.871553981292161,0.800044235883997,"TAX1BP3",1,"MF",0.00552486187845304,0.00568700037555663
"MF","GO:0005496","steroid binding","1/181","108/18639",0.00925925925925926,0.953499079189687,-0.0479921960329309,0.652484407863087,0.875531628247664,0.803695522651586,"PAQR6",1,"MF",0.00552486187845304,0.00579430226943506
"MF","GO:0016747","acyltransferase activity, transferring groups other than amino-acyl groups","2/181","229/18639",0.00873362445414847,0.899370310502063,-0.151727254679628,0.654437782730577,0.875531628247664,0.803695522651586,"ZDHHC12/BLOC1S1",2,"MF",0.0110497237569061,0.0122860668490799
"MF","GO:0061629","RNA polymerase II-specific DNA-binding transcription factor binding","3/181","349/18639",0.00859598853868195,0.885196852886701,-0.214390864073301,0.661998047428285,0.881674529534533,0.809334407759858,"HES1/CHD4/CSNK2B",3,"MF",0.0165745856353591,0.0187241804817855
"MF","GO:0005200","structural constituent of cytoskeleton","1/181","112/18639",0.00892857142857143,0.919445540647198,-0.0846725556334313,0.665865162759843,0.882865863123542,0.810427994148494,"ARPC4",1,"MF",0.00552486187845304,0.00600890605719191
"MF","GO:0003697","single-stranded DNA binding","1/181","121/18639",0.00826446280991736,0.85105702935939,-0.162765470187678,0.694127791619574,0.905567091695839,0.831266619703074,"RPA3",1,"MF",0.00552486187845304,0.00649176457964483
"MF","GO:0004540","RNA nuclease activity","1/181","121/18639",0.00826446280991736,0.85105702935939,-0.162765470187678,0.694127791619574,0.905567091695839,0.831266619703074,"POP7",1,"MF",0.00552486187845304,0.00649176457964483
"MF","GO:0042393","histone binding","2/181","247/18639",0.00809716599190283,0.833829154271143,-0.260336731500568,0.694759111784695,0.905567091695839,0.831266619703074,"COPRS/CHD4",2,"MF",0.0110497237569061,0.0132517838939857
"MF","GO:0008528","G protein-coupled peptide receptor activity","1/181","122/18639",0.00819672131147541,0.844081152069559,-0.171095993340741,0.697117470295287,0.905567091695839,0.831266619703074,"LTB4R",1,"MF",0.00552486187845304,0.00654541552658404
"MF","GO:0042277","peptide binding","2/181","249/18639",0.00803212851405622,0.827131731345271,-0.271938508734362,0.69899227748841,0.905567091695839,0.831266619703074,"HLA-A/HLA-B",2,"MF",0.0110497237569061,0.0133590857878642
"MF","GO:0140297","DNA-binding transcription factor binding","4/181","488/18639",0.00819672131147541,0.844081152069559,-0.345624778304969,0.701280912761088,0.905567091695839,0.831266619703074,"HES1/CHD4/CSNK2B/SCX",4,"MF",0.0220994475138122,0.0261816621063362
"MF","GO:0004519","endonuclease activity","1/181","127/18639",0.0078740157480315,0.810849610649498,-0.211801508812878,0.711635511457516,0.906808241841913,0.832405935272216,"POP7",1,"MF",0.00552486187845304,0.00681367026128011
"MF","GO:0001653","peptide receptor activity","1/181","128/18639",0.0078125,0.804514848066298,-0.219760908036748,0.714454978420902,0.906808241841913,0.832405935272216,"LTB4R",1,"MF",0.00552486187845304,0.00686732120821933
"MF","GO:0031490","chromatin DNA binding","1/181","128/18639",0.0078125,0.804514848066298,-0.219760908036748,0.714454978420902,0.906808241841913,0.832405935272216,"CHD4",1,"MF",0.00552486187845304,0.00686732120821933
"MF","GO:0140994","RNA polymerase II CTD heptapeptide repeat modifying activity","1/181","128/18639",0.0078125,0.804514848066298,-0.219760908036748,0.714454978420902,0.906808241841913,0.832405935272216,"DUSP23",1,"MF",0.00552486187845304,0.00686732120821933
"MF","GO:0005179","hormone activity","1/181","132/18639",0.00757575757575758,0.780135610246107,-0.251027018642138,0.725461321334956,0.91537769663948,0.840272278680224,"AMH",1,"MF",0.00552486187845304,0.00708192499597618
"MF","GO:0044325","transmembrane transporter binding","1/181","136/18639",0.00735294117647059,0.757190445238869,-0.281423767441058,0.736045678103853,0.91537769663948,0.840272278680224,"CIB1",1,"MF",0.00552486187845304,0.00729652878373303
"MF","GO:0140789","histone phosphatase activity","1/181","136/18639",0.00735294117647059,0.757190445238869,-0.281423767441058,0.736045678103853,0.91537769663948,0.840272278680224,"DUSP23",1,"MF",0.00552486187845304,0.00729652878373303
"MF","GO:0030295","protein kinase activator activity","1/181","139/18639",0.00719424460431655,0.74084820541357,-0.303684325651717,0.743716721156655,0.91537769663948,0.840272278680224,"RPLP1",1,"MF",0.00552486187845304,0.00745748162455067
"MF","GO:0140101","catalytic activity, acting on a tRNA","1/181","139/18639",0.00719424460431655,0.74084820541357,-0.303684325651717,0.743716721156655,0.91537769663948,0.840272278680224,"POP7",1,"MF",0.00552486187845304,0.00745748162455067
"MF","GO:0140767","enzyme-substrate adaptor activity","1/181","139/18639",0.00719424460431655,0.74084820541357,-0.303684325651717,0.743716721156655,0.91537769663948,0.840272278680224,"TUT1",1,"MF",0.00552486187845304,0.00745748162455067
"MF","GO:0005126","cytokine receptor binding","2/181","275/18639",0.00727272727272727,0.748930185836263,-0.415359192333903,0.749721983866191,0.91537769663948,0.840272278680224,"AMH/SIVA1",2,"MF",0.0110497237569061,0.0147540104082837
"MF","GO:0019903","protein phosphatase binding","1/181","144/18639",0.00694444444444444,0.715124309392265,-0.339825597799452,0.756012193272267,0.91537769663948,0.840272278680224,"HSF4",1,"MF",0.00552486187845304,0.00772573635924674
"MF","GO:0031267","small GTPase binding","2/181","283/18639",0.00706713780918728,0.727759014505203,-0.456987500854266,0.763789342176113,0.91537769663948,0.840272278680224,"CIB1/NOXA1",2,"MF",0.0110497237569061,0.0151832179837974
"MF","GO:0019209","kinase activator activity","1/181","148/18639",0.00675675675675676,0.695796625354636,-0.367926700882117,0.765424728731047,0.91537769663948,0.840272278680224,"RPLP1",1,"MF",0.00552486187845304,0.00794034014700359
"MF","GO:0000510","H3-H4 histone complex chaperone activity","1/181","151/18639",0.00662251655629139,0.681972851340968,-0.388556629475582,0.772246338456833,0.91537769663948,0.840272278680224,"CHD4",1,"MF",0.00552486187845304,0.00810129298782124
"MF","GO:0140584","chromatin extrusion motor activity","1/181","151/18639",0.00662251655629139,0.681972851340968,-0.388556629475582,0.772246338456833,0.91537769663948,0.840272278680224,"CHD4",1,"MF",0.00552486187845304,0.00810129298782124
"MF","GO:0140665","ATP-dependent H3-H4 histone complex chaperone activity","1/181","151/18639",0.00662251655629139,0.681972851340968,-0.388556629475582,0.772246338456833,0.91537769663948,0.840272278680224,"CHD4",1,"MF",0.00552486187845304,0.00810129298782124
"MF","GO:0140849","ATP-dependent H2AZ histone chaperone activity","1/181","151/18639",0.00662251655629139,0.681972851340968,-0.388556629475582,0.772246338456833,0.91537769663948,0.840272278680224,"CHD4",1,"MF",0.00552486187845304,0.00810129298782124
"MF","GO:0015616","DNA translocase activity","1/181","152/18639",0.00657894736842105,0.677486187845304,-0.395351610591301,0.774476077354459,0.91537769663948,0.840272278680224,"CHD4",1,"MF",0.00552486187845304,0.00815494393476045
"MF","GO:0140674","ATP-dependent histone chaperone activity","1/181","152/18639",0.00657894736842105,0.677486187845304,-0.395351610591301,0.774476077354459,0.91537769663948,0.840272278680224,"CHD4",1,"MF",0.00552486187845304,0.00815494393476045
"MF","GO:0003774","cytoskeletal motor activity","1/181","153/18639",0.0065359477124183,0.673058173545661,-0.402106733660521,0.776684106239559,0.91537769663948,0.840272278680224,"MYL6",1,"MF",0.00552486187845304,0.00820859488169966
"MF","GO:0061775","cohesin loader activity","1/181","153/18639",0.0065359477124183,0.673058173545661,-0.402106733660521,0.776684106239559,0.91537769663948,0.840272278680224,"CHD4",1,"MF",0.00552486187845304,0.00820859488169966
"MF","GO:0004386","helicase activity","1/181","155/18639",0.00645161290322581,0.664373551951524,-0.4154996538052,0.781035872820396,0.915418109609727,0.84030937582463,"CHD4",1,"MF",0.00552486187845304,0.00831589677557809
"MF","GO:0140658","ATP-dependent chromatin remodeler activity","1/181","158/18639",0.00632911392405063,0.651758864256242,-0.435303842552094,0.787405887667467,0.915418109609727,0.84030937582463,"CHD4",1,"MF",0.00552486187845304,0.00847684961639573
"MF","GO:0003689","DNA clamp loader activity","1/181","160/18639",0.00625,0.643611878453039,-0.448322566110743,0.791549833774566,0.915418109609727,0.84030937582463,"CHD4",1,"MF",0.00552486187845304,0.00858415151027416
"MF","GO:0099106","ion channel regulator activity","1/181","160/18639",0.00625,0.643611878453039,-0.448322566110743,0.791549833774566,0.915418109609727,0.84030937582463,"VAMP8",1,"MF",0.00552486187845304,0.00858415151027416
"MF","GO:0031625","ubiquitin protein ligase binding","2/181","302/18639",0.00662251655629139,0.681972851340968,-0.551759913351879,0.794488594619449,0.915418109609727,0.84030937582463,"RPS27A/NEDD8",2,"MF",0.0110497237569061,0.0162025859756425
"MF","GO:0004674","protein serine/threonine kinase activity","3/181","433/18639",0.0069284064665127,0.713472752095747,-0.597378004337134,0.795211691176126,0.915418109609727,0.84030937582463,"FASTK/ADCK5/CSNK2B",3,"MF",0.0165745856353591,0.0232308600246794
"MF","GO:0140713","histone chaperone activity","1/181","164/18639",0.00609756097560976,0.627914027759062,-0.473935911924367,0.799598262805531,0.916913838043408,0.841682381900559,"CHD4",1,"MF",0.00552486187845304,0.00879875529803101
"MF","GO:0016247","channel regulator activity","1/181","168/18639",0.00595238095238095,0.612963693764799,-0.499008293071727,0.807337586248253,0.919148625064001,0.843733807873742,"VAMP8",1,"MF",0.00552486187845304,0.00901335908578786
"MF","GO:0003779","actin binding","3/181","443/18639",0.00677200902934537,0.697367272364466,-0.638375794704441,0.807736670510789,0.919148625064001,0.843733807873742,"TMSB10/ARPC1A/ARPC4",3,"MF",0.0165745856353591,0.0237673694940716
"MF","GO:0141108","transporter regulator activity","1/181","170/18639",0.00588235294117647,0.605752356191095,-0.511350278514562,0.811095041098876,0.919447432085367,0.844008098210562,"VAMP8",1,"MF",0.00552486187845304,0.00912066097966629
"MF","GO:0004721","phosphoprotein phosphatase activity","1/181","175/18639",0.00571428571428571,0.588445146014207,-0.541664629383795,0.820172879675952,0.925833349021152,0.849870059884737,"DUSP23",1,"MF",0.00552486187845304,0.00938891571436236
"MF","GO:0044389","ubiquitin-like protein ligase binding","2/181","322/18639",0.0062111801242236,0.639614289145877,-0.64597386345408,0.822962976907691,0.925833349021152,0.849870059884737,"RPS27A/NEDD8",2,"MF",0.0110497237569061,0.0172756049144267
"MF","GO:0003924","GTPase activity","2/181","331/18639",0.00604229607250755,0.622222964063361,-0.686713713286694,0.834588409298891,0.931367491310135,0.854950133791689,"HRAS/ARL16",2,"MF",0.0110497237569061,0.0177584634368797
"MF","GO:0008234","cysteine-type peptidase activity","1/181","187/18639",0.0053475935828877,0.550683960173723,-0.611501635693847,0.840228310309631,0.931367491310135,0.854950133791689,"CTSD",1,"MF",0.00552486187845304,0.0100327270776329
"MF","GO:0140097","catalytic activity, acting on DNA","2/181","336/18639",0.00595238095238095,0.612963693764799,-0.708935665155878,0.840746696149505,0.931367491310135,0.854950133791689,"MGMT/CHD4",2,"MF",0.0110497237569061,0.0180267181715757
"MF","GO:0140597","protein carrier chaperone","1/181","188/18639",0.00531914893617021,0.547754790172799,-0.617148341224769,0.841795548323611,0.931367491310135,0.854950133791689,"CHD4",1,"MF",0.00552486187845304,0.0100863780245721
"MF","GO:0019902","phosphatase binding","1/181","190/18639",0.00526315789473684,0.541988950276243,-0.628366409600104,0.844884304791936,0.931367491310135,0.854950133791689,"HSF4",1,"MF",0.00552486187845304,0.0101936799184506
"MF","GO:0005261","monoatomic cation channel activity","2/181","341/18639",0.00586510263929619,0.603975956319567,-0.730875749289913,0.84669771937285,0.931367491310135,0.854950133791689,"ATP5MG/ATP5ME",2,"MF",0.0110497237569061,0.0182949729062718
"MF","GO:0016829","lyase activity","1/181","200/18639",0.005,0.514889502762431,-0.683020295023441,0.859451257254893,0.94092380388068,0.86372236471769,"LTC4S",1,"MF",0.00552486187845304,0.0107301893878427
"MF","GO:0016755","aminoacyltransferase activity","3/181","496/18639",0.00604838709677419,0.622850204954554,-0.84303728834853,0.863841486760507,0.94092380388068,0.86372236471769,"QPCTL/CDC34/UBE2S",3,"MF",0.0165745856353591,0.0266108696818499
"MF","GO:0003714","transcription corepressor activity","1/181","204/18639",0.00490196078431373,0.504793630159246,-0.704249188831255,0.864889557102443,0.94092380388068,0.86372236471769,"CHD4",1,"MF",0.00552486187845304,0.0109447931755996
"MF","GO:0008094","ATP-dependent activity, acting on DNA","1/181","210/18639",0.00476190476190476,0.490370955011839,-0.735460841248139,0.872657069908992,0.945909305704272,0.868298813317053,"CHD4",1,"MF",0.00552486187845304,0.0112666988572348
"MF","GO:0005525","GTP binding","2/181","378/18639",0.00529100529100529,0.544856616679821,-0.885275561621462,0.884831755382689,0.955618295813304,0.877211194810015,"HRAS/ARL16",2,"MF",0.0110497237569061,0.0202800579430227
"MF","GO:0061134","peptidase regulator activity","1/181","226/18639",0.00442477876106195,0.45565442722339,-0.815292145580395,0.891266639936579,0.95799057481275,0.879388831743762,"ST20",1,"MF",0.00552486187845304,0.0121251140082622
"MF","GO:0000287","magnesium ion binding","1/181","230/18639",0.00434782608695652,0.447730002402114,-0.834539485974615,0.895479750035534,0.95799057481275,0.879388831743762,"CIB1",1,"MF",0.00552486187845304,0.0123397177960191
"MF","GO:0005125","cytokine activity","1/181","234/18639",0.00427350427350427,0.440076498087548,-0.853523208773783,0.899530481082321,0.95799057481275,0.879388831743762,"IL32",1,"MF",0.00552486187845304,0.012554321583776
"MF","GO:0019001","guanyl nucleotide binding","2/181","400/18639",0.005,0.514889502762431,-0.971218120531013,0.903156097466566,0.95799057481275,0.879388831743762,"HRAS/ARL16",2,"MF",0.0110497237569061,0.0214603787756854
"MF","GO:0032561","guanyl ribonucleotide binding","2/181","400/18639",0.005,0.514889502762431,-0.971218120531013,0.903156097466566,0.95799057481275,0.879388831743762,"HRAS/ARL16",2,"MF",0.0110497237569061,0.0214603787756854
"MF","GO:0004857","enzyme inhibitor activity","2/181","416/18639",0.00480769230769231,0.495086060348491,-1.03133726172744,0.914741450176515,0.962185978403712,0.883240008529369,"CIB1/SFN",2,"MF",0.0110497237569061,0.0223187939267128
"MF","GO:0003713","transcription coactivator activity","1/181","256/18639",0.00390625,0.402257424033149,-0.953613960213115,0.919173529963233,0.962185978403712,0.883240008529369,"PMF1",1,"MF",0.00552486187845304,0.0137346424164387
"MF","GO:0003730","mRNA 3'-UTR binding","1/181","262/18639",0.00381679389312977,0.393045421956054,-0.979751979944491,0.923833074671728,0.962185978403712,0.883240008529369,"TUT1",1,"MF",0.00552486187845304,0.0140565480980739
"MF","GO:0001227","DNA-binding transcription repressor activity, RNA polymerase II-specific","1/181","268/18639",0.00373134328358209,0.384245897583904,-1.00543716095864,0.92822540102925,0.962185978403712,0.883240008529369,"HES1",1,"MF",0.00552486187845304,0.0143784537797092
"MF","GO:0016791","phosphatase activity","1/181","273/18639",0.00366300366300366,0.377208426932184,-1.02651046531157,0.931692572257896,0.962185978403712,0.883240008529369,"DUSP23",1,"MF",0.00552486187845304,0.0146467085144053
"MF","GO:0005216","monoatomic ion channel activity","2/181","448/18639",0.00446428571428571,0.459722770323599,-1.14623589548962,0.934132683029411,0.962185978403712,0.883240008529369,"ATP5MG/ATP5ME",2,"MF",0.0110497237569061,0.0240356242287676
"MF","GO:0004842","ubiquitin-protein transferase activity","2/181","449/18639",0.0044543429844098,0.458698888875217,-1.14972072438689,0.934665985040418,0.962185978403712,0.883240008529369,"CDC34/UBE2S",2,"MF",0.0110497237569061,0.0240892751757069
"MF","GO:0001217","DNA-binding transcription repressor activity","1/181","278/18639",0.00359712230215827,0.370424102706785,-1.04729479733793,0.934993137689354,0.962185978403712,0.883240008529369,"HES1",1,"MF",0.00552486187845304,0.0149149632491013
"MF","GO:0030246","carbohydrate binding","1/181","280/18639",0.00357142857142857,0.367778216258879,-1.05552999898989,0.936268510971962,0.962185978403712,0.883240008529369,"CLEC11A",1,"MF",0.00552486187845304,0.0150222651429798
"MF","GO:0019787","ubiquitin-like protein transferase activity","2/181","479/18639",0.00417536534446764,0.429970357212886,-1.25156640011269,0.948894455715459,0.971798804646522,0.892064116262446,"CDC34/UBE2S",2,"MF",0.0110497237569061,0.0256988035838833
"MF","GO:0003712","transcription coregulator activity","2/181","495/18639",0.00404040404040404,0.416072325464591,-1.30389241741238,0.955227849618831,0.974923269198601,0.894932223010589,"PMF1/CHD4",2,"MF",0.0110497237569061,0.0265572187349107
"MF","GO:0106310","protein serine kinase activity","1/181","361/18639",0.00277008310249307,0.285257342250654,-1.35795565346942,0.971486408835156,0.983604323447787,0.902901009296391,"FASTK",1,"MF",0.00552486187845304,0.0193679918450561
"MF","GO:0042578","phosphoric ester hydrolase activity","1/181","363/18639",0.00275482093663912,0.28368567645313,-1.36478108119455,0.972048346277941,0.983604323447787,0.902901009296391,"DUSP23",1,"MF",0.00552486187845304,0.0194752937389345
"MF","GO:0046982","protein heterodimerization activity","1/181","369/18639",0.002710027100271,0.27907290122625,-1.38510239476821,0.973668926241243,0.983604323447787,0.902901009296391,"LSM5",1,"MF",0.00552486187845304,0.0197971994205698
"MF","GO:0016887","ATP hydrolysis activity","1/181","417/18639",0.00239808153477218,0.246949401804523,-1.54007114697749,0.983682698052373,0.990351733293405,0.90909480390924,"CHD4",1,"MF",0.00552486187845304,0.022372444873652
"MF","GO:0001228","DNA-binding transcription activator activity, RNA polymerase II-specific","1/181","484/18639",0.00206611570247934,0.212764257339847,-1.737704711099,0.991650813285483,0.992216435974125,0.910806510428135,"SCX",1,"MF",0.00552486187845304,0.0259670583185793
"MF","GO:0001216","DNA-binding transcription activator activity","1/181","491/18639",0.00203665987780041,0.209730958355369,-1.75730825884671,0.992216435974125,0.992216435974125,0.910806510428135,"SCX",1,"MF",0.00552486187845304,0.0263426149471538
