"GSEA_ID","Description","background","background_label","Gene","log2FC","rank","background_pvalue","background_p.adjust","是否为core gene","core_enrichment","setSize","enrichmentScore","NES","GSEA_pvalue","GSEA_p.adjust","qvalue","leading_edge","matched_genes"
"BB3_all","BB3_all","CRPCvsHSPCplus","CRPC vs HSPC+","AR",0.714870619010262,23,0.000257306692447303,0.0681415245085446,"Yes",TRUE,505,0.345444574453269,1.30385331847812,0.0714051394204483,0.0714051394204483,NA,"tags=31%, list=22%, signal=25%",505
"BB3_all","BB3_all","CRPCvsHSPCplus","CRPC vs HSPC+","FASN",0.478802937816553,37,0.00837464856452593,0.682203012047495,"Yes",TRUE,505,0.345444574453269,1.30385331847812,0.0714051394204483,0.0714051394204483,NA,"tags=31%, list=22%, signal=25%",505
"BB3_all","BB3_all","CRPCvsHSPCplus","CRPC vs HSPC+","FKBP5",0.43270960939309,49,0.00205328175164433,0.32068049100681,"Yes",TRUE,505,0.345444574453269,1.30385331847812,0.0714051394204483,0.0714051394204483,NA,"tags=31%, list=22%, signal=25%",505
"BB3_all","BB3_all","CRPCvsHSPCplus","CRPC vs HSPC+","TNNC1",0.32584774199182,91,0.146140465748016,0.97196958734216,"Yes",TRUE,505,0.345444574453269,1.30385331847812,0.0714051394204483,0.0714051394204483,NA,"tags=31%, list=22%, signal=25%",505
"BB3_all","BB3_all","CRPCvsHSPCplus","CRPC vs HSPC+","AKAP12",0.30577422304128,110,0.0342936450434452,0.971546939347093,"Yes",TRUE,505,0.345444574453269,1.30385331847812,0.0714051394204483,0.0714051394204483,NA,"tags=31%, list=22%, signal=25%",505
"BB3_all","BB3_all","CRPCvsHSPCplus","CRPC vs HSPC+","UPK3A",0.304717633900299,113,0.1493915961417,0.97196958734216,"Yes",TRUE,505,0.345444574453269,1.30385331847812,0.0714051394204483,0.0714051394204483,NA,"tags=31%, list=22%, signal=25%",505
"BB3_all","BB3_all","CRPCvsHSPCplus","CRPC vs HSPC+","MAOA",0.287814016861241,128,0.0963025360149652,0.97196958734216,"Yes",TRUE,505,0.345444574453269,1.30385331847812,0.0714051394204483,0.0714051394204483,NA,"tags=31%, list=22%, signal=25%",505
"BB3_all","BB3_all","CRPCvsHSPCplus","CRPC vs HSPC+","ACSL3",0.273472830043128,145,0.0560521213412219,0.97196958734216,"Yes",TRUE,505,0.345444574453269,1.30385331847812,0.0714051394204483,0.0714051394204483,NA,"tags=31%, list=22%, signal=25%",505
"BB3_all","BB3_all","CRPCvsHSPCplus","CRPC vs HSPC+","KCNH2",0.264612862385968,152,0.0331653532411572,0.97138876680809,"Yes",TRUE,505,0.345444574453269,1.30385331847812,0.0714051394204483,0.0714051394204483,NA,"tags=31%, list=22%, signal=25%",505
"BB3_all","BB3_all","CRPCvsHSPCplus","CRPC vs HSPC+","FBXO2",0.232925056283024,216,0.064543041815698,0.97196958734216,"Yes",TRUE,505,0.345444574453269,1.30385331847812,0.0714051394204483,0.0714051394204483,NA,"tags=31%, list=22%, signal=25%",505
"BB3_all","BB3_all","CRPCvsHSPCplus","CRPC vs HSPC+","ZBTB16",0.222148381183745,242,0.121805071760486,0.97196958734216,"Yes",TRUE,505,0.345444574453269,1.30385331847812,0.0714051394204483,0.0714051394204483,NA,"tags=31%, list=22%, signal=25%",505
"BB3_all","BB3_all","CRPCvsHSPCplus","CRPC vs HSPC+","ALDH1B1",0.217531053088476,251,0.00768883374086012,0.656532985732416,"Yes",TRUE,505,0.345444574453269,1.30385331847812,0.0714051394204483,0.0714051394204483,NA,"tags=31%, list=22%, signal=25%",505
"BB3_all","BB3_all","CRPCvsHSPCplus","CRPC vs HSPC+","PLXNB3",0.216137257622854,255,0.0585267200785971,0.97196958734216,"Yes",TRUE,505,0.345444574453269,1.30385331847812,0.0714051394204483,0.0714051394204483,NA,"tags=31%, list=22%, signal=25%",505
"BB3_all","BB3_all","CRPCvsHSPCplus","CRPC vs HSPC+","DDX21",0.206028418133864,284,0.0352390560118382,0.97196958734216,"Yes",TRUE,505,0.345444574453269,1.30385331847812,0.0714051394204483,0.0714051394204483,NA,"tags=31%, list=22%, signal=25%",505
"BB3_all","BB3_all","CRPCvsHSPCplus","CRPC vs HSPC+","NFIC",0.199444215936417,311,0.0242151351003082,0.897531772186473,"Yes",TRUE,505,0.345444574453269,1.30385331847812,0.0714051394204483,0.0714051394204483,NA,"tags=31%, list=22%, signal=25%",505
"BB3_all","BB3_all","CRPCvsHSPCplus","CRPC vs HSPC+","KIAA1549",0.182737071300252,381,0.0507288434808674,0.97196958734216,"Yes",TRUE,505,0.345444574453269,1.30385331847812,0.0714051394204483,0.0714051394204483,NA,"tags=31%, list=22%, signal=25%",505
"BB3_all","BB3_all","CRPCvsHSPCplus","CRPC vs HSPC+","NEK6",0.178851956320622,406,0.054298403447261,0.97196958734216,"Yes",TRUE,505,0.345444574453269,1.30385331847812,0.0714051394204483,0.0714051394204483,NA,"tags=31%, list=22%, signal=25%",505
"BB3_all","BB3_all","CRPCvsHSPCplus","CRPC vs HSPC+","GTF2I",0.176210426867563,417,0.0418174656321087,0.97196958734216,"Yes",TRUE,505,0.345444574453269,1.30385331847812,0.0714051394204483,0.0714051394204483,NA,"tags=31%, list=22%, signal=25%",505
"BB3_all","BB3_all","CRPCvsHSPCplus","CRPC vs HSPC+","RHBDD2",0.175694286225062,419,0.0313482017781403,0.962732253936063,"Yes",TRUE,505,0.345444574453269,1.30385331847812,0.0714051394204483,0.0714051394204483,NA,"tags=31%, list=22%, signal=25%",505
"BB3_all","BB3_all","CRPCvsHSPCplus","CRPC vs HSPC+","MGST1",0.172784548685097,443,0.378818192768534,0.97196958734216,"Yes",TRUE,505,0.345444574453269,1.30385331847812,0.0714051394204483,0.0714051394204483,NA,"tags=31%, list=22%, signal=25%",505
"BB3_all","BB3_all","CRPCvsHSPCplus","CRPC vs HSPC+","EDA",0.169399615203533,461,0.115888464529849,0.97196958734216,"Yes",TRUE,505,0.345444574453269,1.30385331847812,0.0714051394204483,0.0714051394204483,NA,"tags=31%, list=22%, signal=25%",505
"BB3_all","BB3_all","CRPCvsHSPCplus","CRPC vs HSPC+","KLK15",0.167554308256511,474,0.254439097228459,0.97196958734216,"Yes",TRUE,505,0.345444574453269,1.30385331847812,0.0714051394204483,0.0714051394204483,NA,"tags=31%, list=22%, signal=25%",505
"BB3_all","BB3_all","CRPCvsHSPCplus","CRPC vs HSPC+","RPL3L",0.166913837726628,476,0.0592959848628058,0.97196958734216,"Yes",TRUE,505,0.345444574453269,1.30385331847812,0.0714051394204483,0.0714051394204483,NA,"tags=31%, list=22%, signal=25%",505
"BB3_all","BB3_all","CRPCvsHSPCplus","CRPC vs HSPC+","PRKAR2A",0.166657441023282,481,0.0154935717854332,0.790821333059276,"Yes",TRUE,505,0.345444574453269,1.30385331847812,0.0714051394204483,0.0714051394204483,NA,"tags=31%, list=22%, signal=25%",505
"BB3_all","BB3_all","CRPCvsHSPCplus","CRPC vs HSPC+","BMI1",0.15219915442685,606,0.0252431167428108,0.908006835120828,"Yes",TRUE,505,0.345444574453269,1.30385331847812,0.0714051394204483,0.0714051394204483,NA,"tags=31%, list=22%, signal=25%",505
"BB3_all","BB3_all","CRPCvsHSPCplus","CRPC vs HSPC+","HLTF",0.148437778605684,644,0.183585541663049,0.97196958734216,"Yes",TRUE,505,0.345444574453269,1.30385331847812,0.0714051394204483,0.0714051394204483,NA,"tags=31%, list=22%, signal=25%",505
"BB3_all","BB3_all","CRPCvsHSPCplus","CRPC vs HSPC+","FKBP4",0.147283783253651,661,0.0958303537716566,0.97196958734216,"Yes",TRUE,505,0.345444574453269,1.30385331847812,0.0714051394204483,0.0714051394204483,NA,"tags=31%, list=22%, signal=25%",505
"BB3_all","BB3_all","CRPCvsHSPCplus","CRPC vs HSPC+","MLEC",0.146281425863172,668,0.0760032837523896,0.97196958734216,"Yes",TRUE,505,0.345444574453269,1.30385331847812,0.0714051394204483,0.0714051394204483,NA,"tags=31%, list=22%, signal=25%",505
"BB3_all","BB3_all","CRPCvsHSPCplus","CRPC vs HSPC+","RMND5A",0.145481801434896,676,0.0286100327029188,0.93155312358673,"Yes",TRUE,505,0.345444574453269,1.30385331847812,0.0714051394204483,0.0714051394204483,NA,"tags=31%, list=22%, signal=25%",505
"BB3_all","BB3_all","CRPCvsHSPCplus","CRPC vs HSPC+","PTPRF",0.141930179739834,718,0.167483857315117,0.97196958734216,"Yes",TRUE,505,0.345444574453269,1.30385331847812,0.0714051394204483,0.0714051394204483,NA,"tags=31%, list=22%, signal=25%",505
"BB3_all","BB3_all","CRPCvsHSPCplus","CRPC vs HSPC+","CADPS2",0.140022816138841,751,0.156548925511439,0.97196958734216,"Yes",TRUE,505,0.345444574453269,1.30385331847812,0.0714051394204483,0.0714051394204483,NA,"tags=31%, list=22%, signal=25%",505
"BB3_all","BB3_all","CRPCvsHSPCplus","CRPC vs HSPC+","UQCR11",0.139937420868725,753,0.144534343378979,0.97196958734216,"Yes",TRUE,505,0.345444574453269,1.30385331847812,0.0714051394204483,0.0714051394204483,NA,"tags=31%, list=22%, signal=25%",505
"BB3_all","BB3_all","CRPCvsHSPCplus","CRPC vs HSPC+","HES1",0.13693970882778,797,0.290733433239641,0.97196958734216,"Yes",TRUE,505,0.345444574453269,1.30385331847812,0.0714051394204483,0.0714051394204483,NA,"tags=31%, list=22%, signal=25%",505
"BB3_all","BB3_all","CRPCvsHSPCplus","CRPC vs HSPC+","PRR15L",0.134554279550924,834,0.27957914446363,0.97196958734216,"Yes",TRUE,505,0.345444574453269,1.30385331847812,0.0714051394204483,0.0714051394204483,NA,"tags=31%, list=22%, signal=25%",505
"BB3_all","BB3_all","CRPCvsHSPCplus","CRPC vs HSPC+","SLC25A23",0.133139845871656,858,0.0964581810412776,0.97196958734216,"Yes",TRUE,505,0.345444574453269,1.30385331847812,0.0714051394204483,0.0714051394204483,NA,"tags=31%, list=22%, signal=25%",505
"BB3_all","BB3_all","CRPCvsHSPCplus","CRPC vs HSPC+","RAB10",0.132791991529578,863,0.0540790263689352,0.97196958734216,"Yes",TRUE,505,0.345444574453269,1.30385331847812,0.0714051394204483,0.0714051394204483,NA,"tags=31%, list=22%, signal=25%",505
"BB3_all","BB3_all","CRPCvsHSPCplus","CRPC vs HSPC+","UQCRQ",0.129462781013724,926,0.250172204935464,0.97196958734216,"Yes",TRUE,505,0.345444574453269,1.30385331847812,0.0714051394204483,0.0714051394204483,NA,"tags=31%, list=22%, signal=25%",505
"BB3_all","BB3_all","CRPCvsHSPCplus","CRPC vs HSPC+","FEM1A",0.126112366407027,983,0.00230447836021259,0.334204230763212,"Yes",TRUE,505,0.345444574453269,1.30385331847812,0.0714051394204483,0.0714051394204483,NA,"tags=31%, list=22%, signal=25%",505
"BB3_all","BB3_all","CRPCvsHSPCplus","CRPC vs HSPC+","NDUFAB1",0.124087403675197,1019,0.144319502408067,0.97196958734216,"Yes",TRUE,505,0.345444574453269,1.30385331847812,0.0714051394204483,0.0714051394204483,NA,"tags=31%, list=22%, signal=25%",505
"BB3_all","BB3_all","CRPCvsHSPCplus","CRPC vs HSPC+","ALDH2",0.122313607231024,1047,0.375329260749521,0.97196958734216,"Yes",TRUE,505,0.345444574453269,1.30385331847812,0.0714051394204483,0.0714051394204483,NA,"tags=31%, list=22%, signal=25%",505
"BB3_all","BB3_all","CRPCvsHSPCplus","CRPC vs HSPC+","ME2",0.122183460266366,1052,0.0319025616175092,0.966082188151801,"Yes",TRUE,505,0.345444574453269,1.30385331847812,0.0714051394204483,0.0714051394204483,NA,"tags=31%, list=22%, signal=25%",505
"BB3_all","BB3_all","CRPCvsHSPCplus","CRPC vs HSPC+","LRP5",0.122069766565909,1054,0.17326717261881,0.97196958734216,"Yes",TRUE,505,0.345444574453269,1.30385331847812,0.0714051394204483,0.0714051394204483,NA,"tags=31%, list=22%, signal=25%",505
"BB3_all","BB3_all","CRPCvsHSPCplus","CRPC vs HSPC+","BEX2",0.121290985848018,1070,0.369358856884493,0.97196958734216,"Yes",TRUE,505,0.345444574453269,1.30385331847812,0.0714051394204483,0.0714051394204483,NA,"tags=31%, list=22%, signal=25%",505
"BB3_all","BB3_all","CRPCvsHSPCplus","CRPC vs HSPC+","SPG11",0.11988550608238,1098,0.138226688548079,0.97196958734216,"Yes",TRUE,505,0.345444574453269,1.30385331847812,0.0714051394204483,0.0714051394204483,NA,"tags=31%, list=22%, signal=25%",505
"BB3_all","BB3_all","CRPCvsHSPCplus","CRPC vs HSPC+","WDR43",0.119663501536403,1106,0.0471800316573731,0.97196958734216,"Yes",TRUE,505,0.345444574453269,1.30385331847812,0.0714051394204483,0.0714051394204483,NA,"tags=31%, list=22%, signal=25%",505
"BB3_all","BB3_all","CRPCvsHSPCplus","CRPC vs HSPC+","LDLR",0.118387491052865,1142,0.35472078980858,0.97196958734216,"Yes",TRUE,505,0.345444574453269,1.30385331847812,0.0714051394204483,0.0714051394204483,NA,"tags=31%, list=22%, signal=25%",505
"BB3_all","BB3_all","CRPCvsHSPCplus","CRPC vs HSPC+","KMT2E",0.118275453869345,1144,0.143173093778387,0.97196958734216,"Yes",TRUE,505,0.345444574453269,1.30385331847812,0.0714051394204483,0.0714051394204483,NA,"tags=31%, list=22%, signal=25%",505
"BB3_all","BB3_all","CRPCvsHSPCplus","CRPC vs HSPC+","HSBP1L1",0.117857499754204,1152,0.278716633321992,0.97196958734216,"Yes",TRUE,505,0.345444574453269,1.30385331847812,0.0714051394204483,0.0714051394204483,NA,"tags=31%, list=22%, signal=25%",505
"BB3_all","BB3_all","CRPCvsHSPCplus","CRPC vs HSPC+","ZNF770",0.115988533700345,1202,0.300635428737774,0.97196958734216,"Yes",TRUE,505,0.345444574453269,1.30385331847812,0.0714051394204483,0.0714051394204483,NA,"tags=31%, list=22%, signal=25%",505
"BB3_all","BB3_all","CRPCvsHSPCplus","CRPC vs HSPC+","SMIM4",0.113937218780585,1244,0.228835935694118,0.97196958734216,"Yes",TRUE,505,0.345444574453269,1.30385331847812,0.0714051394204483,0.0714051394204483,NA,"tags=31%, list=22%, signal=25%",505
"BB3_all","BB3_all","CRPCvsHSPCplus","CRPC vs HSPC+","CLTB",0.113272890484819,1268,0.201790817625118,0.97196958734216,"Yes",TRUE,505,0.345444574453269,1.30385331847812,0.0714051394204483,0.0714051394204483,NA,"tags=31%, list=22%, signal=25%",505
"BB3_all","BB3_all","CRPCvsHSPCplus","CRPC vs HSPC+","BLCAP",0.113013101110799,1274,0.0710898912294647,0.97196958734216,"Yes",TRUE,505,0.345444574453269,1.30385331847812,0.0714051394204483,0.0714051394204483,NA,"tags=31%, list=22%, signal=25%",505
"BB3_all","BB3_all","CRPCvsHSPCplus","CRPC vs HSPC+","GATM",0.112969623098732,1275,0.36735030785734,0.97196958734216,"Yes",TRUE,505,0.345444574453269,1.30385331847812,0.0714051394204483,0.0714051394204483,NA,"tags=31%, list=22%, signal=25%",505
"BB3_all","BB3_all","CRPCvsHSPCplus","CRPC vs HSPC+","TMA7",0.110399004454734,1337,0.276223668739828,0.97196958734216,"Yes",TRUE,505,0.345444574453269,1.30385331847812,0.0714051394204483,0.0714051394204483,NA,"tags=31%, list=22%, signal=25%",505
"BB3_all","BB3_all","CRPCvsHSPCplus","CRPC vs HSPC+","EARS2",0.109956897249388,1349,0.0817850326531146,0.97196958734216,"Yes",TRUE,505,0.345444574453269,1.30385331847812,0.0714051394204483,0.0714051394204483,NA,"tags=31%, list=22%, signal=25%",505
"BB3_all","BB3_all","CRPCvsHSPCplus","CRPC vs HSPC+","PPP2R2C",0.109241441183779,1366,0.39787280771374,0.97196958734216,"Yes",TRUE,505,0.345444574453269,1.30385331847812,0.0714051394204483,0.0714051394204483,NA,"tags=31%, list=22%, signal=25%",505
"BB3_all","BB3_all","CRPCvsHSPCplus","CRPC vs HSPC+","FLII",0.108920253228314,1379,0.0904579975799979,0.97196958734216,"Yes",TRUE,505,0.345444574453269,1.30385331847812,0.0714051394204483,0.0714051394204483,NA,"tags=31%, list=22%, signal=25%",505
"BB3_all","BB3_all","CRPCvsHSPCplus","CRPC vs HSPC+","COX6A1",0.108153242897914,1399,0.288185078651397,0.97196958734216,"Yes",TRUE,505,0.345444574453269,1.30385331847812,0.0714051394204483,0.0714051394204483,NA,"tags=31%, list=22%, signal=25%",505
"BB3_all","BB3_all","CRPCvsHSPCplus","CRPC vs HSPC+","SBDS",0.107736558046822,1410,0.0460412961909582,0.97196958734216,"Yes",TRUE,505,0.345444574453269,1.30385331847812,0.0714051394204483,0.0714051394204483,NA,"tags=31%, list=22%, signal=25%",505
"BB3_all","BB3_all","CRPCvsHSPCplus","CRPC vs HSPC+","DIAPH2",0.107050579873237,1426,0.156315548670491,0.97196958734216,"Yes",TRUE,505,0.345444574453269,1.30385331847812,0.0714051394204483,0.0714051394204483,NA,"tags=31%, list=22%, signal=25%",505
"BB3_all","BB3_all","CRPCvsHSPCplus","CRPC vs HSPC+","ISCU",0.106663681904273,1435,0.0682909508199921,0.97196958734216,"Yes",TRUE,505,0.345444574453269,1.30385331847812,0.0714051394204483,0.0714051394204483,NA,"tags=31%, list=22%, signal=25%",505
"BB3_all","BB3_all","CRPCvsHSPCplus","CRPC vs HSPC+","ZKSCAN1",0.1066461473784,1436,0.200706118118147,0.97196958734216,"Yes",TRUE,505,0.345444574453269,1.30385331847812,0.0714051394204483,0.0714051394204483,NA,"tags=31%, list=22%, signal=25%",505
"BB3_all","BB3_all","CRPCvsHSPCplus","CRPC vs HSPC+","BEX3",0.105129250911047,1479,0.300848455689084,0.97196958734216,"Yes",TRUE,505,0.345444574453269,1.30385331847812,0.0714051394204483,0.0714051394204483,NA,"tags=31%, list=22%, signal=25%",505
"BB3_all","BB3_all","CRPCvsHSPCplus","CRPC vs HSPC+","ABHD12",0.102272389367879,1561,0.350537104714385,0.97196958734216,"Yes",TRUE,505,0.345444574453269,1.30385331847812,0.0714051394204483,0.0714051394204483,NA,"tags=31%, list=22%, signal=25%",505
"BB3_all","BB3_all","CRPCvsHSPCplus","CRPC vs HSPC+","PSMD10",0.101347729215429,1587,0.206715762812674,0.97196958734216,"Yes",TRUE,505,0.345444574453269,1.30385331847812,0.0714051394204483,0.0714051394204483,NA,"tags=31%, list=22%, signal=25%",505
"BB3_all","BB3_all","CRPCvsHSPCplus","CRPC vs HSPC+","DGAT2",0.101086970008506,1593,0.332083511126905,0.97196958734216,"Yes",TRUE,505,0.345444574453269,1.30385331847812,0.0714051394204483,0.0714051394204483,NA,"tags=31%, list=22%, signal=25%",505
"BB3_all","BB3_all","CRPCvsHSPCplus","CRPC vs HSPC+","PSMA7",0.100837287692633,1600,0.193130392115332,0.97196958734216,"Yes",TRUE,505,0.345444574453269,1.30385331847812,0.0714051394204483,0.0714051394204483,NA,"tags=31%, list=22%, signal=25%",505
"BB3_all","BB3_all","CRPCvsHSPCplus","CRPC vs HSPC+","SNX17",0.0998392111247277,1633,0.0857218606322795,0.97196958734216,"Yes",TRUE,505,0.345444574453269,1.30385331847812,0.0714051394204483,0.0714051394204483,NA,"tags=31%, list=22%, signal=25%",505
"BB3_all","BB3_all","CRPCvsHSPCplus","CRPC vs HSPC+","MEAF6",0.0991077677858154,1657,0.29881730089446,0.97196958734216,"Yes",TRUE,505,0.345444574453269,1.30385331847812,0.0714051394204483,0.0714051394204483,NA,"tags=31%, list=22%, signal=25%",505
"BB3_all","BB3_all","CRPCvsHSPCplus","CRPC vs HSPC+","C2CD2",0.0990603462531015,1661,0.152097451352911,0.97196958734216,"Yes",TRUE,505,0.345444574453269,1.30385331847812,0.0714051394204483,0.0714051394204483,NA,"tags=31%, list=22%, signal=25%",505
"BB3_all","BB3_all","CRPCvsHSPCplus","CRPC vs HSPC+","NDUFC2",0.0989595954523077,1665,0.201429444654692,0.97196958734216,"Yes",TRUE,505,0.345444574453269,1.30385331847812,0.0714051394204483,0.0714051394204483,NA,"tags=31%, list=22%, signal=25%",505
"BB3_all","BB3_all","CRPCvsHSPCplus","CRPC vs HSPC+","EEF2",0.0989516841962281,1666,0.271930418497766,0.97196958734216,"Yes",TRUE,505,0.345444574453269,1.30385331847812,0.0714051394204483,0.0714051394204483,NA,"tags=31%, list=22%, signal=25%",505
"BB3_all","BB3_all","CRPCvsHSPCplus","CRPC vs HSPC+","FASTKD2",0.0977116115478438,1705,0.300184629353774,0.97196958734216,"Yes",TRUE,505,0.345444574453269,1.30385331847812,0.0714051394204483,0.0714051394204483,NA,"tags=31%, list=22%, signal=25%",505
"BB3_all","BB3_all","CRPCvsHSPCplus","CRPC vs HSPC+","GEMIN5",0.0974462350951848,1713,0.0764240271919158,0.97196958734216,"Yes",TRUE,505,0.345444574453269,1.30385331847812,0.0714051394204483,0.0714051394204483,NA,"tags=31%, list=22%, signal=25%",505
"BB3_all","BB3_all","CRPCvsHSPCplus","CRPC vs HSPC+","DYNLT3",0.0973768615426445,1716,0.208460626202575,0.97196958734216,"Yes",TRUE,505,0.345444574453269,1.30385331847812,0.0714051394204483,0.0714051394204483,NA,"tags=31%, list=22%, signal=25%",505
"BB3_all","BB3_all","CRPCvsHSPCplus","CRPC vs HSPC+","PRIMA1",0.0953344115491284,1809,0.369937861003491,0.97196958734216,"Yes",TRUE,505,0.345444574453269,1.30385331847812,0.0714051394204483,0.0714051394204483,NA,"tags=31%, list=22%, signal=25%",505
"BB3_all","BB3_all","CRPCvsHSPCplus","CRPC vs HSPC+","SAPCD2",0.095207252441047,1815,0.351376864996637,0.97196958734216,"Yes",TRUE,505,0.345444574453269,1.30385331847812,0.0714051394204483,0.0714051394204483,NA,"tags=31%, list=22%, signal=25%",505
"BB3_all","BB3_all","CRPCvsHSPCplus","CRPC vs HSPC+","ASAP2",0.0951974587988982,1816,0.285802448795713,0.97196958734216,"Yes",TRUE,505,0.345444574453269,1.30385331847812,0.0714051394204483,0.0714051394204483,NA,"tags=31%, list=22%, signal=25%",505
"BB3_all","BB3_all","CRPCvsHSPCplus","CRPC vs HSPC+","ARPC1B",0.0949227160025252,1827,0.154584926051932,0.97196958734216,"Yes",TRUE,505,0.345444574453269,1.30385331847812,0.0714051394204483,0.0714051394204483,NA,"tags=31%, list=22%, signal=25%",505
"BB3_all","BB3_all","CRPCvsHSPCplus","CRPC vs HSPC+","RNF144B",0.0946993290078155,1831,0.4010863455308,0.97196958734216,"Yes",TRUE,505,0.345444574453269,1.30385331847812,0.0714051394204483,0.0714051394204483,NA,"tags=31%, list=22%, signal=25%",505
"BB3_all","BB3_all","CRPCvsHSPCplus","CRPC vs HSPC+","RIOX2",0.0929033519241962,1895,0.152279034622547,0.97196958734216,"Yes",TRUE,505,0.345444574453269,1.30385331847812,0.0714051394204483,0.0714051394204483,NA,"tags=31%, list=22%, signal=25%",505
"BB3_all","BB3_all","CRPCvsHSPCplus","CRPC vs HSPC+","DDX3X",0.0928092790381685,1901,0.151546319152463,0.97196958734216,"Yes",TRUE,505,0.345444574453269,1.30385331847812,0.0714051394204483,0.0714051394204483,NA,"tags=31%, list=22%, signal=25%",505
"BB3_all","BB3_all","CRPCvsHSPCplus","CRPC vs HSPC+","PLXNB2",0.0924949762046001,1917,0.260639990116314,0.97196958734216,"Yes",TRUE,505,0.345444574453269,1.30385331847812,0.0714051394204483,0.0714051394204483,NA,"tags=31%, list=22%, signal=25%",505
"BB3_all","BB3_all","CRPCvsHSPCplus","CRPC vs HSPC+","HIGD1A",0.0919053542965829,1939,0.288142199775021,0.97196958734216,"Yes",TRUE,505,0.345444574453269,1.30385331847812,0.0714051394204483,0.0714051394204483,NA,"tags=31%, list=22%, signal=25%",505
"BB3_all","BB3_all","CRPCvsHSPCplus","CRPC vs HSPC+","SOWAHC",0.0918933483757263,1940,0.177684283406567,0.97196958734216,"Yes",TRUE,505,0.345444574453269,1.30385331847812,0.0714051394204483,0.0714051394204483,NA,"tags=31%, list=22%, signal=25%",505
"BB3_all","BB3_all","CRPCvsHSPCplus","CRPC vs HSPC+","WIZ",0.0918550214991232,1943,0.170602351276269,0.97196958734216,"Yes",TRUE,505,0.345444574453269,1.30385331847812,0.0714051394204483,0.0714051394204483,NA,"tags=31%, list=22%, signal=25%",505
"BB3_all","BB3_all","CRPCvsHSPCplus","CRPC vs HSPC+","TRRAP",0.0917702599058514,1947,0.25110969348129,0.97196958734216,"Yes",TRUE,505,0.345444574453269,1.30385331847812,0.0714051394204483,0.0714051394204483,NA,"tags=31%, list=22%, signal=25%",505
"BB3_all","BB3_all","CRPCvsHSPCplus","CRPC vs HSPC+","RTF1",0.0916908593675481,1952,0.0871004746204469,0.97196958734216,"Yes",TRUE,505,0.345444574453269,1.30385331847812,0.0714051394204483,0.0714051394204483,NA,"tags=31%, list=22%, signal=25%",505
"BB3_all","BB3_all","CRPCvsHSPCplus","CRPC vs HSPC+","RREB1",0.0895821098403968,2041,0.190773560645716,0.97196958734216,"Yes",TRUE,505,0.345444574453269,1.30385331847812,0.0714051394204483,0.0714051394204483,NA,"tags=31%, list=22%, signal=25%",505
"BB3_all","BB3_all","CRPCvsHSPCplus","CRPC vs HSPC+","DDX18",0.0890997284656185,2060,0.15157041052516,0.97196958734216,"Yes",TRUE,505,0.345444574453269,1.30385331847812,0.0714051394204483,0.0714051394204483,NA,"tags=31%, list=22%, signal=25%",505
"BB3_all","BB3_all","CRPCvsHSPCplus","CRPC vs HSPC+","OSCP1",0.0888387846187579,2065,0.168909004079336,0.97196958734216,"Yes",TRUE,505,0.345444574453269,1.30385331847812,0.0714051394204483,0.0714051394204483,NA,"tags=31%, list=22%, signal=25%",505
"BB3_all","BB3_all","CRPCvsHSPCplus","CRPC vs HSPC+","AMER1",0.0880925527530751,2093,0.183249378646875,0.97196958734216,"Yes",TRUE,505,0.345444574453269,1.30385331847812,0.0714051394204483,0.0714051394204483,NA,"tags=31%, list=22%, signal=25%",505
"BB3_all","BB3_all","CRPCvsHSPCplus","CRPC vs HSPC+","RPRD1A",0.0859611298534877,2184,0.245011179531945,0.97196958734216,"Yes",TRUE,505,0.345444574453269,1.30385331847812,0.0714051394204483,0.0714051394204483,NA,"tags=31%, list=22%, signal=25%",505
"BB3_all","BB3_all","CRPCvsHSPCplus","CRPC vs HSPC+","RBAK",0.0839931706344879,2278,0.128832778702663,0.97196958734216,"Yes",TRUE,505,0.345444574453269,1.30385331847812,0.0714051394204483,0.0714051394204483,NA,"tags=31%, list=22%, signal=25%",505
"BB3_all","BB3_all","CRPCvsHSPCplus","CRPC vs HSPC+","ANXA6",0.0836618963622948,2288,0.463417553631498,0.97196958734216,"Yes",TRUE,505,0.345444574453269,1.30385331847812,0.0714051394204483,0.0714051394204483,NA,"tags=31%, list=22%, signal=25%",505
"BB3_all","BB3_all","CRPCvsHSPCplus","CRPC vs HSPC+","LMBRD2",0.0831739612961635,2315,0.270930825284839,0.97196958734216,"Yes",TRUE,505,0.345444574453269,1.30385331847812,0.0714051394204483,0.0714051394204483,NA,"tags=31%, list=22%, signal=25%",505
"BB3_all","BB3_all","CRPCvsHSPCplus","CRPC vs HSPC+","GPR27",0.0823083862296379,2362,0.417130711770264,0.97196958734216,"Yes",TRUE,505,0.345444574453269,1.30385331847812,0.0714051394204483,0.0714051394204483,NA,"tags=31%, list=22%, signal=25%",505
"BB3_all","BB3_all","CRPCvsHSPCplus","CRPC vs HSPC+","COX7C",0.0819532693076468,2377,0.372255613078845,0.97196958734216,"Yes",TRUE,505,0.345444574453269,1.30385331847812,0.0714051394204483,0.0714051394204483,NA,"tags=31%, list=22%, signal=25%",505
"BB3_all","BB3_all","CRPCvsHSPCplus","CRPC vs HSPC+","ENPP3",0.081923837203788,2379,0.52947522041154,0.97360313913447,"Yes",TRUE,505,0.345444574453269,1.30385331847812,0.0714051394204483,0.0714051394204483,NA,"tags=31%, list=22%, signal=25%",505
"BB3_all","BB3_all","CRPCvsHSPCplus","CRPC vs HSPC+","PIGN",0.0819053808597692,2380,0.199361199832617,0.97196958734216,"Yes",TRUE,505,0.345444574453269,1.30385331847812,0.0714051394204483,0.0714051394204483,NA,"tags=31%, list=22%, signal=25%",505
"BB3_all","BB3_all","CRPCvsHSPCplus","CRPC vs HSPC+","IBTK",0.0812603467801147,2404,0.256925595133078,0.97196958734216,"Yes",TRUE,505,0.345444574453269,1.30385331847812,0.0714051394204483,0.0714051394204483,NA,"tags=31%, list=22%, signal=25%",505
"BB3_all","BB3_all","CRPCvsHSPCplus","CRPC vs HSPC+","POLR3E",0.0812397578394508,2406,0.152369275198328,0.97196958734216,"Yes",TRUE,505,0.345444574453269,1.30385331847812,0.0714051394204483,0.0714051394204483,NA,"tags=31%, list=22%, signal=25%",505
"BB3_all","BB3_all","CRPCvsHSPCplus","CRPC vs HSPC+","COX14",0.0804142289475278,2452,0.363877757869874,0.97196958734216,"Yes",TRUE,505,0.345444574453269,1.30385331847812,0.0714051394204483,0.0714051394204483,NA,"tags=31%, list=22%, signal=25%",505
"BB3_all","BB3_all","CRPCvsHSPCplus","CRPC vs HSPC+","PRKDC",0.0802028953630751,2460,0.436966666161613,0.97196958734216,"Yes",TRUE,505,0.345444574453269,1.30385331847812,0.0714051394204483,0.0714051394204483,NA,"tags=31%, list=22%, signal=25%",505
"BB3_all","BB3_all","CRPCvsHSPCplus","CRPC vs HSPC+","MORC4",0.0787471428128268,2526,0.295978436070523,0.97196958734216,"Yes",TRUE,505,0.345444574453269,1.30385331847812,0.0714051394204483,0.0714051394204483,NA,"tags=31%, list=22%, signal=25%",505
"BB3_all","BB3_all","CRPCvsHSPCplus","CRPC vs HSPC+","TSPYL4",0.0785746129361442,2535,0.384655563726848,0.97196958734216,"Yes",TRUE,505,0.345444574453269,1.30385331847812,0.0714051394204483,0.0714051394204483,NA,"tags=31%, list=22%, signal=25%",505
"BB3_all","BB3_all","CRPCvsHSPCplus","CRPC vs HSPC+","C1orf210",0.0781480727514854,2559,0.358452341205669,0.97196958734216,"Yes",TRUE,505,0.345444574453269,1.30385331847812,0.0714051394204483,0.0714051394204483,NA,"tags=31%, list=22%, signal=25%",505
"BB3_all","BB3_all","CRPCvsHSPCplus","CRPC vs HSPC+","MPRIP",0.0747583372450746,2735,0.24416052333617,0.97196958734216,"Yes",TRUE,505,0.345444574453269,1.30385331847812,0.0714051394204483,0.0714051394204483,NA,"tags=31%, list=22%, signal=25%",505
"BB3_all","BB3_all","CRPCvsHSPCplus","CRPC vs HSPC+","ATG9A",0.0743801601955849,2757,0.378784827789088,0.97196958734216,"Yes",TRUE,505,0.345444574453269,1.30385331847812,0.0714051394204483,0.0714051394204483,NA,"tags=31%, list=22%, signal=25%",505
"BB3_all","BB3_all","CRPCvsHSPCplus","CRPC vs HSPC+","FAM169A",0.0742465428348318,2765,0.242332556123088,0.97196958734216,"Yes",TRUE,505,0.345444574453269,1.30385331847812,0.0714051394204483,0.0714051394204483,NA,"tags=31%, list=22%, signal=25%",505
"BB3_all","BB3_all","CRPCvsHSPCplus","CRPC vs HSPC+","NOP9",0.0737400824068271,2793,0.245188744021925,0.97196958734216,"Yes",TRUE,505,0.345444574453269,1.30385331847812,0.0714051394204483,0.0714051394204483,NA,"tags=31%, list=22%, signal=25%",505
"BB3_all","BB3_all","CRPCvsHSPCplus","CRPC vs HSPC+","NOS1AP",0.0724602608714536,2865,0.202603529011624,0.97196958734216,"Yes",TRUE,505,0.345444574453269,1.30385331847812,0.0714051394204483,0.0714051394204483,NA,"tags=31%, list=22%, signal=25%",505
"BB3_all","BB3_all","CRPCvsHSPCplus","CRPC vs HSPC+","WDR35",0.0718299366334354,2896,0.221511714351744,0.97196958734216,"Yes",TRUE,505,0.345444574453269,1.30385331847812,0.0714051394204483,0.0714051394204483,NA,"tags=31%, list=22%, signal=25%",505
"BB3_all","BB3_all","CRPCvsHSPCplus","CRPC vs HSPC+","KTN1",0.0718280007095577,2897,0.251601897343394,0.97196958734216,"Yes",TRUE,505,0.345444574453269,1.30385331847812,0.0714051394204483,0.0714051394204483,NA,"tags=31%, list=22%, signal=25%",505
"BB3_all","BB3_all","CRPCvsHSPCplus","CRPC vs HSPC+","IPO5",0.0715255130893828,2912,0.26558295437123,0.97196958734216,"Yes",TRUE,505,0.345444574453269,1.30385331847812,0.0714051394204483,0.0714051394204483,NA,"tags=31%, list=22%, signal=25%",505
"BB3_all","BB3_all","CRPCvsHSPCplus","CRPC vs HSPC+","NCAPD3",0.0708001897315693,2943,0.723084378661721,0.987814026003266,"Yes",TRUE,505,0.345444574453269,1.30385331847812,0.0714051394204483,0.0714051394204483,NA,"tags=31%, list=22%, signal=25%",505
"BB3_all","BB3_all","CRPCvsHSPCplus","CRPC vs HSPC+","MYO1C",0.0704380490172722,2960,0.375296715069938,0.97196958734216,"Yes",TRUE,505,0.345444574453269,1.30385331847812,0.0714051394204483,0.0714051394204483,NA,"tags=31%, list=22%, signal=25%",505
"BB3_all","BB3_all","CRPCvsHSPCplus","CRPC vs HSPC+","ATP6V0E1",0.0695983011141443,2998,0.378312431007945,0.97196958734216,"Yes",TRUE,505,0.345444574453269,1.30385331847812,0.0714051394204483,0.0714051394204483,NA,"tags=31%, list=22%, signal=25%",505
"BB3_all","BB3_all","CRPCvsHSPCplus","CRPC vs HSPC+","NAA15",0.0690228214567248,3039,0.248046834089632,0.97196958734216,"Yes",TRUE,505,0.345444574453269,1.30385331847812,0.0714051394204483,0.0714051394204483,NA,"tags=31%, list=22%, signal=25%",505
"BB3_all","BB3_all","CRPCvsHSPCplus","CRPC vs HSPC+","WASF2",0.0675222914544653,3118,0.338931774730166,0.97196958734216,"Yes",TRUE,505,0.345444574453269,1.30385331847812,0.0714051394204483,0.0714051394204483,NA,"tags=31%, list=22%, signal=25%",505
"BB3_all","BB3_all","CRPCvsHSPCplus","CRPC vs HSPC+","CSDE1",0.0672267495497962,3137,0.22988949011908,0.97196958734216,"Yes",TRUE,505,0.345444574453269,1.30385331847812,0.0714051394204483,0.0714051394204483,NA,"tags=31%, list=22%, signal=25%",505
"BB3_all","BB3_all","CRPCvsHSPCplus","CRPC vs HSPC+","SKP1",0.0667649380755444,3172,0.295302719231722,0.97196958734216,"Yes",TRUE,505,0.345444574453269,1.30385331847812,0.0714051394204483,0.0714051394204483,NA,"tags=31%, list=22%, signal=25%",505
"BB3_all","BB3_all","CRPCvsHSPCplus","CRPC vs HSPC+","PIFO",0.0666283851635252,3179,0.59804821111089,0.97900238947488,"Yes",TRUE,505,0.345444574453269,1.30385331847812,0.0714051394204483,0.0714051394204483,NA,"tags=31%, list=22%, signal=25%",505
"BB3_all","BB3_all","CRPCvsHSPCplus","CRPC vs HSPC+","CENPH",0.0664525939454479,3193,0.403430626853273,0.97196958734216,"Yes",TRUE,505,0.345444574453269,1.30385331847812,0.0714051394204483,0.0714051394204483,NA,"tags=31%, list=22%, signal=25%",505
"BB3_all","BB3_all","CRPCvsHSPCplus","CRPC vs HSPC+","NDUFC1",0.0660583338133396,3224,0.406669231551394,0.97196958734216,"Yes",TRUE,505,0.345444574453269,1.30385331847812,0.0714051394204483,0.0714051394204483,NA,"tags=31%, list=22%, signal=25%",505
"BB3_all","BB3_all","CRPCvsHSPCplus","CRPC vs HSPC+","ARHGEF17",0.0652015176068863,3284,0.482550881864386,0.97196958734216,"Yes",TRUE,505,0.345444574453269,1.30385331847812,0.0714051394204483,0.0714051394204483,NA,"tags=31%, list=22%, signal=25%",505
"BB3_all","BB3_all","CRPCvsHSPCplus","CRPC vs HSPC+","PEX2",0.0641138570963111,3349,0.34859266955621,0.97196958734216,"Yes",TRUE,505,0.345444574453269,1.30385331847812,0.0714051394204483,0.0714051394204483,NA,"tags=31%, list=22%, signal=25%",505
"BB3_all","BB3_all","CRPCvsHSPCplus","CRPC vs HSPC+","ZNF561",0.0637636555995398,3367,0.236372522112232,0.97196958734216,"Yes",TRUE,505,0.345444574453269,1.30385331847812,0.0714051394204483,0.0714051394204483,NA,"tags=31%, list=22%, signal=25%",505
"BB3_all","BB3_all","CRPCvsHSPCplus","CRPC vs HSPC+","MTX2",0.0635212017193627,3378,0.419326822512042,0.97196958734216,"Yes",TRUE,505,0.345444574453269,1.30385331847812,0.0714051394204483,0.0714051394204483,NA,"tags=31%, list=22%, signal=25%",505
"BB3_all","BB3_all","CRPCvsHSPCplus","CRPC vs HSPC+","PSMD2",0.0629990848698636,3414,0.332067814842373,0.97196958734216,"Yes",TRUE,505,0.345444574453269,1.30385331847812,0.0714051394204483,0.0714051394204483,NA,"tags=31%, list=22%, signal=25%",505
"BB3_all","BB3_all","CRPCvsHSPCplus","CRPC vs HSPC+","MECP2",0.0628126530129198,3429,0.298871763153741,0.97196958734216,"Yes",TRUE,505,0.345444574453269,1.30385331847812,0.0714051394204483,0.0714051394204483,NA,"tags=31%, list=22%, signal=25%",505
"BB3_all","BB3_all","CRPCvsHSPCplus","CRPC vs HSPC+","MUC1",0.062777383690348,3431,0.755082524560231,0.990191979852221,"Yes",TRUE,505,0.345444574453269,1.30385331847812,0.0714051394204483,0.0714051394204483,NA,"tags=31%, list=22%, signal=25%",505
"BB3_all","BB3_all","CRPCvsHSPCplus","CRPC vs HSPC+","NUP88",0.0626137313908317,3435,0.274390902018477,0.97196958734216,"Yes",TRUE,505,0.345444574453269,1.30385331847812,0.0714051394204483,0.0714051394204483,NA,"tags=31%, list=22%, signal=25%",505
"BB3_all","BB3_all","CRPCvsHSPCplus","CRPC vs HSPC+","EMB",0.0625079329520046,3442,0.576907025599439,0.978321129890853,"Yes",TRUE,505,0.345444574453269,1.30385331847812,0.0714051394204483,0.0714051394204483,NA,"tags=31%, list=22%, signal=25%",505
"BB3_all","BB3_all","CRPCvsHSPCplus","CRPC vs HSPC+","SELENOK",0.06211667488191,3462,0.499052940863999,0.97196958734216,"Yes",TRUE,505,0.345444574453269,1.30385331847812,0.0714051394204483,0.0714051394204483,NA,"tags=31%, list=22%, signal=25%",505
"BB3_all","BB3_all","CRPCvsHSPCplus","CRPC vs HSPC+","PDCD7",0.0614728057906664,3509,0.17093753063867,0.97196958734216,"Yes",TRUE,505,0.345444574453269,1.30385331847812,0.0714051394204483,0.0714051394204483,NA,"tags=31%, list=22%, signal=25%",505
"BB3_all","BB3_all","CRPCvsHSPCplus","CRPC vs HSPC+","EXOC4",0.0613985942097708,3513,0.224226699931411,0.97196958734216,"Yes",TRUE,505,0.345444574453269,1.30385331847812,0.0714051394204483,0.0714051394204483,NA,"tags=31%, list=22%, signal=25%",505
"BB3_all","BB3_all","CRPCvsHSPCplus","CRPC vs HSPC+","ZFR",0.0612607978992115,3526,0.315926521024163,0.97196958734216,"Yes",TRUE,505,0.345444574453269,1.30385331847812,0.0714051394204483,0.0714051394204483,NA,"tags=31%, list=22%, signal=25%",505
"BB3_all","BB3_all","CRPCvsHSPCplus","CRPC vs HSPC+","LYRM9",0.0610112289935494,3545,0.334137241812207,0.97196958734216,"Yes",TRUE,505,0.345444574453269,1.30385331847812,0.0714051394204483,0.0714051394204483,NA,"tags=31%, list=22%, signal=25%",505
"BB3_all","BB3_all","CRPCvsHSPCplus","CRPC vs HSPC+","KBTBD11",0.0605768696006468,3572,0.574999725723775,0.978181311799006,"Yes",TRUE,505,0.345444574453269,1.30385331847812,0.0714051394204483,0.0714051394204483,NA,"tags=31%, list=22%, signal=25%",505
"BB3_all","BB3_all","CRPCvsHSPCplus","CRPC vs HSPC+","RB1CC1",0.0600461955089062,3606,0.452914873031069,0.97196958734216,"Yes",TRUE,505,0.345444574453269,1.30385331847812,0.0714051394204483,0.0714051394204483,NA,"tags=31%, list=22%, signal=25%",505
"BB3_all","BB3_all","CRPCvsHSPCplus","CRPC vs HSPC+","AVL9",0.0592707181008967,3660,0.393333766420607,0.97196958734216,"Yes",TRUE,505,0.345444574453269,1.30385331847812,0.0714051394204483,0.0714051394204483,NA,"tags=31%, list=22%, signal=25%",505
"BB3_all","BB3_all","CRPCvsHSPCplus","CRPC vs HSPC+","SHANK2",0.0585074656175963,3725,0.490645371532185,0.97196958734216,"Yes",TRUE,505,0.345444574453269,1.30385331847812,0.0714051394204483,0.0714051394204483,NA,"tags=31%, list=22%, signal=25%",505
"BB3_all","BB3_all","CRPCvsHSPCplus","CRPC vs HSPC+","CCNE1",0.0581048254869814,3752,0.519929278356958,0.97196958734216,"Yes",TRUE,505,0.345444574453269,1.30385331847812,0.0714051394204483,0.0714051394204483,NA,"tags=31%, list=22%, signal=25%",505
"BB3_all","BB3_all","CRPCvsHSPCplus","CRPC vs HSPC+","PREPL",0.0574146918515144,3791,0.391277931706979,0.97196958734216,"Yes",TRUE,505,0.345444574453269,1.30385331847812,0.0714051394204483,0.0714051394204483,NA,"tags=31%, list=22%, signal=25%",505
"BB3_all","BB3_all","CRPCvsHSPCplus","CRPC vs HSPC+","KIF3B",0.0560881482965119,3878,0.332275759593378,0.97196958734216,"Yes",TRUE,505,0.345444574453269,1.30385331847812,0.0714051394204483,0.0714051394204483,NA,"tags=31%, list=22%, signal=25%",505
"BB3_all","BB3_all","CRPCvsHSPCplus","CRPC vs HSPC+","MORN2",0.05583195760489,3893,0.546211732438282,0.976755229736762,"Yes",TRUE,505,0.345444574453269,1.30385331847812,0.0714051394204483,0.0714051394204483,NA,"tags=31%, list=22%, signal=25%",505
"BB3_all","BB3_all","CRPCvsHSPCplus","CRPC vs HSPC+","BANP",0.055758934709643,3897,0.255849459926139,0.97196958734216,"Yes",TRUE,505,0.345444574453269,1.30385331847812,0.0714051394204483,0.0714051394204483,NA,"tags=31%, list=22%, signal=25%",505
"BB3_all","BB3_all","CRPCvsHSPCplus","CRPC vs HSPC+","DAZAP2",0.0556942686908437,3903,0.361662737819592,0.97196958734216,"Yes",TRUE,505,0.345444574453269,1.30385331847812,0.0714051394204483,0.0714051394204483,NA,"tags=31%, list=22%, signal=25%",505
"BB3_all","BB3_all","CRPCvsHSPCplus","CRPC vs HSPC+","OAZ3",0.0554682721364517,3911,0.426801344199029,0.97196958734216,"Yes",TRUE,505,0.345444574453269,1.30385331847812,0.0714051394204483,0.0714051394204483,NA,"tags=31%, list=22%, signal=25%",505
"BB3_all","BB3_all","CRPCvsHSPCplus","CRPC vs HSPC+","TGFBRAP1",0.055071580006377,3932,0.397376676359491,0.97196958734216,"Yes",TRUE,505,0.345444574453269,1.30385331847812,0.0714051394204483,0.0714051394204483,NA,"tags=31%, list=22%, signal=25%",505
"BB3_all","BB3_all","CRPCvsHSPCplus","CRPC vs HSPC+","FKTN",0.0550191396464461,3937,0.30754420497816,0.97196958734216,"Yes",TRUE,505,0.345444574453269,1.30385331847812,0.0714051394204483,0.0714051394204483,NA,"tags=31%, list=22%, signal=25%",505
"BB3_all","BB3_all","CRPCvsHSPCplus","CRPC vs HSPC+","HMGB1",0.0548491198612497,3946,0.410761031094405,0.97196958734216,"Yes",TRUE,505,0.345444574453269,1.30385331847812,0.0714051394204483,0.0714051394204483,NA,"tags=31%, list=22%, signal=25%",505
"BB3_all","BB3_all","CRPCvsHSPCplus","CRPC vs HSPC+","NDUFB6",0.0546771126781334,3958,0.568791283088735,0.977143590174758,"Yes",TRUE,505,0.345444574453269,1.30385331847812,0.0714051394204483,0.0714051394204483,NA,"tags=31%, list=22%, signal=25%",505
"BB3_all","BB3_all","CRPCvsHSPCplus","CRPC vs HSPC+","SERINC2",0.0542056951178225,3991,0.633952144525908,0.985433361581401,"Yes",TRUE,505,0.345444574453269,1.30385331847812,0.0714051394204483,0.0714051394204483,NA,"tags=31%, list=22%, signal=25%",505
"BB3_all","BB3_all","CRPCvsHSPCplus","CRPC vs HSPC+","PTGER4",0.0541087705915462,3995,0.637944077569518,0.985433361581401,"Yes",TRUE,505,0.345444574453269,1.30385331847812,0.0714051394204483,0.0714051394204483,NA,"tags=31%, list=22%, signal=25%",505
"BB3_all","BB3_all","CRPCvsHSPCplus","CRPC vs HSPC+","MEX3A",0.0525927973360307,4112,0.707270236209065,0.987466104627567,"No",FALSE,505,0.345444574453269,1.30385331847812,0.0714051394204483,0.0714051394204483,NA,"tags=31%, list=22%, signal=25%",505
"BB3_all","BB3_all","CRPCvsHSPCplus","CRPC vs HSPC+","LCN2",0.0524972493786122,4115,0.860562098395008,0.996794844179341,"No",FALSE,505,0.345444574453269,1.30385331847812,0.0714051394204483,0.0714051394204483,NA,"tags=31%, list=22%, signal=25%",505
"BB3_all","BB3_all","CRPCvsHSPCplus","CRPC vs HSPC+","HSP90AA1",0.0520659694871091,4143,0.491796608026662,0.97196958734216,"No",FALSE,505,0.345444574453269,1.30385331847812,0.0714051394204483,0.0714051394204483,NA,"tags=31%, list=22%, signal=25%",505
"BB3_all","BB3_all","CRPCvsHSPCplus","CRPC vs HSPC+","GNG10",0.0507260634624833,4237,0.427299312194735,0.97196958734216,"No",FALSE,505,0.345444574453269,1.30385331847812,0.0714051394204483,0.0714051394204483,NA,"tags=31%, list=22%, signal=25%",505
"BB3_all","BB3_all","CRPCvsHSPCplus","CRPC vs HSPC+","RABL3",0.0507222001755179,4238,0.406484111362551,0.97196958734216,"No",FALSE,505,0.345444574453269,1.30385331847812,0.0714051394204483,0.0714051394204483,NA,"tags=31%, list=22%, signal=25%",505
"BB3_all","BB3_all","CRPCvsHSPCplus","CRPC vs HSPC+","PLOD1",0.0505420386623134,4254,0.50516018766411,0.97196958734216,"No",FALSE,505,0.345444574453269,1.30385331847812,0.0714051394204483,0.0714051394204483,NA,"tags=31%, list=22%, signal=25%",505
"BB3_all","BB3_all","CRPCvsHSPCplus","CRPC vs HSPC+","DCTN3",0.0505234583533181,4257,0.497861585476219,0.97196958734216,"No",FALSE,505,0.345444574453269,1.30385331847812,0.0714051394204483,0.0714051394204483,NA,"tags=31%, list=22%, signal=25%",505
"BB3_all","BB3_all","CRPCvsHSPCplus","CRPC vs HSPC+","ZBTB2",0.0504682451806362,4259,0.283583793661092,0.97196958734216,"No",FALSE,505,0.345444574453269,1.30385331847812,0.0714051394204483,0.0714051394204483,NA,"tags=31%, list=22%, signal=25%",505
"BB3_all","BB3_all","CRPCvsHSPCplus","CRPC vs HSPC+","PRR13",0.0504407362903674,4263,0.466387764296593,0.97196958734216,"No",FALSE,505,0.345444574453269,1.30385331847812,0.0714051394204483,0.0714051394204483,NA,"tags=31%, list=22%, signal=25%",505
"BB3_all","BB3_all","CRPCvsHSPCplus","CRPC vs HSPC+","EMC10",0.0492865958132072,4357,0.438542118553996,0.97196958734216,"No",FALSE,505,0.345444574453269,1.30385331847812,0.0714051394204483,0.0714051394204483,NA,"tags=31%, list=22%, signal=25%",505
"BB3_all","BB3_all","CRPCvsHSPCplus","CRPC vs HSPC+","MAPT",0.0489273245788704,4382,0.686300708939893,0.987151709333159,"No",FALSE,505,0.345444574453269,1.30385331847812,0.0714051394204483,0.0714051394204483,NA,"tags=31%, list=22%, signal=25%",505
"BB3_all","BB3_all","CRPCvsHSPCplus","CRPC vs HSPC+","TAF4B",0.0487951717071504,4390,0.471362126843464,0.97196958734216,"No",FALSE,505,0.345444574453269,1.30385331847812,0.0714051394204483,0.0714051394204483,NA,"tags=31%, list=22%, signal=25%",505
"BB3_all","BB3_all","CRPCvsHSPCplus","CRPC vs HSPC+","COX8A",0.0485434047446347,4407,0.604673277770595,0.979660576859647,"No",FALSE,505,0.345444574453269,1.30385331847812,0.0714051394204483,0.0714051394204483,NA,"tags=31%, list=22%, signal=25%",505
"BB3_all","BB3_all","CRPCvsHSPCplus","CRPC vs HSPC+","DCAF1",0.0485178696758695,4412,0.401561401649252,0.97196958734216,"No",FALSE,505,0.345444574453269,1.30385331847812,0.0714051394204483,0.0714051394204483,NA,"tags=31%, list=22%, signal=25%",505
"BB3_all","BB3_all","CRPCvsHSPCplus","CRPC vs HSPC+","KDM4C",0.0478644968169442,4465,0.41556353226024,0.97196958734216,"No",FALSE,505,0.345444574453269,1.30385331847812,0.0714051394204483,0.0714051394204483,NA,"tags=31%, list=22%, signal=25%",505
"BB3_all","BB3_all","CRPCvsHSPCplus","CRPC vs HSPC+","CDC42SE1",0.0471918281533048,4511,0.537281576625588,0.975683920476232,"No",FALSE,505,0.345444574453269,1.30385331847812,0.0714051394204483,0.0714051394204483,NA,"tags=31%, list=22%, signal=25%",505
"BB3_all","BB3_all","CRPCvsHSPCplus","CRPC vs HSPC+","IGIP",0.0465584002669672,4556,0.457598871621467,0.97196958734216,"No",FALSE,505,0.345444574453269,1.30385331847812,0.0714051394204483,0.0714051394204483,NA,"tags=31%, list=22%, signal=25%",505
"BB3_all","BB3_all","CRPCvsHSPCplus","CRPC vs HSPC+","RBM3",0.0464086755502544,4566,0.569088471631384,0.977143590174758,"No",FALSE,505,0.345444574453269,1.30385331847812,0.0714051394204483,0.0714051394204483,NA,"tags=31%, list=22%, signal=25%",505
"BB3_all","BB3_all","CRPCvsHSPCplus","CRPC vs HSPC+","PKP4",0.0461467662751489,4583,0.434449334249316,0.97196958734216,"No",FALSE,505,0.345444574453269,1.30385331847812,0.0714051394204483,0.0714051394204483,NA,"tags=31%, list=22%, signal=25%",505
"BB3_all","BB3_all","CRPCvsHSPCplus","CRPC vs HSPC+","ADAR",0.0455639902737728,4616,0.519448666346276,0.97196958734216,"No",FALSE,505,0.345444574453269,1.30385331847812,0.0714051394204483,0.0714051394204483,NA,"tags=31%, list=22%, signal=25%",505
"BB3_all","BB3_all","CRPCvsHSPCplus","CRPC vs HSPC+","ERCC6",0.0453662631712002,4626,0.404476338668653,0.97196958734216,"No",FALSE,505,0.345444574453269,1.30385331847812,0.0714051394204483,0.0714051394204483,NA,"tags=31%, list=22%, signal=25%",505
"BB3_all","BB3_all","CRPCvsHSPCplus","CRPC vs HSPC+","SLC25A16",0.045217377606249,4642,0.576319047296726,0.978321129890853,"No",FALSE,505,0.345444574453269,1.30385331847812,0.0714051394204483,0.0714051394204483,NA,"tags=31%, list=22%, signal=25%",505
"BB3_all","BB3_all","CRPCvsHSPCplus","CRPC vs HSPC+","RPL21",0.0439609863548309,4730,0.701605413044724,0.987151709333159,"No",FALSE,505,0.345444574453269,1.30385331847812,0.0714051394204483,0.0714051394204483,NA,"tags=31%, list=22%, signal=25%",505
"BB3_all","BB3_all","CRPCvsHSPCplus","CRPC vs HSPC+","HMGCS2",0.0438050806343879,4740,0.869413124438748,0.996794844179341,"No",FALSE,505,0.345444574453269,1.30385331847812,0.0714051394204483,0.0714051394204483,NA,"tags=31%, list=22%, signal=25%",505
"BB3_all","BB3_all","CRPCvsHSPCplus","CRPC vs HSPC+","TMEM42",0.0437713955902388,4743,0.68580492485752,0.987151709333159,"No",FALSE,505,0.345444574453269,1.30385331847812,0.0714051394204483,0.0714051394204483,NA,"tags=31%, list=22%, signal=25%",505
"BB3_all","BB3_all","CRPCvsHSPCplus","CRPC vs HSPC+","P4HA1",0.0436274439898821,4756,0.675095628299988,0.986876452660118,"No",FALSE,505,0.345444574453269,1.30385331847812,0.0714051394204483,0.0714051394204483,NA,"tags=31%, list=22%, signal=25%",505
"BB3_all","BB3_all","CRPCvsHSPCplus","CRPC vs HSPC+","COG5",0.043015073669908,4807,0.599067516790206,0.979072994163188,"No",FALSE,505,0.345444574453269,1.30385331847812,0.0714051394204483,0.0714051394204483,NA,"tags=31%, list=22%, signal=25%",505
"BB3_all","BB3_all","CRPCvsHSPCplus","CRPC vs HSPC+","ATRX",0.0425997210572646,4836,0.5905644004857,0.978378444627821,"No",FALSE,505,0.345444574453269,1.30385331847812,0.0714051394204483,0.0714051394204483,NA,"tags=31%, list=22%, signal=25%",505
"BB3_all","BB3_all","CRPCvsHSPCplus","CRPC vs HSPC+","RPTOR",0.0420498881913556,4885,0.482882374385872,0.97196958734216,"No",FALSE,505,0.345444574453269,1.30385331847812,0.0714051394204483,0.0714051394204483,NA,"tags=31%, list=22%, signal=25%",505
"BB3_all","BB3_all","CRPCvsHSPCplus","CRPC vs HSPC+","CREB1",0.0411859645858708,4954,0.454844551031965,0.97196958734216,"No",FALSE,505,0.345444574453269,1.30385331847812,0.0714051394204483,0.0714051394204483,NA,"tags=31%, list=22%, signal=25%",505
"BB3_all","BB3_all","CRPCvsHSPCplus","CRPC vs HSPC+","RAPGEF6",0.041032782985349,4970,0.39847815769834,0.97196958734216,"No",FALSE,505,0.345444574453269,1.30385331847812,0.0714051394204483,0.0714051394204483,NA,"tags=31%, list=22%, signal=25%",505
"BB3_all","BB3_all","CRPCvsHSPCplus","CRPC vs HSPC+","ISYNA1",0.0408634833298285,4984,0.721669892960515,0.987814026003266,"No",FALSE,505,0.345444574453269,1.30385331847812,0.0714051394204483,0.0714051394204483,NA,"tags=31%, list=22%, signal=25%",505
"BB3_all","BB3_all","CRPCvsHSPCplus","CRPC vs HSPC+","VKORC1",0.0407452403897497,4992,0.652138957836103,0.985433361581401,"No",FALSE,505,0.345444574453269,1.30385331847812,0.0714051394204483,0.0714051394204483,NA,"tags=31%, list=22%, signal=25%",505
"BB3_all","BB3_all","CRPCvsHSPCplus","CRPC vs HSPC+","ZNF468",0.0406656079035064,4998,0.537204589957033,0.975683920476232,"No",FALSE,505,0.345444574453269,1.30385331847812,0.0714051394204483,0.0714051394204483,NA,"tags=31%, list=22%, signal=25%",505
"BB3_all","BB3_all","CRPCvsHSPCplus","CRPC vs HSPC+","VAMP5",0.0405104212723568,5018,0.747108653870631,0.990191979852221,"No",FALSE,505,0.345444574453269,1.30385331847812,0.0714051394204483,0.0714051394204483,NA,"tags=31%, list=22%, signal=25%",505
"BB3_all","BB3_all","CRPCvsHSPCplus","CRPC vs HSPC+","ELOC",0.0402641705080957,5047,0.61913551862694,0.981856183079061,"No",FALSE,505,0.345444574453269,1.30385331847812,0.0714051394204483,0.0714051394204483,NA,"tags=31%, list=22%, signal=25%",505
"BB3_all","BB3_all","CRPCvsHSPCplus","CRPC vs HSPC+","ACACA",0.0402381220968993,5048,0.716509760217517,0.987705571113768,"No",FALSE,505,0.345444574453269,1.30385331847812,0.0714051394204483,0.0714051394204483,NA,"tags=31%, list=22%, signal=25%",505
"BB3_all","BB3_all","CRPCvsHSPCplus","CRPC vs HSPC+","MSRA",0.0401485979417082,5057,0.586557818790065,0.978378444627821,"No",FALSE,505,0.345444574453269,1.30385331847812,0.0714051394204483,0.0714051394204483,NA,"tags=31%, list=22%, signal=25%",505
"BB3_all","BB3_all","CRPCvsHSPCplus","CRPC vs HSPC+","ARPC3",0.0398050498652438,5080,0.582138278875199,0.978378444627821,"No",FALSE,505,0.345444574453269,1.30385331847812,0.0714051394204483,0.0714051394204483,NA,"tags=31%, list=22%, signal=25%",505
"BB3_all","BB3_all","CRPCvsHSPCplus","CRPC vs HSPC+","SP1",0.0388128908060295,5163,0.534418261670882,0.975054506894195,"No",FALSE,505,0.345444574453269,1.30385331847812,0.0714051394204483,0.0714051394204483,NA,"tags=31%, list=22%, signal=25%",505
"BB3_all","BB3_all","CRPCvsHSPCplus","CRPC vs HSPC+","TIPARP",0.0386135458489338,5181,0.707068835585,0.987466104627567,"No",FALSE,505,0.345444574453269,1.30385331847812,0.0714051394204483,0.0714051394204483,NA,"tags=31%, list=22%, signal=25%",505
"BB3_all","BB3_all","CRPCvsHSPCplus","CRPC vs HSPC+","ZNF500",0.0380192798587029,5226,0.432047263897386,0.97196958734216,"No",FALSE,505,0.345444574453269,1.30385331847812,0.0714051394204483,0.0714051394204483,NA,"tags=31%, list=22%, signal=25%",505
"BB3_all","BB3_all","CRPCvsHSPCplus","CRPC vs HSPC+","FAM177A1",0.0378666513237325,5236,0.560332977104555,0.976755229736762,"No",FALSE,505,0.345444574453269,1.30385331847812,0.0714051394204483,0.0714051394204483,NA,"tags=31%, list=22%, signal=25%",505
"BB3_all","BB3_all","CRPCvsHSPCplus","CRPC vs HSPC+","FBXO11",0.0378261724224194,5239,0.622189827227748,0.982651228429788,"No",FALSE,505,0.345444574453269,1.30385331847812,0.0714051394204483,0.0714051394204483,NA,"tags=31%, list=22%, signal=25%",505
"BB3_all","BB3_all","CRPCvsHSPCplus","CRPC vs HSPC+","NEK9",0.0376557084765645,5245,0.514247809561444,0.97196958734216,"No",FALSE,505,0.345444574453269,1.30385331847812,0.0714051394204483,0.0714051394204483,NA,"tags=31%, list=22%, signal=25%",505
"BB3_all","BB3_all","CRPCvsHSPCplus","CRPC vs HSPC+","DAP3",0.0367942745281233,5319,0.507553700212494,0.97196958734216,"No",FALSE,505,0.345444574453269,1.30385331847812,0.0714051394204483,0.0714051394204483,NA,"tags=31%, list=22%, signal=25%",505
"BB3_all","BB3_all","CRPCvsHSPCplus","CRPC vs HSPC+","ZFAT",0.0364325546200699,5347,0.483276740637244,0.97196958734216,"No",FALSE,505,0.345444574453269,1.30385331847812,0.0714051394204483,0.0714051394204483,NA,"tags=31%, list=22%, signal=25%",505
"BB3_all","BB3_all","CRPCvsHSPCplus","CRPC vs HSPC+","GPN2",0.0363304673534182,5356,0.358931205593115,0.97196958734216,"No",FALSE,505,0.345444574453269,1.30385331847812,0.0714051394204483,0.0714051394204483,NA,"tags=31%, list=22%, signal=25%",505
"BB3_all","BB3_all","CRPCvsHSPCplus","CRPC vs HSPC+","AZI2",0.0357793932556798,5399,0.496421844598251,0.97196958734216,"No",FALSE,505,0.345444574453269,1.30385331847812,0.0714051394204483,0.0714051394204483,NA,"tags=31%, list=22%, signal=25%",505
"BB3_all","BB3_all","CRPCvsHSPCplus","CRPC vs HSPC+","NDUFAF6",0.0357365144517137,5403,0.596335529160728,0.978871525070443,"No",FALSE,505,0.345444574453269,1.30385331847812,0.0714051394204483,0.0714051394204483,NA,"tags=31%, list=22%, signal=25%",505
"BB3_all","BB3_all","CRPCvsHSPCplus","CRPC vs HSPC+","ATP6V1E1",0.035619294708841,5412,0.577786470945699,0.978321129890853,"No",FALSE,505,0.345444574453269,1.30385331847812,0.0714051394204483,0.0714051394204483,NA,"tags=31%, list=22%, signal=25%",505
"BB3_all","BB3_all","CRPCvsHSPCplus","CRPC vs HSPC+","FARP1",0.0352342550047502,5443,0.66497375853956,0.985433361581401,"No",FALSE,505,0.345444574453269,1.30385331847812,0.0714051394204483,0.0714051394204483,NA,"tags=31%, list=22%, signal=25%",505
"BB3_all","BB3_all","CRPCvsHSPCplus","CRPC vs HSPC+","RALGAPA1",0.0352213610147132,5445,0.613805957851027,0.980640428811616,"No",FALSE,505,0.345444574453269,1.30385331847812,0.0714051394204483,0.0714051394204483,NA,"tags=31%, list=22%, signal=25%",505
"BB3_all","BB3_all","CRPCvsHSPCplus","CRPC vs HSPC+","BICD2",0.0350531667376708,5458,0.569121120729084,0.977143590174758,"No",FALSE,505,0.345444574453269,1.30385331847812,0.0714051394204483,0.0714051394204483,NA,"tags=31%, list=22%, signal=25%",505
"BB3_all","BB3_all","CRPCvsHSPCplus","CRPC vs HSPC+","NUMBL",0.0350354848397636,5460,0.630393995867092,0.985433361581401,"No",FALSE,505,0.345444574453269,1.30385331847812,0.0714051394204483,0.0714051394204483,NA,"tags=31%, list=22%, signal=25%",505
"BB3_all","BB3_all","CRPCvsHSPCplus","CRPC vs HSPC+","ZBTB45",0.0348583071998334,5481,0.639157202437467,0.985433361581401,"No",FALSE,505,0.345444574453269,1.30385331847812,0.0714051394204483,0.0714051394204483,NA,"tags=31%, list=22%, signal=25%",505
"BB3_all","BB3_all","CRPCvsHSPCplus","CRPC vs HSPC+","IDH3B",0.0347645547820168,5488,0.554164169553904,0.976755229736762,"No",FALSE,505,0.345444574453269,1.30385331847812,0.0714051394204483,0.0714051394204483,NA,"tags=31%, list=22%, signal=25%",505
"BB3_all","BB3_all","CRPCvsHSPCplus","CRPC vs HSPC+","CABIN1",0.034236317613094,5530,0.572105366687808,0.977473150307166,"No",FALSE,505,0.345444574453269,1.30385331847812,0.0714051394204483,0.0714051394204483,NA,"tags=31%, list=22%, signal=25%",505
"BB3_all","BB3_all","CRPCvsHSPCplus","CRPC vs HSPC+","MYPOP",0.0335715878579412,5586,0.567388765006961,0.976972326375653,"No",FALSE,505,0.345444574453269,1.30385331847812,0.0714051394204483,0.0714051394204483,NA,"tags=31%, list=22%, signal=25%",505
"BB3_all","BB3_all","CRPCvsHSPCplus","CRPC vs HSPC+","INPP5J",0.0335536325987145,5587,0.736189994876664,0.9899548009778,"No",FALSE,505,0.345444574453269,1.30385331847812,0.0714051394204483,0.0714051394204483,NA,"tags=31%, list=22%, signal=25%",505
"BB3_all","BB3_all","CRPCvsHSPCplus","CRPC vs HSPC+","CHTF8",0.0320795937947675,5724,0.465490081743004,0.97196958734216,"No",FALSE,505,0.345444574453269,1.30385331847812,0.0714051394204483,0.0714051394204483,NA,"tags=31%, list=22%, signal=25%",505
"BB3_all","BB3_all","CRPCvsHSPCplus","CRPC vs HSPC+","MYO9A",0.0319852549290947,5731,0.634244495757603,0.985433361581401,"No",FALSE,505,0.345444574453269,1.30385331847812,0.0714051394204483,0.0714051394204483,NA,"tags=31%, list=22%, signal=25%",505
"BB3_all","BB3_all","CRPCvsHSPCplus","CRPC vs HSPC+","C8orf76",0.031491999857078,5778,0.627431688493456,0.98446327012201,"No",FALSE,505,0.345444574453269,1.30385331847812,0.0714051394204483,0.0714051394204483,NA,"tags=31%, list=22%, signal=25%",505
"BB3_all","BB3_all","CRPCvsHSPCplus","CRPC vs HSPC+","PSENEN",0.030364943323038,5876,0.72757817740063,0.98937569137247,"No",FALSE,505,0.345444574453269,1.30385331847812,0.0714051394204483,0.0714051394204483,NA,"tags=31%, list=22%, signal=25%",505
"BB3_all","BB3_all","CRPCvsHSPCplus","CRPC vs HSPC+","RNF38",0.0301608728240024,5892,0.648715817250342,0.985433361581401,"No",FALSE,505,0.345444574453269,1.30385331847812,0.0714051394204483,0.0714051394204483,NA,"tags=31%, list=22%, signal=25%",505
"BB3_all","BB3_all","CRPCvsHSPCplus","CRPC vs HSPC+","MYL6",0.0297741739491464,5931,0.738286924362118,0.990053174824569,"No",FALSE,505,0.345444574453269,1.30385331847812,0.0714051394204483,0.0714051394204483,NA,"tags=31%, list=22%, signal=25%",505
"BB3_all","BB3_all","CRPCvsHSPCplus","CRPC vs HSPC+","LMAN1",0.0292612994095691,5981,0.745450511982232,0.990191979852221,"No",FALSE,505,0.345444574453269,1.30385331847812,0.0714051394204483,0.0714051394204483,NA,"tags=31%, list=22%, signal=25%",505
"BB3_all","BB3_all","CRPCvsHSPCplus","CRPC vs HSPC+","RORC",0.0291414449080096,5996,0.827814563332348,0.994594115304049,"No",FALSE,505,0.345444574453269,1.30385331847812,0.0714051394204483,0.0714051394204483,NA,"tags=31%, list=22%, signal=25%",505
"BB3_all","BB3_all","CRPCvsHSPCplus","CRPC vs HSPC+","ARNT2",0.0284570563309785,6061,0.746120550262336,0.990191979852221,"No",FALSE,505,0.345444574453269,1.30385331847812,0.0714051394204483,0.0714051394204483,NA,"tags=31%, list=22%, signal=25%",505
"BB3_all","BB3_all","CRPCvsHSPCplus","CRPC vs HSPC+","POGK",0.0282723097059203,6074,0.618982024079833,0.981856183079061,"No",FALSE,505,0.345444574453269,1.30385331847812,0.0714051394204483,0.0714051394204483,NA,"tags=31%, list=22%, signal=25%",505
"BB3_all","BB3_all","CRPCvsHSPCplus","CRPC vs HSPC+","ATP13A2",0.0282312944904302,6080,0.701243869708912,0.987151709333159,"No",FALSE,505,0.345444574453269,1.30385331847812,0.0714051394204483,0.0714051394204483,NA,"tags=31%, list=22%, signal=25%",505
"BB3_all","BB3_all","CRPCvsHSPCplus","CRPC vs HSPC+","UTP14A",0.0280589569414347,6100,0.571111364038211,0.977473150307166,"No",FALSE,505,0.345444574453269,1.30385331847812,0.0714051394204483,0.0714051394204483,NA,"tags=31%, list=22%, signal=25%",505
"BB3_all","BB3_all","CRPCvsHSPCplus","CRPC vs HSPC+","EIF2A",0.0279011182686713,6116,0.64060060776457,0.985433361581401,"No",FALSE,505,0.345444574453269,1.30385331847812,0.0714051394204483,0.0714051394204483,NA,"tags=31%, list=22%, signal=25%",505
"BB3_all","BB3_all","CRPCvsHSPCplus","CRPC vs HSPC+","SLC12A8",0.0277903696855035,6128,0.727402781648332,0.989340612542704,"No",FALSE,505,0.345444574453269,1.30385331847812,0.0714051394204483,0.0714051394204483,NA,"tags=31%, list=22%, signal=25%",505
"BB3_all","BB3_all","CRPCvsHSPCplus","CRPC vs HSPC+","SHANK3",0.0273676758060504,6161,0.739862060533415,0.990191979852221,"No",FALSE,505,0.345444574453269,1.30385331847812,0.0714051394204483,0.0714051394204483,NA,"tags=31%, list=22%, signal=25%",505
"BB3_all","BB3_all","CRPCvsHSPCplus","CRPC vs HSPC+","TM9SF4",0.0271384511119175,6191,0.638061273588746,0.985433361581401,"No",FALSE,505,0.345444574453269,1.30385331847812,0.0714051394204483,0.0714051394204483,NA,"tags=31%, list=22%, signal=25%",505
"BB3_all","BB3_all","CRPCvsHSPCplus","CRPC vs HSPC+","ENSA",0.027121576457187,6193,0.683735094274543,0.987151709333159,"No",FALSE,505,0.345444574453269,1.30385331847812,0.0714051394204483,0.0714051394204483,NA,"tags=31%, list=22%, signal=25%",505
"BB3_all","BB3_all","CRPCvsHSPCplus","CRPC vs HSPC+","KRT10",0.0264514852411022,6244,0.771394860097811,0.991138493812497,"No",FALSE,505,0.345444574453269,1.30385331847812,0.0714051394204483,0.0714051394204483,NA,"tags=31%, list=22%, signal=25%",505
"BB3_all","BB3_all","CRPCvsHSPCplus","CRPC vs HSPC+","NDUFB3",0.0264069039438182,6249,0.757181687018297,0.990264884546617,"No",FALSE,505,0.345444574453269,1.30385331847812,0.0714051394204483,0.0714051394204483,NA,"tags=31%, list=22%, signal=25%",505
"BB3_all","BB3_all","CRPCvsHSPCplus","CRPC vs HSPC+","LSM8",0.0262638271274116,6263,0.592797983253872,0.978378444627821,"No",FALSE,505,0.345444574453269,1.30385331847812,0.0714051394204483,0.0714051394204483,NA,"tags=31%, list=22%, signal=25%",505
"BB3_all","BB3_all","CRPCvsHSPCplus","CRPC vs HSPC+","RBPJ",0.0261614600766231,6272,0.610513427277275,0.980164524505264,"No",FALSE,505,0.345444574453269,1.30385331847812,0.0714051394204483,0.0714051394204483,NA,"tags=31%, list=22%, signal=25%",505
"BB3_all","BB3_all","CRPCvsHSPCplus","CRPC vs HSPC+","PSMB2",0.0259895247693178,6278,0.598312157361192,0.97900238947488,"No",FALSE,505,0.345444574453269,1.30385331847812,0.0714051394204483,0.0714051394204483,NA,"tags=31%, list=22%, signal=25%",505
"BB3_all","BB3_all","CRPCvsHSPCplus","CRPC vs HSPC+","CTSL",0.0257278194351329,6304,0.765515214486855,0.991138493812497,"No",FALSE,505,0.345444574453269,1.30385331847812,0.0714051394204483,0.0714051394204483,NA,"tags=31%, list=22%, signal=25%",505
"BB3_all","BB3_all","CRPCvsHSPCplus","CRPC vs HSPC+","SERBP1",0.0256230911263522,6313,0.652906534021724,0.985433361581401,"No",FALSE,505,0.345444574453269,1.30385331847812,0.0714051394204483,0.0714051394204483,NA,"tags=31%, list=22%, signal=25%",505
"BB3_all","BB3_all","CRPCvsHSPCplus","CRPC vs HSPC+","PODXL",0.0250065606458851,6386,0.819983235928137,0.994527656319849,"No",FALSE,505,0.345444574453269,1.30385331847812,0.0714051394204483,0.0714051394204483,NA,"tags=31%, list=22%, signal=25%",505
"BB3_all","BB3_all","CRPCvsHSPCplus","CRPC vs HSPC+","ZCCHC10",0.024881095738003,6396,0.661785596556624,0.985433361581401,"No",FALSE,505,0.345444574453269,1.30385331847812,0.0714051394204483,0.0714051394204483,NA,"tags=31%, list=22%, signal=25%",505
"BB3_all","BB3_all","CRPCvsHSPCplus","CRPC vs HSPC+","CHCHD7",0.0248550903474087,6400,0.721628162717203,0.987814026003266,"No",FALSE,505,0.345444574453269,1.30385331847812,0.0714051394204483,0.0714051394204483,NA,"tags=31%, list=22%, signal=25%",505
"BB3_all","BB3_all","CRPCvsHSPCplus","CRPC vs HSPC+","CKS1B",0.0245823634029469,6438,0.777432932408198,0.992086666502925,"No",FALSE,505,0.345444574453269,1.30385331847812,0.0714051394204483,0.0714051394204483,NA,"tags=31%, list=22%, signal=25%",505
"BB3_all","BB3_all","CRPCvsHSPCplus","CRPC vs HSPC+","EMC7",0.0243817532163586,6456,0.752722692523204,0.990191979852221,"No",FALSE,505,0.345444574453269,1.30385331847812,0.0714051394204483,0.0714051394204483,NA,"tags=31%, list=22%, signal=25%",505
"BB3_all","BB3_all","CRPCvsHSPCplus","CRPC vs HSPC+","CHST3",0.0243447778610051,6459,0.792339072359609,0.993714391242088,"No",FALSE,505,0.345444574453269,1.30385331847812,0.0714051394204483,0.0714051394204483,NA,"tags=31%, list=22%, signal=25%",505
"BB3_all","BB3_all","CRPCvsHSPCplus","CRPC vs HSPC+","NCBP1",0.0241572649241539,6478,0.66991542949167,0.985537770155486,"No",FALSE,505,0.345444574453269,1.30385331847812,0.0714051394204483,0.0714051394204483,NA,"tags=31%, list=22%, signal=25%",505
"BB3_all","BB3_all","CRPCvsHSPCplus","CRPC vs HSPC+","EBF2",0.0239293202816629,6499,0.755934440766538,0.990206305218199,"No",FALSE,505,0.345444574453269,1.30385331847812,0.0714051394204483,0.0714051394204483,NA,"tags=31%, list=22%, signal=25%",505
"BB3_all","BB3_all","CRPCvsHSPCplus","CRPC vs HSPC+","CHTOP",0.0233254560920253,6560,0.605994813138258,0.979709768899355,"No",FALSE,505,0.345444574453269,1.30385331847812,0.0714051394204483,0.0714051394204483,NA,"tags=31%, list=22%, signal=25%",505
"BB3_all","BB3_all","CRPCvsHSPCplus","CRPC vs HSPC+","ZNF644",0.0232617569793203,6570,0.720045656506545,0.987705571113768,"No",FALSE,505,0.345444574453269,1.30385331847812,0.0714051394204483,0.0714051394204483,NA,"tags=31%, list=22%, signal=25%",505
"BB3_all","BB3_all","CRPCvsHSPCplus","CRPC vs HSPC+","TBC1D8B",0.023158481460835,6584,0.747020443156259,0.990191979852221,"No",FALSE,505,0.345444574453269,1.30385331847812,0.0714051394204483,0.0714051394204483,NA,"tags=31%, list=22%, signal=25%",505
"BB3_all","BB3_all","CRPCvsHSPCplus","CRPC vs HSPC+","PARP4",0.0229084264473793,6601,0.771780550500129,0.991138493812497,"No",FALSE,505,0.345444574453269,1.30385331847812,0.0714051394204483,0.0714051394204483,NA,"tags=31%, list=22%, signal=25%",505
"BB3_all","BB3_all","CRPCvsHSPCplus","CRPC vs HSPC+","HSP90B1",0.0221169779456876,6670,0.788955275087007,0.993616180594329,"No",FALSE,505,0.345444574453269,1.30385331847812,0.0714051394204483,0.0714051394204483,NA,"tags=31%, list=22%, signal=25%",505
"BB3_all","BB3_all","CRPCvsHSPCplus","CRPC vs HSPC+","PLXNA1",0.0218612804536087,6696,0.790382346571487,0.993616180594329,"No",FALSE,505,0.345444574453269,1.30385331847812,0.0714051394204483,0.0714051394204483,NA,"tags=31%, list=22%, signal=25%",505
"BB3_all","BB3_all","CRPCvsHSPCplus","CRPC vs HSPC+","SDCBP2",0.0218172677782182,6699,0.815343747146449,0.993714391242088,"No",FALSE,505,0.345444574453269,1.30385331847812,0.0714051394204483,0.0714051394204483,NA,"tags=31%, list=22%, signal=25%",505
"BB3_all","BB3_all","CRPCvsHSPCplus","CRPC vs HSPC+","MAST3",0.0217200143207184,6709,0.753373746691992,0.990191979852221,"No",FALSE,505,0.345444574453269,1.30385331847812,0.0714051394204483,0.0714051394204483,NA,"tags=31%, list=22%, signal=25%",505
"BB3_all","BB3_all","CRPCvsHSPCplus","CRPC vs HSPC+","GDPGP1",0.0214385763202216,6732,0.573920252073388,0.977887950397921,"No",FALSE,505,0.345444574453269,1.30385331847812,0.0714051394204483,0.0714051394204483,NA,"tags=31%, list=22%, signal=25%",505
"BB3_all","BB3_all","CRPCvsHSPCplus","CRPC vs HSPC+","ORMDL1",0.0207751539143142,6799,0.712396544954728,0.987644737617191,"No",FALSE,505,0.345444574453269,1.30385331847812,0.0714051394204483,0.0714051394204483,NA,"tags=31%, list=22%, signal=25%",505
"BB3_all","BB3_all","CRPCvsHSPCplus","CRPC vs HSPC+","NOL8",0.0207319796815444,6802,0.658231471402823,0.985433361581401,"No",FALSE,505,0.345444574453269,1.30385331847812,0.0714051394204483,0.0714051394204483,NA,"tags=31%, list=22%, signal=25%",505
"BB3_all","BB3_all","CRPCvsHSPCplus","CRPC vs HSPC+","EPM2AIP1",0.020587720109944,6820,0.750188576447982,0.990191979852221,"No",FALSE,505,0.345444574453269,1.30385331847812,0.0714051394204483,0.0714051394204483,NA,"tags=31%, list=22%, signal=25%",505
"BB3_all","BB3_all","CRPCvsHSPCplus","CRPC vs HSPC+","MICAL3",0.0203406414709384,6846,0.773491784997845,0.99191000724915,"No",FALSE,505,0.345444574453269,1.30385331847812,0.0714051394204483,0.0714051394204483,NA,"tags=31%, list=22%, signal=25%",505
"BB3_all","BB3_all","CRPCvsHSPCplus","CRPC vs HSPC+","TARDBP",0.0196963978095726,6907,0.651880855790625,0.985433361581401,"No",FALSE,505,0.345444574453269,1.30385331847812,0.0714051394204483,0.0714051394204483,NA,"tags=31%, list=22%, signal=25%",505
"BB3_all","BB3_all","CRPCvsHSPCplus","CRPC vs HSPC+","MGME1",0.0189544126081729,6983,0.751159400891685,0.990191979852221,"No",FALSE,505,0.345444574453269,1.30385331847812,0.0714051394204483,0.0714051394204483,NA,"tags=31%, list=22%, signal=25%",505
"BB3_all","BB3_all","CRPCvsHSPCplus","CRPC vs HSPC+","HDLBP",0.0188752112403394,6992,0.799683059066837,0.993714391242088,"No",FALSE,505,0.345444574453269,1.30385331847812,0.0714051394204483,0.0714051394204483,NA,"tags=31%, list=22%, signal=25%",505
"BB3_all","BB3_all","CRPCvsHSPCplus","CRPC vs HSPC+","U2SURP",0.0186945001969541,7013,0.747401748071922,0.990191979852221,"No",FALSE,505,0.345444574453269,1.30385331847812,0.0714051394204483,0.0714051394204483,NA,"tags=31%, list=22%, signal=25%",505
"BB3_all","BB3_all","CRPCvsHSPCplus","CRPC vs HSPC+","FOXO4",0.0182887741239584,7058,0.823399549943719,0.994594115304049,"No",FALSE,505,0.345444574453269,1.30385331847812,0.0714051394204483,0.0714051394204483,NA,"tags=31%, list=22%, signal=25%",505
"BB3_all","BB3_all","CRPCvsHSPCplus","CRPC vs HSPC+","ITGAE",0.0179232720974518,7087,0.774966180486581,0.992086666502925,"No",FALSE,505,0.345444574453269,1.30385331847812,0.0714051394204483,0.0714051394204483,NA,"tags=31%, list=22%, signal=25%",505
"BB3_all","BB3_all","CRPCvsHSPCplus","CRPC vs HSPC+","KRTCAP2",0.0175743174870822,7118,0.811867577963498,0.993714391242088,"No",FALSE,505,0.345444574453269,1.30385331847812,0.0714051394204483,0.0714051394204483,NA,"tags=31%, list=22%, signal=25%",505
"BB3_all","BB3_all","CRPCvsHSPCplus","CRPC vs HSPC+","AKTIP",0.016897390874286,7168,0.768309751614809,0.991138493812497,"No",FALSE,505,0.345444574453269,1.30385331847812,0.0714051394204483,0.0714051394204483,NA,"tags=31%, list=22%, signal=25%",505
"BB3_all","BB3_all","CRPCvsHSPCplus","CRPC vs HSPC+","ABL2",0.016687571031567,7180,0.747442013248817,0.990191979852221,"No",FALSE,505,0.345444574453269,1.30385331847812,0.0714051394204483,0.0714051394204483,NA,"tags=31%, list=22%, signal=25%",505
"BB3_all","BB3_all","CRPCvsHSPCplus","CRPC vs HSPC+","CRAMP1",0.0162123501233,7233,0.784512812171055,0.993616180594329,"No",FALSE,505,0.345444574453269,1.30385331847812,0.0714051394204483,0.0714051394204483,NA,"tags=31%, list=22%, signal=25%",505
"BB3_all","BB3_all","CRPCvsHSPCplus","CRPC vs HSPC+","LRRC32",0.0161876442170947,7235,0.893625364844574,0.997662723953238,"No",FALSE,505,0.345444574453269,1.30385331847812,0.0714051394204483,0.0714051394204483,NA,"tags=31%, list=22%, signal=25%",505
"BB3_all","BB3_all","CRPCvsHSPCplus","CRPC vs HSPC+","PHYH",0.0158915625043781,7265,0.870039994504532,0.996794844179341,"No",FALSE,505,0.345444574453269,1.30385331847812,0.0714051394204483,0.0714051394204483,NA,"tags=31%, list=22%, signal=25%",505
"BB3_all","BB3_all","CRPCvsHSPCplus","CRPC vs HSPC+","FLNA",0.0157764706745498,7278,0.921717923943965,0.99954299627195,"No",FALSE,505,0.345444574453269,1.30385331847812,0.0714051394204483,0.0714051394204483,NA,"tags=31%, list=22%, signal=25%",505
"BB3_all","BB3_all","CRPCvsHSPCplus","CRPC vs HSPC+","TAMM41",0.0154129486147057,7312,0.732586844575669,0.989613115053247,"No",FALSE,505,0.345444574453269,1.30385331847812,0.0714051394204483,0.0714051394204483,NA,"tags=31%, list=22%, signal=25%",505
"BB3_all","BB3_all","CRPCvsHSPCplus","CRPC vs HSPC+","TRIM14",0.0147748853999716,7379,0.873664183559749,0.996933934133807,"No",FALSE,505,0.345444574453269,1.30385331847812,0.0714051394204483,0.0714051394204483,NA,"tags=31%, list=22%, signal=25%",505
"BB3_all","BB3_all","CRPCvsHSPCplus","CRPC vs HSPC+","SURF2",0.0146353381774835,7390,0.879939851760659,0.996933934133807,"No",FALSE,505,0.345444574453269,1.30385331847812,0.0714051394204483,0.0714051394204483,NA,"tags=31%, list=22%, signal=25%",505
"BB3_all","BB3_all","CRPCvsHSPCplus","CRPC vs HSPC+","ZC3H12C",0.0142392690284123,7436,0.797121066538612,0.993714391242088,"No",FALSE,505,0.345444574453269,1.30385331847812,0.0714051394204483,0.0714051394204483,NA,"tags=31%, list=22%, signal=25%",505
"BB3_all","BB3_all","CRPCvsHSPCplus","CRPC vs HSPC+","TMEM128",0.0141469521006212,7443,0.848674159197986,0.995942644083539,"No",FALSE,505,0.345444574453269,1.30385331847812,0.0714051394204483,0.0714051394204483,NA,"tags=31%, list=22%, signal=25%",505
"BB3_all","BB3_all","CRPCvsHSPCplus","CRPC vs HSPC+","PFAS",0.0141072140694445,7447,0.837240606940064,0.995132449578446,"No",FALSE,505,0.345444574453269,1.30385331847812,0.0714051394204483,0.0714051394204483,NA,"tags=31%, list=22%, signal=25%",505
"BB3_all","BB3_all","CRPCvsHSPCplus","CRPC vs HSPC+","TWNK",0.0140698313707306,7452,0.848973522664376,0.996102040557733,"No",FALSE,505,0.345444574453269,1.30385331847812,0.0714051394204483,0.0714051394204483,NA,"tags=31%, list=22%, signal=25%",505
"BB3_all","BB3_all","CRPCvsHSPCplus","CRPC vs HSPC+","PRKX",0.0137435796727545,7492,0.859576047765938,0.996794844179341,"No",FALSE,505,0.345444574453269,1.30385331847812,0.0714051394204483,0.0714051394204483,NA,"tags=31%, list=22%, signal=25%",505
"BB3_all","BB3_all","CRPCvsHSPCplus","CRPC vs HSPC+","CASP7",0.013635060409849,7500,0.882338135970333,0.996933934133807,"No",FALSE,505,0.345444574453269,1.30385331847812,0.0714051394204483,0.0714051394204483,NA,"tags=31%, list=22%, signal=25%",505
"BB3_all","BB3_all","CRPCvsHSPCplus","CRPC vs HSPC+","SEM1",0.0136008509330119,7507,0.882390844581292,0.996933934133807,"No",FALSE,505,0.345444574453269,1.30385331847812,0.0714051394204483,0.0714051394204483,NA,"tags=31%, list=22%, signal=25%",505
"BB3_all","BB3_all","CRPCvsHSPCplus","CRPC vs HSPC+","MED12",0.0125310125594487,7612,0.870782968980016,0.996794844179341,"No",FALSE,505,0.345444574453269,1.30385331847812,0.0714051394204483,0.0714051394204483,NA,"tags=31%, list=22%, signal=25%",505
"BB3_all","BB3_all","CRPCvsHSPCplus","CRPC vs HSPC+","ANKRD13B",0.0122275730495367,7637,0.904495262546817,0.998732430581662,"No",FALSE,505,0.345444574453269,1.30385331847812,0.0714051394204483,0.0714051394204483,NA,"tags=31%, list=22%, signal=25%",505
"BB3_all","BB3_all","CRPCvsHSPCplus","CRPC vs HSPC+","MTCH2",0.0122150438454955,7639,0.846198529138283,0.995458570989534,"No",FALSE,505,0.345444574453269,1.30385331847812,0.0714051394204483,0.0714051394204483,NA,"tags=31%, list=22%, signal=25%",505
"BB3_all","BB3_all","CRPCvsHSPCplus","CRPC vs HSPC+","HYKK",0.0121542794204301,7647,0.739738682898972,0.990191979852221,"No",FALSE,505,0.345444574453269,1.30385331847812,0.0714051394204483,0.0714051394204483,NA,"tags=31%, list=22%, signal=25%",505
"BB3_all","BB3_all","CRPCvsHSPCplus","CRPC vs HSPC+","TXNL1",0.012044450603689,7658,0.840726911946022,0.995245270667715,"No",FALSE,505,0.345444574453269,1.30385331847812,0.0714051394204483,0.0714051394204483,NA,"tags=31%, list=22%, signal=25%",505
"BB3_all","BB3_all","CRPCvsHSPCplus","CRPC vs HSPC+","GCA",0.0120338687399841,7659,0.900202017208347,0.99854018005281,"No",FALSE,505,0.345444574453269,1.30385331847812,0.0714051394204483,0.0714051394204483,NA,"tags=31%, list=22%, signal=25%",505
"BB3_all","BB3_all","CRPCvsHSPCplus","CRPC vs HSPC+","ZMYND19",0.0119769890848676,7670,0.864148170586766,0.996794844179341,"No",FALSE,505,0.345444574453269,1.30385331847812,0.0714051394204483,0.0714051394204483,NA,"tags=31%, list=22%, signal=25%",505
"BB3_all","BB3_all","CRPCvsHSPCplus","CRPC vs HSPC+","BRPF3",0.0119316517605297,7674,0.885004210932784,0.996986062670989,"No",FALSE,505,0.345444574453269,1.30385331847812,0.0714051394204483,0.0714051394204483,NA,"tags=31%, list=22%, signal=25%",505
"BB3_all","BB3_all","CRPCvsHSPCplus","CRPC vs HSPC+","ACLY",0.011316550654934,7738,0.910501436300946,0.999340620203357,"No",FALSE,505,0.345444574453269,1.30385331847812,0.0714051394204483,0.0714051394204483,NA,"tags=31%, list=22%, signal=25%",505
"BB3_all","BB3_all","CRPCvsHSPCplus","CRPC vs HSPC+","ZNF384",0.0113107265837464,7739,0.877687782275928,0.996933934133807,"No",FALSE,505,0.345444574453269,1.30385331847812,0.0714051394204483,0.0714051394204483,NA,"tags=31%, list=22%, signal=25%",505
"BB3_all","BB3_all","CRPCvsHSPCplus","CRPC vs HSPC+","NEU1",0.0110745995238899,7765,0.939807816631137,0.99954299627195,"No",FALSE,505,0.345444574453269,1.30385331847812,0.0714051394204483,0.0714051394204483,NA,"tags=31%, list=22%, signal=25%",505
"BB3_all","BB3_all","CRPCvsHSPCplus","CRPC vs HSPC+","BCL9",0.0105690766983439,7814,0.905494971618021,0.998961287637823,"No",FALSE,505,0.345444574453269,1.30385331847812,0.0714051394204483,0.0714051394204483,NA,"tags=31%, list=22%, signal=25%",505
"BB3_all","BB3_all","CRPCvsHSPCplus","CRPC vs HSPC+","CCAR2",0.0102329232410958,7850,0.85973974469879,0.996794844179341,"No",FALSE,505,0.345444574453269,1.30385331847812,0.0714051394204483,0.0714051394204483,NA,"tags=31%, list=22%, signal=25%",505
"BB3_all","BB3_all","CRPCvsHSPCplus","CRPC vs HSPC+","MEGF8",0.00960229815410285,7905,0.897455003543093,0.998056411615709,"No",FALSE,505,0.345444574453269,1.30385331847812,0.0714051394204483,0.0714051394204483,NA,"tags=31%, list=22%, signal=25%",505
"BB3_all","BB3_all","CRPCvsHSPCplus","CRPC vs HSPC+","SLC46A1",0.00952207441949571,7917,0.854112261671305,0.99647254651972,"No",FALSE,505,0.345444574453269,1.30385331847812,0.0714051394204483,0.0714051394204483,NA,"tags=31%, list=22%, signal=25%",505
"BB3_all","BB3_all","CRPCvsHSPCplus","CRPC vs HSPC+","TRAPPC10",0.00947560112021595,7922,0.89051359643361,0.996986062670989,"No",FALSE,505,0.345444574453269,1.30385331847812,0.0714051394204483,0.0714051394204483,NA,"tags=31%, list=22%, signal=25%",505
"BB3_all","BB3_all","CRPCvsHSPCplus","CRPC vs HSPC+","BAK1",0.00943438483832892,7929,0.881928230502717,0.996933934133807,"No",FALSE,505,0.345444574453269,1.30385331847812,0.0714051394204483,0.0714051394204483,NA,"tags=31%, list=22%, signal=25%",505
"BB3_all","BB3_all","CRPCvsHSPCplus","CRPC vs HSPC+","DIS3L",0.00907441050509483,7969,0.871948102181173,0.996933934133807,"No",FALSE,505,0.345444574453269,1.30385331847812,0.0714051394204483,0.0714051394204483,NA,"tags=31%, list=22%, signal=25%",505
"BB3_all","BB3_all","CRPCvsHSPCplus","CRPC vs HSPC+","USP48",0.00885499673532797,7994,0.846241625163415,0.995458570989534,"No",FALSE,505,0.345444574453269,1.30385331847812,0.0714051394204483,0.0714051394204483,NA,"tags=31%, list=22%, signal=25%",505
"BB3_all","BB3_all","CRPCvsHSPCplus","CRPC vs HSPC+","BTBD9",0.0087647356863112,8005,0.878538096284294,0.996933934133807,"No",FALSE,505,0.345444574453269,1.30385331847812,0.0714051394204483,0.0714051394204483,NA,"tags=31%, list=22%, signal=25%",505
"BB3_all","BB3_all","CRPCvsHSPCplus","CRPC vs HSPC+","NSMAF",0.00876433827808398,8006,0.895051114666777,0.998056411615709,"No",FALSE,505,0.345444574453269,1.30385331847812,0.0714051394204483,0.0714051394204483,NA,"tags=31%, list=22%, signal=25%",505
"BB3_all","BB3_all","CRPCvsHSPCplus","CRPC vs HSPC+","SLC35D2",0.00865876330489357,8023,0.869371724643781,0.996794844179341,"No",FALSE,505,0.345444574453269,1.30385331847812,0.0714051394204483,0.0714051394204483,NA,"tags=31%, list=22%, signal=25%",505
"BB3_all","BB3_all","CRPCvsHSPCplus","CRPC vs HSPC+","DNTTIP1",0.00835919987750477,8059,0.888633466447718,0.996986062670989,"No",FALSE,505,0.345444574453269,1.30385331847812,0.0714051394204483,0.0714051394204483,NA,"tags=31%, list=22%, signal=25%",505
"BB3_all","BB3_all","CRPCvsHSPCplus","CRPC vs HSPC+","SULT1A1",0.00825000921171348,8074,0.913121393033436,0.999539998987926,"No",FALSE,505,0.345444574453269,1.30385331847812,0.0714051394204483,0.0714051394204483,NA,"tags=31%, list=22%, signal=25%",505
"BB3_all","BB3_all","CRPCvsHSPCplus","CRPC vs HSPC+","PCDHGB5",0.00806464416807584,8091,0.936946915431177,0.99954299627195,"No",FALSE,505,0.345444574453269,1.30385331847812,0.0714051394204483,0.0714051394204483,NA,"tags=31%, list=22%, signal=25%",505
"BB3_all","BB3_all","CRPCvsHSPCplus","CRPC vs HSPC+","LTN1",0.00761570303583392,8139,0.919291584950364,0.99954299627195,"No",FALSE,505,0.345444574453269,1.30385331847812,0.0714051394204483,0.0714051394204483,NA,"tags=31%, list=22%, signal=25%",505
"BB3_all","BB3_all","CRPCvsHSPCplus","CRPC vs HSPC+","CARD9",0.00736208237304048,8165,0.907925572695597,0.999179803991831,"No",FALSE,505,0.345444574453269,1.30385331847812,0.0714051394204483,0.0714051394204483,NA,"tags=31%, list=22%, signal=25%",505
"BB3_all","BB3_all","CRPCvsHSPCplus","CRPC vs HSPC+","PDCD2L",0.0072670304461937,8170,0.907069617293032,0.999102736917795,"No",FALSE,505,0.345444574453269,1.30385331847812,0.0714051394204483,0.0714051394204483,NA,"tags=31%, list=22%, signal=25%",505
"BB3_all","BB3_all","CRPCvsHSPCplus","CRPC vs HSPC+","ZNF728",0.00689694645723397,8222,0.756807069393667,0.990206305218199,"No",FALSE,505,0.345444574453269,1.30385331847812,0.0714051394204483,0.0714051394204483,NA,"tags=31%, list=22%, signal=25%",505
"BB3_all","BB3_all","CRPCvsHSPCplus","CRPC vs HSPC+","MTMR4",0.00679116478819441,8239,0.912256612385783,0.999475299605029,"No",FALSE,505,0.345444574453269,1.30385331847812,0.0714051394204483,0.0714051394204483,NA,"tags=31%, list=22%, signal=25%",505
"BB3_all","BB3_all","CRPCvsHSPCplus","CRPC vs HSPC+","PCSK7",0.00651273614967329,8263,0.913269494120077,0.999539998987926,"No",FALSE,505,0.345444574453269,1.30385331847812,0.0714051394204483,0.0714051394204483,NA,"tags=31%, list=22%, signal=25%",505
"BB3_all","BB3_all","CRPCvsHSPCplus","CRPC vs HSPC+","TICRR",0.00603186498837072,8316,0.912672186128861,0.999475299605029,"No",FALSE,505,0.345444574453269,1.30385331847812,0.0714051394204483,0.0714051394204483,NA,"tags=31%, list=22%, signal=25%",505
"BB3_all","BB3_all","CRPCvsHSPCplus","CRPC vs HSPC+","POLR2K",0.00578473095346244,8339,0.945047311078874,0.99954299627195,"No",FALSE,505,0.345444574453269,1.30385331847812,0.0714051394204483,0.0714051394204483,NA,"tags=31%, list=22%, signal=25%",505
"BB3_all","BB3_all","CRPCvsHSPCplus","CRPC vs HSPC+","TRAPPC1",0.00557149908808618,8374,0.942711344475897,0.99954299627195,"No",FALSE,505,0.345444574453269,1.30385331847812,0.0714051394204483,0.0714051394204483,NA,"tags=31%, list=22%, signal=25%",505
"BB3_all","BB3_all","CRPCvsHSPCplus","CRPC vs HSPC+","ANKH",0.00555622094217068,8377,0.960829725520999,0.99954299627195,"No",FALSE,505,0.345444574453269,1.30385331847812,0.0714051394204483,0.0714051394204483,NA,"tags=31%, list=22%, signal=25%",505
"BB3_all","BB3_all","CRPCvsHSPCplus","CRPC vs HSPC+","SAP18",0.00553720834632454,8379,0.932773807974907,0.99954299627195,"No",FALSE,505,0.345444574453269,1.30385331847812,0.0714051394204483,0.0714051394204483,NA,"tags=31%, list=22%, signal=25%",505
"BB3_all","BB3_all","CRPCvsHSPCplus","CRPC vs HSPC+","ZNF747",0.0055174948813983,8382,0.917363092648383,0.99954299627195,"No",FALSE,505,0.345444574453269,1.30385331847812,0.0714051394204483,0.0714051394204483,NA,"tags=31%, list=22%, signal=25%",505
"BB3_all","BB3_all","CRPCvsHSPCplus","CRPC vs HSPC+","LAMTOR5",0.00539830135677999,8397,0.948514640528838,0.99954299627195,"No",FALSE,505,0.345444574453269,1.30385331847812,0.0714051394204483,0.0714051394204483,NA,"tags=31%, list=22%, signal=25%",505
"BB3_all","BB3_all","CRPCvsHSPCplus","CRPC vs HSPC+","PPP2R5D",0.00435173649871512,8523,0.953632881443196,0.99954299627195,"No",FALSE,505,0.345444574453269,1.30385331847812,0.0714051394204483,0.0714051394204483,NA,"tags=31%, list=22%, signal=25%",505
"BB3_all","BB3_all","CRPCvsHSPCplus","CRPC vs HSPC+","ZNF517",0.00414685936730796,8550,0.950093713093198,0.99954299627195,"No",FALSE,505,0.345444574453269,1.30385331847812,0.0714051394204483,0.0714051394204483,NA,"tags=31%, list=22%, signal=25%",505
"BB3_all","BB3_all","CRPCvsHSPCplus","CRPC vs HSPC+","MTHFD2L",0.00409582148976306,8558,0.949394003164201,0.99954299627195,"No",FALSE,505,0.345444574453269,1.30385331847812,0.0714051394204483,0.0714051394204483,NA,"tags=31%, list=22%, signal=25%",505
"BB3_all","BB3_all","CRPCvsHSPCplus","CRPC vs HSPC+","EPC2",0.00405665361454721,8563,0.951068988819847,0.99954299627195,"No",FALSE,505,0.345444574453269,1.30385331847812,0.0714051394204483,0.0714051394204483,NA,"tags=31%, list=22%, signal=25%",505
"BB3_all","BB3_all","CRPCvsHSPCplus","CRPC vs HSPC+","C19orf25",0.00400352389870084,8573,0.948549679287257,0.99954299627195,"No",FALSE,505,0.345444574453269,1.30385331847812,0.0714051394204483,0.0714051394204483,NA,"tags=31%, list=22%, signal=25%",505
"BB3_all","BB3_all","CRPCvsHSPCplus","CRPC vs HSPC+","SRP14",0.00347816060248274,8637,0.964131925466283,0.99954299627195,"No",FALSE,505,0.345444574453269,1.30385331847812,0.0714051394204483,0.0714051394204483,NA,"tags=31%, list=22%, signal=25%",505
"BB3_all","BB3_all","CRPCvsHSPCplus","CRPC vs HSPC+","ZNF614",0.00344072553803709,8643,0.973526430633026,0.99954299627195,"No",FALSE,505,0.345444574453269,1.30385331847812,0.0714051394204483,0.0714051394204483,NA,"tags=31%, list=22%, signal=25%",505
"BB3_all","BB3_all","CRPCvsHSPCplus","CRPC vs HSPC+","SNRPN",0.00282456778391538,8722,0.980600457459141,0.99954299627195,"No",FALSE,505,0.345444574453269,1.30385331847812,0.0714051394204483,0.0714051394204483,NA,"tags=31%, list=22%, signal=25%",505
"BB3_all","BB3_all","CRPCvsHSPCplus","CRPC vs HSPC+","UBE2E3",0.00275409376804969,8736,0.979858449689247,0.99954299627195,"No",FALSE,505,0.345444574453269,1.30385331847812,0.0714051394204483,0.0714051394204483,NA,"tags=31%, list=22%, signal=25%",505
"BB3_all","BB3_all","CRPCvsHSPCplus","CRPC vs HSPC+","CNIH4",0.00275108542227898,8737,0.967171319078446,0.99954299627195,"No",FALSE,505,0.345444574453269,1.30385331847812,0.0714051394204483,0.0714051394204483,NA,"tags=31%, list=22%, signal=25%",505
"BB3_all","BB3_all","CRPCvsHSPCplus","CRPC vs HSPC+","DYNC2H1",0.00198049108452159,8825,0.977435026727558,0.99954299627195,"No",FALSE,505,0.345444574453269,1.30385331847812,0.0714051394204483,0.0714051394204483,NA,"tags=31%, list=22%, signal=25%",505
"BB3_all","BB3_all","CRPCvsHSPCplus","CRPC vs HSPC+","CALML6",0.00188072094828007,8838,0.974377847392113,0.99954299627195,"No",FALSE,505,0.345444574453269,1.30385331847812,0.0714051394204483,0.0714051394204483,NA,"tags=31%, list=22%, signal=25%",505
"BB3_all","BB3_all","CRPCvsHSPCplus","CRPC vs HSPC+","MRPS6",0.00177830494936471,8853,0.981194062031684,0.99954299627195,"No",FALSE,505,0.345444574453269,1.30385331847812,0.0714051394204483,0.0714051394204483,NA,"tags=31%, list=22%, signal=25%",505
"BB3_all","BB3_all","CRPCvsHSPCplus","CRPC vs HSPC+","TTC7B",0.00129158992562473,8913,0.982348907939902,0.99954299627195,"No",FALSE,505,0.345444574453269,1.30385331847812,0.0714051394204483,0.0714051394204483,NA,"tags=31%, list=22%, signal=25%",505
"BB3_all","BB3_all","CRPCvsHSPCplus","CRPC vs HSPC+","ZNF292",0.0010052551742783,8948,0.990207819037695,0.99981451838626,"No",FALSE,505,0.345444574453269,1.30385331847812,0.0714051394204483,0.0714051394204483,NA,"tags=31%, list=22%, signal=25%",505
"BB3_all","BB3_all","CRPCvsHSPCplus","CRPC vs HSPC+","SH3PXD2B",0.00084544367049677,8970,0.992339823878665,0.99981451838626,"No",FALSE,505,0.345444574453269,1.30385331847812,0.0714051394204483,0.0714051394204483,NA,"tags=31%, list=22%, signal=25%",505
"BB3_all","BB3_all","CRPCvsHSPCplus","CRPC vs HSPC+","IMPDH2",0.000708041873195953,8984,0.994016394592986,0.99981451838626,"No",FALSE,505,0.345444574453269,1.30385331847812,0.0714051394204483,0.0714051394204483,NA,"tags=31%, list=22%, signal=25%",505
"BB3_all","BB3_all","CRPCvsHSPCplus","CRPC vs HSPC+","SRRM2",0.00036837201417228,9034,0.996960234132691,0.999966150221938,"No",FALSE,505,0.345444574453269,1.30385331847812,0.0714051394204483,0.0714051394204483,NA,"tags=31%, list=22%, signal=25%",505
"BB3_all","BB3_all","CRPCvsHSPCplus","CRPC vs HSPC+","GEMIN4",0.000366478096334166,9035,0.995934752257295,0.999929435604261,"No",FALSE,505,0.345444574453269,1.30385331847812,0.0714051394204483,0.0714051394204483,NA,"tags=31%, list=22%, signal=25%",505
"BB3_all","BB3_all","CRPCvsHSPCplus","CRPC vs HSPC+","RBX1",-0.000237308383185919,9133,0.997683675603466,0.999966150221938,"No",FALSE,505,0.345444574453269,1.30385331847812,0.0714051394204483,0.0714051394204483,NA,"tags=31%, list=22%, signal=25%",505
"BB3_all","BB3_all","CRPCvsHSPCplus","CRPC vs HSPC+","MIA3",-0.000566585752164173,9180,0.995921435206705,0.999929435604261,"No",FALSE,505,0.345444574453269,1.30385331847812,0.0714051394204483,0.0714051394204483,NA,"tags=31%, list=22%, signal=25%",505
"BB3_all","BB3_all","CRPCvsHSPCplus","CRPC vs HSPC+","OARD1",-0.00104237236677562,9255,0.983819488024156,0.999566892237458,"No",FALSE,505,0.345444574453269,1.30385331847812,0.0714051394204483,0.0714051394204483,NA,"tags=31%, list=22%, signal=25%",505
"BB3_all","BB3_all","CRPCvsHSPCplus","CRPC vs HSPC+","SLC35E2B",-0.00175044322520579,9347,0.983510786367296,0.999566892237458,"No",FALSE,505,0.345444574453269,1.30385331847812,0.0714051394204483,0.0714051394204483,NA,"tags=31%, list=22%, signal=25%",505
"BB3_all","BB3_all","CRPCvsHSPCplus","CRPC vs HSPC+","DLG1",-0.0018319076843416,9356,0.974684513218928,0.99954299627195,"No",FALSE,505,0.345444574453269,1.30385331847812,0.0714051394204483,0.0714051394204483,NA,"tags=31%, list=22%, signal=25%",505
"BB3_all","BB3_all","CRPCvsHSPCplus","CRPC vs HSPC+","PANX1",-0.00204247405861713,9392,0.974133637361498,0.99954299627195,"No",FALSE,505,0.345444574453269,1.30385331847812,0.0714051394204483,0.0714051394204483,NA,"tags=31%, list=22%, signal=25%",505
"BB3_all","BB3_all","CRPCvsHSPCplus","CRPC vs HSPC+","LTB4R",-0.00219752345853008,9416,0.982630665671385,0.99954299627195,"No",FALSE,505,0.345444574453269,1.30385331847812,0.0714051394204483,0.0714051394204483,NA,"tags=31%, list=22%, signal=25%",505
"BB3_all","BB3_all","CRPCvsHSPCplus","CRPC vs HSPC+","PHRF1",-0.00256071525139401,9476,0.968534328495362,0.99954299627195,"No",FALSE,505,0.345444574453269,1.30385331847812,0.0714051394204483,0.0714051394204483,NA,"tags=31%, list=22%, signal=25%",505
"BB3_all","BB3_all","CRPCvsHSPCplus","CRPC vs HSPC+","PAAF1",-0.00259960584291674,9484,0.953359484721695,0.99954299627195,"No",FALSE,505,0.345444574453269,1.30385331847812,0.0714051394204483,0.0714051394204483,NA,"tags=31%, list=22%, signal=25%",505
"BB3_all","BB3_all","CRPCvsHSPCplus","CRPC vs HSPC+","CDK12",-0.00289492351187182,9535,0.969686287029713,0.99954299627195,"No",FALSE,505,0.345444574453269,1.30385331847812,0.0714051394204483,0.0714051394204483,NA,"tags=31%, list=22%, signal=25%",505
"BB3_all","BB3_all","CRPCvsHSPCplus","CRPC vs HSPC+","CNEP1R1",-0.00351368825246579,9630,0.946235800805872,0.99954299627195,"No",FALSE,505,0.345444574453269,1.30385331847812,0.0714051394204483,0.0714051394204483,NA,"tags=31%, list=22%, signal=25%",505
"BB3_all","BB3_all","CRPCvsHSPCplus","CRPC vs HSPC+","SRA1",-0.00543964768667315,9897,0.937472065534251,0.99954299627195,"No",FALSE,505,0.345444574453269,1.30385331847812,0.0714051394204483,0.0714051394204483,NA,"tags=31%, list=22%, signal=25%",505
"BB3_all","BB3_all","CRPCvsHSPCplus","CRPC vs HSPC+","SGPP1",-0.00549352906332512,9908,0.956928856827055,0.99954299627195,"No",FALSE,505,0.345444574453269,1.30385331847812,0.0714051394204483,0.0714051394204483,NA,"tags=31%, list=22%, signal=25%",505
"BB3_all","BB3_all","CRPCvsHSPCplus","CRPC vs HSPC+","PHKB",-0.00554309005960807,9915,0.941749484486494,0.99954299627195,"No",FALSE,505,0.345444574453269,1.30385331847812,0.0714051394204483,0.0714051394204483,NA,"tags=31%, list=22%, signal=25%",505
"BB3_all","BB3_all","CRPCvsHSPCplus","CRPC vs HSPC+","LSM3",-0.00632345402765644,10045,0.926036939532509,0.99954299627195,"No",FALSE,505,0.345444574453269,1.30385331847812,0.0714051394204483,0.0714051394204483,NA,"tags=31%, list=22%, signal=25%",505
"BB3_all","BB3_all","CRPCvsHSPCplus","CRPC vs HSPC+","GINS1",-0.00668880232029578,10100,0.936638501549581,0.99954299627195,"No",FALSE,505,0.345444574453269,1.30385331847812,0.0714051394204483,0.0714051394204483,NA,"tags=31%, list=22%, signal=25%",505
"BB3_all","BB3_all","CRPCvsHSPCplus","CRPC vs HSPC+","HMGB2",-0.00683333897274707,10130,0.953221542294138,0.99954299627195,"No",FALSE,505,0.345444574453269,1.30385331847812,0.0714051394204483,0.0714051394204483,NA,"tags=31%, list=22%, signal=25%",505
"BB3_all","BB3_all","CRPCvsHSPCplus","CRPC vs HSPC+","TEX19",-0.0071888657327564,10192,0.712382353121332,0.987644737617191,"No",FALSE,505,0.345444574453269,1.30385331847812,0.0714051394204483,0.0714051394204483,NA,"tags=31%, list=22%, signal=25%",505
"BB3_all","BB3_all","CRPCvsHSPCplus","CRPC vs HSPC+","C15orf40",-0.00774674381167784,10295,0.823955107910665,0.994594115304049,"No",FALSE,505,0.345444574453269,1.30385331847812,0.0714051394204483,0.0714051394204483,NA,"tags=31%, list=22%, signal=25%",505
"BB3_all","BB3_all","CRPCvsHSPCplus","CRPC vs HSPC+","NECAP1",-0.00839742568718149,10398,0.887952497573574,0.996986062670989,"No",FALSE,505,0.345444574453269,1.30385331847812,0.0714051394204483,0.0714051394204483,NA,"tags=31%, list=22%, signal=25%",505
"BB3_all","BB3_all","CRPCvsHSPCplus","CRPC vs HSPC+","RENBP",-0.00851819134425202,10421,0.943276933449002,0.99954299627195,"No",FALSE,505,0.345444574453269,1.30385331847812,0.0714051394204483,0.0714051394204483,NA,"tags=31%, list=22%, signal=25%",505
"BB3_all","BB3_all","CRPCvsHSPCplus","CRPC vs HSPC+","IKBIP",-0.00899786339025432,10504,0.888172063646773,0.996986062670989,"No",FALSE,505,0.345444574453269,1.30385331847812,0.0714051394204483,0.0714051394204483,NA,"tags=31%, list=22%, signal=25%",505
"BB3_all","BB3_all","CRPCvsHSPCplus","CRPC vs HSPC+","FCHSD1",-0.0092533969852322,10545,0.903929385229162,0.998643649745408,"No",FALSE,505,0.345444574453269,1.30385331847812,0.0714051394204483,0.0714051394204483,NA,"tags=31%, list=22%, signal=25%",505
"BB3_all","BB3_all","CRPCvsHSPCplus","CRPC vs HSPC+","ADRA2A",-0.00930568113388963,10552,0.956901724728642,0.99954299627195,"No",FALSE,505,0.345444574453269,1.30385331847812,0.0714051394204483,0.0714051394204483,NA,"tags=31%, list=22%, signal=25%",505
"BB3_all","BB3_all","CRPCvsHSPCplus","CRPC vs HSPC+","PSMG4",-0.00954110351106152,10597,0.862639867798402,0.996794844179341,"No",FALSE,505,0.345444574453269,1.30385331847812,0.0714051394204483,0.0714051394204483,NA,"tags=31%, list=22%, signal=25%",505
"BB3_all","BB3_all","CRPCvsHSPCplus","CRPC vs HSPC+","AARS2",-0.0116996499421904,11000,0.801258022436939,0.993714391242088,"No",FALSE,505,0.345444574453269,1.30385331847812,0.0714051394204483,0.0714051394204483,NA,"tags=31%, list=22%, signal=25%",505
"BB3_all","BB3_all","CRPCvsHSPCplus","CRPC vs HSPC+","ZNF143",-0.0118508981425123,11030,0.784872701955903,0.993616180594329,"No",FALSE,505,0.345444574453269,1.30385331847812,0.0714051394204483,0.0714051394204483,NA,"tags=31%, list=22%, signal=25%",505
"BB3_all","BB3_all","CRPCvsHSPCplus","CRPC vs HSPC+","MORN3",-0.0120579783350383,11064,0.713691466278688,0.987644737617191,"No",FALSE,505,0.345444574453269,1.30385331847812,0.0714051394204483,0.0714051394204483,NA,"tags=31%, list=22%, signal=25%",505
"BB3_all","BB3_all","CRPCvsHSPCplus","CRPC vs HSPC+","WIPF2",-0.01210157006504,11074,0.826248136014826,0.994594115304049,"No",FALSE,505,0.345444574453269,1.30385331847812,0.0714051394204483,0.0714051394204483,NA,"tags=31%, list=22%, signal=25%",505
"BB3_all","BB3_all","CRPCvsHSPCplus","CRPC vs HSPC+","PCDHB12",-0.0123962423418321,11116,0.828498698462331,0.994613649720483,"No",FALSE,505,0.345444574453269,1.30385331847812,0.0714051394204483,0.0714051394204483,NA,"tags=31%, list=22%, signal=25%",505
"BB3_all","BB3_all","CRPCvsHSPCplus","CRPC vs HSPC+","DDX3Y",-0.0124491776778379,11126,0.890524704269865,0.996986062670989,"No",FALSE,505,0.345444574453269,1.30385331847812,0.0714051394204483,0.0714051394204483,NA,"tags=31%, list=22%, signal=25%",505
"BB3_all","BB3_all","CRPCvsHSPCplus","CRPC vs HSPC+","ANKS1B",-0.0126580898993698,11162,0.801619259214087,0.993714391242088,"No",FALSE,505,0.345444574453269,1.30385331847812,0.0714051394204483,0.0714051394204483,NA,"tags=31%, list=22%, signal=25%",505
"BB3_all","BB3_all","CRPCvsHSPCplus","CRPC vs HSPC+","UROD",-0.0131361975594526,11245,0.873901955117781,0.996933934133807,"No",FALSE,505,0.345444574453269,1.30385331847812,0.0714051394204483,0.0714051394204483,NA,"tags=31%, list=22%, signal=25%",505
"BB3_all","BB3_all","CRPCvsHSPCplus","CRPC vs HSPC+","INVS",-0.0137140396387838,11359,0.78151279403013,0.992690883266254,"No",FALSE,505,0.345444574453269,1.30385331847812,0.0714051394204483,0.0714051394204483,NA,"tags=31%, list=22%, signal=25%",505
"BB3_all","BB3_all","CRPCvsHSPCplus","CRPC vs HSPC+","ZCCHC17",-0.013762676620658,11378,0.814891795948814,0.993714391242088,"No",FALSE,505,0.345444574453269,1.30385331847812,0.0714051394204483,0.0714051394204483,NA,"tags=31%, list=22%, signal=25%",505
"BB3_all","BB3_all","CRPCvsHSPCplus","CRPC vs HSPC+","ZCRB1",-0.013845096088466,11399,0.812770985515256,0.993714391242088,"No",FALSE,505,0.345444574453269,1.30385331847812,0.0714051394204483,0.0714051394204483,NA,"tags=31%, list=22%, signal=25%",505
"BB3_all","BB3_all","CRPCvsHSPCplus","CRPC vs HSPC+","TSGA13",-0.0139012570828778,11413,0.261957064017237,0.97196958734216,"No",FALSE,505,0.345444574453269,1.30385331847812,0.0714051394204483,0.0714051394204483,NA,"tags=31%, list=22%, signal=25%",505
"BB3_all","BB3_all","CRPCvsHSPCplus","CRPC vs HSPC+","ABTB1",-0.014320673300225,11492,0.883604178733338,0.996986062670989,"No",FALSE,505,0.345444574453269,1.30385331847812,0.0714051394204483,0.0714051394204483,NA,"tags=31%, list=22%, signal=25%",505
"BB3_all","BB3_all","CRPCvsHSPCplus","CRPC vs HSPC+","BBS9",-0.0153805722207803,11680,0.739972823638717,0.990191979852221,"No",FALSE,505,0.345444574453269,1.30385331847812,0.0714051394204483,0.0714051394204483,NA,"tags=31%, list=22%, signal=25%",505
"BB3_all","BB3_all","CRPCvsHSPCplus","CRPC vs HSPC+","DGUOK",-0.0156908398100093,11752,0.807858717628396,0.993714391242088,"No",FALSE,505,0.345444574453269,1.30385331847812,0.0714051394204483,0.0714051394204483,NA,"tags=31%, list=22%, signal=25%",505
"BB3_all","BB3_all","CRPCvsHSPCplus","CRPC vs HSPC+","TRIM44",-0.0157044515825149,11754,0.799461282005494,0.993714391242088,"No",FALSE,505,0.345444574453269,1.30385331847812,0.0714051394204483,0.0714051394204483,NA,"tags=31%, list=22%, signal=25%",505
"BB3_all","BB3_all","CRPCvsHSPCplus","CRPC vs HSPC+","DHRS1",-0.0160208233967314,11803,0.807440558156042,0.993714391242088,"No",FALSE,505,0.345444574453269,1.30385331847812,0.0714051394204483,0.0714051394204483,NA,"tags=31%, list=22%, signal=25%",505
"BB3_all","BB3_all","CRPCvsHSPCplus","CRPC vs HSPC+","MIPOL1",-0.0166127170996493,11891,0.783404634455463,0.993417965676937,"No",FALSE,505,0.345444574453269,1.30385331847812,0.0714051394204483,0.0714051394204483,NA,"tags=31%, list=22%, signal=25%",505
"BB3_all","BB3_all","CRPCvsHSPCplus","CRPC vs HSPC+","AXDND1",-0.0177844701318383,12102,0.165260288501359,0.97196958734216,"No",FALSE,505,0.345444574453269,1.30385331847812,0.0714051394204483,0.0714051394204483,NA,"tags=31%, list=22%, signal=25%",505
"BB3_all","BB3_all","CRPCvsHSPCplus","CRPC vs HSPC+","TUBGCP4",-0.0182454637282936,12177,0.687425779761362,0.987151709333159,"No",FALSE,505,0.345444574453269,1.30385331847812,0.0714051394204483,0.0714051394204483,NA,"tags=31%, list=22%, signal=25%",505
"BB3_all","BB3_all","CRPCvsHSPCplus","CRPC vs HSPC+","HMGXB4",-0.0193844570187918,12363,0.768551585091632,0.991138493812497,"No",FALSE,505,0.345444574453269,1.30385331847812,0.0714051394204483,0.0714051394204483,NA,"tags=31%, list=22%, signal=25%",505
"BB3_all","BB3_all","CRPCvsHSPCplus","CRPC vs HSPC+","KISS1",-0.0194297774744196,12369,0.709503623635805,0.987546193059754,"No",FALSE,505,0.345444574453269,1.30385331847812,0.0714051394204483,0.0714051394204483,NA,"tags=31%, list=22%, signal=25%",505
"BB3_all","BB3_all","CRPCvsHSPCplus","CRPC vs HSPC+","TM7SF3",-0.0194324931391958,12370,0.809134828603156,0.993714391242088,"No",FALSE,505,0.345444574453269,1.30385331847812,0.0714051394204483,0.0714051394204483,NA,"tags=31%, list=22%, signal=25%",505
"BB3_all","BB3_all","CRPCvsHSPCplus","CRPC vs HSPC+","PPIA",-0.0197956553750398,12420,0.78293929057201,0.993360480622283,"No",FALSE,505,0.345444574453269,1.30385331847812,0.0714051394204483,0.0714051394204483,NA,"tags=31%, list=22%, signal=25%",505
"BB3_all","BB3_all","CRPCvsHSPCplus","CRPC vs HSPC+","C1QTNF12",-0.0198717089516108,12435,0.723949008929909,0.98825042881938,"No",FALSE,505,0.345444574453269,1.30385331847812,0.0714051394204483,0.0714051394204483,NA,"tags=31%, list=22%, signal=25%",505
"BB3_all","BB3_all","CRPCvsHSPCplus","CRPC vs HSPC+","RALGAPA2",-0.0199104495862632,12444,0.880856184581176,0.996933934133807,"No",FALSE,505,0.345444574453269,1.30385331847812,0.0714051394204483,0.0714051394204483,NA,"tags=31%, list=22%, signal=25%",505
"BB3_all","BB3_all","CRPCvsHSPCplus","CRPC vs HSPC+","ZNF350",-0.0208294985780819,12568,0.83332892842361,0.994867337914577,"No",FALSE,505,0.345444574453269,1.30385331847812,0.0714051394204483,0.0714051394204483,NA,"tags=31%, list=22%, signal=25%",505
"BB3_all","BB3_all","CRPCvsHSPCplus","CRPC vs HSPC+","RAD51C",-0.0215162051738584,12661,0.650264213960256,0.985433361581401,"No",FALSE,505,0.345444574453269,1.30385331847812,0.0714051394204483,0.0714051394204483,NA,"tags=31%, list=22%, signal=25%",505
"BB3_all","BB3_all","CRPCvsHSPCplus","CRPC vs HSPC+","MFSD11",-0.0219204489279967,12725,0.633184998949373,0.985433361581401,"No",FALSE,505,0.345444574453269,1.30385331847812,0.0714051394204483,0.0714051394204483,NA,"tags=31%, list=22%, signal=25%",505
"BB3_all","BB3_all","CRPCvsHSPCplus","CRPC vs HSPC+","ZNF226",-0.0223162028553956,12786,0.647077227470925,0.985433361581401,"No",FALSE,505,0.345444574453269,1.30385331847812,0.0714051394204483,0.0714051394204483,NA,"tags=31%, list=22%, signal=25%",505
"BB3_all","BB3_all","CRPCvsHSPCplus","CRPC vs HSPC+","LRRC8D",-0.0251852570579563,13118,0.703773328848064,0.987151709333159,"No",FALSE,505,0.345444574453269,1.30385331847812,0.0714051394204483,0.0714051394204483,NA,"tags=31%, list=22%, signal=25%",505
"BB3_all","BB3_all","CRPCvsHSPCplus","CRPC vs HSPC+","TMTC4",-0.0265730958822741,13287,0.783048471606549,0.993360480622283,"No",FALSE,505,0.345444574453269,1.30385331847812,0.0714051394204483,0.0714051394204483,NA,"tags=31%, list=22%, signal=25%",505
"BB3_all","BB3_all","CRPCvsHSPCplus","CRPC vs HSPC+","FKBP6",-0.0269600188813272,13334,0.189850606778361,0.97196958734216,"No",FALSE,505,0.345444574453269,1.30385331847812,0.0714051394204483,0.0714051394204483,NA,"tags=31%, list=22%, signal=25%",505
"BB3_all","BB3_all","CRPCvsHSPCplus","CRPC vs HSPC+","CDKN2D",-0.0276358766308267,13408,0.769402347186338,0.991138493812497,"No",FALSE,505,0.345444574453269,1.30385331847812,0.0714051394204483,0.0714051394204483,NA,"tags=31%, list=22%, signal=25%",505
"BB3_all","BB3_all","CRPCvsHSPCplus","CRPC vs HSPC+","PLEKHH1",-0.0278757043897104,13442,0.84165786565787,0.995245270667715,"No",FALSE,505,0.345444574453269,1.30385331847812,0.0714051394204483,0.0714051394204483,NA,"tags=31%, list=22%, signal=25%",505
"BB3_all","BB3_all","CRPCvsHSPCplus","CRPC vs HSPC+","DOCK1",-0.028140960222359,13471,0.726014903340762,0.988722427687616,"No",FALSE,505,0.345444574453269,1.30385331847812,0.0714051394204483,0.0714051394204483,NA,"tags=31%, list=22%, signal=25%",505
"BB3_all","BB3_all","CRPCvsHSPCplus","CRPC vs HSPC+","CYSTM1",-0.0287079389896228,13537,0.755022999580345,0.990191979852221,"No",FALSE,505,0.345444574453269,1.30385331847812,0.0714051394204483,0.0714051394204483,NA,"tags=31%, list=22%, signal=25%",505
"BB3_all","BB3_all","CRPCvsHSPCplus","CRPC vs HSPC+","MAGEF1",-0.0289011563971524,13562,0.698525281086963,0.987151709333159,"No",FALSE,505,0.345444574453269,1.30385331847812,0.0714051394204483,0.0714051394204483,NA,"tags=31%, list=22%, signal=25%",505
"BB3_all","BB3_all","CRPCvsHSPCplus","CRPC vs HSPC+","CDC5L",-0.0289409984206981,13565,0.577673408772227,0.978321129890853,"No",FALSE,505,0.345444574453269,1.30385331847812,0.0714051394204483,0.0714051394204483,NA,"tags=31%, list=22%, signal=25%",505
"BB3_all","BB3_all","CRPCvsHSPCplus","CRPC vs HSPC+","STT3A",-0.0291588814894403,13601,0.683075747176142,0.987151709333159,"No",FALSE,505,0.345444574453269,1.30385331847812,0.0714051394204483,0.0714051394204483,NA,"tags=31%, list=22%, signal=25%",505
"BB3_all","BB3_all","CRPCvsHSPCplus","CRPC vs HSPC+","SLC26A1",-0.0296491700561472,13655,0.698834370866654,0.987151709333159,"No",FALSE,505,0.345444574453269,1.30385331847812,0.0714051394204483,0.0714051394204483,NA,"tags=31%, list=22%, signal=25%",505
"BB3_all","BB3_all","CRPCvsHSPCplus","CRPC vs HSPC+","LRBA",-0.0296701327846942,13657,0.761933064554715,0.990575886469576,"No",FALSE,505,0.345444574453269,1.30385331847812,0.0714051394204483,0.0714051394204483,NA,"tags=31%, list=22%, signal=25%",505
"BB3_all","BB3_all","CRPCvsHSPCplus","CRPC vs HSPC+","NRDE2",-0.0297127479771475,13665,0.348536563851403,0.97196958734216,"No",FALSE,505,0.345444574453269,1.30385331847812,0.0714051394204483,0.0714051394204483,NA,"tags=31%, list=22%, signal=25%",505
"BB3_all","BB3_all","CRPCvsHSPCplus","CRPC vs HSPC+","BLOC1S1",-0.0300824995139259,13708,0.756252931914113,0.990206305218199,"No",FALSE,505,0.345444574453269,1.30385331847812,0.0714051394204483,0.0714051394204483,NA,"tags=31%, list=22%, signal=25%",505
"BB3_all","BB3_all","CRPCvsHSPCplus","CRPC vs HSPC+","SPATA33",-0.0301013327043873,13710,0.507023347958649,0.97196958734216,"No",FALSE,505,0.345444574453269,1.30385331847812,0.0714051394204483,0.0714051394204483,NA,"tags=31%, list=22%, signal=25%",505
"BB3_all","BB3_all","CRPCvsHSPCplus","CRPC vs HSPC+","SLC6A16",-0.0304719735638106,13746,0.618859551181758,0.981856183079061,"No",FALSE,505,0.345444574453269,1.30385331847812,0.0714051394204483,0.0714051394204483,NA,"tags=31%, list=22%, signal=25%",505
"BB3_all","BB3_all","CRPCvsHSPCplus","CRPC vs HSPC+","TTYH2",-0.0307914948115673,13778,0.613510388205436,0.980623998515575,"No",FALSE,505,0.345444574453269,1.30385331847812,0.0714051394204483,0.0714051394204483,NA,"tags=31%, list=22%, signal=25%",505
"BB3_all","BB3_all","CRPCvsHSPCplus","CRPC vs HSPC+","EFHB",-0.0310906306556865,13810,0.425472824792978,0.97196958734216,"No",FALSE,505,0.345444574453269,1.30385331847812,0.0714051394204483,0.0714051394204483,NA,"tags=31%, list=22%, signal=25%",505
"BB3_all","BB3_all","CRPCvsHSPCplus","CRPC vs HSPC+","PRPF3",-0.0315802703184795,13859,0.651917323673168,0.985433361581401,"No",FALSE,505,0.345444574453269,1.30385331847812,0.0714051394204483,0.0714051394204483,NA,"tags=31%, list=22%, signal=25%",505
"BB3_all","BB3_all","CRPCvsHSPCplus","CRPC vs HSPC+","TANC2",-0.0327396301282281,13973,0.676117170272579,0.986876452660118,"No",FALSE,505,0.345444574453269,1.30385331847812,0.0714051394204483,0.0714051394204483,NA,"tags=31%, list=22%, signal=25%",505
"BB3_all","BB3_all","CRPCvsHSPCplus","CRPC vs HSPC+","C17orf75",-0.0327451083857357,13974,0.54657751639097,0.976755229736762,"No",FALSE,505,0.345444574453269,1.30385331847812,0.0714051394204483,0.0714051394204483,NA,"tags=31%, list=22%, signal=25%",505
"BB3_all","BB3_all","CRPCvsHSPCplus","CRPC vs HSPC+","HDAC8",-0.0333523637700668,14036,0.511054598286707,0.97196958734216,"No",FALSE,505,0.345444574453269,1.30385331847812,0.0714051394204483,0.0714051394204483,NA,"tags=31%, list=22%, signal=25%",505
"BB3_all","BB3_all","CRPCvsHSPCplus","CRPC vs HSPC+","PDCD5",-0.0342820039822067,14124,0.615618710883512,0.981434366076986,"No",FALSE,505,0.345444574453269,1.30385331847812,0.0714051394204483,0.0714051394204483,NA,"tags=31%, list=22%, signal=25%",505
"BB3_all","BB3_all","CRPCvsHSPCplus","CRPC vs HSPC+","GLOD4",-0.0354818208539958,14240,0.561980816302826,0.976755229736762,"No",FALSE,505,0.345444574453269,1.30385331847812,0.0714051394204483,0.0714051394204483,NA,"tags=31%, list=22%, signal=25%",505
"BB3_all","BB3_all","CRPCvsHSPCplus","CRPC vs HSPC+","CCDC88C",-0.0356626640654354,14268,0.684601506489979,0.987151709333159,"No",FALSE,505,0.345444574453269,1.30385331847812,0.0714051394204483,0.0714051394204483,NA,"tags=31%, list=22%, signal=25%",505
"BB3_all","BB3_all","CRPCvsHSPCplus","CRPC vs HSPC+","CTIF",-0.0364520354375713,14359,0.563937615872598,0.976755229736762,"No",FALSE,505,0.345444574453269,1.30385331847812,0.0714051394204483,0.0714051394204483,NA,"tags=31%, list=22%, signal=25%",505
"BB3_all","BB3_all","CRPCvsHSPCplus","CRPC vs HSPC+","RPA2",-0.037104473374387,14414,0.549824587993228,0.976755229736762,"No",FALSE,505,0.345444574453269,1.30385331847812,0.0714051394204483,0.0714051394204483,NA,"tags=31%, list=22%, signal=25%",505
"BB3_all","BB3_all","CRPCvsHSPCplus","CRPC vs HSPC+","EID2B",-0.0409486600575215,14694,0.436054262627082,0.97196958734216,"No",FALSE,505,0.345444574453269,1.30385331847812,0.0714051394204483,0.0714051394204483,NA,"tags=31%, list=22%, signal=25%",505
"BB3_all","BB3_all","CRPCvsHSPCplus","CRPC vs HSPC+","NHLRC3",-0.0419434952083733,14778,0.515743349691284,0.97196958734216,"No",FALSE,505,0.345444574453269,1.30385331847812,0.0714051394204483,0.0714051394204483,NA,"tags=31%, list=22%, signal=25%",505
"BB3_all","BB3_all","CRPCvsHSPCplus","CRPC vs HSPC+","GRB7",-0.0421690669663821,14798,0.650675158281023,0.985433361581401,"No",FALSE,505,0.345444574453269,1.30385331847812,0.0714051394204483,0.0714051394204483,NA,"tags=31%, list=22%, signal=25%",505
"BB3_all","BB3_all","CRPCvsHSPCplus","CRPC vs HSPC+","PHF1",-0.0432946764163562,14895,0.499603324033868,0.97196958734216,"No",FALSE,505,0.345444574453269,1.30385331847812,0.0714051394204483,0.0714051394204483,NA,"tags=31%, list=22%, signal=25%",505
"BB3_all","BB3_all","CRPCvsHSPCplus","CRPC vs HSPC+","LRR1",-0.0440530943426318,14957,0.473408065396995,0.97196958734216,"No",FALSE,505,0.345444574453269,1.30385331847812,0.0714051394204483,0.0714051394204483,NA,"tags=31%, list=22%, signal=25%",505
"BB3_all","BB3_all","CRPCvsHSPCplus","CRPC vs HSPC+","ZNF354C",-0.0440541305382238,14958,0.465452256318498,0.97196958734216,"No",FALSE,505,0.345444574453269,1.30385331847812,0.0714051394204483,0.0714051394204483,NA,"tags=31%, list=22%, signal=25%",505
"BB3_all","BB3_all","CRPCvsHSPCplus","CRPC vs HSPC+","DLGAP2",-0.0441462308760113,14963,0.0800894650664338,0.97196958734216,"No",FALSE,505,0.345444574453269,1.30385331847812,0.0714051394204483,0.0714051394204483,NA,"tags=31%, list=22%, signal=25%",505
"BB3_all","BB3_all","CRPCvsHSPCplus","CRPC vs HSPC+","MAP3K21",-0.0452702396995612,15056,0.469273512651127,0.97196958734216,"No",FALSE,505,0.345444574453269,1.30385331847812,0.0714051394204483,0.0714051394204483,NA,"tags=31%, list=22%, signal=25%",505
"BB3_all","BB3_all","CRPCvsHSPCplus","CRPC vs HSPC+","IL3RA",-0.045976772410449,15109,0.5361015084574,0.975351660655361,"No",FALSE,505,0.345444574453269,1.30385331847812,0.0714051394204483,0.0714051394204483,NA,"tags=31%, list=22%, signal=25%",505
"BB3_all","BB3_all","CRPCvsHSPCplus","CRPC vs HSPC+","PKIB",-0.0470034050272812,15194,0.769554889414901,0.991138493812497,"No",FALSE,505,0.345444574453269,1.30385331847812,0.0714051394204483,0.0714051394204483,NA,"tags=31%, list=22%, signal=25%",505
"BB3_all","BB3_all","CRPCvsHSPCplus","CRPC vs HSPC+","DNASE1L3",-0.0472830373801149,15209,0.603192822914095,0.979660576859647,"No",FALSE,505,0.345444574453269,1.30385331847812,0.0714051394204483,0.0714051394204483,NA,"tags=31%, list=22%, signal=25%",505
"BB3_all","BB3_all","CRPCvsHSPCplus","CRPC vs HSPC+","GCNT1",-0.0474610306713958,15216,0.760638370086059,0.990575886469576,"No",FALSE,505,0.345444574453269,1.30385331847812,0.0714051394204483,0.0714051394204483,NA,"tags=31%, list=22%, signal=25%",505
"BB3_all","BB3_all","CRPCvsHSPCplus","CRPC vs HSPC+","NDUFB1",-0.0487016203359358,15297,0.640107339535228,0.985433361581401,"No",FALSE,505,0.345444574453269,1.30385331847812,0.0714051394204483,0.0714051394204483,NA,"tags=31%, list=22%, signal=25%",505
"BB3_all","BB3_all","CRPCvsHSPCplus","CRPC vs HSPC+","GPHN",-0.050239307524226,15384,0.361583612610287,0.97196958734216,"No",FALSE,505,0.345444574453269,1.30385331847812,0.0714051394204483,0.0714051394204483,NA,"tags=31%, list=22%, signal=25%",505
"BB3_all","BB3_all","CRPCvsHSPCplus","CRPC vs HSPC+","ERH",-0.0509468647110563,15437,0.553897174245085,0.976755229736762,"No",FALSE,505,0.345444574453269,1.30385331847812,0.0714051394204483,0.0714051394204483,NA,"tags=31%, list=22%, signal=25%",505
"BB3_all","BB3_all","CRPCvsHSPCplus","CRPC vs HSPC+","ZNF684",-0.052608909967285,15537,0.185709028798435,0.97196958734216,"No",FALSE,505,0.345444574453269,1.30385331847812,0.0714051394204483,0.0714051394204483,NA,"tags=31%, list=22%, signal=25%",505
"BB3_all","BB3_all","CRPCvsHSPCplus","CRPC vs HSPC+","GOLT1A",-0.0532659376065827,15570,0.699837991827909,0.987151709333159,"No",FALSE,505,0.345444574453269,1.30385331847812,0.0714051394204483,0.0714051394204483,NA,"tags=31%, list=22%, signal=25%",505
"BB3_all","BB3_all","CRPCvsHSPCplus","CRPC vs HSPC+","TRAPPC4",-0.0539630046107633,15602,0.435263161951295,0.97196958734216,"No",FALSE,505,0.345444574453269,1.30385331847812,0.0714051394204483,0.0714051394204483,NA,"tags=31%, list=22%, signal=25%",505
"BB3_all","BB3_all","CRPCvsHSPCplus","CRPC vs HSPC+","PRDM1",-0.0553816148796751,15677,0.563477393584746,0.976755229736762,"No",FALSE,505,0.345444574453269,1.30385331847812,0.0714051394204483,0.0714051394204483,NA,"tags=31%, list=22%, signal=25%",505
"BB3_all","BB3_all","CRPCvsHSPCplus","CRPC vs HSPC+","SPATA6L",-0.0569600009093125,15759,0.366105742113042,0.97196958734216,"No",FALSE,505,0.345444574453269,1.30385331847812,0.0714051394204483,0.0714051394204483,NA,"tags=31%, list=22%, signal=25%",505
"BB3_all","BB3_all","CRPCvsHSPCplus","CRPC vs HSPC+","IKZF4",-0.0588515375995877,15859,0.208516408322197,0.97196958734216,"No",FALSE,505,0.345444574453269,1.30385331847812,0.0714051394204483,0.0714051394204483,NA,"tags=31%, list=22%, signal=25%",505
"BB3_all","BB3_all","CRPCvsHSPCplus","CRPC vs HSPC+","DDB2",-0.0607569355352022,15942,0.424934828474819,0.97196958734216,"No",FALSE,505,0.345444574453269,1.30385331847812,0.0714051394204483,0.0714051394204483,NA,"tags=31%, list=22%, signal=25%",505
"BB3_all","BB3_all","CRPCvsHSPCplus","CRPC vs HSPC+","PCLAF",-0.0607696641097277,15943,0.533003383593954,0.974705909375835,"No",FALSE,505,0.345444574453269,1.30385331847812,0.0714051394204483,0.0714051394204483,NA,"tags=31%, list=22%, signal=25%",505
"BB3_all","BB3_all","CRPCvsHSPCplus","CRPC vs HSPC+","TMEM63C",-0.060907720413456,15954,0.510021677707502,0.97196958734216,"No",FALSE,505,0.345444574453269,1.30385331847812,0.0714051394204483,0.0714051394204483,NA,"tags=31%, list=22%, signal=25%",505
"BB3_all","BB3_all","CRPCvsHSPCplus","CRPC vs HSPC+","TMEM14B",-0.0633663271694012,16086,0.379125681866075,0.97196958734216,"No",FALSE,505,0.345444574453269,1.30385331847812,0.0714051394204483,0.0714051394204483,NA,"tags=31%, list=22%, signal=25%",505
"BB3_all","BB3_all","CRPCvsHSPCplus","CRPC vs HSPC+","AGBL3",-0.0633812352612116,16087,0.114165658875955,0.97196958734216,"No",FALSE,505,0.345444574453269,1.30385331847812,0.0714051394204483,0.0714051394204483,NA,"tags=31%, list=22%, signal=25%",505
"BB3_all","BB3_all","CRPCvsHSPCplus","CRPC vs HSPC+","DSN1",-0.0652278007351024,16162,0.337275905207899,0.97196958734216,"No",FALSE,505,0.345444574453269,1.30385331847812,0.0714051394204483,0.0714051394204483,NA,"tags=31%, list=22%, signal=25%",505
"BB3_all","BB3_all","CRPCvsHSPCplus","CRPC vs HSPC+","PLPP5",-0.0660852492694195,16198,0.530039954157962,0.974192323710365,"No",FALSE,505,0.345444574453269,1.30385331847812,0.0714051394204483,0.0714051394204483,NA,"tags=31%, list=22%, signal=25%",505
"BB3_all","BB3_all","CRPCvsHSPCplus","CRPC vs HSPC+","TRNAU1AP",-0.067121657980262,16236,0.188065622273581,0.97196958734216,"No",FALSE,505,0.345444574453269,1.30385331847812,0.0714051394204483,0.0714051394204483,NA,"tags=31%, list=22%, signal=25%",505
"BB3_all","BB3_all","CRPCvsHSPCplus","CRPC vs HSPC+","BCAS3",-0.0681204615543534,16274,0.229082309652267,0.97196958734216,"No",FALSE,505,0.345444574453269,1.30385331847812,0.0714051394204483,0.0714051394204483,NA,"tags=31%, list=22%, signal=25%",505
"BB3_all","BB3_all","CRPCvsHSPCplus","CRPC vs HSPC+","IGBP1",-0.0685437143187784,16287,0.347263457795934,0.97196958734216,"No",FALSE,505,0.345444574453269,1.30385331847812,0.0714051394204483,0.0714051394204483,NA,"tags=31%, list=22%, signal=25%",505
"BB3_all","BB3_all","CRPCvsHSPCplus","CRPC vs HSPC+","HELLS",-0.0707386776779674,16366,0.32172904936436,0.97196958734216,"No",FALSE,505,0.345444574453269,1.30385331847812,0.0714051394204483,0.0714051394204483,NA,"tags=31%, list=22%, signal=25%",505
"BB3_all","BB3_all","CRPCvsHSPCplus","CRPC vs HSPC+","PSD3",-0.0718256001479123,16407,0.460704725415382,0.97196958734216,"No",FALSE,505,0.345444574453269,1.30385331847812,0.0714051394204483,0.0714051394204483,NA,"tags=31%, list=22%, signal=25%",505
"BB3_all","BB3_all","CRPCvsHSPCplus","CRPC vs HSPC+","SLC25A42",-0.0728245143123321,16448,0.413836172976944,0.97196958734216,"No",FALSE,505,0.345444574453269,1.30385331847812,0.0714051394204483,0.0714051394204483,NA,"tags=31%, list=22%, signal=25%",505
"BB3_all","BB3_all","CRPCvsHSPCplus","CRPC vs HSPC+","GALT",-0.0728638049269721,16449,0.355778462850149,0.97196958734216,"No",FALSE,505,0.345444574453269,1.30385331847812,0.0714051394204483,0.0714051394204483,NA,"tags=31%, list=22%, signal=25%",505
"BB3_all","BB3_all","CRPCvsHSPCplus","CRPC vs HSPC+","HMGN2",-0.0730375238684333,16456,0.363969138104481,0.97196958734216,"No",FALSE,505,0.345444574453269,1.30385331847812,0.0714051394204483,0.0714051394204483,NA,"tags=31%, list=22%, signal=25%",505
"BB3_all","BB3_all","CRPCvsHSPCplus","CRPC vs HSPC+","STEAP3",-0.0741966064796369,16493,0.529855073267009,0.973988441906037,"No",FALSE,505,0.345444574453269,1.30385331847812,0.0714051394204483,0.0714051394204483,NA,"tags=31%, list=22%, signal=25%",505
"BB3_all","BB3_all","CRPCvsHSPCplus","CRPC vs HSPC+","FADS1",-0.0747250933531478,16511,0.501486067307777,0.97196958734216,"No",FALSE,505,0.345444574453269,1.30385331847812,0.0714051394204483,0.0714051394204483,NA,"tags=31%, list=22%, signal=25%",505
"BB3_all","BB3_all","CRPCvsHSPCplus","CRPC vs HSPC+","SHC3",-0.0754522413161109,16534,0.00948179962483515,0.730139330717859,"No",FALSE,505,0.345444574453269,1.30385331847812,0.0714051394204483,0.0714051394204483,NA,"tags=31%, list=22%, signal=25%",505
"BB3_all","BB3_all","CRPCvsHSPCplus","CRPC vs HSPC+","DCHS1",-0.076466924863142,16566,0.460360416175637,0.97196958734216,"No",FALSE,505,0.345444574453269,1.30385331847812,0.0714051394204483,0.0714051394204483,NA,"tags=31%, list=22%, signal=25%",505
"BB3_all","BB3_all","CRPCvsHSPCplus","CRPC vs HSPC+","OCIAD2",-0.077090098408739,16586,0.377755143031882,0.97196958734216,"No",FALSE,505,0.345444574453269,1.30385331847812,0.0714051394204483,0.0714051394204483,NA,"tags=31%, list=22%, signal=25%",505
"BB3_all","BB3_all","CRPCvsHSPCplus","CRPC vs HSPC+","HR",-0.0799546038480101,16675,0.24389413909717,0.97196958734216,"No",FALSE,505,0.345444574453269,1.30385331847812,0.0714051394204483,0.0714051394204483,NA,"tags=31%, list=22%, signal=25%",505
"BB3_all","BB3_all","CRPCvsHSPCplus","CRPC vs HSPC+","MMP10",-0.0800094266904268,16676,0.610691159910864,0.980164524505264,"No",FALSE,505,0.345444574453269,1.30385331847812,0.0714051394204483,0.0714051394204483,NA,"tags=31%, list=22%, signal=25%",505
"BB3_all","BB3_all","CRPCvsHSPCplus","CRPC vs HSPC+","ATP2C1",-0.0802467551185924,16686,0.402014377235495,0.97196958734216,"No",FALSE,505,0.345444574453269,1.30385331847812,0.0714051394204483,0.0714051394204483,NA,"tags=31%, list=22%, signal=25%",505
"BB3_all","BB3_all","CRPCvsHSPCplus","CRPC vs HSPC+","POLG2",-0.0837171864474133,16782,0.177576048620535,0.97196958734216,"No",FALSE,505,0.345444574453269,1.30385331847812,0.0714051394204483,0.0714051394204483,NA,"tags=31%, list=22%, signal=25%",505
"BB3_all","BB3_all","CRPCvsHSPCplus","CRPC vs HSPC+","SNCAIP",-0.0874054964203258,16884,0.227603401547599,0.97196958734216,"No",FALSE,505,0.345444574453269,1.30385331847812,0.0714051394204483,0.0714051394204483,NA,"tags=31%, list=22%, signal=25%",505
"BB3_all","BB3_all","CRPCvsHSPCplus","CRPC vs HSPC+","SPRED1",-0.0900310449977269,16943,0.272650576867037,0.97196958734216,"No",FALSE,505,0.345444574453269,1.30385331847812,0.0714051394204483,0.0714051394204483,NA,"tags=31%, list=22%, signal=25%",505
"BB3_all","BB3_all","CRPCvsHSPCplus","CRPC vs HSPC+","KCND3",-0.0934283189922742,17027,0.422019785649673,0.97196958734216,"No",FALSE,505,0.345444574453269,1.30385331847812,0.0714051394204483,0.0714051394204483,NA,"tags=31%, list=22%, signal=25%",505
"BB3_all","BB3_all","CRPCvsHSPCplus","CRPC vs HSPC+","CIRBP",-0.0935686345797988,17031,0.235050603242887,0.97196958734216,"No",FALSE,505,0.345444574453269,1.30385331847812,0.0714051394204483,0.0714051394204483,NA,"tags=31%, list=22%, signal=25%",505
"BB3_all","BB3_all","CRPCvsHSPCplus","CRPC vs HSPC+","ATP8B2",-0.0957710518993933,17077,0.430536055008391,0.97196958734216,"No",FALSE,505,0.345444574453269,1.30385331847812,0.0714051394204483,0.0714051394204483,NA,"tags=31%, list=22%, signal=25%",505
"BB3_all","BB3_all","CRPCvsHSPCplus","CRPC vs HSPC+","HOXB7",-0.100392429546986,17161,0.318608388278668,0.97196958734216,"No",FALSE,505,0.345444574453269,1.30385331847812,0.0714051394204483,0.0714051394204483,NA,"tags=31%, list=22%, signal=25%",505
"BB3_all","BB3_all","CRPCvsHSPCplus","CRPC vs HSPC+","DENND2A",-0.102124415895215,17202,0.202335307034259,0.97196958734216,"No",FALSE,505,0.345444574453269,1.30385331847812,0.0714051394204483,0.0714051394204483,NA,"tags=31%, list=22%, signal=25%",505
"BB3_all","BB3_all","CRPCvsHSPCplus","CRPC vs HSPC+","BMF",-0.104734703040129,17243,0.235124009867032,0.97196958734216,"No",FALSE,505,0.345444574453269,1.30385331847812,0.0714051394204483,0.0714051394204483,NA,"tags=31%, list=22%, signal=25%",505
"BB3_all","BB3_all","CRPCvsHSPCplus","CRPC vs HSPC+","PCNX2",-0.108846546162874,17310,0.0735809968690741,0.97196958734216,"No",FALSE,505,0.345444574453269,1.30385331847812,0.0714051394204483,0.0714051394204483,NA,"tags=31%, list=22%, signal=25%",505
"BB3_all","BB3_all","CRPCvsHSPCplus","CRPC vs HSPC+","MON1B",-0.109440869346191,17323,0.537522895335949,0.975683920476232,"No",FALSE,505,0.345444574453269,1.30385331847812,0.0714051394204483,0.0714051394204483,NA,"tags=31%, list=22%, signal=25%",505
"BB3_all","BB3_all","CRPCvsHSPCplus","CRPC vs HSPC+","KCNAB3",-0.111744079069476,17375,0.0672804860727437,0.97196958734216,"No",FALSE,505,0.345444574453269,1.30385331847812,0.0714051394204483,0.0714051394204483,NA,"tags=31%, list=22%, signal=25%",505
"BB3_all","BB3_all","CRPCvsHSPCplus","CRPC vs HSPC+","PMEL",-0.112620049806601,17392,0.028381214205403,0.93155312358673,"No",FALSE,505,0.345444574453269,1.30385331847812,0.0714051394204483,0.0714051394204483,NA,"tags=31%, list=22%, signal=25%",505
"BB3_all","BB3_all","CRPCvsHSPCplus","CRPC vs HSPC+","GDF11",-0.113596982176122,17411,0.42392671838904,0.97196958734216,"No",FALSE,505,0.345444574453269,1.30385331847812,0.0714051394204483,0.0714051394204483,NA,"tags=31%, list=22%, signal=25%",505
"BB3_all","BB3_all","CRPCvsHSPCplus","CRPC vs HSPC+","TNC",-0.11451478089257,17424,0.480314356339573,0.97196958734216,"No",FALSE,505,0.345444574453269,1.30385331847812,0.0714051394204483,0.0714051394204483,NA,"tags=31%, list=22%, signal=25%",505
"BB3_all","BB3_all","CRPCvsHSPCplus","CRPC vs HSPC+","HMGN3",-0.114638959182525,17427,0.215528718454832,0.97196958734216,"No",FALSE,505,0.345444574453269,1.30385331847812,0.0714051394204483,0.0714051394204483,NA,"tags=31%, list=22%, signal=25%",505
"BB3_all","BB3_all","CRPCvsHSPCplus","CRPC vs HSPC+","DUSP4",-0.132161650304287,17646,0.284502343759587,0.97196958734216,"No",FALSE,505,0.345444574453269,1.30385331847812,0.0714051394204483,0.0714051394204483,NA,"tags=31%, list=22%, signal=25%",505
"BB3_all","BB3_all","CRPCvsHSPCplus","CRPC vs HSPC+","SAT1",-0.136215679668902,17689,0.25553330831068,0.97196958734216,"No",FALSE,505,0.345444574453269,1.30385331847812,0.0714051394204483,0.0714051394204483,NA,"tags=31%, list=22%, signal=25%",505
"BB3_all","BB3_all","CRPCvsHSPCplus","CRPC vs HSPC+","HLA-B",-0.136309807440121,17691,0.341868013330738,0.97196958734216,"No",FALSE,505,0.345444574453269,1.30385331847812,0.0714051394204483,0.0714051394204483,NA,"tags=31%, list=22%, signal=25%",505
"BB3_all","BB3_all","CRPCvsHSPCplus","CRPC vs HSPC+","BTN3A2",-0.140490882884286,17725,0.179821263603332,0.97196958734216,"No",FALSE,505,0.345444574453269,1.30385331847812,0.0714051394204483,0.0714051394204483,NA,"tags=31%, list=22%, signal=25%",505
"BB3_all","BB3_all","CRPCvsHSPCplus","CRPC vs HSPC+","SMPDL3B",-0.144774006437524,17759,0.201413006596439,0.97196958734216,"No",FALSE,505,0.345444574453269,1.30385331847812,0.0714051394204483,0.0714051394204483,NA,"tags=31%, list=22%, signal=25%",505
"BB3_all","BB3_all","CRPCvsHSPCplus","CRPC vs HSPC+","ULBP2",-0.148310845055617,17788,0.121922707802906,0.97196958734216,"No",FALSE,505,0.345444574453269,1.30385331847812,0.0714051394204483,0.0714051394204483,NA,"tags=31%, list=22%, signal=25%",505
"BB3_all","BB3_all","CRPCvsHSPCplus","CRPC vs HSPC+","HERC6",-0.150259260691088,17801,0.141833020894879,0.97196958734216,"No",FALSE,505,0.345444574453269,1.30385331847812,0.0714051394204483,0.0714051394204483,NA,"tags=31%, list=22%, signal=25%",505
"BB3_all","BB3_all","CRPCvsHSPCplus","CRPC vs HSPC+","HEXA",-0.156921743860021,17842,0.112664721201309,0.97196958734216,"No",FALSE,505,0.345444574453269,1.30385331847812,0.0714051394204483,0.0714051394204483,NA,"tags=31%, list=22%, signal=25%",505
"BB3_all","BB3_all","CRPCvsHSPCplus","CRPC vs HSPC+","LPXN",-0.160769364350728,17867,0.191430129038474,0.97196958734216,"No",FALSE,505,0.345444574453269,1.30385331847812,0.0714051394204483,0.0714051394204483,NA,"tags=31%, list=22%, signal=25%",505
"BB3_all","BB3_all","CRPCvsHSPCplus","CRPC vs HSPC+","BMP6",-0.164501065994111,17888,0.284506095757049,0.97196958734216,"No",FALSE,505,0.345444574453269,1.30385331847812,0.0714051394204483,0.0714051394204483,NA,"tags=31%, list=22%, signal=25%",505
"BB3_all","BB3_all","CRPCvsHSPCplus","CRPC vs HSPC+","CEACAM19",-0.165513448706689,17899,0.0698224593653196,0.97196958734216,"No",FALSE,505,0.345444574453269,1.30385331847812,0.0714051394204483,0.0714051394204483,NA,"tags=31%, list=22%, signal=25%",505
"BB3_all","BB3_all","CRPCvsHSPCplus","CRPC vs HSPC+","C19orf18",-0.173819987524537,17934,0.0656026139884557,0.97196958734216,"No",FALSE,505,0.345444574453269,1.30385331847812,0.0714051394204483,0.0714051394204483,NA,"tags=31%, list=22%, signal=25%",505
"BB3_all","BB3_all","CRPCvsHSPCplus","CRPC vs HSPC+","ENTPD5",-0.177097655057291,17953,0.274122802027747,0.97196958734216,"No",FALSE,505,0.345444574453269,1.30385331847812,0.0714051394204483,0.0714051394204483,NA,"tags=31%, list=22%, signal=25%",505
"BB3_all","BB3_all","CRPCvsHSPCplus","CRPC vs HSPC+","AGER",-0.181675637322953,17980,0.088559318559429,0.97196958734216,"No",FALSE,505,0.345444574453269,1.30385331847812,0.0714051394204483,0.0714051394204483,NA,"tags=31%, list=22%, signal=25%",505
"BB3_all","BB3_all","CRPCvsHSPCplus","CRPC vs HSPC+","THBS2",-0.182040031402957,17981,0.266253470648853,0.97196958734216,"No",FALSE,505,0.345444574453269,1.30385331847812,0.0714051394204483,0.0714051394204483,NA,"tags=31%, list=22%, signal=25%",505
"BB3_all","BB3_all","CRPCvsHSPCplus","CRPC vs HSPC+","SLC51A",-0.184877133163409,17998,0.065088040347798,0.97196958734216,"No",FALSE,505,0.345444574453269,1.30385331847812,0.0714051394204483,0.0714051394204483,NA,"tags=31%, list=22%, signal=25%",505
"BB3_all","BB3_all","CRPCvsHSPCplus","CRPC vs HSPC+","IGFBP5",-0.189620568092796,18013,0.288267962774045,0.97196958734216,"No",FALSE,505,0.345444574453269,1.30385331847812,0.0714051394204483,0.0714051394204483,NA,"tags=31%, list=22%, signal=25%",505
"BB3_all","BB3_all","CRPCvsHSPCplus","CRPC vs HSPC+","CAPN5",-0.220247529028298,18107,0.159798290202396,0.97196958734216,"No",FALSE,505,0.345444574453269,1.30385331847812,0.0714051394204483,0.0714051394204483,NA,"tags=31%, list=22%, signal=25%",505
"BB3_all","BB3_all","CRPCvsHSPCplus","CRPC vs HSPC+","HLA-A",-0.224208064069144,18115,0.131505942178565,0.97196958734216,"No",FALSE,505,0.345444574453269,1.30385331847812,0.0714051394204483,0.0714051394204483,NA,"tags=31%, list=22%, signal=25%",505
"BB3_all","BB3_all","CRPCvsHSPCplus","CRPC vs HSPC+","ABCC4",-0.236752225240211,18148,0.198534568447673,0.97196958734216,"No",FALSE,505,0.345444574453269,1.30385331847812,0.0714051394204483,0.0714051394204483,NA,"tags=31%, list=22%, signal=25%",505
"BB3_all","BB3_all","CRPCvsHSPCplus","CRPC vs HSPC+","HOXC4",-0.25430300750307,18168,0.0303704263292083,0.953068306029269,"No",FALSE,505,0.345444574453269,1.30385331847812,0.0714051394204483,0.0714051394204483,NA,"tags=31%, list=22%, signal=25%",505
"BB3_all","BB3_all","CRPCvsHSPCplus","CRPC vs HSPC+","MSMB",-0.331735149434434,18245,0.308622639407151,0.97196958734216,"No",FALSE,505,0.345444574453269,1.30385331847812,0.0714051394204483,0.0714051394204483,NA,"tags=31%, list=22%, signal=25%",505
