"GSEA_ID","Description","background","background_label","Gene","log2FC","rank","background_pvalue","background_p.adjust","是否为core gene","core_enrichment","setSize","enrichmentScore","NES","GSEA_pvalue","GSEA_p.adjust","qvalue","leading_edge","matched_genes"
"B12_1_5x_all","B12_1_5x_all","CRPCvsHSPCcouple","CRPC vs HSPC couple","LRRC26",1.14637293616052,20,0.000962798946326577,0.019519920480075,"Yes",TRUE,783,0.62093438964798,2.35482729256816,3.08446235751674e-50,3.08446235751674e-50,NA,"tags=51%, list=13%, signal=47%",783
"B12_1_5x_all","B12_1_5x_all","CRPCvsHSPCcouple","CRPC vs HSPC couple","HES4",1.00454774879262,23,1.29932139681286e-05,0.00129697835822844,"Yes",TRUE,783,0.62093438964798,2.35482729256816,3.08446235751674e-50,3.08446235751674e-50,NA,"tags=51%, list=13%, signal=47%",783
"B12_1_5x_all","B12_1_5x_all","CRPCvsHSPCcouple","CRPC vs HSPC couple","CCDC85B",1.00229881543931,24,2.92280279987149e-06,0.000501775774701646,"Yes",TRUE,783,0.62093438964798,2.35482729256816,3.08446235751674e-50,3.08446235751674e-50,NA,"tags=51%, list=13%, signal=47%",783
"B12_1_5x_all","B12_1_5x_all","CRPCvsHSPCcouple","CRPC vs HSPC couple","TMEM160",0.965218957581361,25,7.5095597126487e-07,0.000207844132228718,"Yes",TRUE,783,0.62093438964798,2.35482729256816,3.08446235751674e-50,3.08446235751674e-50,NA,"tags=51%, list=13%, signal=47%",783
"B12_1_5x_all","B12_1_5x_all","CRPCvsHSPCcouple","CRPC vs HSPC couple","NME3",0.907617189610881,31,1.3305963898038e-06,0.000306105945355381,"Yes",TRUE,783,0.62093438964798,2.35482729256816,3.08446235751674e-50,3.08446235751674e-50,NA,"tags=51%, list=13%, signal=47%",783
"B12_1_5x_all","B12_1_5x_all","CRPCvsHSPCcouple","CRPC vs HSPC couple","TMEM238",0.891854301405491,32,2.85495690986078e-06,0.000501456710311797,"Yes",TRUE,783,0.62093438964798,2.35482729256816,3.08446235751674e-50,3.08446235751674e-50,NA,"tags=51%, list=13%, signal=47%",783
"B12_1_5x_all","B12_1_5x_all","CRPCvsHSPCcouple","CRPC vs HSPC couple","COMTD1",0.803247894559521,34,1.61736834513608e-05,0.00151510090054363,"Yes",TRUE,783,0.62093438964798,2.35482729256816,3.08446235751674e-50,3.08446235751674e-50,NA,"tags=51%, list=13%, signal=47%",783
"B12_1_5x_all","B12_1_5x_all","CRPCvsHSPCcouple","CRPC vs HSPC couple","PSCA",0.77815155661807,36,0.138402609562593,0.362277179378886,"Yes",TRUE,783,0.62093438964798,2.35482729256816,3.08446235751674e-50,3.08446235751674e-50,NA,"tags=51%, list=13%, signal=47%",783
"B12_1_5x_all","B12_1_5x_all","CRPCvsHSPCcouple","CRPC vs HSPC couple","ISG15",0.7738799614035,38,0.00272122616574061,0.0371792358785219,"Yes",TRUE,783,0.62093438964798,2.35482729256816,3.08446235751674e-50,3.08446235751674e-50,NA,"tags=51%, list=13%, signal=47%",783
"B12_1_5x_all","B12_1_5x_all","CRPCvsHSPCcouple","CRPC vs HSPC couple","METRN",0.763561080783325,39,5.73505815085073e-07,0.000166289376573953,"Yes",TRUE,783,0.62093438964798,2.35482729256816,3.08446235751674e-50,3.08446235751674e-50,NA,"tags=51%, list=13%, signal=47%",783
"B12_1_5x_all","B12_1_5x_all","CRPCvsHSPCcouple","CRPC vs HSPC couple","MCRIP2",0.748643822016661,44,1.08173830894873e-06,0.000266744006521623,"Yes",TRUE,783,0.62093438964798,2.35482729256816,3.08446235751674e-50,3.08446235751674e-50,NA,"tags=51%, list=13%, signal=47%",783
"B12_1_5x_all","B12_1_5x_all","CRPCvsHSPCcouple","CRPC vs HSPC couple","CTXN1",0.745014553051186,46,0.000335036556626936,0.010217216660942,"Yes",TRUE,783,0.62093438964798,2.35482729256816,3.08446235751674e-50,3.08446235751674e-50,NA,"tags=51%, list=13%, signal=47%",783
"B12_1_5x_all","B12_1_5x_all","CRPCvsHSPCcouple","CRPC vs HSPC couple","TNNC2",0.744194202040338,47,0.00849419549735345,0.075558849944932,"Yes",TRUE,783,0.62093438964798,2.35482729256816,3.08446235751674e-50,3.08446235751674e-50,NA,"tags=51%, list=13%, signal=47%",783
"B12_1_5x_all","B12_1_5x_all","CRPCvsHSPCcouple","CRPC vs HSPC couple","NDUFAF8",0.734852061229876,51,2.54788450840893e-08,1.25789746797584e-05,"Yes",TRUE,783,0.62093438964798,2.35482729256816,3.08446235751674e-50,3.08446235751674e-50,NA,"tags=51%, list=13%, signal=47%",783
"B12_1_5x_all","B12_1_5x_all","CRPCvsHSPCcouple","CRPC vs HSPC couple","ENDOG",0.723106965939705,53,2.31433164275488e-06,0.000427029253719227,"Yes",TRUE,783,0.62093438964798,2.35482729256816,3.08446235751674e-50,3.08446235751674e-50,NA,"tags=51%, list=13%, signal=47%",783
"B12_1_5x_all","B12_1_5x_all","CRPCvsHSPCcouple","CRPC vs HSPC couple","ALDOA",0.708747921602366,55,2.05199005736199e-09,1.44168086068582e-06,"Yes",TRUE,783,0.62093438964798,2.35482729256816,3.08446235751674e-50,3.08446235751674e-50,NA,"tags=51%, list=13%, signal=47%",783
"B12_1_5x_all","B12_1_5x_all","CRPCvsHSPCcouple","CRPC vs HSPC couple","MRPL41",0.700472270764726,56,0.000401246292951914,0.0114167695223561,"Yes",TRUE,783,0.62093438964798,2.35482729256816,3.08446235751674e-50,3.08446235751674e-50,NA,"tags=51%, list=13%, signal=47%",783
"B12_1_5x_all","B12_1_5x_all","CRPCvsHSPCcouple","CRPC vs HSPC couple","HAGHL",0.683697509225709,61,9.33673613865175e-06,0.00103996438441922,"Yes",TRUE,783,0.62093438964798,2.35482729256816,3.08446235751674e-50,3.08446235751674e-50,NA,"tags=51%, list=13%, signal=47%",783
"B12_1_5x_all","B12_1_5x_all","CRPCvsHSPCcouple","CRPC vs HSPC couple","CHCHD10",0.677981927281849,63,0.00023716273323756,0.00837921247956714,"Yes",TRUE,783,0.62093438964798,2.35482729256816,3.08446235751674e-50,3.08446235751674e-50,NA,"tags=51%, list=13%, signal=47%",783
"B12_1_5x_all","B12_1_5x_all","CRPCvsHSPCcouple","CRPC vs HSPC couple","RPS28",0.666224285500953,70,0.000127992123051188,0.0057445506431844,"Yes",TRUE,783,0.62093438964798,2.35482729256816,3.08446235751674e-50,3.08446235751674e-50,NA,"tags=51%, list=13%, signal=47%",783
"B12_1_5x_all","B12_1_5x_all","CRPCvsHSPCcouple","CRPC vs HSPC couple","MAP1LC3A",0.662200436335298,73,0.000201571548460482,0.00763293821823075,"Yes",TRUE,783,0.62093438964798,2.35482729256816,3.08446235751674e-50,3.08446235751674e-50,NA,"tags=51%, list=13%, signal=47%",783
"B12_1_5x_all","B12_1_5x_all","CRPCvsHSPCcouple","CRPC vs HSPC couple","COPS9",0.661042454893527,74,9.88530156852814e-06,0.00108128625001379,"Yes",TRUE,783,0.62093438964798,2.35482729256816,3.08446235751674e-50,3.08446235751674e-50,NA,"tags=51%, list=13%, signal=47%",783
"B12_1_5x_all","B12_1_5x_all","CRPCvsHSPCcouple","CRPC vs HSPC couple","GADD45G",0.657229155541066,75,0.00296597707589974,0.0394894338523764,"Yes",TRUE,783,0.62093438964798,2.35482729256816,3.08446235751674e-50,3.08446235751674e-50,NA,"tags=51%, list=13%, signal=47%",783
"B12_1_5x_all","B12_1_5x_all","CRPCvsHSPCcouple","CRPC vs HSPC couple","PCSK1N",0.655191368088294,77,0.0351809954278215,0.172182400805926,"Yes",TRUE,783,0.62093438964798,2.35482729256816,3.08446235751674e-50,3.08446235751674e-50,NA,"tags=51%, list=13%, signal=47%",783
"B12_1_5x_all","B12_1_5x_all","CRPCvsHSPCcouple","CRPC vs HSPC couple","NDUFS6",0.645055603547392,81,1.13742613820537e-05,0.00117518487373245,"Yes",TRUE,783,0.62093438964798,2.35482729256816,3.08446235751674e-50,3.08446235751674e-50,NA,"tags=51%, list=13%, signal=47%",783
"B12_1_5x_all","B12_1_5x_all","CRPCvsHSPCcouple","CRPC vs HSPC couple","NAPRT",0.644625685328571,82,0.000261420038801366,0.00889266266067888,"Yes",TRUE,783,0.62093438964798,2.35482729256816,3.08446235751674e-50,3.08446235751674e-50,NA,"tags=51%, list=13%, signal=47%",783
"B12_1_5x_all","B12_1_5x_all","CRPCvsHSPCcouple","CRPC vs HSPC couple","METTL26",0.642284109337857,83,9.66949434587822e-05,0.00486591331173987,"Yes",TRUE,783,0.62093438964798,2.35482729256816,3.08446235751674e-50,3.08446235751674e-50,NA,"tags=51%, list=13%, signal=47%",783
"B12_1_5x_all","B12_1_5x_all","CRPCvsHSPCcouple","CRPC vs HSPC couple","NOXA1",0.632703267919739,88,0.000262755188459458,0.00890822675081241,"Yes",TRUE,783,0.62093438964798,2.35482729256816,3.08446235751674e-50,3.08446235751674e-50,NA,"tags=51%, list=13%, signal=47%",783
"B12_1_5x_all","B12_1_5x_all","CRPCvsHSPCcouple","CRPC vs HSPC couple","NPDC1",0.6275304291857,91,0.000669480331282449,0.0158002547952668,"Yes",TRUE,783,0.62093438964798,2.35482729256816,3.08446235751674e-50,3.08446235751674e-50,NA,"tags=51%, list=13%, signal=47%",783
"B12_1_5x_all","B12_1_5x_all","CRPCvsHSPCcouple","CRPC vs HSPC couple","MRPL12",0.624467315146333,93,0.000133806241578295,0.0058864153517508,"Yes",TRUE,783,0.62093438964798,2.35482729256816,3.08446235751674e-50,3.08446235751674e-50,NA,"tags=51%, list=13%, signal=47%",783
"B12_1_5x_all","B12_1_5x_all","CRPCvsHSPCcouple","CRPC vs HSPC couple","CTU1",0.617224548880681,97,6.98913006084837e-10,5.55088864441379e-07,"Yes",TRUE,783,0.62093438964798,2.35482729256816,3.08446235751674e-50,3.08446235751674e-50,NA,"tags=51%, list=13%, signal=47%",783
"B12_1_5x_all","B12_1_5x_all","CRPCvsHSPCcouple","CRPC vs HSPC couple","SELENOH",0.615896454918357,98,5.3900286463953e-09,3.51641618870367e-06,"Yes",TRUE,783,0.62093438964798,2.35482729256816,3.08446235751674e-50,3.08446235751674e-50,NA,"tags=51%, list=13%, signal=47%",783
"B12_1_5x_all","B12_1_5x_all","CRPCvsHSPCcouple","CRPC vs HSPC couple","RPL36",0.611888179221135,101,0.000221064010188874,0.00810878769903649,"Yes",TRUE,783,0.62093438964798,2.35482729256816,3.08446235751674e-50,3.08446235751674e-50,NA,"tags=51%, list=13%, signal=47%",783
"B12_1_5x_all","B12_1_5x_all","CRPCvsHSPCcouple","CRPC vs HSPC couple","RNF208",0.609705724857095,102,0.00042127034481676,0.0118026769766377,"Yes",TRUE,783,0.62093438964798,2.35482729256816,3.08446235751674e-50,3.08446235751674e-50,NA,"tags=51%, list=13%, signal=47%",783
"B12_1_5x_all","B12_1_5x_all","CRPCvsHSPCcouple","CRPC vs HSPC couple","C7orf50",0.603982475167145,109,2.05663371167995e-06,0.00041543820853709,"Yes",TRUE,783,0.62093438964798,2.35482729256816,3.08446235751674e-50,3.08446235751674e-50,NA,"tags=51%, list=13%, signal=47%",783
"B12_1_5x_all","B12_1_5x_all","CRPCvsHSPCcouple","CRPC vs HSPC couple","SCAND1",0.603152273267344,110,0.000936102055784712,0.0191486856136835,"Yes",TRUE,783,0.62093438964798,2.35482729256816,3.08446235751674e-50,3.08446235751674e-50,NA,"tags=51%, list=13%, signal=47%",783
"B12_1_5x_all","B12_1_5x_all","CRPCvsHSPCcouple","CRPC vs HSPC couple","TPGS1",0.600945947527011,113,2.13779994539259e-06,0.00041543820853709,"Yes",TRUE,783,0.62093438964798,2.35482729256816,3.08446235751674e-50,3.08446235751674e-50,NA,"tags=51%, list=13%, signal=47%",783
"B12_1_5x_all","B12_1_5x_all","CRPCvsHSPCcouple","CRPC vs HSPC couple","PRR7",0.597300890953913,114,0.000190889656104789,0.0073085737079614,"Yes",TRUE,783,0.62093438964798,2.35482729256816,3.08446235751674e-50,3.08446235751674e-50,NA,"tags=51%, list=13%, signal=47%",783
"B12_1_5x_all","B12_1_5x_all","CRPCvsHSPCcouple","CRPC vs HSPC couple","RPL35",0.582162835794678,126,0.000757378031496546,0.0170281471035831,"Yes",TRUE,783,0.62093438964798,2.35482729256816,3.08446235751674e-50,3.08446235751674e-50,NA,"tags=51%, list=13%, signal=47%",783
"B12_1_5x_all","B12_1_5x_all","CRPCvsHSPCcouple","CRPC vs HSPC couple","ZNF428",0.581154067770414,127,5.12711869777385e-07,0.000156095128753725,"Yes",TRUE,783,0.62093438964798,2.35482729256816,3.08446235751674e-50,3.08446235751674e-50,NA,"tags=51%, list=13%, signal=47%",783
"B12_1_5x_all","B12_1_5x_all","CRPCvsHSPCcouple","CRPC vs HSPC couple","IDUA",0.563791022238454,137,7.78105702396223e-05,0.00421770233402724,"Yes",TRUE,783,0.62093438964798,2.35482729256816,3.08446235751674e-50,3.08446235751674e-50,NA,"tags=51%, list=13%, signal=47%",783
"B12_1_5x_all","B12_1_5x_all","CRPCvsHSPCcouple","CRPC vs HSPC couple","TMEM54",0.562550646012548,139,6.11797556164167e-05,0.00363080057152094,"Yes",TRUE,783,0.62093438964798,2.35482729256816,3.08446235751674e-50,3.08446235751674e-50,NA,"tags=51%, list=13%, signal=47%",783
"B12_1_5x_all","B12_1_5x_all","CRPCvsHSPCcouple","CRPC vs HSPC couple","PPP1R35",0.559982324704364,142,1.80639653571585e-05,0.0016254899269912,"Yes",TRUE,783,0.62093438964798,2.35482729256816,3.08446235751674e-50,3.08446235751674e-50,NA,"tags=51%, list=13%, signal=47%",783
"B12_1_5x_all","B12_1_5x_all","CRPCvsHSPCcouple","CRPC vs HSPC couple","LMNTD2",0.55761080657639,146,8.78212225107781e-06,0.000997270104932727,"Yes",TRUE,783,0.62093438964798,2.35482729256816,3.08446235751674e-50,3.08446235751674e-50,NA,"tags=51%, list=13%, signal=47%",783
"B12_1_5x_all","B12_1_5x_all","CRPCvsHSPCcouple","CRPC vs HSPC couple","RPS27A",0.557104592791068,147,0.00014143864880387,0.00605961165615627,"Yes",TRUE,783,0.62093438964798,2.35482729256816,3.08446235751674e-50,3.08446235751674e-50,NA,"tags=51%, list=13%, signal=47%",783
"B12_1_5x_all","B12_1_5x_all","CRPCvsHSPCcouple","CRPC vs HSPC couple","RAC3",0.557052938004198,148,0.00326842275366765,0.0418683579531886,"Yes",TRUE,783,0.62093438964798,2.35482729256816,3.08446235751674e-50,3.08446235751674e-50,NA,"tags=51%, list=13%, signal=47%",783
"B12_1_5x_all","B12_1_5x_all","CRPCvsHSPCcouple","CRPC vs HSPC couple","LSM7",0.555211172294162,150,1.10265950614702e-05,0.00115098749707358,"Yes",TRUE,783,0.62093438964798,2.35482729256816,3.08446235751674e-50,3.08446235751674e-50,NA,"tags=51%, list=13%, signal=47%",783
"B12_1_5x_all","B12_1_5x_all","CRPCvsHSPCcouple","CRPC vs HSPC couple","CITED4",0.554953132254249,152,0.00151097118495231,0.0260203713430848,"Yes",TRUE,783,0.62093438964798,2.35482729256816,3.08446235751674e-50,3.08446235751674e-50,NA,"tags=51%, list=13%, signal=47%",783
"B12_1_5x_all","B12_1_5x_all","CRPCvsHSPCcouple","CRPC vs HSPC couple","SNRNP70",0.553363964876101,153,5.67703024040522e-06,0.000746059794255267,"Yes",TRUE,783,0.62093438964798,2.35482729256816,3.08446235751674e-50,3.08446235751674e-50,NA,"tags=51%, list=13%, signal=47%",783
"B12_1_5x_all","B12_1_5x_all","CRPCvsHSPCcouple","CRPC vs HSPC couple","PPP1R16A",0.549164636263188,157,0.000256350391040467,0.00885566541227387,"Yes",TRUE,783,0.62093438964798,2.35482729256816,3.08446235751674e-50,3.08446235751674e-50,NA,"tags=51%, list=13%, signal=47%",783
"B12_1_5x_all","B12_1_5x_all","CRPCvsHSPCcouple","CRPC vs HSPC couple","TMUB1",0.548773767535578,158,3.58882050109723e-05,0.00252981014705197,"Yes",TRUE,783,0.62093438964798,2.35482729256816,3.08446235751674e-50,3.08446235751674e-50,NA,"tags=51%, list=13%, signal=47%",783
"B12_1_5x_all","B12_1_5x_all","CRPCvsHSPCcouple","CRPC vs HSPC couple","AURKAIP1",0.54847203528255,159,0.000318850476928641,0.00991681087315339,"Yes",TRUE,783,0.62093438964798,2.35482729256816,3.08446235751674e-50,3.08446235751674e-50,NA,"tags=51%, list=13%, signal=47%",783
"B12_1_5x_all","B12_1_5x_all","CRPCvsHSPCcouple","CRPC vs HSPC couple","RPLP1",0.543696519949206,168,0.0049840572294634,0.0547643605214869,"Yes",TRUE,783,0.62093438964798,2.35482729256816,3.08446235751674e-50,3.08446235751674e-50,NA,"tags=51%, list=13%, signal=47%",783
"B12_1_5x_all","B12_1_5x_all","CRPCvsHSPCcouple","CRPC vs HSPC couple","NAA10",0.542933550398952,170,8.13673514446865e-06,0.000961378873717774,"Yes",TRUE,783,0.62093438964798,2.35482729256816,3.08446235751674e-50,3.08446235751674e-50,NA,"tags=51%, list=13%, signal=47%",783
"B12_1_5x_all","B12_1_5x_all","CRPCvsHSPCcouple","CRPC vs HSPC couple","RPS19",0.542789705045102,171,0.00107629189358136,0.0208497317721121,"Yes",TRUE,783,0.62093438964798,2.35482729256816,3.08446235751674e-50,3.08446235751674e-50,NA,"tags=51%, list=13%, signal=47%",783
"B12_1_5x_all","B12_1_5x_all","CRPCvsHSPCcouple","CRPC vs HSPC couple","LRFN4",0.542267574702161,172,2.69774439478088e-05,0.00216939277234377,"Yes",TRUE,783,0.62093438964798,2.35482729256816,3.08446235751674e-50,3.08446235751674e-50,NA,"tags=51%, list=13%, signal=47%",783
"B12_1_5x_all","B12_1_5x_all","CRPCvsHSPCcouple","CRPC vs HSPC couple","RASSF7",0.540604238097123,175,0.000358108098158453,0.0107151263678566,"Yes",TRUE,783,0.62093438964798,2.35482729256816,3.08446235751674e-50,3.08446235751674e-50,NA,"tags=51%, list=13%, signal=47%",783
"B12_1_5x_all","B12_1_5x_all","CRPCvsHSPCcouple","CRPC vs HSPC couple","TBX1",0.539714880100121,176,0.00796607175614326,0.0723241713565949,"Yes",TRUE,783,0.62093438964798,2.35482729256816,3.08446235751674e-50,3.08446235751674e-50,NA,"tags=51%, list=13%, signal=47%",783
"B12_1_5x_all","B12_1_5x_all","CRPCvsHSPCcouple","CRPC vs HSPC couple","NUDT16L1",0.539030848383546,179,1.55005556457408e-05,0.00146853855465881,"Yes",TRUE,783,0.62093438964798,2.35482729256816,3.08446235751674e-50,3.08446235751674e-50,NA,"tags=51%, list=13%, signal=47%",783
"B12_1_5x_all","B12_1_5x_all","CRPCvsHSPCcouple","CRPC vs HSPC couple","MRPS34",0.534517400791104,186,3.19288773207817e-05,0.00237644265958372,"Yes",TRUE,783,0.62093438964798,2.35482729256816,3.08446235751674e-50,3.08446235751674e-50,NA,"tags=51%, list=13%, signal=47%",783
"B12_1_5x_all","B12_1_5x_all","CRPCvsHSPCcouple","CRPC vs HSPC couple","DUSP23",0.531403290755663,190,0.00321703402683274,0.0413550742914522,"Yes",TRUE,783,0.62093438964798,2.35482729256816,3.08446235751674e-50,3.08446235751674e-50,NA,"tags=51%, list=13%, signal=47%",783
"B12_1_5x_all","B12_1_5x_all","CRPCvsHSPCcouple","CRPC vs HSPC couple","TELO2",0.528348833405523,194,3.32102333917102e-06,0.000538100301099079,"Yes",TRUE,783,0.62093438964798,2.35482729256816,3.08446235751674e-50,3.08446235751674e-50,NA,"tags=51%, list=13%, signal=47%",783
"B12_1_5x_all","B12_1_5x_all","CRPCvsHSPCcouple","CRPC vs HSPC couple","ARL16",0.526570072109734,195,3.01485957864957e-08,1.44927473482084e-05,"Yes",TRUE,783,0.62093438964798,2.35482729256816,3.08446235751674e-50,3.08446235751674e-50,NA,"tags=51%, list=13%, signal=47%",783
"B12_1_5x_all","B12_1_5x_all","CRPCvsHSPCcouple","CRPC vs HSPC couple","DPM3",0.52480890886972,199,0.00664682385179637,0.0652482620886159,"Yes",TRUE,783,0.62093438964798,2.35482729256816,3.08446235751674e-50,3.08446235751674e-50,NA,"tags=51%, list=13%, signal=47%",783
"B12_1_5x_all","B12_1_5x_all","CRPCvsHSPCcouple","CRPC vs HSPC couple","ZNF580",0.52360604414044,201,3.7387042286912e-06,0.000569921923198879,"Yes",TRUE,783,0.62093438964798,2.35482729256816,3.08446235751674e-50,3.08446235751674e-50,NA,"tags=51%, list=13%, signal=47%",783
"B12_1_5x_all","B12_1_5x_all","CRPCvsHSPCcouple","CRPC vs HSPC couple","RPS15",0.523510822218015,202,0.000838093806685329,0.0179688492567147,"Yes",TRUE,783,0.62093438964798,2.35482729256816,3.08446235751674e-50,3.08446235751674e-50,NA,"tags=51%, list=13%, signal=47%",783
"B12_1_5x_all","B12_1_5x_all","CRPCvsHSPCcouple","CRPC vs HSPC couple","C4orf48",0.520130752694132,206,0.0120654035778571,0.0935081574699687,"Yes",TRUE,783,0.62093438964798,2.35482729256816,3.08446235751674e-50,3.08446235751674e-50,NA,"tags=51%, list=13%, signal=47%",783
"B12_1_5x_all","B12_1_5x_all","CRPCvsHSPCcouple","CRPC vs HSPC couple","CLEC11A",0.518084107228636,210,0.000653786151327643,0.0155504057634141,"Yes",TRUE,783,0.62093438964798,2.35482729256816,3.08446235751674e-50,3.08446235751674e-50,NA,"tags=51%, list=13%, signal=47%",783
"B12_1_5x_all","B12_1_5x_all","CRPCvsHSPCcouple","CRPC vs HSPC couple","NDUFB7",0.507253315462664,221,0.00465988443761803,0.0525320533201596,"Yes",TRUE,783,0.62093438964798,2.35482729256816,3.08446235751674e-50,3.08446235751674e-50,NA,"tags=51%, list=13%, signal=47%",783
"B12_1_5x_all","B12_1_5x_all","CRPCvsHSPCcouple","CRPC vs HSPC couple","ANAPC11",0.505765257409479,224,0.000319797132831253,0.00991681087315339,"Yes",TRUE,783,0.62093438964798,2.35482729256816,3.08446235751674e-50,3.08446235751674e-50,NA,"tags=51%, list=13%, signal=47%",783
"B12_1_5x_all","B12_1_5x_all","CRPCvsHSPCcouple","CRPC vs HSPC couple","CEBPB",0.503889982326359,227,0.00225861464624557,0.033326424671218,"Yes",TRUE,783,0.62093438964798,2.35482729256816,3.08446235751674e-50,3.08446235751674e-50,NA,"tags=51%, list=13%, signal=47%",783
"B12_1_5x_all","B12_1_5x_all","CRPCvsHSPCcouple","CRPC vs HSPC couple","EXOSC4",0.50252470057217,229,0.000113030149452294,0.00531548847636866,"Yes",TRUE,783,0.62093438964798,2.35482729256816,3.08446235751674e-50,3.08446235751674e-50,NA,"tags=51%, list=13%, signal=47%",783
"B12_1_5x_all","B12_1_5x_all","CRPCvsHSPCcouple","CRPC vs HSPC couple","ABHD17A",0.501175376088223,236,2.61619652277168e-05,0.00213348490542278,"Yes",TRUE,783,0.62093438964798,2.35482729256816,3.08446235751674e-50,3.08446235751674e-50,NA,"tags=51%, list=13%, signal=47%",783
"B12_1_5x_all","B12_1_5x_all","CRPCvsHSPCcouple","CRPC vs HSPC couple","SELENOO",0.499121198305767,239,1.45742565522129e-05,0.00143906996994202,"Yes",TRUE,783,0.62093438964798,2.35482729256816,3.08446235751674e-50,3.08446235751674e-50,NA,"tags=51%, list=13%, signal=47%",783
"B12_1_5x_all","B12_1_5x_all","CRPCvsHSPCcouple","CRPC vs HSPC couple","RHOT2",0.499054563173222,240,3.48505727058935e-05,0.00252617147264364,"Yes",TRUE,783,0.62093438964798,2.35482729256816,3.08446235751674e-50,3.08446235751674e-50,NA,"tags=51%, list=13%, signal=47%",783
"B12_1_5x_all","B12_1_5x_all","CRPCvsHSPCcouple","CRPC vs HSPC couple","CSAD",0.496461792728504,244,0.000387110587472906,0.0111888435148221,"Yes",TRUE,783,0.62093438964798,2.35482729256816,3.08446235751674e-50,3.08446235751674e-50,NA,"tags=51%, list=13%, signal=47%",783
"B12_1_5x_all","B12_1_5x_all","CRPCvsHSPCcouple","CRPC vs HSPC couple","STAP2",0.496245947525161,245,0.000804242020851344,0.0175730729603965,"Yes",TRUE,783,0.62093438964798,2.35482729256816,3.08446235751674e-50,3.08446235751674e-50,NA,"tags=51%, list=13%, signal=47%",783
"B12_1_5x_all","B12_1_5x_all","CRPCvsHSPCcouple","CRPC vs HSPC couple","ROGDI",0.496132006801365,246,2.29306567508926e-06,0.000427029253719227,"Yes",TRUE,783,0.62093438964798,2.35482729256816,3.08446235751674e-50,3.08446235751674e-50,NA,"tags=51%, list=13%, signal=47%",783
"B12_1_5x_all","B12_1_5x_all","CRPCvsHSPCcouple","CRPC vs HSPC couple","FASTK",0.496099917320186,247,2.69175029906027e-05,0.00216939277234377,"Yes",TRUE,783,0.62093438964798,2.35482729256816,3.08446235751674e-50,3.08446235751674e-50,NA,"tags=51%, list=13%, signal=47%",783
"B12_1_5x_all","B12_1_5x_all","CRPCvsHSPCcouple","CRPC vs HSPC couple","ADCK5",0.495435747702664,249,0.000147669484928982,0.00622268155663297,"Yes",TRUE,783,0.62093438964798,2.35482729256816,3.08446235751674e-50,3.08446235751674e-50,NA,"tags=51%, list=13%, signal=47%",783
"B12_1_5x_all","B12_1_5x_all","CRPCvsHSPCcouple","CRPC vs HSPC couple","CHCHD1",0.49522724955756,250,0.000385031804174683,0.011164088836284,"Yes",TRUE,783,0.62093438964798,2.35482729256816,3.08446235751674e-50,3.08446235751674e-50,NA,"tags=51%, list=13%, signal=47%",783
"B12_1_5x_all","B12_1_5x_all","CRPCvsHSPCcouple","CRPC vs HSPC couple","TPRN",0.494748856569393,251,0.000201823460853203,0.00763293821823075,"Yes",TRUE,783,0.62093438964798,2.35482729256816,3.08446235751674e-50,3.08446235751674e-50,NA,"tags=51%, list=13%, signal=47%",783
"B12_1_5x_all","B12_1_5x_all","CRPCvsHSPCcouple","CRPC vs HSPC couple","C20orf27",0.492577478138243,258,0.000105668592252421,0.00511802140437769,"Yes",TRUE,783,0.62093438964798,2.35482729256816,3.08446235751674e-50,3.08446235751674e-50,NA,"tags=51%, list=13%, signal=47%",783
"B12_1_5x_all","B12_1_5x_all","CRPCvsHSPCcouple","CRPC vs HSPC couple","FBXL15",0.491004655288463,264,0.000140926714028767,0.00605961165615627,"Yes",TRUE,783,0.62093438964798,2.35482729256816,3.08446235751674e-50,3.08446235751674e-50,NA,"tags=51%, list=13%, signal=47%",783
"B12_1_5x_all","B12_1_5x_all","CRPCvsHSPCcouple","CRPC vs HSPC couple","CLDN7",0.490943424566628,266,0.00217225359723291,0.0326052230572338,"Yes",TRUE,783,0.62093438964798,2.35482729256816,3.08446235751674e-50,3.08446235751674e-50,NA,"tags=51%, list=13%, signal=47%",783
"B12_1_5x_all","B12_1_5x_all","CRPCvsHSPCcouple","CRPC vs HSPC couple","PSMG3",0.489912469331605,269,8.84424136415951e-06,0.000997270104932727,"Yes",TRUE,783,0.62093438964798,2.35482729256816,3.08446235751674e-50,3.08446235751674e-50,NA,"tags=51%, list=13%, signal=47%",783
"B12_1_5x_all","B12_1_5x_all","CRPCvsHSPCcouple","CRPC vs HSPC couple","PWWP2B",0.489021510492493,271,0.000566114632731222,0.0139746162109476,"Yes",TRUE,783,0.62093438964798,2.35482729256816,3.08446235751674e-50,3.08446235751674e-50,NA,"tags=51%, list=13%, signal=47%",783
"B12_1_5x_all","B12_1_5x_all","CRPCvsHSPCcouple","CRPC vs HSPC couple","ATAD3B",0.487823345499715,274,0.000112889387959663,0.00531548847636866,"Yes",TRUE,783,0.62093438964798,2.35482729256816,3.08446235751674e-50,3.08446235751674e-50,NA,"tags=51%, list=13%, signal=47%",783
"B12_1_5x_all","B12_1_5x_all","CRPCvsHSPCcouple","CRPC vs HSPC couple","DOHH",0.487431253973465,277,2.24700470301771e-06,0.000427029253719227,"Yes",TRUE,783,0.62093438964798,2.35482729256816,3.08446235751674e-50,3.08446235751674e-50,NA,"tags=51%, list=13%, signal=47%",783
"B12_1_5x_all","B12_1_5x_all","CRPCvsHSPCcouple","CRPC vs HSPC couple","RPL13",0.485549018077299,282,0.00292370813065716,0.0390690390802592,"Yes",TRUE,783,0.62093438964798,2.35482729256816,3.08446235751674e-50,3.08446235751674e-50,NA,"tags=51%, list=13%, signal=47%",783
"B12_1_5x_all","B12_1_5x_all","CRPCvsHSPCcouple","CRPC vs HSPC couple","CAPS",0.483532648035892,286,0.00191905393796552,0.0302201364524278,"Yes",TRUE,783,0.62093438964798,2.35482729256816,3.08446235751674e-50,3.08446235751674e-50,NA,"tags=51%, list=13%, signal=47%",783
"B12_1_5x_all","B12_1_5x_all","CRPCvsHSPCcouple","CRPC vs HSPC couple","SNRPD2",0.481963491954152,290,0.000381416893471363,0.0111277624968741,"Yes",TRUE,783,0.62093438964798,2.35482729256816,3.08446235751674e-50,3.08446235751674e-50,NA,"tags=51%, list=13%, signal=47%",783
"B12_1_5x_all","B12_1_5x_all","CRPCvsHSPCcouple","CRPC vs HSPC couple","C8orf82",0.480346398720972,293,0.00162760442073237,0.0273016069361967,"Yes",TRUE,783,0.62093438964798,2.35482729256816,3.08446235751674e-50,3.08446235751674e-50,NA,"tags=51%, list=13%, signal=47%",783
"B12_1_5x_all","B12_1_5x_all","CRPCvsHSPCcouple","CRPC vs HSPC couple","SCX",0.479241309611016,297,0.000434008671205809,0.0119398138507779,"Yes",TRUE,783,0.62093438964798,2.35482729256816,3.08446235751674e-50,3.08446235751674e-50,NA,"tags=51%, list=13%, signal=47%",783
"B12_1_5x_all","B12_1_5x_all","CRPCvsHSPCcouple","CRPC vs HSPC couple","GADD45GIP1",0.478005166533729,300,0.00509913888513364,0.0555101132388178,"Yes",TRUE,783,0.62093438964798,2.35482729256816,3.08446235751674e-50,3.08446235751674e-50,NA,"tags=51%, list=13%, signal=47%",783
"B12_1_5x_all","B12_1_5x_all","CRPCvsHSPCcouple","CRPC vs HSPC couple","BRICD5",0.477453787036953,302,2.36899923793982e-06,0.000432745090794467,"Yes",TRUE,783,0.62093438964798,2.35482729256816,3.08446235751674e-50,3.08446235751674e-50,NA,"tags=51%, list=13%, signal=47%",783
"B12_1_5x_all","B12_1_5x_all","CRPCvsHSPCcouple","CRPC vs HSPC couple","NAT14",0.477334909212571,303,0.000113194559440927,0.00531548847636866,"Yes",TRUE,783,0.62093438964798,2.35482729256816,3.08446235751674e-50,3.08446235751674e-50,NA,"tags=51%, list=13%, signal=47%",783
"B12_1_5x_all","B12_1_5x_all","CRPCvsHSPCcouple","CRPC vs HSPC couple","LSM4",0.473263844844686,321,3.67025130283263e-05,0.00254170060807543,"Yes",TRUE,783,0.62093438964798,2.35482729256816,3.08446235751674e-50,3.08446235751674e-50,NA,"tags=51%, list=13%, signal=47%",783
"B12_1_5x_all","B12_1_5x_all","CRPCvsHSPCcouple","CRPC vs HSPC couple","AP1S1",0.472002187813974,323,0.000220175958048875,0.0080943870686514,"Yes",TRUE,783,0.62093438964798,2.35482729256816,3.08446235751674e-50,3.08446235751674e-50,NA,"tags=51%, list=13%, signal=47%",783
"B12_1_5x_all","B12_1_5x_all","CRPCvsHSPCcouple","CRPC vs HSPC couple","GUK1",0.469989098973078,325,2.94855591795627e-05,0.00228701956836205,"Yes",TRUE,783,0.62093438964798,2.35482729256816,3.08446235751674e-50,3.08446235751674e-50,NA,"tags=51%, list=13%, signal=47%",783
"B12_1_5x_all","B12_1_5x_all","CRPCvsHSPCcouple","CRPC vs HSPC couple","JOSD2",0.468985504876523,328,0.000167577552707417,0.00664021508743252,"Yes",TRUE,783,0.62093438964798,2.35482729256816,3.08446235751674e-50,3.08446235751674e-50,NA,"tags=51%, list=13%, signal=47%",783
"B12_1_5x_all","B12_1_5x_all","CRPCvsHSPCcouple","CRPC vs HSPC couple","BIK",0.468315941527262,329,0.00221611466355883,0.0329120053327066,"Yes",TRUE,783,0.62093438964798,2.35482729256816,3.08446235751674e-50,3.08446235751674e-50,NA,"tags=51%, list=13%, signal=47%",783
"B12_1_5x_all","B12_1_5x_all","CRPCvsHSPCcouple","CRPC vs HSPC couple","OGFR",0.465651204942941,336,4.41286950907357e-06,0.000623205234908605,"Yes",TRUE,783,0.62093438964798,2.35482729256816,3.08446235751674e-50,3.08446235751674e-50,NA,"tags=51%, list=13%, signal=47%",783
"B12_1_5x_all","B12_1_5x_all","CRPCvsHSPCcouple","CRPC vs HSPC couple","ZNF692",0.463144112869421,349,0.00180935690172425,0.0291782043387318,"Yes",TRUE,783,0.62093438964798,2.35482729256816,3.08446235751674e-50,3.08446235751674e-50,NA,"tags=51%, list=13%, signal=47%",783
"B12_1_5x_all","B12_1_5x_all","CRPCvsHSPCcouple","CRPC vs HSPC couple","MZT2A",0.461657853652294,354,0.00298862258370581,0.0396464551463718,"Yes",TRUE,783,0.62093438964798,2.35482729256816,3.08446235751674e-50,3.08446235751674e-50,NA,"tags=51%, list=13%, signal=47%",783
"B12_1_5x_all","B12_1_5x_all","CRPCvsHSPCcouple","CRPC vs HSPC couple","MAPK15",0.461314737038267,355,0.00298531299385954,0.0396313317288024,"Yes",TRUE,783,0.62093438964798,2.35482729256816,3.08446235751674e-50,3.08446235751674e-50,NA,"tags=51%, list=13%, signal=47%",783
"B12_1_5x_all","B12_1_5x_all","CRPCvsHSPCcouple","CRPC vs HSPC couple","CLPP",0.460097546235634,358,8.66702614374327e-05,0.00456255235065586,"Yes",TRUE,783,0.62093438964798,2.35482729256816,3.08446235751674e-50,3.08446235751674e-50,NA,"tags=51%, list=13%, signal=47%",783
"B12_1_5x_all","B12_1_5x_all","CRPCvsHSPCcouple","CRPC vs HSPC couple","ZNF787",0.45888474120344,361,1.94735863443386e-05,0.00171847343841562,"Yes",TRUE,783,0.62093438964798,2.35482729256816,3.08446235751674e-50,3.08446235751674e-50,NA,"tags=51%, list=13%, signal=47%",783
"B12_1_5x_all","B12_1_5x_all","CRPCvsHSPCcouple","CRPC vs HSPC couple","NDUFB11",0.458603811674765,362,0.000784114208758601,0.0173197270270778,"Yes",TRUE,783,0.62093438964798,2.35482729256816,3.08446235751674e-50,3.08446235751674e-50,NA,"tags=51%, list=13%, signal=47%",783
"B12_1_5x_all","B12_1_5x_all","CRPCvsHSPCcouple","CRPC vs HSPC couple","DCTPP1",0.455213694552199,372,0.000211326109833237,0.00787815111902805,"Yes",TRUE,783,0.62093438964798,2.35482729256816,3.08446235751674e-50,3.08446235751674e-50,NA,"tags=51%, list=13%, signal=47%",783
"B12_1_5x_all","B12_1_5x_all","CRPCvsHSPCcouple","CRPC vs HSPC couple","MFSD3",0.455190183181769,373,0.00930179138487884,0.0802246568591038,"Yes",TRUE,783,0.62093438964798,2.35482729256816,3.08446235751674e-50,3.08446235751674e-50,NA,"tags=51%, list=13%, signal=47%",783
"B12_1_5x_all","B12_1_5x_all","CRPCvsHSPCcouple","CRPC vs HSPC couple","C1orf122",0.452847718946632,382,0.00160070711421058,0.0269970064731365,"Yes",TRUE,783,0.62093438964798,2.35482729256816,3.08446235751674e-50,3.08446235751674e-50,NA,"tags=51%, list=13%, signal=47%",783
"B12_1_5x_all","B12_1_5x_all","CRPCvsHSPCcouple","CRPC vs HSPC couple","SSBP4",0.452107438131069,387,0.000895215652445508,0.0187318491674938,"Yes",TRUE,783,0.62093438964798,2.35482729256816,3.08446235751674e-50,3.08446235751674e-50,NA,"tags=51%, list=13%, signal=47%",783
"B12_1_5x_all","B12_1_5x_all","CRPCvsHSPCcouple","CRPC vs HSPC couple","FAM110A",0.451415904348728,389,3.36519881945076e-05,0.0024787131788269,"Yes",TRUE,783,0.62093438964798,2.35482729256816,3.08446235751674e-50,3.08446235751674e-50,NA,"tags=51%, list=13%, signal=47%",783
"B12_1_5x_all","B12_1_5x_all","CRPCvsHSPCcouple","CRPC vs HSPC couple","TMEM120A",0.450784725835278,391,0.000200241960982137,0.00760461517933618,"Yes",TRUE,783,0.62093438964798,2.35482729256816,3.08446235751674e-50,3.08446235751674e-50,NA,"tags=51%, list=13%, signal=47%",783
"B12_1_5x_all","B12_1_5x_all","CRPCvsHSPCcouple","CRPC vs HSPC couple","PGP",0.45059821532107,392,9.61202673247243e-06,0.00105772826700044,"Yes",TRUE,783,0.62093438964798,2.35482729256816,3.08446235751674e-50,3.08446235751674e-50,NA,"tags=51%, list=13%, signal=47%",783
"B12_1_5x_all","B12_1_5x_all","CRPCvsHSPCcouple","CRPC vs HSPC couple","SDF2L1",0.450323954728851,394,0.00618435880674666,0.0628153198682627,"Yes",TRUE,783,0.62093438964798,2.35482729256816,3.08446235751674e-50,3.08446235751674e-50,NA,"tags=51%, list=13%, signal=47%",783
"B12_1_5x_all","B12_1_5x_all","CRPCvsHSPCcouple","CRPC vs HSPC couple","FBXL6",0.449297574686022,399,0.000776169589524885,0.017269537018089,"Yes",TRUE,783,0.62093438964798,2.35482729256816,3.08446235751674e-50,3.08446235751674e-50,NA,"tags=51%, list=13%, signal=47%",783
"B12_1_5x_all","B12_1_5x_all","CRPCvsHSPCcouple","CRPC vs HSPC couple","RHOD",0.448001639442316,404,0.00802019725736942,0.0725990799308063,"Yes",TRUE,783,0.62093438964798,2.35482729256816,3.08446235751674e-50,3.08446235751674e-50,NA,"tags=51%, list=13%, signal=47%",783
"B12_1_5x_all","B12_1_5x_all","CRPCvsHSPCcouple","CRPC vs HSPC couple","SPON2",0.446872506976337,407,0.281305621633049,0.527794760720101,"Yes",TRUE,783,0.62093438964798,2.35482729256816,3.08446235751674e-50,3.08446235751674e-50,NA,"tags=51%, list=13%, signal=47%",783
"B12_1_5x_all","B12_1_5x_all","CRPCvsHSPCcouple","CRPC vs HSPC couple","OXLD1",0.44597822003918,410,0.000436391767301653,0.0119693219418908,"Yes",TRUE,783,0.62093438964798,2.35482729256816,3.08446235751674e-50,3.08446235751674e-50,NA,"tags=51%, list=13%, signal=47%",783
"B12_1_5x_all","B12_1_5x_all","CRPCvsHSPCcouple","CRPC vs HSPC couple","NDUFB10",0.445466401824139,413,0.000298959254181892,0.00969939948305237,"Yes",TRUE,783,0.62093438964798,2.35482729256816,3.08446235751674e-50,3.08446235751674e-50,NA,"tags=51%, list=13%, signal=47%",783
"B12_1_5x_all","B12_1_5x_all","CRPCvsHSPCcouple","CRPC vs HSPC couple","IFI6",0.445000777195975,415,0.0839752891837483,0.280383221992237,"Yes",TRUE,783,0.62093438964798,2.35482729256816,3.08446235751674e-50,3.08446235751674e-50,NA,"tags=51%, list=13%, signal=47%",783
"B12_1_5x_all","B12_1_5x_all","CRPCvsHSPCcouple","CRPC vs HSPC couple","APRT",0.443474168473151,418,0.00937976326655342,0.0806190852912399,"Yes",TRUE,783,0.62093438964798,2.35482729256816,3.08446235751674e-50,3.08446235751674e-50,NA,"tags=51%, list=13%, signal=47%",783
"B12_1_5x_all","B12_1_5x_all","CRPCvsHSPCcouple","CRPC vs HSPC couple","DCXR",0.443101528429063,420,0.0194201827011917,0.122453737453458,"Yes",TRUE,783,0.62093438964798,2.35482729256816,3.08446235751674e-50,3.08446235751674e-50,NA,"tags=51%, list=13%, signal=47%",783
"B12_1_5x_all","B12_1_5x_all","CRPCvsHSPCcouple","CRPC vs HSPC couple","RPL26L1",0.442826159118613,421,4.70543604945178e-05,0.00305886833862404,"Yes",TRUE,783,0.62093438964798,2.35482729256816,3.08446235751674e-50,3.08446235751674e-50,NA,"tags=51%, list=13%, signal=47%",783
"B12_1_5x_all","B12_1_5x_all","CRPCvsHSPCcouple","CRPC vs HSPC couple","SIVA1",0.439870158308926,427,8.07870352137109e-05,0.0043276738189116,"Yes",TRUE,783,0.62093438964798,2.35482729256816,3.08446235751674e-50,3.08446235751674e-50,NA,"tags=51%, list=13%, signal=47%",783
"B12_1_5x_all","B12_1_5x_all","CRPCvsHSPCcouple","CRPC vs HSPC couple","TMEM141",0.439726521817169,428,0.0126438571190416,0.0961024406497605,"Yes",TRUE,783,0.62093438964798,2.35482729256816,3.08446235751674e-50,3.08446235751674e-50,NA,"tags=51%, list=13%, signal=47%",783
"B12_1_5x_all","B12_1_5x_all","CRPCvsHSPCcouple","CRPC vs HSPC couple","BRAT1",0.439348606741905,429,0.000139082512111024,0.00602042712969684,"Yes",TRUE,783,0.62093438964798,2.35482729256816,3.08446235751674e-50,3.08446235751674e-50,NA,"tags=51%, list=13%, signal=47%",783
"B12_1_5x_all","B12_1_5x_all","CRPCvsHSPCcouple","CRPC vs HSPC couple","HRAS",0.439265300583949,430,0.000110538504609009,0.00526606827196663,"Yes",TRUE,783,0.62093438964798,2.35482729256816,3.08446235751674e-50,3.08446235751674e-50,NA,"tags=51%, list=13%, signal=47%",783
"B12_1_5x_all","B12_1_5x_all","CRPCvsHSPCcouple","CRPC vs HSPC couple","RPL24",0.437090441391257,437,0.00163965823936866,0.0273762116636525,"Yes",TRUE,783,0.62093438964798,2.35482729256816,3.08446235751674e-50,3.08446235751674e-50,NA,"tags=51%, list=13%, signal=47%",783
"B12_1_5x_all","B12_1_5x_all","CRPCvsHSPCcouple","CRPC vs HSPC couple","UBE2S",0.435158448464892,442,0.00070255545452726,0.016154335988216,"Yes",TRUE,783,0.62093438964798,2.35482729256816,3.08446235751674e-50,3.08446235751674e-50,NA,"tags=51%, list=13%, signal=47%",783
"B12_1_5x_all","B12_1_5x_all","CRPCvsHSPCcouple","CRPC vs HSPC couple","GNB2",0.432543159561264,449,0.00238678690570039,0.0344659576335408,"Yes",TRUE,783,0.62093438964798,2.35482729256816,3.08446235751674e-50,3.08446235751674e-50,NA,"tags=51%, list=13%, signal=47%",783
"B12_1_5x_all","B12_1_5x_all","CRPCvsHSPCcouple","CRPC vs HSPC couple","RNASEH2C",0.432283517165021,450,4.47117598155277e-05,0.00294855493339438,"Yes",TRUE,783,0.62093438964798,2.35482729256816,3.08446235751674e-50,3.08446235751674e-50,NA,"tags=51%, list=13%, signal=47%",783
"B12_1_5x_all","B12_1_5x_all","CRPCvsHSPCcouple","CRPC vs HSPC couple","MRPL23",0.431898227595672,451,0.000381398451216123,0.0111277624968741,"Yes",TRUE,783,0.62093438964798,2.35482729256816,3.08446235751674e-50,3.08446235751674e-50,NA,"tags=51%, list=13%, signal=47%",783
"B12_1_5x_all","B12_1_5x_all","CRPCvsHSPCcouple","CRPC vs HSPC couple","FAU",0.431757675523932,452,0.00242666698161503,0.0346582687671319,"Yes",TRUE,783,0.62093438964798,2.35482729256816,3.08446235751674e-50,3.08446235751674e-50,NA,"tags=51%, list=13%, signal=47%",783
"B12_1_5x_all","B12_1_5x_all","CRPCvsHSPCcouple","CRPC vs HSPC couple","DECR2",0.431727716584882,453,0.000432853513623318,0.011929775888709,"Yes",TRUE,783,0.62093438964798,2.35482729256816,3.08446235751674e-50,3.08446235751674e-50,NA,"tags=51%, list=13%, signal=47%",783
"B12_1_5x_all","B12_1_5x_all","CRPCvsHSPCcouple","CRPC vs HSPC couple","S100A4",0.431186961588076,456,0.0467650779677953,0.200789103980159,"Yes",TRUE,783,0.62093438964798,2.35482729256816,3.08446235751674e-50,3.08446235751674e-50,NA,"tags=51%, list=13%, signal=47%",783
"B12_1_5x_all","B12_1_5x_all","CRPCvsHSPCcouple","CRPC vs HSPC couple","ARF5",0.430396045808909,460,0.000889758996995847,0.0186818708024404,"Yes",TRUE,783,0.62093438964798,2.35482729256816,3.08446235751674e-50,3.08446235751674e-50,NA,"tags=51%, list=13%, signal=47%",783
"B12_1_5x_all","B12_1_5x_all","CRPCvsHSPCcouple","CRPC vs HSPC couple","PARL",0.429546793794402,464,7.55627257744709e-06,0.000908094941922539,"Yes",TRUE,783,0.62093438964798,2.35482729256816,3.08446235751674e-50,3.08446235751674e-50,NA,"tags=51%, list=13%, signal=47%",783
"B12_1_5x_all","B12_1_5x_all","CRPCvsHSPCcouple","CRPC vs HSPC couple","AMH",0.429479412163705,465,0.0033036928646649,0.0419962126366275,"Yes",TRUE,783,0.62093438964798,2.35482729256816,3.08446235751674e-50,3.08446235751674e-50,NA,"tags=51%, list=13%, signal=47%",783
"B12_1_5x_all","B12_1_5x_all","CRPCvsHSPCcouple","CRPC vs HSPC couple","CLDN4",0.429185502308783,466,0.0207347395587783,0.127452580158321,"Yes",TRUE,783,0.62093438964798,2.35482729256816,3.08446235751674e-50,3.08446235751674e-50,NA,"tags=51%, list=13%, signal=47%",783
"B12_1_5x_all","B12_1_5x_all","CRPCvsHSPCcouple","CRPC vs HSPC couple","PITX1",0.429073835671816,467,0.0102358440435368,0.0846023391539975,"Yes",TRUE,783,0.62093438964798,2.35482729256816,3.08446235751674e-50,3.08446235751674e-50,NA,"tags=51%, list=13%, signal=47%",783
"B12_1_5x_all","B12_1_5x_all","CRPCvsHSPCcouple","CRPC vs HSPC couple","GIPC1",0.427943845655712,472,0.000732727509838788,0.0165652641364172,"Yes",TRUE,783,0.62093438964798,2.35482729256816,3.08446235751674e-50,3.08446235751674e-50,NA,"tags=51%, list=13%, signal=47%",783
"B12_1_5x_all","B12_1_5x_all","CRPCvsHSPCcouple","CRPC vs HSPC couple","STK11",0.426658467743452,474,3.60953699128155e-06,0.00056355053179265,"Yes",TRUE,783,0.62093438964798,2.35482729256816,3.08446235751674e-50,3.08446235751674e-50,NA,"tags=51%, list=13%, signal=47%",783
"B12_1_5x_all","B12_1_5x_all","CRPCvsHSPCcouple","CRPC vs HSPC couple","SLC39A3",0.42538120461603,475,2.30575184785256e-05,0.00195903111649874,"Yes",TRUE,783,0.62093438964798,2.35482729256816,3.08446235751674e-50,3.08446235751674e-50,NA,"tags=51%, list=13%, signal=47%",783
"B12_1_5x_all","B12_1_5x_all","CRPCvsHSPCcouple","CRPC vs HSPC couple","COMMD3",0.424709392789923,481,2.11936765188126e-06,0.00041543820853709,"Yes",TRUE,783,0.62093438964798,2.35482729256816,3.08446235751674e-50,3.08446235751674e-50,NA,"tags=51%, list=13%, signal=47%",783
"B12_1_5x_all","B12_1_5x_all","CRPCvsHSPCcouple","CRPC vs HSPC couple","ZNF524",0.424416761715946,482,0.000637129701666098,0.0153137477109666,"Yes",TRUE,783,0.62093438964798,2.35482729256816,3.08446235751674e-50,3.08446235751674e-50,NA,"tags=51%, list=13%, signal=47%",783
"B12_1_5x_all","B12_1_5x_all","CRPCvsHSPCcouple","CRPC vs HSPC couple","TIMM13",0.422543386633876,486,0.000821360275378105,0.0177980879600615,"Yes",TRUE,783,0.62093438964798,2.35482729256816,3.08446235751674e-50,3.08446235751674e-50,NA,"tags=51%, list=13%, signal=47%",783
"B12_1_5x_all","B12_1_5x_all","CRPCvsHSPCcouple","CRPC vs HSPC couple","PIGQ",0.421426995585246,492,1.08243601622528e-05,0.00114652258633549,"Yes",TRUE,783,0.62093438964798,2.35482729256816,3.08446235751674e-50,3.08446235751674e-50,NA,"tags=51%, list=13%, signal=47%",783
"B12_1_5x_all","B12_1_5x_all","CRPCvsHSPCcouple","CRPC vs HSPC couple","CCS",0.420638528011708,494,6.84240327875019e-05,0.00393050882682169,"Yes",TRUE,783,0.62093438964798,2.35482729256816,3.08446235751674e-50,3.08446235751674e-50,NA,"tags=51%, list=13%, signal=47%",783
"B12_1_5x_all","B12_1_5x_all","CRPCvsHSPCcouple","CRPC vs HSPC couple","CISD3",0.420587543084755,495,0.0035266897764743,0.0439440942338718,"Yes",TRUE,783,0.62093438964798,2.35482729256816,3.08446235751674e-50,3.08446235751674e-50,NA,"tags=51%, list=13%, signal=47%",783
"B12_1_5x_all","B12_1_5x_all","CRPCvsHSPCcouple","CRPC vs HSPC couple","TRMU",0.420326619995167,497,1.17366527223921e-07,5.10460560190327e-05,"Yes",TRUE,783,0.62093438964798,2.35482729256816,3.08446235751674e-50,3.08446235751674e-50,NA,"tags=51%, list=13%, signal=47%",783
"B12_1_5x_all","B12_1_5x_all","CRPCvsHSPCcouple","CRPC vs HSPC couple","MIIP",0.419621768483446,501,0.000122421531577718,0.00554607915171455,"Yes",TRUE,783,0.62093438964798,2.35482729256816,3.08446235751674e-50,3.08446235751674e-50,NA,"tags=51%, list=13%, signal=47%",783
"B12_1_5x_all","B12_1_5x_all","CRPCvsHSPCcouple","CRPC vs HSPC couple","FAAP20",0.418914093394312,504,0.00181264476525318,0.0291782043387318,"Yes",TRUE,783,0.62093438964798,2.35482729256816,3.08446235751674e-50,3.08446235751674e-50,NA,"tags=51%, list=13%, signal=47%",783
"B12_1_5x_all","B12_1_5x_all","CRPCvsHSPCcouple","CRPC vs HSPC couple","RPS16",0.418437953810932,508,0.00958506759080614,0.0813617238295798,"Yes",TRUE,783,0.62093438964798,2.35482729256816,3.08446235751674e-50,3.08446235751674e-50,NA,"tags=51%, list=13%, signal=47%",783
"B12_1_5x_all","B12_1_5x_all","CRPCvsHSPCcouple","CRPC vs HSPC couple","FAM229A",0.417767777991118,514,0.000227840329825589,0.00822241001389866,"Yes",TRUE,783,0.62093438964798,2.35482729256816,3.08446235751674e-50,3.08446235751674e-50,NA,"tags=51%, list=13%, signal=47%",783
"B12_1_5x_all","B12_1_5x_all","CRPCvsHSPCcouple","CRPC vs HSPC couple","TMEM134",0.417295181931478,518,0.00189123188723212,0.0298850630485027,"Yes",TRUE,783,0.62093438964798,2.35482729256816,3.08446235751674e-50,3.08446235751674e-50,NA,"tags=51%, list=13%, signal=47%",783
"B12_1_5x_all","B12_1_5x_all","CRPCvsHSPCcouple","CRPC vs HSPC couple","UCN",0.416997776882133,519,0.00110015999462219,0.0211504221421402,"Yes",TRUE,783,0.62093438964798,2.35482729256816,3.08446235751674e-50,3.08446235751674e-50,NA,"tags=51%, list=13%, signal=47%",783
"B12_1_5x_all","B12_1_5x_all","CRPCvsHSPCcouple","CRPC vs HSPC couple","HDHD3",0.416900217525671,520,0.000114836001542612,0.00537874164148434,"Yes",TRUE,783,0.62093438964798,2.35482729256816,3.08446235751674e-50,3.08446235751674e-50,NA,"tags=51%, list=13%, signal=47%",783
"B12_1_5x_all","B12_1_5x_all","CRPCvsHSPCcouple","CRPC vs HSPC couple","GLI4",0.415175304611241,526,0.000284167303889719,0.0093698269677861,"Yes",TRUE,783,0.62093438964798,2.35482729256816,3.08446235751674e-50,3.08446235751674e-50,NA,"tags=51%, list=13%, signal=47%",783
"B12_1_5x_all","B12_1_5x_all","CRPCvsHSPCcouple","CRPC vs HSPC couple","RPS9",0.414735855817277,527,0.00457287053725154,0.0518836186981204,"Yes",TRUE,783,0.62093438964798,2.35482729256816,3.08446235751674e-50,3.08446235751674e-50,NA,"tags=51%, list=13%, signal=47%",783
"B12_1_5x_all","B12_1_5x_all","CRPCvsHSPCcouple","CRPC vs HSPC couple","MRPL55",0.413924467081847,533,0.000693436934262899,0.0160885879093737,"Yes",TRUE,783,0.62093438964798,2.35482729256816,3.08446235751674e-50,3.08446235751674e-50,NA,"tags=51%, list=13%, signal=47%",783
"B12_1_5x_all","B12_1_5x_all","CRPCvsHSPCcouple","CRPC vs HSPC couple","RFNG",0.413586877915898,536,0.00017776288342556,0.00695330747651971,"Yes",TRUE,783,0.62093438964798,2.35482729256816,3.08446235751674e-50,3.08446235751674e-50,NA,"tags=51%, list=13%, signal=47%",783
"B12_1_5x_all","B12_1_5x_all","CRPCvsHSPCcouple","CRPC vs HSPC couple","BRMS1",0.413372419209926,540,0.00025945489202303,0.00886372772044565,"Yes",TRUE,783,0.62093438964798,2.35482729256816,3.08446235751674e-50,3.08446235751674e-50,NA,"tags=51%, list=13%, signal=47%",783
"B12_1_5x_all","B12_1_5x_all","CRPCvsHSPCcouple","CRPC vs HSPC couple","C1orf159",0.413256433443189,542,2.44799245992974e-06,0.000442747309559767,"Yes",TRUE,783,0.62093438964798,2.35482729256816,3.08446235751674e-50,3.08446235751674e-50,NA,"tags=51%, list=13%, signal=47%",783
"B12_1_5x_all","B12_1_5x_all","CRPCvsHSPCcouple","CRPC vs HSPC couple","CYSRT1",0.413197325878414,543,0.000314849368047508,0.00991681087315339,"Yes",TRUE,783,0.62093438964798,2.35482729256816,3.08446235751674e-50,3.08446235751674e-50,NA,"tags=51%, list=13%, signal=47%",783
"B12_1_5x_all","B12_1_5x_all","CRPCvsHSPCcouple","CRPC vs HSPC couple","MRPL24",0.412314596806684,548,0.0011321177494627,0.0215027528992577,"Yes",TRUE,783,0.62093438964798,2.35482729256816,3.08446235751674e-50,3.08446235751674e-50,NA,"tags=51%, list=13%, signal=47%",783
"B12_1_5x_all","B12_1_5x_all","CRPCvsHSPCcouple","CRPC vs HSPC couple","FUOM",0.412301102397326,549,0.0160791898890583,0.109506060496932,"Yes",TRUE,783,0.62093438964798,2.35482729256816,3.08446235751674e-50,3.08446235751674e-50,NA,"tags=51%, list=13%, signal=47%",783
"B12_1_5x_all","B12_1_5x_all","CRPCvsHSPCcouple","CRPC vs HSPC couple","WDR18",0.411475362370061,553,0.00280952575477088,0.0379317124629709,"Yes",TRUE,783,0.62093438964798,2.35482729256816,3.08446235751674e-50,3.08446235751674e-50,NA,"tags=51%, list=13%, signal=47%",783
"B12_1_5x_all","B12_1_5x_all","CRPCvsHSPCcouple","CRPC vs HSPC couple","SELENOW",0.409945432305422,560,0.000509763810024009,0.0131709413263205,"Yes",TRUE,783,0.62093438964798,2.35482729256816,3.08446235751674e-50,3.08446235751674e-50,NA,"tags=51%, list=13%, signal=47%",783
"B12_1_5x_all","B12_1_5x_all","CRPCvsHSPCcouple","CRPC vs HSPC couple","PABPN1",0.409083121216589,565,0.00151582866416772,0.0260203713430848,"Yes",TRUE,783,0.62093438964798,2.35482729256816,3.08446235751674e-50,3.08446235751674e-50,NA,"tags=51%, list=13%, signal=47%",783
"B12_1_5x_all","B12_1_5x_all","CRPCvsHSPCcouple","CRPC vs HSPC couple","ZNF771",0.40523573623785,582,1.17304848055892e-07,5.10460560190327e-05,"Yes",TRUE,783,0.62093438964798,2.35482729256816,3.08446235751674e-50,3.08446235751674e-50,NA,"tags=51%, list=13%, signal=47%",783
"B12_1_5x_all","B12_1_5x_all","CRPCvsHSPCcouple","CRPC vs HSPC couple","CPNE7",0.40390385918638,585,0.0396105389911275,0.183506395067442,"Yes",TRUE,783,0.62093438964798,2.35482729256816,3.08446235751674e-50,3.08446235751674e-50,NA,"tags=51%, list=13%, signal=47%",783
"B12_1_5x_all","B12_1_5x_all","CRPCvsHSPCcouple","CRPC vs HSPC couple","POP7",0.403356916036784,588,0.00114405103430608,0.0215447219006899,"Yes",TRUE,783,0.62093438964798,2.35482729256816,3.08446235751674e-50,3.08446235751674e-50,NA,"tags=51%, list=13%, signal=47%",783
"B12_1_5x_all","B12_1_5x_all","CRPCvsHSPCcouple","CRPC vs HSPC couple","SIRT7",0.402571224416983,594,2.10437131345509e-08,1.06779307730234e-05,"Yes",TRUE,783,0.62093438964798,2.35482729256816,3.08446235751674e-50,3.08446235751674e-50,NA,"tags=51%, list=13%, signal=47%",783
"B12_1_5x_all","B12_1_5x_all","CRPCvsHSPCcouple","CRPC vs HSPC couple","ISOC2",0.402387946156626,596,0.000710391594731527,0.016220904076201,"Yes",TRUE,783,0.62093438964798,2.35482729256816,3.08446235751674e-50,3.08446235751674e-50,NA,"tags=51%, list=13%, signal=47%",783
"B12_1_5x_all","B12_1_5x_all","CRPCvsHSPCcouple","CRPC vs HSPC couple","PLEKHJ1",0.402319213187615,597,0.000100410989036017,0.0049747328982616,"Yes",TRUE,783,0.62093438964798,2.35482729256816,3.08446235751674e-50,3.08446235751674e-50,NA,"tags=51%, list=13%, signal=47%",783
"B12_1_5x_all","B12_1_5x_all","CRPCvsHSPCcouple","CRPC vs HSPC couple","ZNF358",0.401547190487939,602,0.00908129341225788,0.0790695837758412,"Yes",TRUE,783,0.62093438964798,2.35482729256816,3.08446235751674e-50,3.08446235751674e-50,NA,"tags=51%, list=13%, signal=47%",783
"B12_1_5x_all","B12_1_5x_all","CRPCvsHSPCcouple","CRPC vs HSPC couple","BRI3",0.400361202358046,604,5.5205999279809e-05,0.0033604944877519,"Yes",TRUE,783,0.62093438964798,2.35482729256816,3.08446235751674e-50,3.08446235751674e-50,NA,"tags=51%, list=13%, signal=47%",783
"B12_1_5x_all","B12_1_5x_all","CRPCvsHSPCcouple","CRPC vs HSPC couple","HSPBP1",0.398603633578013,615,0.00193007116316716,0.0303413166416305,"Yes",TRUE,783,0.62093438964798,2.35482729256816,3.08446235751674e-50,3.08446235751674e-50,NA,"tags=51%, list=13%, signal=47%",783
"B12_1_5x_all","B12_1_5x_all","CRPCvsHSPCcouple","CRPC vs HSPC couple","SRSF2",0.398124169328378,618,4.33689691844557e-06,0.000622188830366648,"Yes",TRUE,783,0.62093438964798,2.35482729256816,3.08446235751674e-50,3.08446235751674e-50,NA,"tags=51%, list=13%, signal=47%",783
"B12_1_5x_all","B12_1_5x_all","CRPCvsHSPCcouple","CRPC vs HSPC couple","PIDD1",0.397823548249611,619,0.00114592676867534,0.0215578210951518,"Yes",TRUE,783,0.62093438964798,2.35482729256816,3.08446235751674e-50,3.08446235751674e-50,NA,"tags=51%, list=13%, signal=47%",783
"B12_1_5x_all","B12_1_5x_all","CRPCvsHSPCcouple","CRPC vs HSPC couple","ALYREF",0.397807398616647,620,0.000941509306466276,0.019216257543262,"Yes",TRUE,783,0.62093438964798,2.35482729256816,3.08446235751674e-50,3.08446235751674e-50,NA,"tags=51%, list=13%, signal=47%",783
"B12_1_5x_all","B12_1_5x_all","CRPCvsHSPCcouple","CRPC vs HSPC couple","NUBP2",0.397278914483469,623,0.00119918940595379,0.0221769770659392,"Yes",TRUE,783,0.62093438964798,2.35482729256816,3.08446235751674e-50,3.08446235751674e-50,NA,"tags=51%, list=13%, signal=47%",783
"B12_1_5x_all","B12_1_5x_all","CRPCvsHSPCcouple","CRPC vs HSPC couple","TMEM259",0.396731132474538,626,0.00114302855283543,0.0215447219006899,"Yes",TRUE,783,0.62093438964798,2.35482729256816,3.08446235751674e-50,3.08446235751674e-50,NA,"tags=51%, list=13%, signal=47%",783
"B12_1_5x_all","B12_1_5x_all","CRPCvsHSPCcouple","CRPC vs HSPC couple","ZNHIT2",0.396172818727737,628,0.00397912338610747,0.0475076123490361,"Yes",TRUE,783,0.62093438964798,2.35482729256816,3.08446235751674e-50,3.08446235751674e-50,NA,"tags=51%, list=13%, signal=47%",783
"B12_1_5x_all","B12_1_5x_all","CRPCvsHSPCcouple","CRPC vs HSPC couple","NFKBIL1",0.39505573425812,633,0.000191246413335827,0.0073085737079614,"Yes",TRUE,783,0.62093438964798,2.35482729256816,3.08446235751674e-50,3.08446235751674e-50,NA,"tags=51%, list=13%, signal=47%",783
"B12_1_5x_all","B12_1_5x_all","CRPCvsHSPCcouple","CRPC vs HSPC couple","ETFB",0.394481978344703,634,0.000151453073428929,0.00633087709914472,"Yes",TRUE,783,0.62093438964798,2.35482729256816,3.08446235751674e-50,3.08446235751674e-50,NA,"tags=51%, list=13%, signal=47%",783
"B12_1_5x_all","B12_1_5x_all","CRPCvsHSPCcouple","CRPC vs HSPC couple","UBE2M",0.394078623481771,636,5.21444563619366e-05,0.0032584798708739,"Yes",TRUE,783,0.62093438964798,2.35482729256816,3.08446235751674e-50,3.08446235751674e-50,NA,"tags=51%, list=13%, signal=47%",783
"B12_1_5x_all","B12_1_5x_all","CRPCvsHSPCcouple","CRPC vs HSPC couple","PARP10",0.393406496796136,640,0.0376842684787108,0.178988853348427,"Yes",TRUE,783,0.62093438964798,2.35482729256816,3.08446235751674e-50,3.08446235751674e-50,NA,"tags=51%, list=13%, signal=47%",783
"B12_1_5x_all","B12_1_5x_all","CRPCvsHSPCcouple","CRPC vs HSPC couple","MFSD10",0.390794151870871,651,0.00298498352763388,0.0396313317288024,"Yes",TRUE,783,0.62093438964798,2.35482729256816,3.08446235751674e-50,3.08446235751674e-50,NA,"tags=51%, list=13%, signal=47%",783
"B12_1_5x_all","B12_1_5x_all","CRPCvsHSPCcouple","CRPC vs HSPC couple","CDK10",0.389723576383295,659,0.00152110422703955,0.0260454209615383,"Yes",TRUE,783,0.62093438964798,2.35482729256816,3.08446235751674e-50,3.08446235751674e-50,NA,"tags=51%, list=13%, signal=47%",783
"B12_1_5x_all","B12_1_5x_all","CRPCvsHSPCcouple","CRPC vs HSPC couple","NUDT1",0.389105115504386,663,0.000206330967036937,0.00775524233511054,"Yes",TRUE,783,0.62093438964798,2.35482729256816,3.08446235751674e-50,3.08446235751674e-50,NA,"tags=51%, list=13%, signal=47%",783
"B12_1_5x_all","B12_1_5x_all","CRPCvsHSPCcouple","CRPC vs HSPC couple","KREMEN2",0.388097901287803,671,0.00300574501768994,0.0397716515947572,"Yes",TRUE,783,0.62093438964798,2.35482729256816,3.08446235751674e-50,3.08446235751674e-50,NA,"tags=51%, list=13%, signal=47%",783
"B12_1_5x_all","B12_1_5x_all","CRPCvsHSPCcouple","CRPC vs HSPC couple","NAA38",0.38732975700357,677,0.00699439418350976,0.0671395683395548,"Yes",TRUE,783,0.62093438964798,2.35482729256816,3.08446235751674e-50,3.08446235751674e-50,NA,"tags=51%, list=13%, signal=47%",783
"B12_1_5x_all","B12_1_5x_all","CRPCvsHSPCcouple","CRPC vs HSPC couple","SPPL2B",0.387257603431335,678,0.000381352135756075,0.0111277624968741,"Yes",TRUE,783,0.62093438964798,2.35482729256816,3.08446235751674e-50,3.08446235751674e-50,NA,"tags=51%, list=13%, signal=47%",783
"B12_1_5x_all","B12_1_5x_all","CRPCvsHSPCcouple","CRPC vs HSPC couple","MRPS12",0.38701131427026,679,0.00245323088545896,0.0349829575212169,"Yes",TRUE,783,0.62093438964798,2.35482729256816,3.08446235751674e-50,3.08446235751674e-50,NA,"tags=51%, list=13%, signal=47%",783
"B12_1_5x_all","B12_1_5x_all","CRPCvsHSPCcouple","CRPC vs HSPC couple","MRPL54",0.386728097483976,681,0.00327343493544717,0.0418738347099534,"Yes",TRUE,783,0.62093438964798,2.35482729256816,3.08446235751674e-50,3.08446235751674e-50,NA,"tags=51%, list=13%, signal=47%",783
"B12_1_5x_all","B12_1_5x_all","CRPCvsHSPCcouple","CRPC vs HSPC couple","RPL34",0.385118787332219,689,0.00942231357843447,0.0808101437049422,"Yes",TRUE,783,0.62093438964798,2.35482729256816,3.08446235751674e-50,3.08446235751674e-50,NA,"tags=51%, list=13%, signal=47%",783
"B12_1_5x_all","B12_1_5x_all","CRPCvsHSPCcouple","CRPC vs HSPC couple","PHLDA2",0.38439029114074,695,0.11367967637044,0.327067135408248,"Yes",TRUE,783,0.62093438964798,2.35482729256816,3.08446235751674e-50,3.08446235751674e-50,NA,"tags=51%, list=13%, signal=47%",783
"B12_1_5x_all","B12_1_5x_all","CRPCvsHSPCcouple","CRPC vs HSPC couple","UQCC3",0.382977223935941,705,0.000374757605634217,0.0110835646168183,"Yes",TRUE,783,0.62093438964798,2.35482729256816,3.08446235751674e-50,3.08446235751674e-50,NA,"tags=51%, list=13%, signal=47%",783
"B12_1_5x_all","B12_1_5x_all","CRPCvsHSPCcouple","CRPC vs HSPC couple","ARPC1A",0.380181087888647,718,0.000326705473798144,0.00999653080380353,"Yes",TRUE,783,0.62093438964798,2.35482729256816,3.08446235751674e-50,3.08446235751674e-50,NA,"tags=51%, list=13%, signal=47%",783
"B12_1_5x_all","B12_1_5x_all","CRPCvsHSPCcouple","CRPC vs HSPC couple","ARRDC1",0.380082370177825,720,0.00241356977259595,0.0346177655847669,"Yes",TRUE,783,0.62093438964798,2.35482729256816,3.08446235751674e-50,3.08446235751674e-50,NA,"tags=51%, list=13%, signal=47%",783
"B12_1_5x_all","B12_1_5x_all","CRPCvsHSPCcouple","CRPC vs HSPC couple","SAC3D1",0.379814972278142,721,0.002752992485222,0.0374789533206566,"Yes",TRUE,783,0.62093438964798,2.35482729256816,3.08446235751674e-50,3.08446235751674e-50,NA,"tags=51%, list=13%, signal=47%",783
"B12_1_5x_all","B12_1_5x_all","CRPCvsHSPCcouple","CRPC vs HSPC couple","TRMT112",0.379140128916421,723,0.00157343234743218,0.0266622344068122,"Yes",TRUE,783,0.62093438964798,2.35482729256816,3.08446235751674e-50,3.08446235751674e-50,NA,"tags=51%, list=13%, signal=47%",783
"B12_1_5x_all","B12_1_5x_all","CRPCvsHSPCcouple","CRPC vs HSPC couple","C1orf35",0.378023448814228,732,0.000241244420187415,0.00847463812223752,"Yes",TRUE,783,0.62093438964798,2.35482729256816,3.08446235751674e-50,3.08446235751674e-50,NA,"tags=51%, list=13%, signal=47%",783
"B12_1_5x_all","B12_1_5x_all","CRPCvsHSPCcouple","CRPC vs HSPC couple","LUC7L",0.376383622943467,741,0.00313856739289432,0.040656172126001,"Yes",TRUE,783,0.62093438964798,2.35482729256816,3.08446235751674e-50,3.08446235751674e-50,NA,"tags=51%, list=13%, signal=47%",783
"B12_1_5x_all","B12_1_5x_all","CRPCvsHSPCcouple","CRPC vs HSPC couple","CTSD",0.375830352849756,746,0.00447691006224872,0.0512095965651661,"Yes",TRUE,783,0.62093438964798,2.35482729256816,3.08446235751674e-50,3.08446235751674e-50,NA,"tags=51%, list=13%, signal=47%",783
"B12_1_5x_all","B12_1_5x_all","CRPCvsHSPCcouple","CRPC vs HSPC couple","MRPL14",0.375244214533113,750,0.00195783343307087,0.0305151393531617,"Yes",TRUE,783,0.62093438964798,2.35482729256816,3.08446235751674e-50,3.08446235751674e-50,NA,"tags=51%, list=13%, signal=47%",783
"B12_1_5x_all","B12_1_5x_all","CRPCvsHSPCcouple","CRPC vs HSPC couple","BOP1",0.374431626955701,756,0.00850472108547703,0.0755621303834673,"Yes",TRUE,783,0.62093438964798,2.35482729256816,3.08446235751674e-50,3.08446235751674e-50,NA,"tags=51%, list=13%, signal=47%",783
"B12_1_5x_all","B12_1_5x_all","CRPCvsHSPCcouple","CRPC vs HSPC couple","ABCF2",0.373988436499066,759,3.95703263249026e-06,0.000597381116509913,"Yes",TRUE,783,0.62093438964798,2.35482729256816,3.08446235751674e-50,3.08446235751674e-50,NA,"tags=51%, list=13%, signal=47%",783
"B12_1_5x_all","B12_1_5x_all","CRPCvsHSPCcouple","CRPC vs HSPC couple","LTB4R",0.372606326417494,768,0.0043052856463122,0.0501560286359599,"Yes",TRUE,783,0.62093438964798,2.35482729256816,3.08446235751674e-50,3.08446235751674e-50,NA,"tags=51%, list=13%, signal=47%",783
"B12_1_5x_all","B12_1_5x_all","CRPCvsHSPCcouple","CRPC vs HSPC couple","PRPF31",0.372356087144556,769,6.76791630093877e-05,0.00389998508104885,"Yes",TRUE,783,0.62093438964798,2.35482729256816,3.08446235751674e-50,3.08446235751674e-50,NA,"tags=51%, list=13%, signal=47%",783
"B12_1_5x_all","B12_1_5x_all","CRPCvsHSPCcouple","CRPC vs HSPC couple","MCRIP1",0.371380413686464,773,0.0020582683067709,0.031227896312113,"Yes",TRUE,783,0.62093438964798,2.35482729256816,3.08446235751674e-50,3.08446235751674e-50,NA,"tags=51%, list=13%, signal=47%",783
"B12_1_5x_all","B12_1_5x_all","CRPCvsHSPCcouple","CRPC vs HSPC couple","COPRS",0.37032875213028,780,0.00194555240516729,0.030454081711578,"Yes",TRUE,783,0.62093438964798,2.35482729256816,3.08446235751674e-50,3.08446235751674e-50,NA,"tags=51%, list=13%, signal=47%",783
"B12_1_5x_all","B12_1_5x_all","CRPCvsHSPCcouple","CRPC vs HSPC couple","TMEM121",0.370113780443346,782,0.00764143043755429,0.0707867793060308,"Yes",TRUE,783,0.62093438964798,2.35482729256816,3.08446235751674e-50,3.08446235751674e-50,NA,"tags=51%, list=13%, signal=47%",783
"B12_1_5x_all","B12_1_5x_all","CRPCvsHSPCcouple","CRPC vs HSPC couple","FTL",0.369494894584394,788,0.00185925626596856,0.0295845245735608,"Yes",TRUE,783,0.62093438964798,2.35482729256816,3.08446235751674e-50,3.08446235751674e-50,NA,"tags=51%, list=13%, signal=47%",783
"B12_1_5x_all","B12_1_5x_all","CRPCvsHSPCcouple","CRPC vs HSPC couple","TUBA4A",0.368848813444901,789,0.0586264682529182,0.229300089248679,"Yes",TRUE,783,0.62093438964798,2.35482729256816,3.08446235751674e-50,3.08446235751674e-50,NA,"tags=51%, list=13%, signal=47%",783
"B12_1_5x_all","B12_1_5x_all","CRPCvsHSPCcouple","CRPC vs HSPC couple","IGFBP2",0.367880232882987,793,0.0926299671023094,0.294466225671999,"Yes",TRUE,783,0.62093438964798,2.35482729256816,3.08446235751674e-50,3.08446235751674e-50,NA,"tags=51%, list=13%, signal=47%",783
"B12_1_5x_all","B12_1_5x_all","CRPCvsHSPCcouple","CRPC vs HSPC couple","CFD",0.366739001160795,796,0.0814271694086028,0.275753200546341,"Yes",TRUE,783,0.62093438964798,2.35482729256816,3.08446235751674e-50,3.08446235751674e-50,NA,"tags=51%, list=13%, signal=47%",783
"B12_1_5x_all","B12_1_5x_all","CRPCvsHSPCcouple","CRPC vs HSPC couple","RPL18",0.366277332936882,799,0.0171906513294502,0.113858458243317,"Yes",TRUE,783,0.62093438964798,2.35482729256816,3.08446235751674e-50,3.08446235751674e-50,NA,"tags=51%, list=13%, signal=47%",783
"B12_1_5x_all","B12_1_5x_all","CRPCvsHSPCcouple","CRPC vs HSPC couple","RPL28",0.365445491374683,805,0.0167902079559777,0.112387954830284,"Yes",TRUE,783,0.62093438964798,2.35482729256816,3.08446235751674e-50,3.08446235751674e-50,NA,"tags=51%, list=13%, signal=47%",783
"B12_1_5x_all","B12_1_5x_all","CRPCvsHSPCcouple","CRPC vs HSPC couple","IRF3",0.363842032632046,819,4.56101749187558e-05,0.00299698224906803,"Yes",TRUE,783,0.62093438964798,2.35482729256816,3.08446235751674e-50,3.08446235751674e-50,NA,"tags=51%, list=13%, signal=47%",783
"B12_1_5x_all","B12_1_5x_all","CRPCvsHSPCcouple","CRPC vs HSPC couple","KAT2A",0.363723862806332,820,0.00310817010214531,0.0405254657190489,"Yes",TRUE,783,0.62093438964798,2.35482729256816,3.08446235751674e-50,3.08446235751674e-50,NA,"tags=51%, list=13%, signal=47%",783
"B12_1_5x_all","B12_1_5x_all","CRPCvsHSPCcouple","CRPC vs HSPC couple","ADAT3",0.363394291214053,823,0.00032060042049649,0.00991681087315339,"Yes",TRUE,783,0.62093438964798,2.35482729256816,3.08446235751674e-50,3.08446235751674e-50,NA,"tags=51%, list=13%, signal=47%",783
"B12_1_5x_all","B12_1_5x_all","CRPCvsHSPCcouple","CRPC vs HSPC couple","ANKS3",0.362616588748088,826,0.000394273023625647,0.0113021453685152,"Yes",TRUE,783,0.62093438964798,2.35482729256816,3.08446235751674e-50,3.08446235751674e-50,NA,"tags=51%, list=13%, signal=47%",783
"B12_1_5x_all","B12_1_5x_all","CRPCvsHSPCcouple","CRPC vs HSPC couple","ARFGAP1",0.359825113307225,840,0.000216025029653653,0.00802058783878715,"Yes",TRUE,783,0.62093438964798,2.35482729256816,3.08446235751674e-50,3.08446235751674e-50,NA,"tags=51%, list=13%, signal=47%",783
"B12_1_5x_all","B12_1_5x_all","CRPCvsHSPCcouple","CRPC vs HSPC couple","RPS19BP1",0.359614341459098,843,0.00104217378991937,0.0204301711223375,"Yes",TRUE,783,0.62093438964798,2.35482729256816,3.08446235751674e-50,3.08446235751674e-50,NA,"tags=51%, list=13%, signal=47%",783
"B12_1_5x_all","B12_1_5x_all","CRPCvsHSPCcouple","CRPC vs HSPC couple","IL17RC",0.359557134167981,844,0.00777169222289837,0.0713124740770339,"Yes",TRUE,783,0.62093438964798,2.35482729256816,3.08446235751674e-50,3.08446235751674e-50,NA,"tags=51%, list=13%, signal=47%",783
"B12_1_5x_all","B12_1_5x_all","CRPCvsHSPCcouple","CRPC vs HSPC couple","UBALD2",0.358545263075793,848,0.00345563354666821,0.0432949643326393,"Yes",TRUE,783,0.62093438964798,2.35482729256816,3.08446235751674e-50,3.08446235751674e-50,NA,"tags=51%, list=13%, signal=47%",783
"B12_1_5x_all","B12_1_5x_all","CRPCvsHSPCcouple","CRPC vs HSPC couple","TMEM205",0.357734097091035,857,0.0260522749116207,0.143905928578946,"Yes",TRUE,783,0.62093438964798,2.35482729256816,3.08446235751674e-50,3.08446235751674e-50,NA,"tags=51%, list=13%, signal=47%",783
"B12_1_5x_all","B12_1_5x_all","CRPCvsHSPCcouple","CRPC vs HSPC couple","ITPA",0.357717444158444,858,0.000907632648183496,0.0188620313815335,"Yes",TRUE,783,0.62093438964798,2.35482729256816,3.08446235751674e-50,3.08446235751674e-50,NA,"tags=51%, list=13%, signal=47%",783
"B12_1_5x_all","B12_1_5x_all","CRPCvsHSPCcouple","CRPC vs HSPC couple","TRMT61A",0.357598040890967,859,0.000795517190730878,0.017452174708572,"Yes",TRUE,783,0.62093438964798,2.35482729256816,3.08446235751674e-50,3.08446235751674e-50,NA,"tags=51%, list=13%, signal=47%",783
"B12_1_5x_all","B12_1_5x_all","CRPCvsHSPCcouple","CRPC vs HSPC couple","NTHL1",0.357052958351103,866,0.00679669550230023,0.0662167704714383,"Yes",TRUE,783,0.62093438964798,2.35482729256816,3.08446235751674e-50,3.08446235751674e-50,NA,"tags=51%, list=13%, signal=47%",783
"B12_1_5x_all","B12_1_5x_all","CRPCvsHSPCcouple","CRPC vs HSPC couple","C6orf226",0.356753351045288,870,0.0203726865912077,0.126066350257992,"Yes",TRUE,783,0.62093438964798,2.35482729256816,3.08446235751674e-50,3.08446235751674e-50,NA,"tags=51%, list=13%, signal=47%",783
"B12_1_5x_all","B12_1_5x_all","CRPCvsHSPCcouple","CRPC vs HSPC couple","UBE2I",0.356667379748375,872,2.89990183711552e-07,9.99481261482815e-05,"Yes",TRUE,783,0.62093438964798,2.35482729256816,3.08446235751674e-50,3.08446235751674e-50,NA,"tags=51%, list=13%, signal=47%",783
"B12_1_5x_all","B12_1_5x_all","CRPCvsHSPCcouple","CRPC vs HSPC couple","HMG20B",0.356191381496188,877,0.00648684871549686,0.0645399049487915,"Yes",TRUE,783,0.62093438964798,2.35482729256816,3.08446235751674e-50,3.08446235751674e-50,NA,"tags=51%, list=13%, signal=47%",783
"B12_1_5x_all","B12_1_5x_all","CRPCvsHSPCcouple","CRPC vs HSPC couple","HIGD2A",0.35571893056977,882,0.00232098724000466,0.033917979130532,"Yes",TRUE,783,0.62093438964798,2.35482729256816,3.08446235751674e-50,3.08446235751674e-50,NA,"tags=51%, list=13%, signal=47%",783
"B12_1_5x_all","B12_1_5x_all","CRPCvsHSPCcouple","CRPC vs HSPC couple","EMC9",0.355668340542492,883,0.00365512225368433,0.0449339341464284,"Yes",TRUE,783,0.62093438964798,2.35482729256816,3.08446235751674e-50,3.08446235751674e-50,NA,"tags=51%, list=13%, signal=47%",783
"B12_1_5x_all","B12_1_5x_all","CRPCvsHSPCcouple","CRPC vs HSPC couple","SF3B5",0.35551047291725,885,0.0131285042595863,0.0981655289847985,"Yes",TRUE,783,0.62093438964798,2.35482729256816,3.08446235751674e-50,3.08446235751674e-50,NA,"tags=51%, list=13%, signal=47%",783
"B12_1_5x_all","B12_1_5x_all","CRPCvsHSPCcouple","CRPC vs HSPC couple","GPX1",0.355382900483773,887,0.0169233906206934,0.112907076869323,"Yes",TRUE,783,0.62093438964798,2.35482729256816,3.08446235751674e-50,3.08446235751674e-50,NA,"tags=51%, list=13%, signal=47%",783
"B12_1_5x_all","B12_1_5x_all","CRPCvsHSPCcouple","CRPC vs HSPC couple","STXBP2",0.355155778365709,889,0.000837080797618037,0.0179688492567147,"Yes",TRUE,783,0.62093438964798,2.35482729256816,3.08446235751674e-50,3.08446235751674e-50,NA,"tags=51%, list=13%, signal=47%",783
"B12_1_5x_all","B12_1_5x_all","CRPCvsHSPCcouple","CRPC vs HSPC couple","GAMT",0.354338455075752,893,0.0453046060984341,0.197183521467738,"Yes",TRUE,783,0.62093438964798,2.35482729256816,3.08446235751674e-50,3.08446235751674e-50,NA,"tags=51%, list=13%, signal=47%",783
"B12_1_5x_all","B12_1_5x_all","CRPCvsHSPCcouple","CRPC vs HSPC couple","CFL1",0.351193661315309,910,0.000142973264564699,0.00605961165615627,"Yes",TRUE,783,0.62093438964798,2.35482729256816,3.08446235751674e-50,3.08446235751674e-50,NA,"tags=51%, list=13%, signal=47%",783
"B12_1_5x_all","B12_1_5x_all","CRPCvsHSPCcouple","CRPC vs HSPC couple","PRR5",0.350545750651757,916,0.000888975718865137,0.0186818708024404,"Yes",TRUE,783,0.62093438964798,2.35482729256816,3.08446235751674e-50,3.08446235751674e-50,NA,"tags=51%, list=13%, signal=47%",783
"B12_1_5x_all","B12_1_5x_all","CRPCvsHSPCcouple","CRPC vs HSPC couple","AAMP",0.349729179652734,922,0.00436974961445842,0.0504565209907155,"Yes",TRUE,783,0.62093438964798,2.35482729256816,3.08446235751674e-50,3.08446235751674e-50,NA,"tags=51%, list=13%, signal=47%",783
"B12_1_5x_all","B12_1_5x_all","CRPCvsHSPCcouple","CRPC vs HSPC couple","PPP1R14B",0.347794062210313,933,0.018097484155741,0.117107424408975,"Yes",TRUE,783,0.62093438964798,2.35482729256816,3.08446235751674e-50,3.08446235751674e-50,NA,"tags=51%, list=13%, signal=47%",783
"B12_1_5x_all","B12_1_5x_all","CRPCvsHSPCcouple","CRPC vs HSPC couple","TMEM147",0.346680718597008,940,0.00342613934595421,0.043061043814053,"Yes",TRUE,783,0.62093438964798,2.35482729256816,3.08446235751674e-50,3.08446235751674e-50,NA,"tags=51%, list=13%, signal=47%",783
"B12_1_5x_all","B12_1_5x_all","CRPCvsHSPCcouple","CRPC vs HSPC couple","TXNL4A",0.345898304238993,946,0.000484609071107231,0.0127739594544239,"Yes",TRUE,783,0.62093438964798,2.35482729256816,3.08446235751674e-50,3.08446235751674e-50,NA,"tags=51%, list=13%, signal=47%",783
"B12_1_5x_all","B12_1_5x_all","CRPCvsHSPCcouple","CRPC vs HSPC couple","ZNF205",0.344292968505388,958,0.00164104405604092,0.0273762116636525,"Yes",TRUE,783,0.62093438964798,2.35482729256816,3.08446235751674e-50,3.08446235751674e-50,NA,"tags=51%, list=13%, signal=47%",783
"B12_1_5x_all","B12_1_5x_all","CRPCvsHSPCcouple","CRPC vs HSPC couple","MXD3",0.343821635335904,961,0.000350619965228143,0.0106215172550953,"Yes",TRUE,783,0.62093438964798,2.35482729256816,3.08446235751674e-50,3.08446235751674e-50,NA,"tags=51%, list=13%, signal=47%",783
"B12_1_5x_all","B12_1_5x_all","CRPCvsHSPCcouple","CRPC vs HSPC couple","MVD",0.343229109091345,963,0.00337011160286145,0.0425738787340734,"Yes",TRUE,783,0.62093438964798,2.35482729256816,3.08446235751674e-50,3.08446235751674e-50,NA,"tags=51%, list=13%, signal=47%",783
"B12_1_5x_all","B12_1_5x_all","CRPCvsHSPCcouple","CRPC vs HSPC couple","POLR2H",0.342791666433257,966,0.000124270786157264,0.0055912671200363,"Yes",TRUE,783,0.62093438964798,2.35482729256816,3.08446235751674e-50,3.08446235751674e-50,NA,"tags=51%, list=13%, signal=47%",783
"B12_1_5x_all","B12_1_5x_all","CRPCvsHSPCcouple","CRPC vs HSPC couple","CHADL",0.341664150221791,973,0.00333313950827134,0.0422560242302552,"Yes",TRUE,783,0.62093438964798,2.35482729256816,3.08446235751674e-50,3.08446235751674e-50,NA,"tags=51%, list=13%, signal=47%",783
"B12_1_5x_all","B12_1_5x_all","CRPCvsHSPCcouple","CRPC vs HSPC couple","PPP4C",0.341338904905879,975,0.000715006021315439,0.0162855548520812,"Yes",TRUE,783,0.62093438964798,2.35482729256816,3.08446235751674e-50,3.08446235751674e-50,NA,"tags=51%, list=13%, signal=47%",783
"B12_1_5x_all","B12_1_5x_all","CRPCvsHSPCcouple","CRPC vs HSPC couple","ATAD3A",0.339848164007646,989,0.00430158335041277,0.0501560286359599,"Yes",TRUE,783,0.62093438964798,2.35482729256816,3.08446235751674e-50,3.08446235751674e-50,NA,"tags=51%, list=13%, signal=47%",783
"B12_1_5x_all","B12_1_5x_all","CRPCvsHSPCcouple","CRPC vs HSPC couple","SPATC1L",0.339213359498494,995,0.0857762802814118,0.283340924394313,"Yes",TRUE,783,0.62093438964798,2.35482729256816,3.08446235751674e-50,3.08446235751674e-50,NA,"tags=51%, list=13%, signal=47%",783
"B12_1_5x_all","B12_1_5x_all","CRPCvsHSPCcouple","CRPC vs HSPC couple","POLR3K",0.339123959919772,997,0.00130979947729041,0.0235287545962809,"Yes",TRUE,783,0.62093438964798,2.35482729256816,3.08446235751674e-50,3.08446235751674e-50,NA,"tags=51%, list=13%, signal=47%",783
"B12_1_5x_all","B12_1_5x_all","CRPCvsHSPCcouple","CRPC vs HSPC couple","PFDN6",0.338979202866888,998,0.00357672751479578,0.0443794136518999,"Yes",TRUE,783,0.62093438964798,2.35482729256816,3.08446235751674e-50,3.08446235751674e-50,NA,"tags=51%, list=13%, signal=47%",783
"B12_1_5x_all","B12_1_5x_all","CRPCvsHSPCcouple","CRPC vs HSPC couple","SLC52A2",0.338743921241693,1000,0.0156411708541865,0.107899270390266,"Yes",TRUE,783,0.62093438964798,2.35482729256816,3.08446235751674e-50,3.08446235751674e-50,NA,"tags=51%, list=13%, signal=47%",783
"B12_1_5x_all","B12_1_5x_all","CRPCvsHSPCcouple","CRPC vs HSPC couple","ZNF444",0.337960083015054,1008,0.000281595338773158,0.00931866314016175,"Yes",TRUE,783,0.62093438964798,2.35482729256816,3.08446235751674e-50,3.08446235751674e-50,NA,"tags=51%, list=13%, signal=47%",783
"B12_1_5x_all","B12_1_5x_all","CRPCvsHSPCcouple","CRPC vs HSPC couple","TMEM219",0.335653792868064,1025,0.000420730701797917,0.0118026769766377,"Yes",TRUE,783,0.62093438964798,2.35482729256816,3.08446235751674e-50,3.08446235751674e-50,NA,"tags=51%, list=13%, signal=47%",783
"B12_1_5x_all","B12_1_5x_all","CRPCvsHSPCcouple","CRPC vs HSPC couple","GSTO1",0.335057351478551,1031,0.0167379948991213,0.112244108965583,"Yes",TRUE,783,0.62093438964798,2.35482729256816,3.08446235751674e-50,3.08446235751674e-50,NA,"tags=51%, list=13%, signal=47%",783
"B12_1_5x_all","B12_1_5x_all","CRPCvsHSPCcouple","CRPC vs HSPC couple","LAGE3",0.33461841006944,1035,0.0130579677465946,0.0978383498060062,"Yes",TRUE,783,0.62093438964798,2.35482729256816,3.08446235751674e-50,3.08446235751674e-50,NA,"tags=51%, list=13%, signal=47%",783
"B12_1_5x_all","B12_1_5x_all","CRPCvsHSPCcouple","CRPC vs HSPC couple","ZNF414",0.333764881213079,1041,0.0011401586122011,0.0215157824060718,"Yes",TRUE,783,0.62093438964798,2.35482729256816,3.08446235751674e-50,3.08446235751674e-50,NA,"tags=51%, list=13%, signal=47%",783
"B12_1_5x_all","B12_1_5x_all","CRPCvsHSPCcouple","CRPC vs HSPC couple","LRRC45",0.333128663467659,1050,0.00470465209538695,0.0527238526542536,"Yes",TRUE,783,0.62093438964798,2.35482729256816,3.08446235751674e-50,3.08446235751674e-50,NA,"tags=51%, list=13%, signal=47%",783
"B12_1_5x_all","B12_1_5x_all","CRPCvsHSPCcouple","CRPC vs HSPC couple","MRPL51",0.33245350697006,1055,0.00222170112647353,0.0329681677313501,"Yes",TRUE,783,0.62093438964798,2.35482729256816,3.08446235751674e-50,3.08446235751674e-50,NA,"tags=51%, list=13%, signal=47%",783
"B12_1_5x_all","B12_1_5x_all","CRPCvsHSPCcouple","CRPC vs HSPC couple","PNPLA7",0.331177772075569,1066,0.0364654409150728,0.175616717425688,"Yes",TRUE,783,0.62093438964798,2.35482729256816,3.08446235751674e-50,3.08446235751674e-50,NA,"tags=51%, list=13%, signal=47%",783
"B12_1_5x_all","B12_1_5x_all","CRPCvsHSPCcouple","CRPC vs HSPC couple","ASPSCR1",0.328561631960254,1082,0.000918685387391608,0.0189837397867449,"Yes",TRUE,783,0.62093438964798,2.35482729256816,3.08446235751674e-50,3.08446235751674e-50,NA,"tags=51%, list=13%, signal=47%",783
"B12_1_5x_all","B12_1_5x_all","CRPCvsHSPCcouple","CRPC vs HSPC couple","PRR22",0.328339977168537,1083,0.00778992601458611,0.0713276082749095,"Yes",TRUE,783,0.62093438964798,2.35482729256816,3.08446235751674e-50,3.08446235751674e-50,NA,"tags=51%, list=13%, signal=47%",783
"B12_1_5x_all","B12_1_5x_all","CRPCvsHSPCcouple","CRPC vs HSPC couple","EEF1E1",0.32817002721786,1088,0.011058206988346,0.0883640713281349,"Yes",TRUE,783,0.62093438964798,2.35482729256816,3.08446235751674e-50,3.08446235751674e-50,NA,"tags=51%, list=13%, signal=47%",783
"B12_1_5x_all","B12_1_5x_all","CRPCvsHSPCcouple","CRPC vs HSPC couple","NUDT22",0.327573499777957,1090,0.000692694639587391,0.0160885879093737,"Yes",TRUE,783,0.62093438964798,2.35482729256816,3.08446235751674e-50,3.08446235751674e-50,NA,"tags=51%, list=13%, signal=47%",783
"B12_1_5x_all","B12_1_5x_all","CRPCvsHSPCcouple","CRPC vs HSPC couple","ZNF688",0.326996454354881,1094,0.000450483104263742,0.0121815972008296,"Yes",TRUE,783,0.62093438964798,2.35482729256816,3.08446235751674e-50,3.08446235751674e-50,NA,"tags=51%, list=13%, signal=47%",783
"B12_1_5x_all","B12_1_5x_all","CRPCvsHSPCcouple","CRPC vs HSPC couple","ANKRD10",0.325634462985988,1101,0.0071311059584068,0.0680940473299618,"Yes",TRUE,783,0.62093438964798,2.35482729256816,3.08446235751674e-50,3.08446235751674e-50,NA,"tags=51%, list=13%, signal=47%",783
"B12_1_5x_all","B12_1_5x_all","CRPCvsHSPCcouple","CRPC vs HSPC couple","FAM3A",0.324765816670738,1109,0.00196382881402096,0.0305470852651701,"Yes",TRUE,783,0.62093438964798,2.35482729256816,3.08446235751674e-50,3.08446235751674e-50,NA,"tags=51%, list=13%, signal=47%",783
"B12_1_5x_all","B12_1_5x_all","CRPCvsHSPCcouple","CRPC vs HSPC couple","ARL2",0.32452226465026,1110,0.00712898099806226,0.0680940473299618,"Yes",TRUE,783,0.62093438964798,2.35482729256816,3.08446235751674e-50,3.08446235751674e-50,NA,"tags=51%, list=13%, signal=47%",783
"B12_1_5x_all","B12_1_5x_all","CRPCvsHSPCcouple","CRPC vs HSPC couple","TMEM52",0.322507404199546,1122,0.026089917209108,0.144026750576844,"Yes",TRUE,783,0.62093438964798,2.35482729256816,3.08446235751674e-50,3.08446235751674e-50,NA,"tags=51%, list=13%, signal=47%",783
"B12_1_5x_all","B12_1_5x_all","CRPCvsHSPCcouple","CRPC vs HSPC couple","BTG1",0.320674367572437,1138,0.0229753377176547,0.13464224032515,"Yes",TRUE,783,0.62093438964798,2.35482729256816,3.08446235751674e-50,3.08446235751674e-50,NA,"tags=51%, list=13%, signal=47%",783
"B12_1_5x_all","B12_1_5x_all","CRPCvsHSPCcouple","CRPC vs HSPC couple","CDC34",0.320661165229886,1139,0.00329608715055868,0.0419687192363781,"Yes",TRUE,783,0.62093438964798,2.35482729256816,3.08446235751674e-50,3.08446235751674e-50,NA,"tags=51%, list=13%, signal=47%",783
"B12_1_5x_all","B12_1_5x_all","CRPCvsHSPCcouple","CRPC vs HSPC couple","BAX",0.320501196447206,1142,0.00142414376152594,0.0249423145654787,"Yes",TRUE,783,0.62093438964798,2.35482729256816,3.08446235751674e-50,3.08446235751674e-50,NA,"tags=51%, list=13%, signal=47%",783
"B12_1_5x_all","B12_1_5x_all","CRPCvsHSPCcouple","CRPC vs HSPC couple","SLC27A5",0.319943938285015,1148,0.0216013439012021,0.130137057296244,"Yes",TRUE,783,0.62093438964798,2.35482729256816,3.08446235751674e-50,3.08446235751674e-50,NA,"tags=51%, list=13%, signal=47%",783
"B12_1_5x_all","B12_1_5x_all","CRPCvsHSPCcouple","CRPC vs HSPC couple","RPS12",0.319683794986309,1152,0.0378765769597802,0.179235156029593,"Yes",TRUE,783,0.62093438964798,2.35482729256816,3.08446235751674e-50,3.08446235751674e-50,NA,"tags=51%, list=13%, signal=47%",783
"B12_1_5x_all","B12_1_5x_all","CRPCvsHSPCcouple","CRPC vs HSPC couple","BBS5",0.319453693270437,1157,5.44440938036161e-07,0.000163037747788632,"Yes",TRUE,783,0.62093438964798,2.35482729256816,3.08446235751674e-50,3.08446235751674e-50,NA,"tags=51%, list=13%, signal=47%",783
"B12_1_5x_all","B12_1_5x_all","CRPCvsHSPCcouple","CRPC vs HSPC couple","TFPT",0.319370329738816,1159,0.0098355166344273,0.0825288848695836,"Yes",TRUE,783,0.62093438964798,2.35482729256816,3.08446235751674e-50,3.08446235751674e-50,NA,"tags=51%, list=13%, signal=47%",783
"B12_1_5x_all","B12_1_5x_all","CRPCvsHSPCcouple","CRPC vs HSPC couple","MAP2K2",0.318347036072013,1167,0.00682759778196628,0.0663484053883895,"Yes",TRUE,783,0.62093438964798,2.35482729256816,3.08446235751674e-50,3.08446235751674e-50,NA,"tags=51%, list=13%, signal=47%",783
"B12_1_5x_all","B12_1_5x_all","CRPCvsHSPCcouple","CRPC vs HSPC couple","KMT5C",0.317912456375369,1170,9.48651530375167e-05,0.00482702437475298,"Yes",TRUE,783,0.62093438964798,2.35482729256816,3.08446235751674e-50,3.08446235751674e-50,NA,"tags=51%, list=13%, signal=47%",783
"B12_1_5x_all","B12_1_5x_all","CRPCvsHSPCcouple","CRPC vs HSPC couple","RHBDD3",0.317594765566741,1174,0.00712663889193623,0.0680940473299618,"Yes",TRUE,783,0.62093438964798,2.35482729256816,3.08446235751674e-50,3.08446235751674e-50,NA,"tags=51%, list=13%, signal=47%",783
"B12_1_5x_all","B12_1_5x_all","CRPCvsHSPCcouple","CRPC vs HSPC couple","PNPLA6",0.316930625188016,1176,0.000322018846644322,0.00993634843184429,"Yes",TRUE,783,0.62093438964798,2.35482729256816,3.08446235751674e-50,3.08446235751674e-50,NA,"tags=51%, list=13%, signal=47%",783
"B12_1_5x_all","B12_1_5x_all","CRPCvsHSPCcouple","CRPC vs HSPC couple","WASHC1",0.315875696110187,1184,0.00278225204686579,0.0377308078248682,"Yes",TRUE,783,0.62093438964798,2.35482729256816,3.08446235751674e-50,3.08446235751674e-50,NA,"tags=51%, list=13%, signal=47%",783
"B12_1_5x_all","B12_1_5x_all","CRPCvsHSPCcouple","CRPC vs HSPC couple","NDUFB9",0.315257041714083,1188,0.00202162546617468,0.0308988992745932,"Yes",TRUE,783,0.62093438964798,2.35482729256816,3.08446235751674e-50,3.08446235751674e-50,NA,"tags=51%, list=13%, signal=47%",783
"B12_1_5x_all","B12_1_5x_all","CRPCvsHSPCcouple","CRPC vs HSPC couple","B3GAT3",0.314968827555877,1190,0.00857138941223467,0.0758592879812455,"Yes",TRUE,783,0.62093438964798,2.35482729256816,3.08446235751674e-50,3.08446235751674e-50,NA,"tags=51%, list=13%, signal=47%",783
"B12_1_5x_all","B12_1_5x_all","CRPCvsHSPCcouple","CRPC vs HSPC couple","COMMD4",0.314352567721847,1197,0.00112370154258316,0.021421793269446,"Yes",TRUE,783,0.62093438964798,2.35482729256816,3.08446235751674e-50,3.08446235751674e-50,NA,"tags=51%, list=13%, signal=47%",783
"B12_1_5x_all","B12_1_5x_all","CRPCvsHSPCcouple","CRPC vs HSPC couple","GPS1",0.312574101642814,1209,0.00733809376513798,0.0692083881691114,"Yes",TRUE,783,0.62093438964798,2.35482729256816,3.08446235751674e-50,3.08446235751674e-50,NA,"tags=51%, list=13%, signal=47%",783
"B12_1_5x_all","B12_1_5x_all","CRPCvsHSPCcouple","CRPC vs HSPC couple","ATP6V0B",0.309950826255383,1234,0.0113590694057269,0.0900981853384342,"Yes",TRUE,783,0.62093438964798,2.35482729256816,3.08446235751674e-50,3.08446235751674e-50,NA,"tags=51%, list=13%, signal=47%",783
"B12_1_5x_all","B12_1_5x_all","CRPCvsHSPCcouple","CRPC vs HSPC couple","BORCS6",0.309332022966314,1240,0.000247638000232242,0.00861638733379497,"Yes",TRUE,783,0.62093438964798,2.35482729256816,3.08446235751674e-50,3.08446235751674e-50,NA,"tags=51%, list=13%, signal=47%",783
"B12_1_5x_all","B12_1_5x_all","CRPCvsHSPCcouple","CRPC vs HSPC couple","MLST8",0.308196161711622,1250,0.0120983825239177,0.0936842533125923,"Yes",TRUE,783,0.62093438964798,2.35482729256816,3.08446235751674e-50,3.08446235751674e-50,NA,"tags=51%, list=13%, signal=47%",783
"B12_1_5x_all","B12_1_5x_all","CRPCvsHSPCcouple","CRPC vs HSPC couple","GAS6",0.307253619040215,1260,0.03204905950032,0.162577109106455,"Yes",TRUE,783,0.62093438964798,2.35482729256816,3.08446235751674e-50,3.08446235751674e-50,NA,"tags=51%, list=13%, signal=47%",783
"B12_1_5x_all","B12_1_5x_all","CRPCvsHSPCcouple","CRPC vs HSPC couple","RPL27A",0.307170797223915,1261,0.021656908514908,0.130137057296244,"Yes",TRUE,783,0.62093438964798,2.35482729256816,3.08446235751674e-50,3.08446235751674e-50,NA,"tags=51%, list=13%, signal=47%",783
"B12_1_5x_all","B12_1_5x_all","CRPCvsHSPCcouple","CRPC vs HSPC couple","LSM5",0.306754065816001,1262,0.00686511186728097,0.0665389771318219,"Yes",TRUE,783,0.62093438964798,2.35482729256816,3.08446235751674e-50,3.08446235751674e-50,NA,"tags=51%, list=13%, signal=47%",783
"B12_1_5x_all","B12_1_5x_all","CRPCvsHSPCcouple","CRPC vs HSPC couple","MT1X",0.305952384146907,1268,0.171408363715968,0.404669793509476,"Yes",TRUE,783,0.62093438964798,2.35482729256816,3.08446235751674e-50,3.08446235751674e-50,NA,"tags=51%, list=13%, signal=47%",783
"B12_1_5x_all","B12_1_5x_all","CRPCvsHSPCcouple","CRPC vs HSPC couple","SNCG",0.305738857246162,1271,0.119773004276139,0.336443713534096,"Yes",TRUE,783,0.62093438964798,2.35482729256816,3.08446235751674e-50,3.08446235751674e-50,NA,"tags=51%, list=13%, signal=47%",783
"B12_1_5x_all","B12_1_5x_all","CRPCvsHSPCcouple","CRPC vs HSPC couple","DDAH2",0.305523482297451,1277,0.0197474724059433,0.123645423444815,"Yes",TRUE,783,0.62093438964798,2.35482729256816,3.08446235751674e-50,3.08446235751674e-50,NA,"tags=51%, list=13%, signal=47%",783
"B12_1_5x_all","B12_1_5x_all","CRPCvsHSPCcouple","CRPC vs HSPC couple","AP2S1",0.303057419713864,1302,0.0130464943319252,0.0978326403781928,"Yes",TRUE,783,0.62093438964798,2.35482729256816,3.08446235751674e-50,3.08446235751674e-50,NA,"tags=51%, list=13%, signal=47%",783
"B12_1_5x_all","B12_1_5x_all","CRPCvsHSPCcouple","CRPC vs HSPC couple","RPS18",0.303040578703968,1304,0.0880804285583089,0.28735505982383,"Yes",TRUE,783,0.62093438964798,2.35482729256816,3.08446235751674e-50,3.08446235751674e-50,NA,"tags=51%, list=13%, signal=47%",783
"B12_1_5x_all","B12_1_5x_all","CRPCvsHSPCcouple","CRPC vs HSPC couple","MGMT",0.302727623307895,1307,0.00653665108130459,0.0647435551817448,"Yes",TRUE,783,0.62093438964798,2.35482729256816,3.08446235751674e-50,3.08446235751674e-50,NA,"tags=51%, list=13%, signal=47%",783
"B12_1_5x_all","B12_1_5x_all","CRPCvsHSPCcouple","CRPC vs HSPC couple","DTYMK",0.301465831058692,1314,0.00376199590845953,0.0456917415291424,"Yes",TRUE,783,0.62093438964798,2.35482729256816,3.08446235751674e-50,3.08446235751674e-50,NA,"tags=51%, list=13%, signal=47%",783
"B12_1_5x_all","B12_1_5x_all","CRPCvsHSPCcouple","CRPC vs HSPC couple","CCDC106",0.301171113118821,1319,0.00664077818716635,0.0652482620886159,"Yes",TRUE,783,0.62093438964798,2.35482729256816,3.08446235751674e-50,3.08446235751674e-50,NA,"tags=51%, list=13%, signal=47%",783
"B12_1_5x_all","B12_1_5x_all","CRPCvsHSPCcouple","CRPC vs HSPC couple","PICK1",0.300649397885878,1322,0.0062361516288172,0.0629716870113897,"Yes",TRUE,783,0.62093438964798,2.35482729256816,3.08446235751674e-50,3.08446235751674e-50,NA,"tags=51%, list=13%, signal=47%",783
"B12_1_5x_all","B12_1_5x_all","CRPCvsHSPCcouple","CRPC vs HSPC couple","FKBP2",0.300587006834136,1324,4.19719805109899e-06,0.000608493784122422,"Yes",TRUE,783,0.62093438964798,2.35482729256816,3.08446235751674e-50,3.08446235751674e-50,NA,"tags=51%, list=13%, signal=47%",783
"B12_1_5x_all","B12_1_5x_all","CRPCvsHSPCcouple","CRPC vs HSPC couple","RPA3",0.300002626886479,1330,0.00197514722322216,0.0306022174101774,"Yes",TRUE,783,0.62093438964798,2.35482729256816,3.08446235751674e-50,3.08446235751674e-50,NA,"tags=51%, list=13%, signal=47%",783
"B12_1_5x_all","B12_1_5x_all","CRPCvsHSPCcouple","CRPC vs HSPC couple","TMEM208",0.299847427154177,1331,0.0202754898604367,0.125691221674531,"Yes",TRUE,783,0.62093438964798,2.35482729256816,3.08446235751674e-50,3.08446235751674e-50,NA,"tags=51%, list=13%, signal=47%",783
"B12_1_5x_all","B12_1_5x_all","CRPCvsHSPCcouple","CRPC vs HSPC couple","CDK5",0.299256201555764,1336,0.00820391334038888,0.0738230960536373,"Yes",TRUE,783,0.62093438964798,2.35482729256816,3.08446235751674e-50,3.08446235751674e-50,NA,"tags=51%, list=13%, signal=47%",783
"B12_1_5x_all","B12_1_5x_all","CRPCvsHSPCcouple","CRPC vs HSPC couple","JUND",0.298978651673046,1342,0.0772218009188027,0.268636571583273,"Yes",TRUE,783,0.62093438964798,2.35482729256816,3.08446235751674e-50,3.08446235751674e-50,NA,"tags=51%, list=13%, signal=47%",783
"B12_1_5x_all","B12_1_5x_all","CRPCvsHSPCcouple","CRPC vs HSPC couple","PES1",0.298274665338482,1346,0.00325292745428607,0.0417283889097217,"Yes",TRUE,783,0.62093438964798,2.35482729256816,3.08446235751674e-50,3.08446235751674e-50,NA,"tags=51%, list=13%, signal=47%",783
"B12_1_5x_all","B12_1_5x_all","CRPCvsHSPCcouple","CRPC vs HSPC couple","TIMM17B",0.297301821928682,1355,0.0216551004664076,0.130137057296244,"Yes",TRUE,783,0.62093438964798,2.35482729256816,3.08446235751674e-50,3.08446235751674e-50,NA,"tags=51%, list=13%, signal=47%",783
"B12_1_5x_all","B12_1_5x_all","CRPCvsHSPCcouple","CRPC vs HSPC couple","RANGAP1",0.297096821914066,1360,0.00208479033118662,0.0315255504799553,"Yes",TRUE,783,0.62093438964798,2.35482729256816,3.08446235751674e-50,3.08446235751674e-50,NA,"tags=51%, list=13%, signal=47%",783
"B12_1_5x_all","B12_1_5x_all","CRPCvsHSPCcouple","CRPC vs HSPC couple","IFT27",0.297019714308066,1362,4.92648297840754e-05,0.00313561200580385,"Yes",TRUE,783,0.62093438964798,2.35482729256816,3.08446235751674e-50,3.08446235751674e-50,NA,"tags=51%, list=13%, signal=47%",783
"B12_1_5x_all","B12_1_5x_all","CRPCvsHSPCcouple","CRPC vs HSPC couple","EBP",0.295703278687555,1375,0.0926214254306642,0.294466225671999,"Yes",TRUE,783,0.62093438964798,2.35482729256816,3.08446235751674e-50,3.08446235751674e-50,NA,"tags=51%, list=13%, signal=47%",783
"B12_1_5x_all","B12_1_5x_all","CRPCvsHSPCcouple","CRPC vs HSPC couple","GALK1",0.295048200833129,1381,0.0109010263350139,0.0877346330731944,"Yes",TRUE,783,0.62093438964798,2.35482729256816,3.08446235751674e-50,3.08446235751674e-50,NA,"tags=51%, list=13%, signal=47%",783
"B12_1_5x_all","B12_1_5x_all","CRPCvsHSPCcouple","CRPC vs HSPC couple","IMP3",0.29430173894856,1390,0.00174651111278295,0.0285362419474116,"Yes",TRUE,783,0.62093438964798,2.35482729256816,3.08446235751674e-50,3.08446235751674e-50,NA,"tags=51%, list=13%, signal=47%",783
"B12_1_5x_all","B12_1_5x_all","CRPCvsHSPCcouple","CRPC vs HSPC couple","UBE2J2",0.293175201702046,1411,0.000174935175983755,0.00687213088106504,"Yes",TRUE,783,0.62093438964798,2.35482729256816,3.08446235751674e-50,3.08446235751674e-50,NA,"tags=51%, list=13%, signal=47%",783
"B12_1_5x_all","B12_1_5x_all","CRPCvsHSPCcouple","CRPC vs HSPC couple","TSEN54",0.292970724613309,1418,0.000148645466057736,0.00624208443327967,"Yes",TRUE,783,0.62093438964798,2.35482729256816,3.08446235751674e-50,3.08446235751674e-50,NA,"tags=51%, list=13%, signal=47%",783
"B12_1_5x_all","B12_1_5x_all","CRPCvsHSPCcouple","CRPC vs HSPC couple","NSMCE1",0.29296110797173,1419,0.0194762944836468,0.122765172992676,"Yes",TRUE,783,0.62093438964798,2.35482729256816,3.08446235751674e-50,3.08446235751674e-50,NA,"tags=51%, list=13%, signal=47%",783
"B12_1_5x_all","B12_1_5x_all","CRPCvsHSPCcouple","CRPC vs HSPC couple","CD320",0.291712799573628,1438,0.0800835668371098,0.273223403051318,"Yes",TRUE,783,0.62093438964798,2.35482729256816,3.08446235751674e-50,3.08446235751674e-50,NA,"tags=51%, list=13%, signal=47%",783
"B12_1_5x_all","B12_1_5x_all","CRPCvsHSPCcouple","CRPC vs HSPC couple","NOSIP",0.291318136842971,1443,0.000430177328658144,0.0119247577580591,"Yes",TRUE,783,0.62093438964798,2.35482729256816,3.08446235751674e-50,3.08446235751674e-50,NA,"tags=51%, list=13%, signal=47%",783
"B12_1_5x_all","B12_1_5x_all","CRPCvsHSPCcouple","CRPC vs HSPC couple","IRF7",0.289733973883854,1456,0.0445260677617183,0.19533085489993,"Yes",TRUE,783,0.62093438964798,2.35482729256816,3.08446235751674e-50,3.08446235751674e-50,NA,"tags=51%, list=13%, signal=47%",783
"B12_1_5x_all","B12_1_5x_all","CRPCvsHSPCcouple","CRPC vs HSPC couple","FDXR",0.289668676752169,1457,0.00529662714712125,0.0569138165273317,"Yes",TRUE,783,0.62093438964798,2.35482729256816,3.08446235751674e-50,3.08446235751674e-50,NA,"tags=51%, list=13%, signal=47%",783
"B12_1_5x_all","B12_1_5x_all","CRPCvsHSPCcouple","CRPC vs HSPC couple","TUBA3D",0.289517338744844,1458,0.194226655606607,0.432675404629986,"Yes",TRUE,783,0.62093438964798,2.35482729256816,3.08446235751674e-50,3.08446235751674e-50,NA,"tags=51%, list=13%, signal=47%",783
"B12_1_5x_all","B12_1_5x_all","CRPCvsHSPCcouple","CRPC vs HSPC couple","GRIN3A",0.288351922052304,1474,0.317918968307448,0.562480337201044,"Yes",TRUE,783,0.62093438964798,2.35482729256816,3.08446235751674e-50,3.08446235751674e-50,NA,"tags=51%, list=13%, signal=47%",783
"B12_1_5x_all","B12_1_5x_all","CRPCvsHSPCcouple","CRPC vs HSPC couple","SFXN4",0.284723778750549,1502,0.00177525073040318,0.0288495990904468,"Yes",TRUE,783,0.62093438964798,2.35482729256816,3.08446235751674e-50,3.08446235751674e-50,NA,"tags=51%, list=13%, signal=47%",783
"B12_1_5x_all","B12_1_5x_all","CRPCvsHSPCcouple","CRPC vs HSPC couple","SOCS1",0.283537473918072,1513,0.0252877133551025,0.141721298974309,"Yes",TRUE,783,0.62093438964798,2.35482729256816,3.08446235751674e-50,3.08446235751674e-50,NA,"tags=51%, list=13%, signal=47%",783
"B12_1_5x_all","B12_1_5x_all","CRPCvsHSPCcouple","CRPC vs HSPC couple","CD63",0.283104337951324,1520,0.0361007536507027,0.174506163341107,"Yes",TRUE,783,0.62093438964798,2.35482729256816,3.08446235751674e-50,3.08446235751674e-50,NA,"tags=51%, list=13%, signal=47%",783
"B12_1_5x_all","B12_1_5x_all","CRPCvsHSPCcouple","CRPC vs HSPC couple","STX10",0.283070912356237,1521,0.00225113857600488,0.0332698611390624,"Yes",TRUE,783,0.62093438964798,2.35482729256816,3.08446235751674e-50,3.08446235751674e-50,NA,"tags=51%, list=13%, signal=47%",783
"B12_1_5x_all","B12_1_5x_all","CRPCvsHSPCcouple","CRPC vs HSPC couple","KPTN",0.281513949709841,1544,0.000142901211970769,0.00605961165615627,"Yes",TRUE,783,0.62093438964798,2.35482729256816,3.08446235751674e-50,3.08446235751674e-50,NA,"tags=51%, list=13%, signal=47%",783
"B12_1_5x_all","B12_1_5x_all","CRPCvsHSPCcouple","CRPC vs HSPC couple","ASPHD1",0.281238716159327,1546,0.158046053152464,0.388462912702146,"Yes",TRUE,783,0.62093438964798,2.35482729256816,3.08446235751674e-50,3.08446235751674e-50,NA,"tags=51%, list=13%, signal=47%",783
"B12_1_5x_all","B12_1_5x_all","CRPCvsHSPCcouple","CRPC vs HSPC couple","ZFPM1",0.280545157528415,1556,0.00104748484987125,0.0205084734754536,"Yes",TRUE,783,0.62093438964798,2.35482729256816,3.08446235751674e-50,3.08446235751674e-50,NA,"tags=51%, list=13%, signal=47%",783
"B12_1_5x_all","B12_1_5x_all","CRPCvsHSPCcouple","CRPC vs HSPC couple","GCAT",0.27939074590083,1566,0.0794715138305243,0.272058872402959,"Yes",TRUE,783,0.62093438964798,2.35482729256816,3.08446235751674e-50,3.08446235751674e-50,NA,"tags=51%, list=13%, signal=47%",783
"B12_1_5x_all","B12_1_5x_all","CRPCvsHSPCcouple","CRPC vs HSPC couple","CRELD2",0.279023402746293,1567,0.023264807520894,0.13556160227989,"Yes",TRUE,783,0.62093438964798,2.35482729256816,3.08446235751674e-50,3.08446235751674e-50,NA,"tags=51%, list=13%, signal=47%",783
"B12_1_5x_all","B12_1_5x_all","CRPCvsHSPCcouple","CRPC vs HSPC couple","TSPAN33",0.277499680051834,1576,0.00555873090004009,0.0585928086272547,"Yes",TRUE,783,0.62093438964798,2.35482729256816,3.08446235751674e-50,3.08446235751674e-50,NA,"tags=51%, list=13%, signal=47%",783
"B12_1_5x_all","B12_1_5x_all","CRPCvsHSPCcouple","CRPC vs HSPC couple","PSMB3",0.276376426850783,1590,0.0147206656587884,0.104435079914729,"Yes",TRUE,783,0.62093438964798,2.35482729256816,3.08446235751674e-50,3.08446235751674e-50,NA,"tags=51%, list=13%, signal=47%",783
"B12_1_5x_all","B12_1_5x_all","CRPCvsHSPCcouple","CRPC vs HSPC couple","MMAB",0.275337723015794,1604,0.00723168424365387,0.0687311009775366,"Yes",TRUE,783,0.62093438964798,2.35482729256816,3.08446235751674e-50,3.08446235751674e-50,NA,"tags=51%, list=13%, signal=47%",783
"B12_1_5x_all","B12_1_5x_all","CRPCvsHSPCcouple","CRPC vs HSPC couple","SIRT6",0.274833381172316,1610,0.00173549001195719,0.0284324628236969,"Yes",TRUE,783,0.62093438964798,2.35482729256816,3.08446235751674e-50,3.08446235751674e-50,NA,"tags=51%, list=13%, signal=47%",783
"B12_1_5x_all","B12_1_5x_all","CRPCvsHSPCcouple","CRPC vs HSPC couple","PHKG2",0.27397353711075,1616,0.000543458608654107,0.013587815580327,"Yes",TRUE,783,0.62093438964798,2.35482729256816,3.08446235751674e-50,3.08446235751674e-50,NA,"tags=51%, list=13%, signal=47%",783
"B12_1_5x_all","B12_1_5x_all","CRPCvsHSPCcouple","CRPC vs HSPC couple","SCAMP3",0.273368780142541,1626,0.00760018847911595,0.0705809064301022,"Yes",TRUE,783,0.62093438964798,2.35482729256816,3.08446235751674e-50,3.08446235751674e-50,NA,"tags=51%, list=13%, signal=47%",783
"B12_1_5x_all","B12_1_5x_all","CRPCvsHSPCcouple","CRPC vs HSPC couple","NNMT",0.27310924631292,1633,0.245480613792949,0.489858494379307,"Yes",TRUE,783,0.62093438964798,2.35482729256816,3.08446235751674e-50,3.08446235751674e-50,NA,"tags=51%, list=13%, signal=47%",783
"B12_1_5x_all","B12_1_5x_all","CRPCvsHSPCcouple","CRPC vs HSPC couple","NRGN",0.27246500563059,1637,0.0609274857422258,0.234503642855453,"Yes",TRUE,783,0.62093438964798,2.35482729256816,3.08446235751674e-50,3.08446235751674e-50,NA,"tags=51%, list=13%, signal=47%",783
"B12_1_5x_all","B12_1_5x_all","CRPCvsHSPCcouple","CRPC vs HSPC couple","NENF",0.272401041015943,1638,0.0455372463077899,0.19758405660437,"Yes",TRUE,783,0.62093438964798,2.35482729256816,3.08446235751674e-50,3.08446235751674e-50,NA,"tags=51%, list=13%, signal=47%",783
"B12_1_5x_all","B12_1_5x_all","CRPCvsHSPCcouple","CRPC vs HSPC couple","SSR4",0.271995505203784,1641,0.102131575158684,0.309100981770494,"Yes",TRUE,783,0.62093438964798,2.35482729256816,3.08446235751674e-50,3.08446235751674e-50,NA,"tags=51%, list=13%, signal=47%",783
"B12_1_5x_all","B12_1_5x_all","CRPCvsHSPCcouple","CRPC vs HSPC couple","NOC4L",0.271404227175592,1649,0.0176479387946227,0.115760845486622,"Yes",TRUE,783,0.62093438964798,2.35482729256816,3.08446235751674e-50,3.08446235751674e-50,NA,"tags=51%, list=13%, signal=47%",783
"B12_1_5x_all","B12_1_5x_all","CRPCvsHSPCcouple","CRPC vs HSPC couple","YIF1B",0.271060450166364,1655,0.00678402816493228,0.0661912230776251,"Yes",TRUE,783,0.62093438964798,2.35482729256816,3.08446235751674e-50,3.08446235751674e-50,NA,"tags=51%, list=13%, signal=47%",783
"B12_1_5x_all","B12_1_5x_all","CRPCvsHSPCcouple","CRPC vs HSPC couple","SNRPB",0.268964270834093,1682,0.048727526446304,0.205614628226989,"Yes",TRUE,783,0.62093438964798,2.35482729256816,3.08446235751674e-50,3.08446235751674e-50,NA,"tags=51%, list=13%, signal=47%",783
"B12_1_5x_all","B12_1_5x_all","CRPCvsHSPCcouple","CRPC vs HSPC couple","SPINT2",0.268464975090247,1694,0.0815535897972876,0.276031021831953,"Yes",TRUE,783,0.62093438964798,2.35482729256816,3.08446235751674e-50,3.08446235751674e-50,NA,"tags=51%, list=13%, signal=47%",783
"B12_1_5x_all","B12_1_5x_all","CRPCvsHSPCcouple","CRPC vs HSPC couple","AKAP8L",0.268170020940643,1697,0.000411378345441239,0.0116258388424495,"Yes",TRUE,783,0.62093438964798,2.35482729256816,3.08446235751674e-50,3.08446235751674e-50,NA,"tags=51%, list=13%, signal=47%",783
"B12_1_5x_all","B12_1_5x_all","CRPCvsHSPCcouple","CRPC vs HSPC couple","MVK",0.265461615822306,1726,0.0112019352303954,0.0892004144959163,"Yes",TRUE,783,0.62093438964798,2.35482729256816,3.08446235751674e-50,3.08446235751674e-50,NA,"tags=51%, list=13%, signal=47%",783
"B12_1_5x_all","B12_1_5x_all","CRPCvsHSPCcouple","CRPC vs HSPC couple","TST",0.265425342026665,1729,0.119068374797659,0.335226017717779,"Yes",TRUE,783,0.62093438964798,2.35482729256816,3.08446235751674e-50,3.08446235751674e-50,NA,"tags=51%, list=13%, signal=47%",783
"B12_1_5x_all","B12_1_5x_all","CRPCvsHSPCcouple","CRPC vs HSPC couple","PEX16",0.263555504578802,1749,0.0025758081288227,0.0358630236960398,"Yes",TRUE,783,0.62093438964798,2.35482729256816,3.08446235751674e-50,3.08446235751674e-50,NA,"tags=51%, list=13%, signal=47%",783
"B12_1_5x_all","B12_1_5x_all","CRPCvsHSPCcouple","CRPC vs HSPC couple","LY6E",0.263048108374966,1760,0.122481961642787,0.339663163247814,"Yes",TRUE,783,0.62093438964798,2.35482729256816,3.08446235751674e-50,3.08446235751674e-50,NA,"tags=51%, list=13%, signal=47%",783
"B12_1_5x_all","B12_1_5x_all","CRPCvsHSPCcouple","CRPC vs HSPC couple","LYPLA2",0.262484968893775,1770,0.0184303637236676,0.118466276484294,"Yes",TRUE,783,0.62093438964798,2.35482729256816,3.08446235751674e-50,3.08446235751674e-50,NA,"tags=51%, list=13%, signal=47%",783
"B12_1_5x_all","B12_1_5x_all","CRPCvsHSPCcouple","CRPC vs HSPC couple","PSMD13",0.261628793404268,1777,0.00898600841658847,0.0784268589325473,"Yes",TRUE,783,0.62093438964798,2.35482729256816,3.08446235751674e-50,3.08446235751674e-50,NA,"tags=51%, list=13%, signal=47%",783
"B12_1_5x_all","B12_1_5x_all","CRPCvsHSPCcouple","CRPC vs HSPC couple","PIH1D1",0.261513455442758,1780,0.00203402383688627,0.0310405291799511,"Yes",TRUE,783,0.62093438964798,2.35482729256816,3.08446235751674e-50,3.08446235751674e-50,NA,"tags=51%, list=13%, signal=47%",783
"B12_1_5x_all","B12_1_5x_all","CRPCvsHSPCcouple","CRPC vs HSPC couple","CHD4",0.260585255869465,1786,0.000119512784737128,0.00549909329670809,"Yes",TRUE,783,0.62093438964798,2.35482729256816,3.08446235751674e-50,3.08446235751674e-50,NA,"tags=51%, list=13%, signal=47%",783
"B12_1_5x_all","B12_1_5x_all","CRPCvsHSPCcouple","CRPC vs HSPC couple","SRXN1",0.260383793934281,1789,1.96285804292463e-05,0.00172382345529348,"Yes",TRUE,783,0.62093438964798,2.35482729256816,3.08446235751674e-50,3.08446235751674e-50,NA,"tags=51%, list=13%, signal=47%",783
"B12_1_5x_all","B12_1_5x_all","CRPCvsHSPCcouple","CRPC vs HSPC couple","CBY1",0.258790400168993,1815,0.00976125706327892,0.082207875875941,"Yes",TRUE,783,0.62093438964798,2.35482729256816,3.08446235751674e-50,3.08446235751674e-50,NA,"tags=51%, list=13%, signal=47%",783
"B12_1_5x_all","B12_1_5x_all","CRPCvsHSPCcouple","CRPC vs HSPC couple","BCL2L12",0.257524655739684,1831,0.0299929390910842,0.156747499646489,"Yes",TRUE,783,0.62093438964798,2.35482729256816,3.08446235751674e-50,3.08446235751674e-50,NA,"tags=51%, list=13%, signal=47%",783
"B12_1_5x_all","B12_1_5x_all","CRPCvsHSPCcouple","CRPC vs HSPC couple","PLXNB3",0.257158573880532,1838,0.083823208760804,0.280186030272508,"Yes",TRUE,783,0.62093438964798,2.35482729256816,3.08446235751674e-50,3.08446235751674e-50,NA,"tags=51%, list=13%, signal=47%",783
"B12_1_5x_all","B12_1_5x_all","CRPCvsHSPCcouple","CRPC vs HSPC couple","LSM2",0.256992064743906,1841,0.0077075257565947,0.0711436952984918,"Yes",TRUE,783,0.62093438964798,2.35482729256816,3.08446235751674e-50,3.08446235751674e-50,NA,"tags=51%, list=13%, signal=47%",783
"B12_1_5x_all","B12_1_5x_all","CRPCvsHSPCcouple","CRPC vs HSPC couple","AKT1S1",0.25473817039419,1876,0.0052653361516898,0.0567110232800222,"Yes",TRUE,783,0.62093438964798,2.35482729256816,3.08446235751674e-50,3.08446235751674e-50,NA,"tags=51%, list=13%, signal=47%",783
"B12_1_5x_all","B12_1_5x_all","CRPCvsHSPCcouple","CRPC vs HSPC couple","TNFRSF14",0.254715785307558,1878,0.0774105716661759,0.269088280233308,"Yes",TRUE,783,0.62093438964798,2.35482729256816,3.08446235751674e-50,3.08446235751674e-50,NA,"tags=51%, list=13%, signal=47%",783
"B12_1_5x_all","B12_1_5x_all","CRPCvsHSPCcouple","CRPC vs HSPC couple","TEX264",0.254030627635717,1885,0.0267404004876259,0.146598708195517,"Yes",TRUE,783,0.62093438964798,2.35482729256816,3.08446235751674e-50,3.08446235751674e-50,NA,"tags=51%, list=13%, signal=47%",783
"B12_1_5x_all","B12_1_5x_all","CRPCvsHSPCcouple","CRPC vs HSPC couple","ZNF581",0.252546830707192,1897,0.0345992215361732,0.170909675446532,"Yes",TRUE,783,0.62093438964798,2.35482729256816,3.08446235751674e-50,3.08446235751674e-50,NA,"tags=51%, list=13%, signal=47%",783
"B12_1_5x_all","B12_1_5x_all","CRPCvsHSPCcouple","CRPC vs HSPC couple","ALDH16A1",0.251894557356938,1904,0.00758887998271943,0.0705555951802548,"Yes",TRUE,783,0.62093438964798,2.35482729256816,3.08446235751674e-50,3.08446235751674e-50,NA,"tags=51%, list=13%, signal=47%",783
"B12_1_5x_all","B12_1_5x_all","CRPCvsHSPCcouple","CRPC vs HSPC couple","SRM",0.250015007871171,1935,0.0950897998585681,0.298300768335302,"Yes",TRUE,783,0.62093438964798,2.35482729256816,3.08446235751674e-50,3.08446235751674e-50,NA,"tags=51%, list=13%, signal=47%",783
"B12_1_5x_all","B12_1_5x_all","CRPCvsHSPCcouple","CRPC vs HSPC couple","ZDHHC12",0.249480488600114,1942,0.0652114874438441,0.243254694943169,"Yes",TRUE,783,0.62093438964798,2.35482729256816,3.08446235751674e-50,3.08446235751674e-50,NA,"tags=51%, list=13%, signal=47%",783
"B12_1_5x_all","B12_1_5x_all","CRPCvsHSPCcouple","CRPC vs HSPC couple","PMF1",0.247310823719369,1966,0.00681510906048992,0.0663196815648111,"Yes",TRUE,783,0.62093438964798,2.35482729256816,3.08446235751674e-50,3.08446235751674e-50,NA,"tags=51%, list=13%, signal=47%",783
"B12_1_5x_all","B12_1_5x_all","CRPCvsHSPCcouple","CRPC vs HSPC couple","QPCTL",0.246293859820484,1983,0.0211377689182167,0.128568746887769,"Yes",TRUE,783,0.62093438964798,2.35482729256816,3.08446235751674e-50,3.08446235751674e-50,NA,"tags=51%, list=13%, signal=47%",783
"B12_1_5x_all","B12_1_5x_all","CRPCvsHSPCcouple","CRPC vs HSPC couple","MRPL27",0.245792387292065,1991,0.0111007121371395,0.0885874655347868,"Yes",TRUE,783,0.62093438964798,2.35482729256816,3.08446235751674e-50,3.08446235751674e-50,NA,"tags=51%, list=13%, signal=47%",783
"B12_1_5x_all","B12_1_5x_all","CRPCvsHSPCcouple","CRPC vs HSPC couple","CSNK1G2",0.244390001334766,2008,0.0169845683212148,0.113067459738932,"Yes",TRUE,783,0.62093438964798,2.35482729256816,3.08446235751674e-50,3.08446235751674e-50,NA,"tags=51%, list=13%, signal=47%",783
"B12_1_5x_all","B12_1_5x_all","CRPCvsHSPCcouple","CRPC vs HSPC couple","IGSF8",0.241263220959199,2046,0.077609859951442,0.269240952139931,"Yes",TRUE,783,0.62093438964798,2.35482729256816,3.08446235751674e-50,3.08446235751674e-50,NA,"tags=51%, list=13%, signal=47%",783
"B12_1_5x_all","B12_1_5x_all","CRPCvsHSPCcouple","CRPC vs HSPC couple","CERS4",0.24075510158535,2054,0.108144681661281,0.318574246074283,"Yes",TRUE,783,0.62093438964798,2.35482729256816,3.08446235751674e-50,3.08446235751674e-50,NA,"tags=51%, list=13%, signal=47%",783
"B12_1_5x_all","B12_1_5x_all","CRPCvsHSPCcouple","CRPC vs HSPC couple","RAMP1",0.239867846613761,2066,0.374801172338183,0.611324532022894,"Yes",TRUE,783,0.62093438964798,2.35482729256816,3.08446235751674e-50,3.08446235751674e-50,NA,"tags=51%, list=13%, signal=47%",783
"B12_1_5x_all","B12_1_5x_all","CRPCvsHSPCcouple","CRPC vs HSPC couple","STK32C",0.239693081449522,2073,0.0131882673743581,0.0983504821487871,"Yes",TRUE,783,0.62093438964798,2.35482729256816,3.08446235751674e-50,3.08446235751674e-50,NA,"tags=51%, list=13%, signal=47%",783
"B12_1_5x_all","B12_1_5x_all","CRPCvsHSPCcouple","CRPC vs HSPC couple","ZNF837",0.238893624511832,2087,0.0151840081352565,0.1063928947475,"Yes",TRUE,783,0.62093438964798,2.35482729256816,3.08446235751674e-50,3.08446235751674e-50,NA,"tags=51%, list=13%, signal=47%",783
"B12_1_5x_all","B12_1_5x_all","CRPCvsHSPCcouple","CRPC vs HSPC couple","MBD3",0.238231135376809,2101,0.015435587355501,0.107128371665249,"Yes",TRUE,783,0.62093438964798,2.35482729256816,3.08446235751674e-50,3.08446235751674e-50,NA,"tags=51%, list=13%, signal=47%",783
"B12_1_5x_all","B12_1_5x_all","CRPCvsHSPCcouple","CRPC vs HSPC couple","NGRN",0.237312236808653,2108,0.0119400796738677,0.0928915823690549,"Yes",TRUE,783,0.62093438964798,2.35482729256816,3.08446235751674e-50,3.08446235751674e-50,NA,"tags=51%, list=13%, signal=47%",783
"B12_1_5x_all","B12_1_5x_all","CRPCvsHSPCcouple","CRPC vs HSPC couple","ZNF511",0.235572172006821,2128,0.0708390272608519,0.255771618109472,"Yes",TRUE,783,0.62093438964798,2.35482729256816,3.08446235751674e-50,3.08446235751674e-50,NA,"tags=51%, list=13%, signal=47%",783
"B12_1_5x_all","B12_1_5x_all","CRPCvsHSPCcouple","CRPC vs HSPC couple","SYNGR2",0.233680018627654,2154,0.138163677976397,0.362200897513591,"Yes",TRUE,783,0.62093438964798,2.35482729256816,3.08446235751674e-50,3.08446235751674e-50,NA,"tags=51%, list=13%, signal=47%",783
"B12_1_5x_all","B12_1_5x_all","CRPCvsHSPCcouple","CRPC vs HSPC couple","F12",0.233385478192358,2157,0.158549550251425,0.389120601161196,"Yes",TRUE,783,0.62093438964798,2.35482729256816,3.08446235751674e-50,3.08446235751674e-50,NA,"tags=51%, list=13%, signal=47%",783
"B12_1_5x_all","B12_1_5x_all","CRPCvsHSPCcouple","CRPC vs HSPC couple","TRPT1",0.233127089702476,2161,0.024021575223062,0.138118386716926,"Yes",TRUE,783,0.62093438964798,2.35482729256816,3.08446235751674e-50,3.08446235751674e-50,NA,"tags=51%, list=13%, signal=47%",783
"B12_1_5x_all","B12_1_5x_all","CRPCvsHSPCcouple","CRPC vs HSPC couple","MANF",0.23002757910958,2202,0.0509131865104796,0.211178741595579,"Yes",TRUE,783,0.62093438964798,2.35482729256816,3.08446235751674e-50,3.08446235751674e-50,NA,"tags=51%, list=13%, signal=47%",783
"B12_1_5x_all","B12_1_5x_all","CRPCvsHSPCcouple","CRPC vs HSPC couple","SAMD1",0.229377276318533,2210,0.0484254658609926,0.204765737241378,"Yes",TRUE,783,0.62093438964798,2.35482729256816,3.08446235751674e-50,3.08446235751674e-50,NA,"tags=51%, list=13%, signal=47%",783
"B12_1_5x_all","B12_1_5x_all","CRPCvsHSPCcouple","CRPC vs HSPC couple","C3orf33",0.22735126207663,2237,0.00106452431706429,0.0207142414220679,"Yes",TRUE,783,0.62093438964798,2.35482729256816,3.08446235751674e-50,3.08446235751674e-50,NA,"tags=51%, list=13%, signal=47%",783
"B12_1_5x_all","B12_1_5x_all","CRPCvsHSPCcouple","CRPC vs HSPC couple","SDHAF2",0.226827245259289,2244,0.00990488716071278,0.082779127554524,"Yes",TRUE,783,0.62093438964798,2.35482729256816,3.08446235751674e-50,3.08446235751674e-50,NA,"tags=51%, list=13%, signal=47%",783
"B12_1_5x_all","B12_1_5x_all","CRPCvsHSPCcouple","CRPC vs HSPC couple","KCTD17",0.225897582244898,2255,0.0419632006166366,0.189505885727294,"Yes",TRUE,783,0.62093438964798,2.35482729256816,3.08446235751674e-50,3.08446235751674e-50,NA,"tags=51%, list=13%, signal=47%",783
"B12_1_5x_all","B12_1_5x_all","CRPCvsHSPCcouple","CRPC vs HSPC couple","MAGIX",0.225771005828501,2259,0.0587487509150013,0.229494757010236,"Yes",TRUE,783,0.62093438964798,2.35482729256816,3.08446235751674e-50,3.08446235751674e-50,NA,"tags=51%, list=13%, signal=47%",783
"B12_1_5x_all","B12_1_5x_all","CRPCvsHSPCcouple","CRPC vs HSPC couple","TRAPPC2L",0.224634636466149,2270,0.029776191828356,0.156164713215211,"Yes",TRUE,783,0.62093438964798,2.35482729256816,3.08446235751674e-50,3.08446235751674e-50,NA,"tags=51%, list=13%, signal=47%",783
"B12_1_5x_all","B12_1_5x_all","CRPCvsHSPCcouple","CRPC vs HSPC couple","TUT1",0.222314834211359,2299,0.0169952364374164,0.113097261931616,"Yes",TRUE,783,0.62093438964798,2.35482729256816,3.08446235751674e-50,3.08446235751674e-50,NA,"tags=51%, list=13%, signal=47%",783
"B12_1_5x_all","B12_1_5x_all","CRPCvsHSPCcouple","CRPC vs HSPC couple","MVB12A",0.221855989555879,2306,0.0234507898522485,0.136295125113275,"Yes",TRUE,783,0.62093438964798,2.35482729256816,3.08446235751674e-50,3.08446235751674e-50,NA,"tags=51%, list=13%, signal=47%",783
"B12_1_5x_all","B12_1_5x_all","CRPCvsHSPCcouple","CRPC vs HSPC couple","ARMC5",0.221124893877134,2318,0.0124991238349818,0.0954006681708611,"Yes",TRUE,783,0.62093438964798,2.35482729256816,3.08446235751674e-50,3.08446235751674e-50,NA,"tags=51%, list=13%, signal=47%",783
"B12_1_5x_all","B12_1_5x_all","CRPCvsHSPCcouple","CRPC vs HSPC couple","C2CD4D",0.221063849198481,2322,0.0311136474039698,0.159794124023741,"Yes",TRUE,783,0.62093438964798,2.35482729256816,3.08446235751674e-50,3.08446235751674e-50,NA,"tags=51%, list=13%, signal=47%",783
"B12_1_5x_all","B12_1_5x_all","CRPCvsHSPCcouple","CRPC vs HSPC couple","LMAN2",0.220472215207392,2333,0.0649521806865737,0.242733527946326,"Yes",TRUE,783,0.62093438964798,2.35482729256816,3.08446235751674e-50,3.08446235751674e-50,NA,"tags=51%, list=13%, signal=47%",783
"B12_1_5x_all","B12_1_5x_all","CRPCvsHSPCcouple","CRPC vs HSPC couple","TMEM161A",0.218565152916145,2360,0.0517980086822538,0.212867092148196,"Yes",TRUE,783,0.62093438964798,2.35482729256816,3.08446235751674e-50,3.08446235751674e-50,NA,"tags=51%, list=13%, signal=47%",783
"B12_1_5x_all","B12_1_5x_all","CRPCvsHSPCcouple","CRPC vs HSPC couple","SAT2",0.217692780125309,2369,0.0910276593857198,0.291865467699562,"Yes",TRUE,783,0.62093438964798,2.35482729256816,3.08446235751674e-50,3.08446235751674e-50,NA,"tags=51%, list=13%, signal=47%",783
"B12_1_5x_all","B12_1_5x_all","CRPCvsHSPCcouple","CRPC vs HSPC couple","TIMP1",0.215888385171834,2393,0.277661276968941,0.523754496736024,"No",FALSE,783,0.62093438964798,2.35482729256816,3.08446235751674e-50,3.08446235751674e-50,NA,"tags=51%, list=13%, signal=47%",783
"B12_1_5x_all","B12_1_5x_all","CRPCvsHSPCcouple","CRPC vs HSPC couple","ISY1",0.213959049993621,2420,0.00188397001753349,0.0298219066813554,"No",FALSE,783,0.62093438964798,2.35482729256816,3.08446235751674e-50,3.08446235751674e-50,NA,"tags=51%, list=13%, signal=47%",783
"B12_1_5x_all","B12_1_5x_all","CRPCvsHSPCcouple","CRPC vs HSPC couple","CMC2",0.211141047209541,2462,0.0106327187895976,0.0864387512815214,"No",FALSE,783,0.62093438964798,2.35482729256816,3.08446235751674e-50,3.08446235751674e-50,NA,"tags=51%, list=13%, signal=47%",783
"B12_1_5x_all","B12_1_5x_all","CRPCvsHSPCcouple","CRPC vs HSPC couple","CCDC28B",0.211104616029701,2464,0.0237751552404094,0.137306595250256,"No",FALSE,783,0.62093438964798,2.35482729256816,3.08446235751674e-50,3.08446235751674e-50,NA,"tags=51%, list=13%, signal=47%",783
"B12_1_5x_all","B12_1_5x_all","CRPCvsHSPCcouple","CRPC vs HSPC couple","SH2B2",0.210680625815649,2474,0.0369690757996336,0.1771083418914,"No",FALSE,783,0.62093438964798,2.35482729256816,3.08446235751674e-50,3.08446235751674e-50,NA,"tags=51%, list=13%, signal=47%",783
"B12_1_5x_all","B12_1_5x_all","CRPCvsHSPCcouple","CRPC vs HSPC couple","BORCS8",0.210101712936409,2482,0.00414744234070076,0.0488333923651356,"No",FALSE,783,0.62093438964798,2.35482729256816,3.08446235751674e-50,3.08446235751674e-50,NA,"tags=51%, list=13%, signal=47%",783
"B12_1_5x_all","B12_1_5x_all","CRPCvsHSPCcouple","CRPC vs HSPC couple","VHL",0.208966038332004,2501,0.0165671933605207,0.11150807705108,"No",FALSE,783,0.62093438964798,2.35482729256816,3.08446235751674e-50,3.08446235751674e-50,NA,"tags=51%, list=13%, signal=47%",783
"B12_1_5x_all","B12_1_5x_all","CRPCvsHSPCcouple","CRPC vs HSPC couple","TRIM54",0.208687898738391,2512,0.110408066474025,0.322107571930917,"No",FALSE,783,0.62093438964798,2.35482729256816,3.08446235751674e-50,3.08446235751674e-50,NA,"tags=51%, list=13%, signal=47%",783
"B12_1_5x_all","B12_1_5x_all","CRPCvsHSPCcouple","CRPC vs HSPC couple","SQSTM1",0.206448440235497,2545,0.097250400483521,0.301659545870687,"No",FALSE,783,0.62093438964798,2.35482729256816,3.08446235751674e-50,3.08446235751674e-50,NA,"tags=51%, list=13%, signal=47%",783
"B12_1_5x_all","B12_1_5x_all","CRPCvsHSPCcouple","CRPC vs HSPC couple","RPP25L",0.203695794239426,2590,0.102950450945142,0.310718420139658,"No",FALSE,783,0.62093438964798,2.35482729256816,3.08446235751674e-50,3.08446235751674e-50,NA,"tags=51%, list=13%, signal=47%",783
"B12_1_5x_all","B12_1_5x_all","CRPCvsHSPCcouple","CRPC vs HSPC couple","TARBP2",0.20090952709167,2626,0.008212914046818,0.0738607190655134,"No",FALSE,783,0.62093438964798,2.35482729256816,3.08446235751674e-50,3.08446235751674e-50,NA,"tags=51%, list=13%, signal=47%",783
"B12_1_5x_all","B12_1_5x_all","CRPCvsHSPCcouple","CRPC vs HSPC couple","SLC25A11",0.198098464457525,2677,0.0502158847315804,0.209571296868124,"No",FALSE,783,0.62093438964798,2.35482729256816,3.08446235751674e-50,3.08446235751674e-50,NA,"tags=51%, list=13%, signal=47%",783
"B12_1_5x_all","B12_1_5x_all","CRPCvsHSPCcouple","CRPC vs HSPC couple","ANKRD9",0.19784211415336,2680,0.0331229586653655,0.166270152772803,"No",FALSE,783,0.62093438964798,2.35482729256816,3.08446235751674e-50,3.08446235751674e-50,NA,"tags=51%, list=13%, signal=47%",783
"B12_1_5x_all","B12_1_5x_all","CRPCvsHSPCcouple","CRPC vs HSPC couple","DHRS4L2",0.19706064120881,2698,0.0437619716156822,0.193887930027569,"No",FALSE,783,0.62093438964798,2.35482729256816,3.08446235751674e-50,3.08446235751674e-50,NA,"tags=51%, list=13%, signal=47%",783
"B12_1_5x_all","B12_1_5x_all","CRPCvsHSPCcouple","CRPC vs HSPC couple","BIRC5",0.196889575004372,2701,0.190367052317396,0.427954428227633,"No",FALSE,783,0.62093438964798,2.35482729256816,3.08446235751674e-50,3.08446235751674e-50,NA,"tags=51%, list=13%, signal=47%",783
"B12_1_5x_all","B12_1_5x_all","CRPCvsHSPCcouple","CRPC vs HSPC couple","TUBA3E",0.196717238832307,2703,0.0549650384932935,0.22100954394827,"No",FALSE,783,0.62093438964798,2.35482729256816,3.08446235751674e-50,3.08446235751674e-50,NA,"tags=51%, list=13%, signal=47%",783
"B12_1_5x_all","B12_1_5x_all","CRPCvsHSPCcouple","CRPC vs HSPC couple","NT5M",0.190148344391601,2803,0.137521538610745,0.361402092620124,"No",FALSE,783,0.62093438964798,2.35482729256816,3.08446235751674e-50,3.08446235751674e-50,NA,"tags=51%, list=13%, signal=47%",783
"B12_1_5x_all","B12_1_5x_all","CRPCvsHSPCcouple","CRPC vs HSPC couple","STARD10",0.190039676487911,2807,0.274849852401552,0.52043974850411,"No",FALSE,783,0.62093438964798,2.35482729256816,3.08446235751674e-50,3.08446235751674e-50,NA,"tags=51%, list=13%, signal=47%",783
"B12_1_5x_all","B12_1_5x_all","CRPCvsHSPCcouple","CRPC vs HSPC couple","CDKN2A",0.189020359415762,2817,0.0650876069602608,0.242991072213996,"No",FALSE,783,0.62093438964798,2.35482729256816,3.08446235751674e-50,3.08446235751674e-50,NA,"tags=51%, list=13%, signal=47%",783
"B12_1_5x_all","B12_1_5x_all","CRPCvsHSPCcouple","CRPC vs HSPC couple","DRD4",0.188266730987455,2836,0.00732114478159121,0.0692083881691114,"No",FALSE,783,0.62093438964798,2.35482729256816,3.08446235751674e-50,3.08446235751674e-50,NA,"tags=51%, list=13%, signal=47%",783
"B12_1_5x_all","B12_1_5x_all","CRPCvsHSPCcouple","CRPC vs HSPC couple","SULT2B1",0.183773388396059,2910,0.392997085874154,0.626387581334091,"No",FALSE,783,0.62093438964798,2.35482729256816,3.08446235751674e-50,3.08446235751674e-50,NA,"tags=51%, list=13%, signal=47%",783
"B12_1_5x_all","B12_1_5x_all","CRPCvsHSPCcouple","CRPC vs HSPC couple","SIL1",0.182730497751447,2930,0.118104051279961,0.333801534425606,"No",FALSE,783,0.62093438964798,2.35482729256816,3.08446235751674e-50,3.08446235751674e-50,NA,"tags=51%, list=13%, signal=47%",783
"B12_1_5x_all","B12_1_5x_all","CRPCvsHSPCcouple","CRPC vs HSPC couple","POLA2",0.181943150977239,2947,0.00279566930065471,0.0378285119370812,"No",FALSE,783,0.62093438964798,2.35482729256816,3.08446235751674e-50,3.08446235751674e-50,NA,"tags=51%, list=13%, signal=47%",783
"B12_1_5x_all","B12_1_5x_all","CRPCvsHSPCcouple","CRPC vs HSPC couple","CENPS",0.181593644178251,2954,0.0159664458512231,0.109006820040144,"No",FALSE,783,0.62093438964798,2.35482729256816,3.08446235751674e-50,3.08446235751674e-50,NA,"tags=51%, list=13%, signal=47%",783
"B12_1_5x_all","B12_1_5x_all","CRPCvsHSPCcouple","CRPC vs HSPC couple","SLC25A25",0.179962028094214,2985,0.122921454199293,0.340111922337973,"No",FALSE,783,0.62093438964798,2.35482729256816,3.08446235751674e-50,3.08446235751674e-50,NA,"tags=51%, list=13%, signal=47%",783
"B12_1_5x_all","B12_1_5x_all","CRPCvsHSPCcouple","CRPC vs HSPC couple","HES6",0.17379757097192,3073,0.292420857535237,0.539139001031008,"No",FALSE,783,0.62093438964798,2.35482729256816,3.08446235751674e-50,3.08446235751674e-50,NA,"tags=51%, list=13%, signal=47%",783
"B12_1_5x_all","B12_1_5x_all","CRPCvsHSPCcouple","CRPC vs HSPC couple","CHID1",0.172756699031308,3098,0.105282024583321,0.314373593065923,"No",FALSE,783,0.62093438964798,2.35482729256816,3.08446235751674e-50,3.08446235751674e-50,NA,"tags=51%, list=13%, signal=47%",783
"B12_1_5x_all","B12_1_5x_all","CRPCvsHSPCcouple","CRPC vs HSPC couple","SLC39A4",0.170697542144786,3135,0.269214612574637,0.514031914696446,"No",FALSE,783,0.62093438964798,2.35482729256816,3.08446235751674e-50,3.08446235751674e-50,NA,"tags=51%, list=13%, signal=47%",783
"B12_1_5x_all","B12_1_5x_all","CRPCvsHSPCcouple","CRPC vs HSPC couple","MFSD5",0.169304362052813,3160,0.0778420666861986,0.269511188809096,"No",FALSE,783,0.62093438964798,2.35482729256816,3.08446235751674e-50,3.08446235751674e-50,NA,"tags=51%, list=13%, signal=47%",783
"B12_1_5x_all","B12_1_5x_all","CRPCvsHSPCcouple","CRPC vs HSPC couple","C2orf76",0.167342426761216,3197,0.114749204073692,0.328288756587962,"No",FALSE,783,0.62093438964798,2.35482729256816,3.08446235751674e-50,3.08446235751674e-50,NA,"tags=51%, list=13%, signal=47%",783
"B12_1_5x_all","B12_1_5x_all","CRPCvsHSPCcouple","CRPC vs HSPC couple","LSR",0.16640263938667,3216,0.262039058435545,0.506901141633179,"No",FALSE,783,0.62093438964798,2.35482729256816,3.08446235751674e-50,3.08446235751674e-50,NA,"tags=51%, list=13%, signal=47%",783
"B12_1_5x_all","B12_1_5x_all","CRPCvsHSPCcouple","CRPC vs HSPC couple","FBLL1",0.163837983069215,3255,0.354507185070053,0.593722067437137,"No",FALSE,783,0.62093438964798,2.35482729256816,3.08446235751674e-50,3.08446235751674e-50,NA,"tags=51%, list=13%, signal=47%",783
"B12_1_5x_all","B12_1_5x_all","CRPCvsHSPCcouple","CRPC vs HSPC couple","DCAF8",0.163180918238941,3272,0.0380155133888158,0.179540030736789,"No",FALSE,783,0.62093438964798,2.35482729256816,3.08446235751674e-50,3.08446235751674e-50,NA,"tags=51%, list=13%, signal=47%",783
"B12_1_5x_all","B12_1_5x_all","CRPCvsHSPCcouple","CRPC vs HSPC couple","R3HDM4",0.162810576034512,3283,0.123215937788303,0.340391896306392,"No",FALSE,783,0.62093438964798,2.35482729256816,3.08446235751674e-50,3.08446235751674e-50,NA,"tags=51%, list=13%, signal=47%",783
"B12_1_5x_all","B12_1_5x_all","CRPCvsHSPCcouple","CRPC vs HSPC couple","SREBF1",0.161768143222495,3313,0.363561124093822,0.601864387966751,"No",FALSE,783,0.62093438964798,2.35482729256816,3.08446235751674e-50,3.08446235751674e-50,NA,"tags=51%, list=13%, signal=47%",783
"B12_1_5x_all","B12_1_5x_all","CRPCvsHSPCcouple","CRPC vs HSPC couple","SMPD2",0.158679511447436,3373,0.109106901024632,0.320169600163367,"No",FALSE,783,0.62093438964798,2.35482729256816,3.08446235751674e-50,3.08446235751674e-50,NA,"tags=51%, list=13%, signal=47%",783
"B12_1_5x_all","B12_1_5x_all","CRPCvsHSPCcouple","CRPC vs HSPC couple","TGFBR3L",0.158228643089904,3381,0.0170877759759536,0.113279828261734,"No",FALSE,783,0.62093438964798,2.35482729256816,3.08446235751674e-50,3.08446235751674e-50,NA,"tags=51%, list=13%, signal=47%",783
"B12_1_5x_all","B12_1_5x_all","CRPCvsHSPCcouple","CRPC vs HSPC couple","SGTA",0.157833661783759,3394,0.0763839331881691,0.266788777733898,"No",FALSE,783,0.62093438964798,2.35482729256816,3.08446235751674e-50,3.08446235751674e-50,NA,"tags=51%, list=13%, signal=47%",783
"B12_1_5x_all","B12_1_5x_all","CRPCvsHSPCcouple","CRPC vs HSPC couple","HYAL2",0.157567414861581,3401,0.175892051897023,0.410977246354939,"No",FALSE,783,0.62093438964798,2.35482729256816,3.08446235751674e-50,3.08446235751674e-50,NA,"tags=51%, list=13%, signal=47%",783
"B12_1_5x_all","B12_1_5x_all","CRPCvsHSPCcouple","CRPC vs HSPC couple","CENPM",0.157477437000803,3403,0.256209552016194,0.500714655684157,"No",FALSE,783,0.62093438964798,2.35482729256816,3.08446235751674e-50,3.08446235751674e-50,NA,"tags=51%, list=13%, signal=47%",783
"B12_1_5x_all","B12_1_5x_all","CRPCvsHSPCcouple","CRPC vs HSPC couple","E2F1",0.153088214125594,3504,0.18777441952101,0.425251093651164,"No",FALSE,783,0.62093438964798,2.35482729256816,3.08446235751674e-50,3.08446235751674e-50,NA,"tags=51%, list=13%, signal=47%",783
"B12_1_5x_all","B12_1_5x_all","CRPCvsHSPCcouple","CRPC vs HSPC couple","WRAP53",0.152193484353511,3524,0.00764632075709519,0.0707867793060308,"No",FALSE,783,0.62093438964798,2.35482729256816,3.08446235751674e-50,3.08446235751674e-50,NA,"tags=51%, list=13%, signal=47%",783
"B12_1_5x_all","B12_1_5x_all","CRPCvsHSPCcouple","CRPC vs HSPC couple","AGTRAP",0.148932977171956,3586,0.276070797573333,0.52187721946756,"No",FALSE,783,0.62093438964798,2.35482729256816,3.08446235751674e-50,3.08446235751674e-50,NA,"tags=51%, list=13%, signal=47%",783
"B12_1_5x_all","B12_1_5x_all","CRPCvsHSPCcouple","CRPC vs HSPC couple","PYM1",0.147742432911286,3617,0.136175963914261,0.359178511136247,"No",FALSE,783,0.62093438964798,2.35482729256816,3.08446235751674e-50,3.08446235751674e-50,NA,"tags=51%, list=13%, signal=47%",783
"B12_1_5x_all","B12_1_5x_all","CRPCvsHSPCcouple","CRPC vs HSPC couple","SCARF2",0.146633002791893,3645,0.271488375648951,0.516752960089547,"No",FALSE,783,0.62093438964798,2.35482729256816,3.08446235751674e-50,3.08446235751674e-50,NA,"tags=51%, list=13%, signal=47%",783
"B12_1_5x_all","B12_1_5x_all","CRPCvsHSPCcouple","CRPC vs HSPC couple","TAF6L",0.146632111549479,3646,0.0575588579808025,0.226992154303825,"No",FALSE,783,0.62093438964798,2.35482729256816,3.08446235751674e-50,3.08446235751674e-50,NA,"tags=51%, list=13%, signal=47%",783
"B12_1_5x_all","B12_1_5x_all","CRPCvsHSPCcouple","CRPC vs HSPC couple","KISS1R",0.146047994972143,3667,0.0914491531230421,0.292557211926201,"No",FALSE,783,0.62093438964798,2.35482729256816,3.08446235751674e-50,3.08446235751674e-50,NA,"tags=51%, list=13%, signal=47%",783
"B12_1_5x_all","B12_1_5x_all","CRPCvsHSPCcouple","CRPC vs HSPC couple","DMAP1",0.145581029821876,3679,0.042644635460027,0.19130691092804,"No",FALSE,783,0.62093438964798,2.35482729256816,3.08446235751674e-50,3.08446235751674e-50,NA,"tags=51%, list=13%, signal=47%",783
"B12_1_5x_all","B12_1_5x_all","CRPCvsHSPCcouple","CRPC vs HSPC couple","DTX2",0.145567552583584,3680,0.187302191584083,0.424655471474052,"No",FALSE,783,0.62093438964798,2.35482729256816,3.08446235751674e-50,3.08446235751674e-50,NA,"tags=51%, list=13%, signal=47%",783
"B12_1_5x_all","B12_1_5x_all","CRPCvsHSPCcouple","CRPC vs HSPC couple","LYPD3",0.143301000829553,3723,0.345100882891231,0.585271360855457,"No",FALSE,783,0.62093438964798,2.35482729256816,3.08446235751674e-50,3.08446235751674e-50,NA,"tags=51%, list=13%, signal=47%",783
"B12_1_5x_all","B12_1_5x_all","CRPCvsHSPCcouple","CRPC vs HSPC couple","ACO2",0.142283434282004,3743,0.25853909240145,0.502933631770449,"No",FALSE,783,0.62093438964798,2.35482729256816,3.08446235751674e-50,3.08446235751674e-50,NA,"tags=51%, list=13%, signal=47%",783
"B12_1_5x_all","B12_1_5x_all","CRPCvsHSPCcouple","CRPC vs HSPC couple","CDT1",0.140676905283913,3771,0.272369598479766,0.517354885785445,"No",FALSE,783,0.62093438964798,2.35482729256816,3.08446235751674e-50,3.08446235751674e-50,NA,"tags=51%, list=13%, signal=47%",783
"B12_1_5x_all","B12_1_5x_all","CRPCvsHSPCcouple","CRPC vs HSPC couple","THAP3",0.139048215066898,3810,0.0330552813680759,0.166067333539781,"No",FALSE,783,0.62093438964798,2.35482729256816,3.08446235751674e-50,3.08446235751674e-50,NA,"tags=51%, list=13%, signal=47%",783
"B12_1_5x_all","B12_1_5x_all","CRPCvsHSPCcouple","CRPC vs HSPC couple","HSCB",0.137631205081781,3840,0.12186141669607,0.338820491360757,"No",FALSE,783,0.62093438964798,2.35482729256816,3.08446235751674e-50,3.08446235751674e-50,NA,"tags=51%, list=13%, signal=47%",783
"B12_1_5x_all","B12_1_5x_all","CRPCvsHSPCcouple","CRPC vs HSPC couple","MEX3A",0.136664836299581,3859,0.447720180599734,0.673959994974483,"No",FALSE,783,0.62093438964798,2.35482729256816,3.08446235751674e-50,3.08446235751674e-50,NA,"tags=51%, list=13%, signal=47%",783
"B12_1_5x_all","B12_1_5x_all","CRPCvsHSPCcouple","CRPC vs HSPC couple","PARD6A",0.136653135733499,3860,0.254933305063041,0.499503023016901,"No",FALSE,783,0.62093438964798,2.35482729256816,3.08446235751674e-50,3.08446235751674e-50,NA,"tags=51%, list=13%, signal=47%",783
"B12_1_5x_all","B12_1_5x_all","CRPCvsHSPCcouple","CRPC vs HSPC couple","CST3",0.135736005019517,3892,0.301268353743501,0.546338629785817,"No",FALSE,783,0.62093438964798,2.35482729256816,3.08446235751674e-50,3.08446235751674e-50,NA,"tags=51%, list=13%, signal=47%",783
"B12_1_5x_all","B12_1_5x_all","CRPCvsHSPCcouple","CRPC vs HSPC couple","CDKN1C",0.131274649108243,3991,0.279734217849179,0.526522921942396,"No",FALSE,783,0.62093438964798,2.35482729256816,3.08446235751674e-50,3.08446235751674e-50,NA,"tags=51%, list=13%, signal=47%",783
"B12_1_5x_all","B12_1_5x_all","CRPCvsHSPCcouple","CRPC vs HSPC couple","PHGR1",0.127757196408237,4081,0.667351298366401,0.83217326556482,"No",FALSE,783,0.62093438964798,2.35482729256816,3.08446235751674e-50,3.08446235751674e-50,NA,"tags=51%, list=13%, signal=47%",783
"B12_1_5x_all","B12_1_5x_all","CRPCvsHSPCcouple","CRPC vs HSPC couple","DDX19A",0.126753754408267,4097,0.0276479425159989,0.149752139057529,"No",FALSE,783,0.62093438964798,2.35482729256816,3.08446235751674e-50,3.08446235751674e-50,NA,"tags=51%, list=13%, signal=47%",783
"B12_1_5x_all","B12_1_5x_all","CRPCvsHSPCcouple","CRPC vs HSPC couple","NRP1",0.123010151111699,4183,0.498500430891248,0.716226787092215,"No",FALSE,783,0.62093438964798,2.35482729256816,3.08446235751674e-50,3.08446235751674e-50,NA,"tags=51%, list=13%, signal=47%",783
"B12_1_5x_all","B12_1_5x_all","CRPCvsHSPCcouple","CRPC vs HSPC couple","AIDA",0.120485873701455,4237,0.502036814655615,0.718456495223338,"No",FALSE,783,0.62093438964798,2.35482729256816,3.08446235751674e-50,3.08446235751674e-50,NA,"tags=51%, list=13%, signal=47%",783
"B12_1_5x_all","B12_1_5x_all","CRPCvsHSPCcouple","CRPC vs HSPC couple","HSD3B7",0.116568861359327,4330,0.334803815764162,0.577076929851287,"No",FALSE,783,0.62093438964798,2.35482729256816,3.08446235751674e-50,3.08446235751674e-50,NA,"tags=51%, list=13%, signal=47%",783
"B12_1_5x_all","B12_1_5x_all","CRPCvsHSPCcouple","CRPC vs HSPC couple","SPAG7",0.116372099773003,4335,0.202302447507822,0.441705530998193,"No",FALSE,783,0.62093438964798,2.35482729256816,3.08446235751674e-50,3.08446235751674e-50,NA,"tags=51%, list=13%, signal=47%",783
"B12_1_5x_all","B12_1_5x_all","CRPCvsHSPCcouple","CRPC vs HSPC couple","SYTL1",0.115251924567841,4366,0.50398348405169,0.720083402672837,"No",FALSE,783,0.62093438964798,2.35482729256816,3.08446235751674e-50,3.08446235751674e-50,NA,"tags=51%, list=13%, signal=47%",783
"B12_1_5x_all","B12_1_5x_all","CRPCvsHSPCcouple","CRPC vs HSPC couple","MESP1",0.114132549424419,4389,0.65407983147907,0.824005260801942,"No",FALSE,783,0.62093438964798,2.35482729256816,3.08446235751674e-50,3.08446235751674e-50,NA,"tags=51%, list=13%, signal=47%",783
"B12_1_5x_all","B12_1_5x_all","CRPCvsHSPCcouple","CRPC vs HSPC couple","KCNK7",0.112998962784267,4420,0.00130064408640495,0.023477139848181,"No",FALSE,783,0.62093438964798,2.35482729256816,3.08446235751674e-50,3.08446235751674e-50,NA,"tags=51%, list=13%, signal=47%",783
"B12_1_5x_all","B12_1_5x_all","CRPCvsHSPCcouple","CRPC vs HSPC couple","BMX",0.10906342958212,4509,0.465852950541287,0.688824336048056,"No",FALSE,783,0.62093438964798,2.35482729256816,3.08446235751674e-50,3.08446235751674e-50,NA,"tags=51%, list=13%, signal=47%",783
"B12_1_5x_all","B12_1_5x_all","CRPCvsHSPCcouple","CRPC vs HSPC couple","NPW",0.105487802078782,4598,0.401766432546883,0.634762102803567,"No",FALSE,783,0.62093438964798,2.35482729256816,3.08446235751674e-50,3.08446235751674e-50,NA,"tags=51%, list=13%, signal=47%",783
"B12_1_5x_all","B12_1_5x_all","CRPCvsHSPCcouple","CRPC vs HSPC couple","BCL2L1",0.104525758945419,4624,0.317369975540635,0.562144608086957,"No",FALSE,783,0.62093438964798,2.35482729256816,3.08446235751674e-50,3.08446235751674e-50,NA,"tags=51%, list=13%, signal=47%",783
"B12_1_5x_all","B12_1_5x_all","CRPCvsHSPCcouple","CRPC vs HSPC couple","SNN",0.101614807194315,4703,0.328967735258836,0.572027352334326,"No",FALSE,783,0.62093438964798,2.35482729256816,3.08446235751674e-50,3.08446235751674e-50,NA,"tags=51%, list=13%, signal=47%",783
"B12_1_5x_all","B12_1_5x_all","CRPCvsHSPCcouple","CRPC vs HSPC couple","CYP51A1",0.101563220467474,4705,0.354537138575657,0.593722067437137,"No",FALSE,783,0.62093438964798,2.35482729256816,3.08446235751674e-50,3.08446235751674e-50,NA,"tags=51%, list=13%, signal=47%",783
"B12_1_5x_all","B12_1_5x_all","CRPCvsHSPCcouple","CRPC vs HSPC couple","HMBS",0.100587804625599,4725,0.480141850714505,0.701379543142893,"No",FALSE,783,0.62093438964798,2.35482729256816,3.08446235751674e-50,3.08446235751674e-50,NA,"tags=51%, list=13%, signal=47%",783
"B12_1_5x_all","B12_1_5x_all","CRPCvsHSPCcouple","CRPC vs HSPC couple","ANKRD37",0.0935092524428409,4894,0.605777919539325,0.792731947576822,"No",FALSE,783,0.62093438964798,2.35482729256816,3.08446235751674e-50,3.08446235751674e-50,NA,"tags=51%, list=13%, signal=47%",783
"B12_1_5x_all","B12_1_5x_all","CRPCvsHSPCcouple","CRPC vs HSPC couple","PRR36",0.0877371320916382,5038,0.586929301199079,0.779178258541517,"No",FALSE,783,0.62093438964798,2.35482729256816,3.08446235751674e-50,3.08446235751674e-50,NA,"tags=51%, list=13%, signal=47%",783
"B12_1_5x_all","B12_1_5x_all","CRPCvsHSPCcouple","CRPC vs HSPC couple","FNDC10",0.0862237433096924,5082,0.665481999929117,0.831431481615839,"No",FALSE,783,0.62093438964798,2.35482729256816,3.08446235751674e-50,3.08446235751674e-50,NA,"tags=51%, list=13%, signal=47%",783
"B12_1_5x_all","B12_1_5x_all","CRPCvsHSPCcouple","CRPC vs HSPC couple","FZD9",0.0844989452249043,5137,0.609955327105478,0.795009201586569,"No",FALSE,783,0.62093438964798,2.35482729256816,3.08446235751674e-50,3.08446235751674e-50,NA,"tags=51%, list=13%, signal=47%",783
"B12_1_5x_all","B12_1_5x_all","CRPCvsHSPCcouple","CRPC vs HSPC couple","LUC7L3",0.0816324531793597,5212,0.427610832972137,0.656124912717516,"No",FALSE,783,0.62093438964798,2.35482729256816,3.08446235751674e-50,3.08446235751674e-50,NA,"tags=51%, list=13%, signal=47%",783
"B12_1_5x_all","B12_1_5x_all","CRPCvsHSPCcouple","CRPC vs HSPC couple","ALDH4A1",0.0811132178658873,5225,0.636934514935887,0.814078569851667,"No",FALSE,783,0.62093438964798,2.35482729256816,3.08446235751674e-50,3.08446235751674e-50,NA,"tags=51%, list=13%, signal=47%",783
"B12_1_5x_all","B12_1_5x_all","CRPCvsHSPCcouple","CRPC vs HSPC couple","KAT5",0.074281966778353,5436,0.262094309162225,0.506954335606349,"No",FALSE,783,0.62093438964798,2.35482729256816,3.08446235751674e-50,3.08446235751674e-50,NA,"tags=51%, list=13%, signal=47%",783
"B12_1_5x_all","B12_1_5x_all","CRPCvsHSPCcouple","CRPC vs HSPC couple","TBC1D9B",0.0737394569682062,5457,0.439487935765991,0.666528963360591,"No",FALSE,783,0.62093438964798,2.35482729256816,3.08446235751674e-50,3.08446235751674e-50,NA,"tags=51%, list=13%, signal=47%",783
"B12_1_5x_all","B12_1_5x_all","CRPCvsHSPCcouple","CRPC vs HSPC couple","SKI",0.0722763711080079,5496,0.47868119261055,0.700426595320337,"No",FALSE,783,0.62093438964798,2.35482729256816,3.08446235751674e-50,3.08446235751674e-50,NA,"tags=51%, list=13%, signal=47%",783
"B12_1_5x_all","B12_1_5x_all","CRPCvsHSPCcouple","CRPC vs HSPC couple","CBLC",0.0705877386569007,5540,0.724925893942695,0.864995839352747,"No",FALSE,783,0.62093438964798,2.35482729256816,3.08446235751674e-50,3.08446235751674e-50,NA,"tags=51%, list=13%, signal=47%",783
"B12_1_5x_all","B12_1_5x_all","CRPCvsHSPCcouple","CRPC vs HSPC couple","TRPM2",0.0690729296923782,5576,0.684394864395618,0.842385350577101,"No",FALSE,783,0.62093438964798,2.35482729256816,3.08446235751674e-50,3.08446235751674e-50,NA,"tags=51%, list=13%, signal=47%",783
"B12_1_5x_all","B12_1_5x_all","CRPCvsHSPCcouple","CRPC vs HSPC couple","TAF6",0.0672632868655789,5621,0.454992670134506,0.679761412746709,"No",FALSE,783,0.62093438964798,2.35482729256816,3.08446235751674e-50,3.08446235751674e-50,NA,"tags=51%, list=13%, signal=47%",783
"B12_1_5x_all","B12_1_5x_all","CRPCvsHSPCcouple","CRPC vs HSPC couple","REM2",0.063585517785243,5735,0.211314430116635,0.451938775621487,"No",FALSE,783,0.62093438964798,2.35482729256816,3.08446235751674e-50,3.08446235751674e-50,NA,"tags=51%, list=13%, signal=47%",783
"B12_1_5x_all","B12_1_5x_all","CRPCvsHSPCcouple","CRPC vs HSPC couple","NUDT8",0.0616518090332048,5802,0.829411938804061,0.91966865793286,"No",FALSE,783,0.62093438964798,2.35482729256816,3.08446235751674e-50,3.08446235751674e-50,NA,"tags=51%, list=13%, signal=47%",783
"B12_1_5x_all","B12_1_5x_all","CRPCvsHSPCcouple","CRPC vs HSPC couple","TP53INP1",0.0572502989165677,5930,0.673117800053489,0.835315411248443,"No",FALSE,783,0.62093438964798,2.35482729256816,3.08446235751674e-50,3.08446235751674e-50,NA,"tags=51%, list=13%, signal=47%",783
"B12_1_5x_all","B12_1_5x_all","CRPCvsHSPCcouple","CRPC vs HSPC couple","RELL1",0.0571417200603159,5937,0.629089500618355,0.809340259998053,"No",FALSE,783,0.62093438964798,2.35482729256816,3.08446235751674e-50,3.08446235751674e-50,NA,"tags=51%, list=13%, signal=47%",783
"B12_1_5x_all","B12_1_5x_all","CRPCvsHSPCcouple","CRPC vs HSPC couple","ZSCAN21",0.0545626920577655,6029,0.355720218633898,0.594995076804818,"No",FALSE,783,0.62093438964798,2.35482729256816,3.08446235751674e-50,3.08446235751674e-50,NA,"tags=51%, list=13%, signal=47%",783
"B12_1_5x_all","B12_1_5x_all","CRPCvsHSPCcouple","CRPC vs HSPC couple","PTP4A3",0.054529614587004,6030,0.793839512773436,0.902972469137929,"No",FALSE,783,0.62093438964798,2.35482729256816,3.08446235751674e-50,3.08446235751674e-50,NA,"tags=51%, list=13%, signal=47%",783
"B12_1_5x_all","B12_1_5x_all","CRPCvsHSPCcouple","CRPC vs HSPC couple","RBM14",0.0493753764105862,6207,0.498452695661004,0.716226787092215,"No",FALSE,783,0.62093438964798,2.35482729256816,3.08446235751674e-50,3.08446235751674e-50,NA,"tags=51%, list=13%, signal=47%",783
"B12_1_5x_all","B12_1_5x_all","CRPCvsHSPCcouple","CRPC vs HSPC couple","CCDC154",0.0491399688894201,6213,0.787385113940587,0.899509935982033,"No",FALSE,783,0.62093438964798,2.35482729256816,3.08446235751674e-50,3.08446235751674e-50,NA,"tags=51%, list=13%, signal=47%",783
"B12_1_5x_all","B12_1_5x_all","CRPCvsHSPCcouple","CRPC vs HSPC couple","TIGD3",0.0478349459703195,6256,0.348783037184328,0.588293604824204,"No",FALSE,783,0.62093438964798,2.35482729256816,3.08446235751674e-50,3.08446235751674e-50,NA,"tags=51%, list=13%, signal=47%",783
"B12_1_5x_all","B12_1_5x_all","CRPCvsHSPCcouple","CRPC vs HSPC couple","DHDH",0.0473565628915722,6273,0.78745155885337,0.89952958699109,"No",FALSE,783,0.62093438964798,2.35482729256816,3.08446235751674e-50,3.08446235751674e-50,NA,"tags=51%, list=13%, signal=47%",783
"B12_1_5x_all","B12_1_5x_all","CRPCvsHSPCcouple","CRPC vs HSPC couple","RAB8A",0.0473114968438249,6274,0.495478805984987,0.713756542098126,"No",FALSE,783,0.62093438964798,2.35482729256816,3.08446235751674e-50,3.08446235751674e-50,NA,"tags=51%, list=13%, signal=47%",783
"B12_1_5x_all","B12_1_5x_all","CRPCvsHSPCcouple","CRPC vs HSPC couple","CBY3",0.0451213988880344,6345,0.426058859928954,0.655032063831127,"No",FALSE,783,0.62093438964798,2.35482729256816,3.08446235751674e-50,3.08446235751674e-50,NA,"tags=51%, list=13%, signal=47%",783
"B12_1_5x_all","B12_1_5x_all","CRPCvsHSPCcouple","CRPC vs HSPC couple","CLIP1",0.0378621221225393,6619,0.721613870015599,0.863016928347188,"No",FALSE,783,0.62093438964798,2.35482729256816,3.08446235751674e-50,3.08446235751674e-50,NA,"tags=51%, list=13%, signal=47%",783
"B12_1_5x_all","B12_1_5x_all","CRPCvsHSPCcouple","CRPC vs HSPC couple","B3GALNT2",0.0375688439319335,6629,0.701271793092114,0.851907417996518,"No",FALSE,783,0.62093438964798,2.35482729256816,3.08446235751674e-50,3.08446235751674e-50,NA,"tags=51%, list=13%, signal=47%",783
"B12_1_5x_all","B12_1_5x_all","CRPCvsHSPCcouple","CRPC vs HSPC couple","FAM219B",0.036727412569725,6666,0.641676629490059,0.816690198862647,"No",FALSE,783,0.62093438964798,2.35482729256816,3.08446235751674e-50,3.08446235751674e-50,NA,"tags=51%, list=13%, signal=47%",783
"B12_1_5x_all","B12_1_5x_all","CRPCvsHSPCcouple","CRPC vs HSPC couple","SFT2D1",0.0362296800917878,6685,0.799408686911111,0.905683011154696,"No",FALSE,783,0.62093438964798,2.35482729256816,3.08446235751674e-50,3.08446235751674e-50,NA,"tags=51%, list=13%, signal=47%",783
"B12_1_5x_all","B12_1_5x_all","CRPCvsHSPCcouple","CRPC vs HSPC couple","EGLN1",0.0360286395706348,6691,0.66820518623149,0.832556042349815,"No",FALSE,783,0.62093438964798,2.35482729256816,3.08446235751674e-50,3.08446235751674e-50,NA,"tags=51%, list=13%, signal=47%",783
"B12_1_5x_all","B12_1_5x_all","CRPCvsHSPCcouple","CRPC vs HSPC couple","SLC22A31",0.0316990665837619,6873,0.832946573925633,0.921363835032829,"No",FALSE,783,0.62093438964798,2.35482729256816,3.08446235751674e-50,3.08446235751674e-50,NA,"tags=51%, list=13%, signal=47%",783
"B12_1_5x_all","B12_1_5x_all","CRPCvsHSPCcouple","CRPC vs HSPC couple","MT-CO2",0.0314421401574716,6885,0.871457787853304,0.939702717731854,"No",FALSE,783,0.62093438964798,2.35482729256816,3.08446235751674e-50,3.08446235751674e-50,NA,"tags=51%, list=13%, signal=47%",783
"B12_1_5x_all","B12_1_5x_all","CRPCvsHSPCcouple","CRPC vs HSPC couple","RNF40",0.0299863231038362,6941,0.759499093720967,0.884702464322716,"No",FALSE,783,0.62093438964798,2.35482729256816,3.08446235751674e-50,3.08446235751674e-50,NA,"tags=51%, list=13%, signal=47%",783
"B12_1_5x_all","B12_1_5x_all","CRPCvsHSPCcouple","CRPC vs HSPC couple","ACBD7",0.0265052027006694,7070,0.786616640019926,0.898969354557307,"No",FALSE,783,0.62093438964798,2.35482729256816,3.08446235751674e-50,3.08446235751674e-50,NA,"tags=51%, list=13%, signal=47%",783
"B12_1_5x_all","B12_1_5x_all","CRPCvsHSPCcouple","CRPC vs HSPC couple","DTWD2",0.0255513606507609,7107,0.786045475320094,0.898822704079634,"No",FALSE,783,0.62093438964798,2.35482729256816,3.08446235751674e-50,3.08446235751674e-50,NA,"tags=51%, list=13%, signal=47%",783
"B12_1_5x_all","B12_1_5x_all","CRPCvsHSPCcouple","CRPC vs HSPC couple","PDZK1IP1",0.0242811881057796,7172,0.93917676212462,0.973566899301849,"No",FALSE,783,0.62093438964798,2.35482729256816,3.08446235751674e-50,3.08446235751674e-50,NA,"tags=51%, list=13%, signal=47%",783
"B12_1_5x_all","B12_1_5x_all","CRPCvsHSPCcouple","CRPC vs HSPC couple","AURKB",0.0242672653809179,7173,0.852701279213371,0.931370446795292,"No",FALSE,783,0.62093438964798,2.35482729256816,3.08446235751674e-50,3.08446235751674e-50,NA,"tags=51%, list=13%, signal=47%",783
"B12_1_5x_all","B12_1_5x_all","CRPCvsHSPCcouple","CRPC vs HSPC couple","UBE2C",0.0224526365036146,7252,0.911040888439313,0.958207515314896,"No",FALSE,783,0.62093438964798,2.35482729256816,3.08446235751674e-50,3.08446235751674e-50,NA,"tags=51%, list=13%, signal=47%",783
"B12_1_5x_all","B12_1_5x_all","CRPCvsHSPCcouple","CRPC vs HSPC couple","TCTEX1D4",0.0194230176676779,7389,0.840985375588359,0.92465871288507,"No",FALSE,783,0.62093438964798,2.35482729256816,3.08446235751674e-50,3.08446235751674e-50,NA,"tags=51%, list=13%, signal=47%",783
"B12_1_5x_all","B12_1_5x_all","CRPCvsHSPCcouple","CRPC vs HSPC couple","ZNF79",0.0131390454591929,7693,0.799540452439806,0.905706791342207,"No",FALSE,783,0.62093438964798,2.35482729256816,3.08446235751674e-50,3.08446235751674e-50,NA,"tags=51%, list=13%, signal=47%",783
"B12_1_5x_all","B12_1_5x_all","CRPCvsHSPCcouple","CRPC vs HSPC couple","PCDH11Y",0.0112471495177382,7804,0.831260843420565,0.920428904340092,"No",FALSE,783,0.62093438964798,2.35482729256816,3.08446235751674e-50,3.08446235751674e-50,NA,"tags=51%, list=13%, signal=47%",783
"B12_1_5x_all","B12_1_5x_all","CRPCvsHSPCcouple","CRPC vs HSPC couple","MPDU1",0.00943433683326766,7904,0.929153843473694,0.969323429967674,"No",FALSE,783,0.62093438964798,2.35482729256816,3.08446235751674e-50,3.08446235751674e-50,NA,"tags=51%, list=13%, signal=47%",783
"B12_1_5x_all","B12_1_5x_all","CRPCvsHSPCcouple","CRPC vs HSPC couple","GAGE13",0.00214093774452973,8321,0.72729732564902,0.86612818616798,"No",FALSE,783,0.62093438964798,2.35482729256816,3.08446235751674e-50,3.08446235751674e-50,NA,"tags=51%, list=13%, signal=47%",783
"B12_1_5x_all","B12_1_5x_all","CRPCvsHSPCcouple","CRPC vs HSPC couple","GRHL2",0.00075331709481663,8429,0.994813565376797,0.997307942288443,"No",FALSE,783,0.62093438964798,2.35482729256816,3.08446235751674e-50,3.08446235751674e-50,NA,"tags=51%, list=13%, signal=47%",783
"B12_1_5x_all","B12_1_5x_all","CRPCvsHSPCcouple","CRPC vs HSPC couple","BCL9L",-0.00049830501593684,8538,0.99698467642278,0.998624723595708,"No",FALSE,783,0.62093438964798,2.35482729256816,3.08446235751674e-50,3.08446235751674e-50,NA,"tags=51%, list=13%, signal=47%",783
"B12_1_5x_all","B12_1_5x_all","CRPCvsHSPCcouple","CRPC vs HSPC couple","C1QL1",-0.00313285166291444,8755,0.973145845539596,0.989174512296021,"No",FALSE,783,0.62093438964798,2.35482729256816,3.08446235751674e-50,3.08446235751674e-50,NA,"tags=51%, list=13%, signal=47%",783
"B12_1_5x_all","B12_1_5x_all","CRPCvsHSPCcouple","CRPC vs HSPC couple","SMAD1",-0.00358504848577157,8794,0.969054438184629,0.987047921396153,"No",FALSE,783,0.62093438964798,2.35482729256816,3.08446235751674e-50,3.08446235751674e-50,NA,"tags=51%, list=13%, signal=47%",783
"B12_1_5x_all","B12_1_5x_all","CRPCvsHSPCcouple","CRPC vs HSPC couple","GINS4",-0.0054935123602543,8978,0.934999367681471,0.972373833962139,"No",FALSE,783,0.62093438964798,2.35482729256816,3.08446235751674e-50,3.08446235751674e-50,NA,"tags=51%, list=13%, signal=47%",783
"B12_1_5x_all","B12_1_5x_all","CRPCvsHSPCcouple","CRPC vs HSPC couple","RNASEH1",-0.00564682937304894,8987,0.928075052392779,0.96894539359982,"No",FALSE,783,0.62093438964798,2.35482729256816,3.08446235751674e-50,3.08446235751674e-50,NA,"tags=51%, list=13%, signal=47%",783
"B12_1_5x_all","B12_1_5x_all","CRPCvsHSPCcouple","CRPC vs HSPC couple","SLC7A11",-0.00685611635583894,9115,0.959861467649163,0.982945926087412,"No",FALSE,783,0.62093438964798,2.35482729256816,3.08446235751674e-50,3.08446235751674e-50,NA,"tags=51%, list=13%, signal=47%",783
"B12_1_5x_all","B12_1_5x_all","CRPCvsHSPCcouple","CRPC vs HSPC couple","WASHC2C",-0.00797497730669505,9225,0.93203861254133,0.970911653421339,"No",FALSE,783,0.62093438964798,2.35482729256816,3.08446235751674e-50,3.08446235751674e-50,NA,"tags=51%, list=13%, signal=47%",783
"B12_1_5x_all","B12_1_5x_all","CRPCvsHSPCcouple","CRPC vs HSPC couple","KLF13",-0.00882283068295431,9298,0.943593055068447,0.975547076536152,"No",FALSE,783,0.62093438964798,2.35482729256816,3.08446235751674e-50,3.08446235751674e-50,NA,"tags=51%, list=13%, signal=47%",783
"B12_1_5x_all","B12_1_5x_all","CRPCvsHSPCcouple","CRPC vs HSPC couple","AP1S3",-0.00931045149565968,9348,0.904495048227131,0.955439255534898,"No",FALSE,783,0.62093438964798,2.35482729256816,3.08446235751674e-50,3.08446235751674e-50,NA,"tags=51%, list=13%, signal=47%",783
"B12_1_5x_all","B12_1_5x_all","CRPCvsHSPCcouple","CRPC vs HSPC couple","ACTL10",-0.0101604416721891,9420,0.914078744331207,0.959823414523301,"No",FALSE,783,0.62093438964798,2.35482729256816,3.08446235751674e-50,3.08446235751674e-50,NA,"tags=51%, list=13%, signal=47%",783
"B12_1_5x_all","B12_1_5x_all","CRPCvsHSPCcouple","CRPC vs HSPC couple","NFYA",-0.0106604207002854,9472,0.898797299595283,0.952329924534079,"No",FALSE,783,0.62093438964798,2.35482729256816,3.08446235751674e-50,3.08446235751674e-50,NA,"tags=51%, list=13%, signal=47%",783
"B12_1_5x_all","B12_1_5x_all","CRPCvsHSPCcouple","CRPC vs HSPC couple","MAGEA4",-0.0149275768636733,9859,0.0143940450436286,0.103345412985013,"No",FALSE,783,0.62093438964798,2.35482729256816,3.08446235751674e-50,3.08446235751674e-50,NA,"tags=51%, list=13%, signal=47%",783
"B12_1_5x_all","B12_1_5x_all","CRPCvsHSPCcouple","CRPC vs HSPC couple","ANKRD40",-0.0168534882668396,9994,0.836412324695612,0.922852375888787,"No",FALSE,783,0.62093438964798,2.35482729256816,3.08446235751674e-50,3.08446235751674e-50,NA,"tags=51%, list=13%, signal=47%",783
"B12_1_5x_all","B12_1_5x_all","CRPCvsHSPCcouple","CRPC vs HSPC couple","COG1",-0.0180014551408663,10089,0.81945437951693,0.915141722237315,"No",FALSE,783,0.62093438964798,2.35482729256816,3.08446235751674e-50,3.08446235751674e-50,NA,"tags=51%, list=13%, signal=47%",783
"B12_1_5x_all","B12_1_5x_all","CRPCvsHSPCcouple","CRPC vs HSPC couple","TNPO3",-0.0182007820547008,10105,0.81038458619739,0.910377823908225,"No",FALSE,783,0.62093438964798,2.35482729256816,3.08446235751674e-50,3.08446235751674e-50,NA,"tags=51%, list=13%, signal=47%",783
"B12_1_5x_all","B12_1_5x_all","CRPCvsHSPCcouple","CRPC vs HSPC couple","EXOC7",-0.0182887668524221,10111,0.836320135844406,0.92280639815583,"No",FALSE,783,0.62093438964798,2.35482729256816,3.08446235751674e-50,3.08446235751674e-50,NA,"tags=51%, list=13%, signal=47%",783
"B12_1_5x_all","B12_1_5x_all","CRPCvsHSPCcouple","CRPC vs HSPC couple","SPRN",-0.0197119939211403,10219,0.821053726972729,0.916030752025164,"No",FALSE,783,0.62093438964798,2.35482729256816,3.08446235751674e-50,3.08446235751674e-50,NA,"tags=51%, list=13%, signal=47%",783
"B12_1_5x_all","B12_1_5x_all","CRPCvsHSPCcouple","CRPC vs HSPC couple","OAS3",-0.0210728182818878,10330,0.908180669027861,0.956998243877477,"No",FALSE,783,0.62093438964798,2.35482729256816,3.08446235751674e-50,3.08446235751674e-50,NA,"tags=51%, list=13%, signal=47%",783
"B12_1_5x_all","B12_1_5x_all","CRPCvsHSPCcouple","CRPC vs HSPC couple","IDH3A",-0.0226691444636966,10453,0.788246642621721,0.900100107568356,"No",FALSE,783,0.62093438964798,2.35482729256816,3.08446235751674e-50,3.08446235751674e-50,NA,"tags=51%, list=13%, signal=47%",783
"B12_1_5x_all","B12_1_5x_all","CRPCvsHSPCcouple","CRPC vs HSPC couple","TSFM",-0.0231131014288792,10492,0.790484110069739,0.901457942090527,"No",FALSE,783,0.62093438964798,2.35482729256816,3.08446235751674e-50,3.08446235751674e-50,NA,"tags=51%, list=13%, signal=47%",783
"B12_1_5x_all","B12_1_5x_all","CRPCvsHSPCcouple","CRPC vs HSPC couple","CSNK1A1",-0.0236659592370447,10534,0.799753416505857,0.905821903479197,"No",FALSE,783,0.62093438964798,2.35482729256816,3.08446235751674e-50,3.08446235751674e-50,NA,"tags=51%, list=13%, signal=47%",783
"B12_1_5x_all","B12_1_5x_all","CRPCvsHSPCcouple","CRPC vs HSPC couple","TMEM107",-0.0237355095241047,10540,0.758598269319756,0.884192721894666,"No",FALSE,783,0.62093438964798,2.35482729256816,3.08446235751674e-50,3.08446235751674e-50,NA,"tags=51%, list=13%, signal=47%",783
"B12_1_5x_all","B12_1_5x_all","CRPCvsHSPCcouple","CRPC vs HSPC couple","PURB",-0.0316888983542016,11121,0.703132458917179,0.853203177032025,"No",FALSE,783,0.62093438964798,2.35482729256816,3.08446235751674e-50,3.08446235751674e-50,NA,"tags=51%, list=13%, signal=47%",783
"B12_1_5x_all","B12_1_5x_all","CRPCvsHSPCcouple","CRPC vs HSPC couple","RAVER1",-0.0340412808382617,11282,0.757739253528598,0.883883968340159,"No",FALSE,783,0.62093438964798,2.35482729256816,3.08446235751674e-50,3.08446235751674e-50,NA,"tags=51%, list=13%, signal=47%",783
"B12_1_5x_all","B12_1_5x_all","CRPCvsHSPCcouple","CRPC vs HSPC couple","ZNF749",-0.0376728710702734,11498,0.59064605979048,0.782289122258751,"No",FALSE,783,0.62093438964798,2.35482729256816,3.08446235751674e-50,3.08446235751674e-50,NA,"tags=51%, list=13%, signal=47%",783
"B12_1_5x_all","B12_1_5x_all","CRPCvsHSPCcouple","CRPC vs HSPC couple","TMEM140",-0.0377878596200394,11503,0.694947012888339,0.848626050165872,"No",FALSE,783,0.62093438964798,2.35482729256816,3.08446235751674e-50,3.08446235751674e-50,NA,"tags=51%, list=13%, signal=47%",783
"B12_1_5x_all","B12_1_5x_all","CRPCvsHSPCcouple","CRPC vs HSPC couple","MFSD13A",-0.0386534826621647,11557,0.701035228926121,0.851789977836467,"No",FALSE,783,0.62093438964798,2.35482729256816,3.08446235751674e-50,3.08446235751674e-50,NA,"tags=51%, list=13%, signal=47%",783
"B12_1_5x_all","B12_1_5x_all","CRPCvsHSPCcouple","CRPC vs HSPC couple","SLC50A1",-0.0392945218422254,11598,0.763237425112684,0.886504612738183,"No",FALSE,783,0.62093438964798,2.35482729256816,3.08446235751674e-50,3.08446235751674e-50,NA,"tags=51%, list=13%, signal=47%",783
"B12_1_5x_all","B12_1_5x_all","CRPCvsHSPCcouple","CRPC vs HSPC couple","MESP2",-0.0407306010360177,11686,0.69693295061271,0.850020338634713,"No",FALSE,783,0.62093438964798,2.35482729256816,3.08446235751674e-50,3.08446235751674e-50,NA,"tags=51%, list=13%, signal=47%",783
"B12_1_5x_all","B12_1_5x_all","CRPCvsHSPCcouple","CRPC vs HSPC couple","MT-ND1",-0.0422629504475847,11790,0.842009728989711,0.925193700715622,"No",FALSE,783,0.62093438964798,2.35482729256816,3.08446235751674e-50,3.08446235751674e-50,NA,"tags=51%, list=13%, signal=47%",783
"B12_1_5x_all","B12_1_5x_all","CRPCvsHSPCcouple","CRPC vs HSPC couple","BHLHA15",-0.0427749918974651,11819,0.859394077194726,0.934087505444674,"No",FALSE,783,0.62093438964798,2.35482729256816,3.08446235751674e-50,3.08446235751674e-50,NA,"tags=51%, list=13%, signal=47%",783
"B12_1_5x_all","B12_1_5x_all","CRPCvsHSPCcouple","CRPC vs HSPC couple","IPPK",-0.0430239190414197,11838,0.484196525014266,0.705272141171804,"No",FALSE,783,0.62093438964798,2.35482729256816,3.08446235751674e-50,3.08446235751674e-50,NA,"tags=51%, list=13%, signal=47%",783
"B12_1_5x_all","B12_1_5x_all","CRPCvsHSPCcouple","CRPC vs HSPC couple","XPC",-0.043732947790311,11873,0.656669898245707,0.825785888479763,"No",FALSE,783,0.62093438964798,2.35482729256816,3.08446235751674e-50,3.08446235751674e-50,NA,"tags=51%, list=13%, signal=47%",783
"B12_1_5x_all","B12_1_5x_all","CRPCvsHSPCcouple","CRPC vs HSPC couple","TMEM185B",-0.0453474102681115,11964,0.587961442803116,0.779979507666118,"No",FALSE,783,0.62093438964798,2.35482729256816,3.08446235751674e-50,3.08446235751674e-50,NA,"tags=51%, list=13%, signal=47%",783
"B12_1_5x_all","B12_1_5x_all","CRPCvsHSPCcouple","CRPC vs HSPC couple","HPR",-0.0453873783270806,11968,0.821476232643746,0.916281749949759,"No",FALSE,783,0.62093438964798,2.35482729256816,3.08446235751674e-50,3.08446235751674e-50,NA,"tags=51%, list=13%, signal=47%",783
"B12_1_5x_all","B12_1_5x_all","CRPCvsHSPCcouple","CRPC vs HSPC couple","TRIM32",-0.0459414006979526,11997,0.639887777909666,0.815585904743876,"No",FALSE,783,0.62093438964798,2.35482729256816,3.08446235751674e-50,3.08446235751674e-50,NA,"tags=51%, list=13%, signal=47%",783
"B12_1_5x_all","B12_1_5x_all","CRPCvsHSPCcouple","CRPC vs HSPC couple","ACBD3",-0.0460923980358476,12008,0.582547271982161,0.776064105695605,"No",FALSE,783,0.62093438964798,2.35482729256816,3.08446235751674e-50,3.08446235751674e-50,NA,"tags=51%, list=13%, signal=47%",783
"B12_1_5x_all","B12_1_5x_all","CRPCvsHSPCcouple","CRPC vs HSPC couple","NCAPG2",-0.0478165668290855,12103,0.637792578917678,0.81461033695212,"No",FALSE,783,0.62093438964798,2.35482729256816,3.08446235751674e-50,3.08446235751674e-50,NA,"tags=51%, list=13%, signal=47%",783
"B12_1_5x_all","B12_1_5x_all","CRPCvsHSPCcouple","CRPC vs HSPC couple","EFL1",-0.0482237336435163,12133,0.576739832395087,0.771760788100583,"No",FALSE,783,0.62093438964798,2.35482729256816,3.08446235751674e-50,3.08446235751674e-50,NA,"tags=51%, list=13%, signal=47%",783
"B12_1_5x_all","B12_1_5x_all","CRPCvsHSPCcouple","CRPC vs HSPC couple","RNF123",-0.0482482965602493,12138,0.653250795396816,0.823934895681398,"No",FALSE,783,0.62093438964798,2.35482729256816,3.08446235751674e-50,3.08446235751674e-50,NA,"tags=51%, list=13%, signal=47%",783
"B12_1_5x_all","B12_1_5x_all","CRPCvsHSPCcouple","CRPC vs HSPC couple","GUCD1",-0.0497212156083879,12218,0.631566226022449,0.810625368939859,"No",FALSE,783,0.62093438964798,2.35482729256816,3.08446235751674e-50,3.08446235751674e-50,NA,"tags=51%, list=13%, signal=47%",783
"B12_1_5x_all","B12_1_5x_all","CRPCvsHSPCcouple","CRPC vs HSPC couple","MYO18A",-0.0508088783723157,12287,0.571748943754439,0.768459859875089,"No",FALSE,783,0.62093438964798,2.35482729256816,3.08446235751674e-50,3.08446235751674e-50,NA,"tags=51%, list=13%, signal=47%",783
"B12_1_5x_all","B12_1_5x_all","CRPCvsHSPCcouple","CRPC vs HSPC couple","HAUS2",-0.0525970798996962,12377,0.390380331909282,0.624278543833966,"No",FALSE,783,0.62093438964798,2.35482729256816,3.08446235751674e-50,3.08446235751674e-50,NA,"tags=51%, list=13%, signal=47%",783
"B12_1_5x_all","B12_1_5x_all","CRPCvsHSPCcouple","CRPC vs HSPC couple","KAZALD1",-0.0536529528901628,12437,0.785437460215906,0.898296148620333,"No",FALSE,783,0.62093438964798,2.35482729256816,3.08446235751674e-50,3.08446235751674e-50,NA,"tags=51%, list=13%, signal=47%",783
"B12_1_5x_all","B12_1_5x_all","CRPCvsHSPCcouple","CRPC vs HSPC couple","SLITRK3",-0.0616133244654893,12839,0.240412491717314,0.484724932624293,"No",FALSE,783,0.62093438964798,2.35482729256816,3.08446235751674e-50,3.08446235751674e-50,NA,"tags=51%, list=13%, signal=47%",783
"B12_1_5x_all","B12_1_5x_all","CRPCvsHSPCcouple","CRPC vs HSPC couple","FBXW2",-0.0627197030667164,12894,0.432173554491557,0.660139208304891,"No",FALSE,783,0.62093438964798,2.35482729256816,3.08446235751674e-50,3.08446235751674e-50,NA,"tags=51%, list=13%, signal=47%",783
"B12_1_5x_all","B12_1_5x_all","CRPCvsHSPCcouple","CRPC vs HSPC couple","VGLL4",-0.0627442339847115,12898,0.566358896778804,0.764590789110814,"No",FALSE,783,0.62093438964798,2.35482729256816,3.08446235751674e-50,3.08446235751674e-50,NA,"tags=51%, list=13%, signal=47%",783
"B12_1_5x_all","B12_1_5x_all","CRPCvsHSPCcouple","CRPC vs HSPC couple","RAI1",-0.063343968924674,12918,0.574494573471123,0.770211878422987,"No",FALSE,783,0.62093438964798,2.35482729256816,3.08446235751674e-50,3.08446235751674e-50,NA,"tags=51%, list=13%, signal=47%",783
"B12_1_5x_all","B12_1_5x_all","CRPCvsHSPCcouple","CRPC vs HSPC couple","MAP3K5",-0.0656735432790363,13022,0.694471655375903,0.848626050165872,"No",FALSE,783,0.62093438964798,2.35482729256816,3.08446235751674e-50,3.08446235751674e-50,NA,"tags=51%, list=13%, signal=47%",783
"B12_1_5x_all","B12_1_5x_all","CRPCvsHSPCcouple","CRPC vs HSPC couple","EDC4",-0.0680250536523221,13133,0.508003828001971,0.72331944825907,"No",FALSE,783,0.62093438964798,2.35482729256816,3.08446235751674e-50,3.08446235751674e-50,NA,"tags=51%, list=13%, signal=47%",783
"B12_1_5x_all","B12_1_5x_all","CRPCvsHSPCcouple","CRPC vs HSPC couple","ZNF699",-0.069791590036352,13217,0.181050557180469,0.416828409114621,"No",FALSE,783,0.62093438964798,2.35482729256816,3.08446235751674e-50,3.08446235751674e-50,NA,"tags=51%, list=13%, signal=47%",783
"B12_1_5x_all","B12_1_5x_all","CRPCvsHSPCcouple","CRPC vs HSPC couple","POLR1A",-0.070055392437264,13229,0.407623668405626,0.639959168670449,"No",FALSE,783,0.62093438964798,2.35482729256816,3.08446235751674e-50,3.08446235751674e-50,NA,"tags=51%, list=13%, signal=47%",783
"B12_1_5x_all","B12_1_5x_all","CRPCvsHSPCcouple","CRPC vs HSPC couple","FOSL2",-0.0708027276349275,13264,0.608083737560843,0.794280690240354,"No",FALSE,783,0.62093438964798,2.35482729256816,3.08446235751674e-50,3.08446235751674e-50,NA,"tags=51%, list=13%, signal=47%",783
"B12_1_5x_all","B12_1_5x_all","CRPCvsHSPCcouple","CRPC vs HSPC couple","DLL3",-0.0723872653649754,13325,0.380608136948622,0.616636410317287,"No",FALSE,783,0.62093438964798,2.35482729256816,3.08446235751674e-50,3.08446235751674e-50,NA,"tags=51%, list=13%, signal=47%",783
"B12_1_5x_all","B12_1_5x_all","CRPCvsHSPCcouple","CRPC vs HSPC couple","WASHC5",-0.0732113164588934,13361,0.460057097922654,0.684075132906237,"No",FALSE,783,0.62093438964798,2.35482729256816,3.08446235751674e-50,3.08446235751674e-50,NA,"tags=51%, list=13%, signal=47%",783
"B12_1_5x_all","B12_1_5x_all","CRPCvsHSPCcouple","CRPC vs HSPC couple","UBXN2B",-0.0745679255655505,13419,0.428273630174535,0.656921185859285,"No",FALSE,783,0.62093438964798,2.35482729256816,3.08446235751674e-50,3.08446235751674e-50,NA,"tags=51%, list=13%, signal=47%",783
"B12_1_5x_all","B12_1_5x_all","CRPCvsHSPCcouple","CRPC vs HSPC couple","IBTK",-0.0760789613927413,13488,0.384530088049652,0.619566280508367,"No",FALSE,783,0.62093438964798,2.35482729256816,3.08446235751674e-50,3.08446235751674e-50,NA,"tags=51%, list=13%, signal=47%",783
"B12_1_5x_all","B12_1_5x_all","CRPCvsHSPCcouple","CRPC vs HSPC couple","TRAPPC6B",-0.0761448654913217,13493,0.263928155289174,0.508318413002809,"No",FALSE,783,0.62093438964798,2.35482729256816,3.08446235751674e-50,3.08446235751674e-50,NA,"tags=51%, list=13%, signal=47%",783
"B12_1_5x_all","B12_1_5x_all","CRPCvsHSPCcouple","CRPC vs HSPC couple","PCSK6",-0.0766254818595118,13513,0.5100144892515,0.72421360722436,"No",FALSE,783,0.62093438964798,2.35482729256816,3.08446235751674e-50,3.08446235751674e-50,NA,"tags=51%, list=13%, signal=47%",783
"B12_1_5x_all","B12_1_5x_all","CRPCvsHSPCcouple","CRPC vs HSPC couple","CSNK2A3",-0.0767529128959818,13518,0.0518679838217776,0.213106716255603,"No",FALSE,783,0.62093438964798,2.35482729256816,3.08446235751674e-50,3.08446235751674e-50,NA,"tags=51%, list=13%, signal=47%",783
"B12_1_5x_all","B12_1_5x_all","CRPCvsHSPCcouple","CRPC vs HSPC couple","SNX18",-0.079539377978096,13635,0.324823944610486,0.56813088818458,"No",FALSE,783,0.62093438964798,2.35482729256816,3.08446235751674e-50,3.08446235751674e-50,NA,"tags=51%, list=13%, signal=47%",783
"B12_1_5x_all","B12_1_5x_all","CRPCvsHSPCcouple","CRPC vs HSPC couple","SOWAHB",-0.0817713554094153,13699,0.521931647352678,0.73198659517784,"No",FALSE,783,0.62093438964798,2.35482729256816,3.08446235751674e-50,3.08446235751674e-50,NA,"tags=51%, list=13%, signal=47%",783
"B12_1_5x_all","B12_1_5x_all","CRPCvsHSPCcouple","CRPC vs HSPC couple","H6PD",-0.0820369018442726,13712,0.415376430880919,0.645705153850884,"No",FALSE,783,0.62093438964798,2.35482729256816,3.08446235751674e-50,3.08446235751674e-50,NA,"tags=51%, list=13%, signal=47%",783
"B12_1_5x_all","B12_1_5x_all","CRPCvsHSPCcouple","CRPC vs HSPC couple","GNA13",-0.0821412772004528,13717,0.369790617001923,0.607024191298897,"No",FALSE,783,0.62093438964798,2.35482729256816,3.08446235751674e-50,3.08446235751674e-50,NA,"tags=51%, list=13%, signal=47%",783
"B12_1_5x_all","B12_1_5x_all","CRPCvsHSPCcouple","CRPC vs HSPC couple","PCDHGB5",-0.0823315400289468,13728,0.550548275536488,0.753065441713679,"No",FALSE,783,0.62093438964798,2.35482729256816,3.08446235751674e-50,3.08446235751674e-50,NA,"tags=51%, list=13%, signal=47%",783
"B12_1_5x_all","B12_1_5x_all","CRPCvsHSPCcouple","CRPC vs HSPC couple","TLN1",-0.0826834672213392,13752,0.448232322189436,0.674305714106236,"No",FALSE,783,0.62093438964798,2.35482729256816,3.08446235751674e-50,3.08446235751674e-50,NA,"tags=51%, list=13%, signal=47%",783
"B12_1_5x_all","B12_1_5x_all","CRPCvsHSPCcouple","CRPC vs HSPC couple","TFIP11",-0.0838015389635265,13797,0.258672510676117,0.503052353084279,"No",FALSE,783,0.62093438964798,2.35482729256816,3.08446235751674e-50,3.08446235751674e-50,NA,"tags=51%, list=13%, signal=47%",783
"B12_1_5x_all","B12_1_5x_all","CRPCvsHSPCcouple","CRPC vs HSPC couple","B4GALT5",-0.083910439964614,13800,0.435671330345936,0.662869247995103,"No",FALSE,783,0.62093438964798,2.35482729256816,3.08446235751674e-50,3.08446235751674e-50,NA,"tags=51%, list=13%, signal=47%",783
"B12_1_5x_all","B12_1_5x_all","CRPCvsHSPCcouple","CRPC vs HSPC couple","CAP1",-0.0847244037843931,13825,0.27727737165768,0.523342011981649,"No",FALSE,783,0.62093438964798,2.35482729256816,3.08446235751674e-50,3.08446235751674e-50,NA,"tags=51%, list=13%, signal=47%",783
"B12_1_5x_all","B12_1_5x_all","CRPCvsHSPCcouple","CRPC vs HSPC couple","WASL",-0.0851628053361528,13845,0.346051880660995,0.58613347541142,"No",FALSE,783,0.62093438964798,2.35482729256816,3.08446235751674e-50,3.08446235751674e-50,NA,"tags=51%, list=13%, signal=47%",783
"B12_1_5x_all","B12_1_5x_all","CRPCvsHSPCcouple","CRPC vs HSPC couple","PGAM4",-0.0855098805468685,13857,0.128845885630002,0.349137089241789,"No",FALSE,783,0.62093438964798,2.35482729256816,3.08446235751674e-50,3.08446235751674e-50,NA,"tags=51%, list=13%, signal=47%",783
"B12_1_5x_all","B12_1_5x_all","CRPCvsHSPCcouple","CRPC vs HSPC couple","ZNF275",-0.0856721260529589,13865,0.311952134711543,0.557143008183126,"No",FALSE,783,0.62093438964798,2.35482729256816,3.08446235751674e-50,3.08446235751674e-50,NA,"tags=51%, list=13%, signal=47%",783
"B12_1_5x_all","B12_1_5x_all","CRPCvsHSPCcouple","CRPC vs HSPC couple","POMK",-0.0867503376108831,13914,0.479992900294061,0.701274118985173,"No",FALSE,783,0.62093438964798,2.35482729256816,3.08446235751674e-50,3.08446235751674e-50,NA,"tags=51%, list=13%, signal=47%",783
"B12_1_5x_all","B12_1_5x_all","CRPCvsHSPCcouple","CRPC vs HSPC couple","ZNF710",-0.0873569553258671,13932,0.310910662878939,0.556150125226164,"No",FALSE,783,0.62093438964798,2.35482729256816,3.08446235751674e-50,3.08446235751674e-50,NA,"tags=51%, list=13%, signal=47%",783
"B12_1_5x_all","B12_1_5x_all","CRPCvsHSPCcouple","CRPC vs HSPC couple","ZNF621",-0.0876091488527995,13944,0.268448726958288,0.513447224764125,"No",FALSE,783,0.62093438964798,2.35482729256816,3.08446235751674e-50,3.08446235751674e-50,NA,"tags=51%, list=13%, signal=47%",783
"B12_1_5x_all","B12_1_5x_all","CRPCvsHSPCcouple","CRPC vs HSPC couple","LONP2",-0.0883435980460874,13969,0.416795822587244,0.646929757831315,"No",FALSE,783,0.62093438964798,2.35482729256816,3.08446235751674e-50,3.08446235751674e-50,NA,"tags=51%, list=13%, signal=47%",783
"B12_1_5x_all","B12_1_5x_all","CRPCvsHSPCcouple","CRPC vs HSPC couple","CCDC85C",-0.0901201787442809,14033,0.322374361478064,0.566231967415364,"No",FALSE,783,0.62093438964798,2.35482729256816,3.08446235751674e-50,3.08446235751674e-50,NA,"tags=51%, list=13%, signal=47%",783
"B12_1_5x_all","B12_1_5x_all","CRPCvsHSPCcouple","CRPC vs HSPC couple","TMEM158",-0.094219708234506,14178,0.573961245919011,0.769847278008854,"No",FALSE,783,0.62093438964798,2.35482729256816,3.08446235751674e-50,3.08446235751674e-50,NA,"tags=51%, list=13%, signal=47%",783
"B12_1_5x_all","B12_1_5x_all","CRPCvsHSPCcouple","CRPC vs HSPC couple","KBTBD4",-0.0942597266762448,14181,0.19464095139651,0.433186824353869,"No",FALSE,783,0.62093438964798,2.35482729256816,3.08446235751674e-50,3.08446235751674e-50,NA,"tags=51%, list=13%, signal=47%",783
"B12_1_5x_all","B12_1_5x_all","CRPCvsHSPCcouple","CRPC vs HSPC couple","POM121",-0.0943465994341564,14189,0.386420984550974,0.621294281670872,"No",FALSE,783,0.62093438964798,2.35482729256816,3.08446235751674e-50,3.08446235751674e-50,NA,"tags=51%, list=13%, signal=47%",783
"B12_1_5x_all","B12_1_5x_all","CRPCvsHSPCcouple","CRPC vs HSPC couple","NEK4",-0.0954378752311804,14242,0.238719759349055,0.482790624330332,"No",FALSE,783,0.62093438964798,2.35482729256816,3.08446235751674e-50,3.08446235751674e-50,NA,"tags=51%, list=13%, signal=47%",783
"B12_1_5x_all","B12_1_5x_all","CRPCvsHSPCcouple","CRPC vs HSPC couple","DLG5",-0.096220484629463,14272,0.520843739302934,0.731190638322065,"No",FALSE,783,0.62093438964798,2.35482729256816,3.08446235751674e-50,3.08446235751674e-50,NA,"tags=51%, list=13%, signal=47%",783
"B12_1_5x_all","B12_1_5x_all","CRPCvsHSPCcouple","CRPC vs HSPC couple","CENPN",-0.0967696204640047,14294,0.606701343815273,0.793372961359364,"No",FALSE,783,0.62093438964798,2.35482729256816,3.08446235751674e-50,3.08446235751674e-50,NA,"tags=51%, list=13%, signal=47%",783
"B12_1_5x_all","B12_1_5x_all","CRPCvsHSPCcouple","CRPC vs HSPC couple","RGP1",-0.0970622449618208,14306,0.306121264752358,0.551516926056014,"No",FALSE,783,0.62093438964798,2.35482729256816,3.08446235751674e-50,3.08446235751674e-50,NA,"tags=51%, list=13%, signal=47%",783
"B12_1_5x_all","B12_1_5x_all","CRPCvsHSPCcouple","CRPC vs HSPC couple","CCNE2",-0.0998826177738013,14392,0.293180514034857,0.53954290445356,"No",FALSE,783,0.62093438964798,2.35482729256816,3.08446235751674e-50,3.08446235751674e-50,NA,"tags=51%, list=13%, signal=47%",783
"B12_1_5x_all","B12_1_5x_all","CRPCvsHSPCcouple","CRPC vs HSPC couple","DDX6",-0.100976104496445,14434,0.263364945829211,0.508093487149113,"No",FALSE,783,0.62093438964798,2.35482729256816,3.08446235751674e-50,3.08446235751674e-50,NA,"tags=51%, list=13%, signal=47%",783
"B12_1_5x_all","B12_1_5x_all","CRPCvsHSPCcouple","CRPC vs HSPC couple","CERS6",-0.102898188461042,14499,0.450197369354031,0.67624005805362,"No",FALSE,783,0.62093438964798,2.35482729256816,3.08446235751674e-50,3.08446235751674e-50,NA,"tags=51%, list=13%, signal=47%",783
"B12_1_5x_all","B12_1_5x_all","CRPCvsHSPCcouple","CRPC vs HSPC couple","VRK2",-0.104522715613121,14559,0.167555992379805,0.400095102422966,"No",FALSE,783,0.62093438964798,2.35482729256816,3.08446235751674e-50,3.08446235751674e-50,NA,"tags=51%, list=13%, signal=47%",783
"B12_1_5x_all","B12_1_5x_all","CRPCvsHSPCcouple","CRPC vs HSPC couple","ATG9A",-0.10465189428152,14565,0.314316607196027,0.559400684194952,"No",FALSE,783,0.62093438964798,2.35482729256816,3.08446235751674e-50,3.08446235751674e-50,NA,"tags=51%, list=13%, signal=47%",783
"B12_1_5x_all","B12_1_5x_all","CRPCvsHSPCcouple","CRPC vs HSPC couple","MYO1E",-0.10513588681736,14585,0.343536087295314,0.584081692723706,"No",FALSE,783,0.62093438964798,2.35482729256816,3.08446235751674e-50,3.08446235751674e-50,NA,"tags=51%, list=13%, signal=47%",783
"B12_1_5x_all","B12_1_5x_all","CRPCvsHSPCcouple","CRPC vs HSPC couple","PMS2",-0.105225176704989,14589,0.19576789581268,0.434437862375093,"No",FALSE,783,0.62093438964798,2.35482729256816,3.08446235751674e-50,3.08446235751674e-50,NA,"tags=51%, list=13%, signal=47%",783
"B12_1_5x_all","B12_1_5x_all","CRPCvsHSPCcouple","CRPC vs HSPC couple","ZNF41",-0.106620919064504,14644,0.224147257189715,0.466875478572922,"No",FALSE,783,0.62093438964798,2.35482729256816,3.08446235751674e-50,3.08446235751674e-50,NA,"tags=51%, list=13%, signal=47%",783
"B12_1_5x_all","B12_1_5x_all","CRPCvsHSPCcouple","CRPC vs HSPC couple","SFN",-0.106663235494821,14646,0.747478445671484,0.878283703714151,"No",FALSE,783,0.62093438964798,2.35482729256816,3.08446235751674e-50,3.08446235751674e-50,NA,"tags=51%, list=13%, signal=47%",783
"B12_1_5x_all","B12_1_5x_all","CRPCvsHSPCcouple","CRPC vs HSPC couple","FAM169A",-0.109372652373735,14727,0.200675302524303,0.439780786149953,"No",FALSE,783,0.62093438964798,2.35482729256816,3.08446235751674e-50,3.08446235751674e-50,NA,"tags=51%, list=13%, signal=47%",783
"B12_1_5x_all","B12_1_5x_all","CRPCvsHSPCcouple","CRPC vs HSPC couple","CLCC1",-0.109533575865942,14736,0.173683917882195,0.407538102498916,"No",FALSE,783,0.62093438964798,2.35482729256816,3.08446235751674e-50,3.08446235751674e-50,NA,"tags=51%, list=13%, signal=47%",783
"B12_1_5x_all","B12_1_5x_all","CRPCvsHSPCcouple","CRPC vs HSPC couple","ZMIZ1",-0.111349055767003,14793,0.425535823815947,0.654535440690965,"No",FALSE,783,0.62093438964798,2.35482729256816,3.08446235751674e-50,3.08446235751674e-50,NA,"tags=51%, list=13%, signal=47%",783
"B12_1_5x_all","B12_1_5x_all","CRPCvsHSPCcouple","CRPC vs HSPC couple","EHF",-0.111601612424724,14798,0.397700914565702,0.631227961280014,"No",FALSE,783,0.62093438964798,2.35482729256816,3.08446235751674e-50,3.08446235751674e-50,NA,"tags=51%, list=13%, signal=47%",783
"B12_1_5x_all","B12_1_5x_all","CRPCvsHSPCcouple","CRPC vs HSPC couple","KPNB1",-0.113461758176845,14856,0.109376357682965,0.320599795538305,"No",FALSE,783,0.62093438964798,2.35482729256816,3.08446235751674e-50,3.08446235751674e-50,NA,"tags=51%, list=13%, signal=47%",783
"B12_1_5x_all","B12_1_5x_all","CRPCvsHSPCcouple","CRPC vs HSPC couple","MT-CYB",-0.114587831065259,14901,0.559634065434712,0.759675845296981,"No",FALSE,783,0.62093438964798,2.35482729256816,3.08446235751674e-50,3.08446235751674e-50,NA,"tags=51%, list=13%, signal=47%",783
"B12_1_5x_all","B12_1_5x_all","CRPCvsHSPCcouple","CRPC vs HSPC couple","DSEL",-0.115502772282315,14929,0.385852988169531,0.620714760651113,"No",FALSE,783,0.62093438964798,2.35482729256816,3.08446235751674e-50,3.08446235751674e-50,NA,"tags=51%, list=13%, signal=47%",783
"B12_1_5x_all","B12_1_5x_all","CRPCvsHSPCcouple","CRPC vs HSPC couple","ATP9A",-0.116248266290079,14956,0.362983377246702,0.601433955878228,"No",FALSE,783,0.62093438964798,2.35482729256816,3.08446235751674e-50,3.08446235751674e-50,NA,"tags=51%, list=13%, signal=47%",783
"B12_1_5x_all","B12_1_5x_all","CRPCvsHSPCcouple","CRPC vs HSPC couple","LPP",-0.118271784931164,15018,0.335867338350448,0.577941999732286,"No",FALSE,783,0.62093438964798,2.35482729256816,3.08446235751674e-50,3.08446235751674e-50,NA,"tags=51%, list=13%, signal=47%",783
"B12_1_5x_all","B12_1_5x_all","CRPCvsHSPCcouple","CRPC vs HSPC couple","RNMT",-0.121877702502758,15133,0.120245590157811,0.33702849416088,"No",FALSE,783,0.62093438964798,2.35482729256816,3.08446235751674e-50,3.08446235751674e-50,NA,"tags=51%, list=13%, signal=47%",783
"B12_1_5x_all","B12_1_5x_all","CRPCvsHSPCcouple","CRPC vs HSPC couple","ZRANB1",-0.122049086025404,15140,0.183542822081095,0.419784059650197,"No",FALSE,783,0.62093438964798,2.35482729256816,3.08446235751674e-50,3.08446235751674e-50,NA,"tags=51%, list=13%, signal=47%",783
"B12_1_5x_all","B12_1_5x_all","CRPCvsHSPCcouple","CRPC vs HSPC couple","NR2C2",-0.12534736451128,15245,0.210632265060509,0.451280739603604,"No",FALSE,783,0.62093438964798,2.35482729256816,3.08446235751674e-50,3.08446235751674e-50,NA,"tags=51%, list=13%, signal=47%",783
"B12_1_5x_all","B12_1_5x_all","CRPCvsHSPCcouple","CRPC vs HSPC couple","INCA1",-0.126434872137465,15277,0.225129150102257,0.468213460104924,"No",FALSE,783,0.62093438964798,2.35482729256816,3.08446235751674e-50,3.08446235751674e-50,NA,"tags=51%, list=13%, signal=47%",783
"B12_1_5x_all","B12_1_5x_all","CRPCvsHSPCcouple","CRPC vs HSPC couple","NDE1",-0.127483884220764,15305,0.254083142361994,0.498572590836893,"No",FALSE,783,0.62093438964798,2.35482729256816,3.08446235751674e-50,3.08446235751674e-50,NA,"tags=51%, list=13%, signal=47%",783
"B12_1_5x_all","B12_1_5x_all","CRPCvsHSPCcouple","CRPC vs HSPC couple","SLC25A15",-0.127932586245244,15328,0.227582663996874,0.470930539694862,"No",FALSE,783,0.62093438964798,2.35482729256816,3.08446235751674e-50,3.08446235751674e-50,NA,"tags=51%, list=13%, signal=47%",783
"B12_1_5x_all","B12_1_5x_all","CRPCvsHSPCcouple","CRPC vs HSPC couple","EML5",-0.128146464420819,15339,0.135391052867645,0.358045249532365,"No",FALSE,783,0.62093438964798,2.35482729256816,3.08446235751674e-50,3.08446235751674e-50,NA,"tags=51%, list=13%, signal=47%",783
"B12_1_5x_all","B12_1_5x_all","CRPCvsHSPCcouple","CRPC vs HSPC couple","STK24",-0.129131884775968,15367,0.153586626442114,0.383532615414555,"No",FALSE,783,0.62093438964798,2.35482729256816,3.08446235751674e-50,3.08446235751674e-50,NA,"tags=51%, list=13%, signal=47%",783
"B12_1_5x_all","B12_1_5x_all","CRPCvsHSPCcouple","CRPC vs HSPC couple","CCNK",-0.130580553090566,15409,0.0698604273294823,0.253818347995259,"No",FALSE,783,0.62093438964798,2.35482729256816,3.08446235751674e-50,3.08446235751674e-50,NA,"tags=51%, list=13%, signal=47%",783
"B12_1_5x_all","B12_1_5x_all","CRPCvsHSPCcouple","CRPC vs HSPC couple","RB1CC1",-0.131472288316324,15424,0.161267643784376,0.392783473201226,"No",FALSE,783,0.62093438964798,2.35482729256816,3.08446235751674e-50,3.08446235751674e-50,NA,"tags=51%, list=13%, signal=47%",783
"B12_1_5x_all","B12_1_5x_all","CRPCvsHSPCcouple","CRPC vs HSPC couple","PATL1",-0.132646358322825,15451,0.107969077659006,0.318309818335265,"No",FALSE,783,0.62093438964798,2.35482729256816,3.08446235751674e-50,3.08446235751674e-50,NA,"tags=51%, list=13%, signal=47%",783
"B12_1_5x_all","B12_1_5x_all","CRPCvsHSPCcouple","CRPC vs HSPC couple","FAM20B",-0.13306760641346,15464,0.0767005659685442,0.26733242483255,"No",FALSE,783,0.62093438964798,2.35482729256816,3.08446235751674e-50,3.08446235751674e-50,NA,"tags=51%, list=13%, signal=47%",783
"B12_1_5x_all","B12_1_5x_all","CRPCvsHSPCcouple","CRPC vs HSPC couple","ULBP3",-0.133821726105679,15481,0.0336827739655158,0.167900982748711,"No",FALSE,783,0.62093438964798,2.35482729256816,3.08446235751674e-50,3.08446235751674e-50,NA,"tags=51%, list=13%, signal=47%",783
"B12_1_5x_all","B12_1_5x_all","CRPCvsHSPCcouple","CRPC vs HSPC couple","ASAP2",-0.134361989387663,15498,0.23825041207663,0.482229393618149,"No",FALSE,783,0.62093438964798,2.35482729256816,3.08446235751674e-50,3.08446235751674e-50,NA,"tags=51%, list=13%, signal=47%",783
"B12_1_5x_all","B12_1_5x_all","CRPCvsHSPCcouple","CRPC vs HSPC couple","ROCK1",-0.136126138880831,15531,0.213084795777664,0.453397782698961,"No",FALSE,783,0.62093438964798,2.35482729256816,3.08446235751674e-50,3.08446235751674e-50,NA,"tags=51%, list=13%, signal=47%",783
"B12_1_5x_all","B12_1_5x_all","CRPCvsHSPCcouple","CRPC vs HSPC couple","IL1RAPL1",-0.136228409315837,15538,0.237565800005047,0.48169768772252,"No",FALSE,783,0.62093438964798,2.35482729256816,3.08446235751674e-50,3.08446235751674e-50,NA,"tags=51%, list=13%, signal=47%",783
"B12_1_5x_all","B12_1_5x_all","CRPCvsHSPCcouple","CRPC vs HSPC couple","GNL3L",-0.136603591856319,15549,0.227874239186259,0.471147649300108,"No",FALSE,783,0.62093438964798,2.35482729256816,3.08446235751674e-50,3.08446235751674e-50,NA,"tags=51%, list=13%, signal=47%",783
"B12_1_5x_all","B12_1_5x_all","CRPCvsHSPCcouple","CRPC vs HSPC couple","CTTNBP2NL",-0.136646261974724,15551,0.220134490134324,0.462093803139736,"No",FALSE,783,0.62093438964798,2.35482729256816,3.08446235751674e-50,3.08446235751674e-50,NA,"tags=51%, list=13%, signal=47%",783
"B12_1_5x_all","B12_1_5x_all","CRPCvsHSPCcouple","CRPC vs HSPC couple","MID2",-0.137571606264115,15582,0.223750624736152,0.466437274059817,"No",FALSE,783,0.62093438964798,2.35482729256816,3.08446235751674e-50,3.08446235751674e-50,NA,"tags=51%, list=13%, signal=47%",783
"B12_1_5x_all","B12_1_5x_all","CRPCvsHSPCcouple","CRPC vs HSPC couple","KIF2A",-0.138108783905586,15597,0.111083455040833,0.323166343881334,"No",FALSE,783,0.62093438964798,2.35482729256816,3.08446235751674e-50,3.08446235751674e-50,NA,"tags=51%, list=13%, signal=47%",783
"B12_1_5x_all","B12_1_5x_all","CRPCvsHSPCcouple","CRPC vs HSPC couple","WDR88",-0.139292617578708,15624,0.0208985152986353,0.127913555927568,"No",FALSE,783,0.62093438964798,2.35482729256816,3.08446235751674e-50,3.08446235751674e-50,NA,"tags=51%, list=13%, signal=47%",783
"B12_1_5x_all","B12_1_5x_all","CRPCvsHSPCcouple","CRPC vs HSPC couple","TBC1D14",-0.139642888321335,15633,0.333771367948479,0.576003928041083,"No",FALSE,783,0.62093438964798,2.35482729256816,3.08446235751674e-50,3.08446235751674e-50,NA,"tags=51%, list=13%, signal=47%",783
"B12_1_5x_all","B12_1_5x_all","CRPCvsHSPCcouple","CRPC vs HSPC couple","FBXL14",-0.140206252425985,15646,0.227100604740887,0.470452114629369,"No",FALSE,783,0.62093438964798,2.35482729256816,3.08446235751674e-50,3.08446235751674e-50,NA,"tags=51%, list=13%, signal=47%",783
"B12_1_5x_all","B12_1_5x_all","CRPCvsHSPCcouple","CRPC vs HSPC couple","FBXW8",-0.142344045514953,15695,0.0756045814541692,0.265422143328781,"No",FALSE,783,0.62093438964798,2.35482729256816,3.08446235751674e-50,3.08446235751674e-50,NA,"tags=51%, list=13%, signal=47%",783
"B12_1_5x_all","B12_1_5x_all","CRPCvsHSPCcouple","CRPC vs HSPC couple","RAB19",-0.143534943883976,15721,0.193688095805489,0.432074065474268,"No",FALSE,783,0.62093438964798,2.35482729256816,3.08446235751674e-50,3.08446235751674e-50,NA,"tags=51%, list=13%, signal=47%",783
"B12_1_5x_all","B12_1_5x_all","CRPCvsHSPCcouple","CRPC vs HSPC couple","GNG12",-0.143970354171227,15734,0.163183934335596,0.394876085713765,"No",FALSE,783,0.62093438964798,2.35482729256816,3.08446235751674e-50,3.08446235751674e-50,NA,"tags=51%, list=13%, signal=47%",783
"B12_1_5x_all","B12_1_5x_all","CRPCvsHSPCcouple","CRPC vs HSPC couple","MCM2",-0.144038301176851,15735,0.320179092952284,0.564275107666124,"No",FALSE,783,0.62093438964798,2.35482729256816,3.08446235751674e-50,3.08446235751674e-50,NA,"tags=51%, list=13%, signal=47%",783
"B12_1_5x_all","B12_1_5x_all","CRPCvsHSPCcouple","CRPC vs HSPC couple","RAP2A",-0.144118950228874,15738,0.107335363339456,0.317418663124792,"No",FALSE,783,0.62093438964798,2.35482729256816,3.08446235751674e-50,3.08446235751674e-50,NA,"tags=51%, list=13%, signal=47%",783
"B12_1_5x_all","B12_1_5x_all","CRPCvsHSPCcouple","CRPC vs HSPC couple","BAZ2A",-0.147526608057929,15808,0.172514718258097,0.406098757528434,"No",FALSE,783,0.62093438964798,2.35482729256816,3.08446235751674e-50,3.08446235751674e-50,NA,"tags=51%, list=13%, signal=47%",783
"B12_1_5x_all","B12_1_5x_all","CRPCvsHSPCcouple","CRPC vs HSPC couple","ADAM9",-0.147576673340876,15811,0.302391467281035,0.547761640223831,"No",FALSE,783,0.62093438964798,2.35482729256816,3.08446235751674e-50,3.08446235751674e-50,NA,"tags=51%, list=13%, signal=47%",783
"B12_1_5x_all","B12_1_5x_all","CRPCvsHSPCcouple","CRPC vs HSPC couple","ZFYVE9",-0.149152348056385,15847,0.131677578616133,0.35284646157854,"No",FALSE,783,0.62093438964798,2.35482729256816,3.08446235751674e-50,3.08446235751674e-50,NA,"tags=51%, list=13%, signal=47%",783
"B12_1_5x_all","B12_1_5x_all","CRPCvsHSPCcouple","CRPC vs HSPC couple","MCM3AP",-0.150096660482663,15866,0.146460974059732,0.373659582842057,"No",FALSE,783,0.62093438964798,2.35482729256816,3.08446235751674e-50,3.08446235751674e-50,NA,"tags=51%, list=13%, signal=47%",783
"B12_1_5x_all","B12_1_5x_all","CRPCvsHSPCcouple","CRPC vs HSPC couple","CPEB4",-0.150568228619369,15871,0.158047646970075,0.388462912702146,"No",FALSE,783,0.62093438964798,2.35482729256816,3.08446235751674e-50,3.08446235751674e-50,NA,"tags=51%, list=13%, signal=47%",783
"B12_1_5x_all","B12_1_5x_all","CRPCvsHSPCcouple","CRPC vs HSPC couple","DNAJC14",-0.15138953073019,15884,0.183641104774822,0.419846315509595,"No",FALSE,783,0.62093438964798,2.35482729256816,3.08446235751674e-50,3.08446235751674e-50,NA,"tags=51%, list=13%, signal=47%",783
"B12_1_5x_all","B12_1_5x_all","CRPCvsHSPCcouple","CRPC vs HSPC couple","DAGLA",-0.151638671598424,15892,0.158978200090294,0.389492325784522,"No",FALSE,783,0.62093438964798,2.35482729256816,3.08446235751674e-50,3.08446235751674e-50,NA,"tags=51%, list=13%, signal=47%",783
"B12_1_5x_all","B12_1_5x_all","CRPCvsHSPCcouple","CRPC vs HSPC couple","CDC42BPB",-0.152146468192064,15904,0.211866269333178,0.452475017421604,"No",FALSE,783,0.62093438964798,2.35482729256816,3.08446235751674e-50,3.08446235751674e-50,NA,"tags=51%, list=13%, signal=47%",783
"B12_1_5x_all","B12_1_5x_all","CRPCvsHSPCcouple","CRPC vs HSPC couple","FRS2",-0.15305583661826,15931,0.0470039413253369,0.201413345397954,"No",FALSE,783,0.62093438964798,2.35482729256816,3.08446235751674e-50,3.08446235751674e-50,NA,"tags=51%, list=13%, signal=47%",783
"B12_1_5x_all","B12_1_5x_all","CRPCvsHSPCcouple","CRPC vs HSPC couple","PPP2R5D",-0.15706605775928,16027,0.11659372216922,0.331592328018861,"No",FALSE,783,0.62093438964798,2.35482729256816,3.08446235751674e-50,3.08446235751674e-50,NA,"tags=51%, list=13%, signal=47%",783
"B12_1_5x_all","B12_1_5x_all","CRPCvsHSPCcouple","CRPC vs HSPC couple","LPCAT3",-0.157386008256367,16033,0.290885535357872,0.538223837454337,"No",FALSE,783,0.62093438964798,2.35482729256816,3.08446235751674e-50,3.08446235751674e-50,NA,"tags=51%, list=13%, signal=47%",783
"B12_1_5x_all","B12_1_5x_all","CRPCvsHSPCcouple","CRPC vs HSPC couple","ATRN",-0.157989927497217,16043,0.0917705381253636,0.293123346727752,"No",FALSE,783,0.62093438964798,2.35482729256816,3.08446235751674e-50,3.08446235751674e-50,NA,"tags=51%, list=13%, signal=47%",783
"B12_1_5x_all","B12_1_5x_all","CRPCvsHSPCcouple","CRPC vs HSPC couple","RASA1",-0.15855563219372,16058,0.113200466908406,0.326024651879113,"No",FALSE,783,0.62093438964798,2.35482729256816,3.08446235751674e-50,3.08446235751674e-50,NA,"tags=51%, list=13%, signal=47%",783
"B12_1_5x_all","B12_1_5x_all","CRPCvsHSPCcouple","CRPC vs HSPC couple","FAM160A1",-0.161478813202729,16131,0.135662347893837,0.358527793544087,"No",FALSE,783,0.62093438964798,2.35482729256816,3.08446235751674e-50,3.08446235751674e-50,NA,"tags=51%, list=13%, signal=47%",783
"B12_1_5x_all","B12_1_5x_all","CRPCvsHSPCcouple","CRPC vs HSPC couple","HBP1",-0.16283210480561,16153,0.138430765539326,0.362277179378886,"No",FALSE,783,0.62093438964798,2.35482729256816,3.08446235751674e-50,3.08446235751674e-50,NA,"tags=51%, list=13%, signal=47%",783
"B12_1_5x_all","B12_1_5x_all","CRPCvsHSPCcouple","CRPC vs HSPC couple","ZNF384",-0.163119029192329,16156,0.0730576268071494,0.260398764660722,"No",FALSE,783,0.62093438964798,2.35482729256816,3.08446235751674e-50,3.08446235751674e-50,NA,"tags=51%, list=13%, signal=47%",783
"B12_1_5x_all","B12_1_5x_all","CRPCvsHSPCcouple","CRPC vs HSPC couple","HEATR1",-0.163718487992573,16170,0.104958792512615,0.314102598759493,"No",FALSE,783,0.62093438964798,2.35482729256816,3.08446235751674e-50,3.08446235751674e-50,NA,"tags=51%, list=13%, signal=47%",783
"B12_1_5x_all","B12_1_5x_all","CRPCvsHSPCcouple","CRPC vs HSPC couple","MEF2A",-0.164617439134359,16190,0.0750799000012625,0.264153415509064,"No",FALSE,783,0.62093438964798,2.35482729256816,3.08446235751674e-50,3.08446235751674e-50,NA,"tags=51%, list=13%, signal=47%",783
"B12_1_5x_all","B12_1_5x_all","CRPCvsHSPCcouple","CRPC vs HSPC couple","ZNF532",-0.16464458052608,16191,0.24718419756839,0.49166433159613,"No",FALSE,783,0.62093438964798,2.35482729256816,3.08446235751674e-50,3.08446235751674e-50,NA,"tags=51%, list=13%, signal=47%",783
"B12_1_5x_all","B12_1_5x_all","CRPCvsHSPCcouple","CRPC vs HSPC couple","SEC24C",-0.167436801799285,16244,0.257528110497497,0.501999883236771,"No",FALSE,783,0.62093438964798,2.35482729256816,3.08446235751674e-50,3.08446235751674e-50,NA,"tags=51%, list=13%, signal=47%",783
"B12_1_5x_all","B12_1_5x_all","CRPCvsHSPCcouple","CRPC vs HSPC couple","NSD1",-0.168689215069145,16266,0.0919649515512173,0.293446819195383,"No",FALSE,783,0.62093438964798,2.35482729256816,3.08446235751674e-50,3.08446235751674e-50,NA,"tags=51%, list=13%, signal=47%",783
"B12_1_5x_all","B12_1_5x_all","CRPCvsHSPCcouple","CRPC vs HSPC couple","IREB2",-0.169048709287731,16276,0.0810240060458058,0.27502048433307,"No",FALSE,783,0.62093438964798,2.35482729256816,3.08446235751674e-50,3.08446235751674e-50,NA,"tags=51%, list=13%, signal=47%",783
"B12_1_5x_all","B12_1_5x_all","CRPCvsHSPCcouple","CRPC vs HSPC couple","RECQL",-0.169893722387837,16288,0.0780940862724448,0.270025129183707,"No",FALSE,783,0.62093438964798,2.35482729256816,3.08446235751674e-50,3.08446235751674e-50,NA,"tags=51%, list=13%, signal=47%",783
"B12_1_5x_all","B12_1_5x_all","CRPCvsHSPCcouple","CRPC vs HSPC couple","ZNF573",-0.171730564898133,16316,0.0456035994100008,0.19781594587144,"No",FALSE,783,0.62093438964798,2.35482729256816,3.08446235751674e-50,3.08446235751674e-50,NA,"tags=51%, list=13%, signal=47%",783
"B12_1_5x_all","B12_1_5x_all","CRPCvsHSPCcouple","CRPC vs HSPC couple","LPIN2",-0.175173190370378,16370,0.0701767134978666,0.254197506536889,"No",FALSE,783,0.62093438964798,2.35482729256816,3.08446235751674e-50,3.08446235751674e-50,NA,"tags=51%, list=13%, signal=47%",783
"B12_1_5x_all","B12_1_5x_all","CRPCvsHSPCcouple","CRPC vs HSPC couple","MT-ND2",-0.17559117573348,16379,0.423628452111498,0.652866019971377,"No",FALSE,783,0.62093438964798,2.35482729256816,3.08446235751674e-50,3.08446235751674e-50,NA,"tags=51%, list=13%, signal=47%",783
"B12_1_5x_all","B12_1_5x_all","CRPCvsHSPCcouple","CRPC vs HSPC couple","SPG11",-0.176043526829751,16391,0.0981536453717059,0.302901812576894,"No",FALSE,783,0.62093438964798,2.35482729256816,3.08446235751674e-50,3.08446235751674e-50,NA,"tags=51%, list=13%, signal=47%",783
"B12_1_5x_all","B12_1_5x_all","CRPCvsHSPCcouple","CRPC vs HSPC couple","FBXO11",-0.176577611763647,16401,0.0641890778439481,0.241190634884892,"No",FALSE,783,0.62093438964798,2.35482729256816,3.08446235751674e-50,3.08446235751674e-50,NA,"tags=51%, list=13%, signal=47%",783
"B12_1_5x_all","B12_1_5x_all","CRPCvsHSPCcouple","CRPC vs HSPC couple","HIVEP2",-0.178234196830241,16428,0.0875159640068578,0.286599877108869,"No",FALSE,783,0.62093438964798,2.35482729256816,3.08446235751674e-50,3.08446235751674e-50,NA,"tags=51%, list=13%, signal=47%",783
"B12_1_5x_all","B12_1_5x_all","CRPCvsHSPCcouple","CRPC vs HSPC couple","TRAM2",-0.178414832943299,16432,0.101623243097666,0.308159712429614,"No",FALSE,783,0.62093438964798,2.35482729256816,3.08446235751674e-50,3.08446235751674e-50,NA,"tags=51%, list=13%, signal=47%",783
"B12_1_5x_all","B12_1_5x_all","CRPCvsHSPCcouple","CRPC vs HSPC couple","FOXO3",-0.179394386609854,16452,0.164427069708735,0.396199615139093,"No",FALSE,783,0.62093438964798,2.35482729256816,3.08446235751674e-50,3.08446235751674e-50,NA,"tags=51%, list=13%, signal=47%",783
"B12_1_5x_all","B12_1_5x_all","CRPCvsHSPCcouple","CRPC vs HSPC couple","SMC4",-0.180424854639344,16473,0.0985524176719915,0.303431150111962,"No",FALSE,783,0.62093438964798,2.35482729256816,3.08446235751674e-50,3.08446235751674e-50,NA,"tags=51%, list=13%, signal=47%",783
"B12_1_5x_all","B12_1_5x_all","CRPCvsHSPCcouple","CRPC vs HSPC couple","SMCR8",-0.187187068310774,16596,0.138300354043068,0.36225015304054,"No",FALSE,783,0.62093438964798,2.35482729256816,3.08446235751674e-50,3.08446235751674e-50,NA,"tags=51%, list=13%, signal=47%",783
"B12_1_5x_all","B12_1_5x_all","CRPCvsHSPCcouple","CRPC vs HSPC couple","TAOK1",-0.187952346563083,16608,0.0718274816311877,0.257673332081089,"No",FALSE,783,0.62093438964798,2.35482729256816,3.08446235751674e-50,3.08446235751674e-50,NA,"tags=51%, list=13%, signal=47%",783
"B12_1_5x_all","B12_1_5x_all","CRPCvsHSPCcouple","CRPC vs HSPC couple","PHC3",-0.188438949871746,16617,0.0759985214552654,0.26600210604011,"No",FALSE,783,0.62093438964798,2.35482729256816,3.08446235751674e-50,3.08446235751674e-50,NA,"tags=51%, list=13%, signal=47%",783
"B12_1_5x_all","B12_1_5x_all","CRPCvsHSPCcouple","CRPC vs HSPC couple","MYH10",-0.190583693786191,16660,0.111180808573823,0.323295101913088,"No",FALSE,783,0.62093438964798,2.35482729256816,3.08446235751674e-50,3.08446235751674e-50,NA,"tags=51%, list=13%, signal=47%",783
"B12_1_5x_all","B12_1_5x_all","CRPCvsHSPCcouple","CRPC vs HSPC couple","SMG6",-0.195504207254096,16728,0.0617585766665779,0.236125138035023,"No",FALSE,783,0.62093438964798,2.35482729256816,3.08446235751674e-50,3.08446235751674e-50,NA,"tags=51%, list=13%, signal=47%",783
"B12_1_5x_all","B12_1_5x_all","CRPCvsHSPCcouple","CRPC vs HSPC couple","TCF20",-0.197298225493086,16747,0.0241818001860286,0.138342920137233,"No",FALSE,783,0.62093438964798,2.35482729256816,3.08446235751674e-50,3.08446235751674e-50,NA,"tags=51%, list=13%, signal=47%",783
"B12_1_5x_all","B12_1_5x_all","CRPCvsHSPCcouple","CRPC vs HSPC couple","VCL",-0.197447258379911,16748,0.177184343501544,0.41259547646952,"No",FALSE,783,0.62093438964798,2.35482729256816,3.08446235751674e-50,3.08446235751674e-50,NA,"tags=51%, list=13%, signal=47%",783
"B12_1_5x_all","B12_1_5x_all","CRPCvsHSPCcouple","CRPC vs HSPC couple","ANKFY1",-0.201278677981376,16795,0.0377318698540497,0.17902547185037,"No",FALSE,783,0.62093438964798,2.35482729256816,3.08446235751674e-50,3.08446235751674e-50,NA,"tags=51%, list=13%, signal=47%",783
"B12_1_5x_all","B12_1_5x_all","CRPCvsHSPCcouple","CRPC vs HSPC couple","FYCO1",-0.202992497829858,16822,0.0517298920511989,0.212730737978219,"No",FALSE,783,0.62093438964798,2.35482729256816,3.08446235751674e-50,3.08446235751674e-50,NA,"tags=51%, list=13%, signal=47%",783
"B12_1_5x_all","B12_1_5x_all","CRPCvsHSPCcouple","CRPC vs HSPC couple","ARFGEF2",-0.205447433012035,16867,0.0374095304233789,0.178258316179912,"No",FALSE,783,0.62093438964798,2.35482729256816,3.08446235751674e-50,3.08446235751674e-50,NA,"tags=51%, list=13%, signal=47%",783
"B12_1_5x_all","B12_1_5x_all","CRPCvsHSPCcouple","CRPC vs HSPC couple","PRRC2B",-0.206187946587119,16875,0.154452619546142,0.3844123487434,"No",FALSE,783,0.62093438964798,2.35482729256816,3.08446235751674e-50,3.08446235751674e-50,NA,"tags=51%, list=13%, signal=47%",783
"B12_1_5x_all","B12_1_5x_all","CRPCvsHSPCcouple","CRPC vs HSPC couple","RALGAPA1",-0.208643498681946,16905,0.0282399719605981,0.151426478732599,"No",FALSE,783,0.62093438964798,2.35482729256816,3.08446235751674e-50,3.08446235751674e-50,NA,"tags=51%, list=13%, signal=47%",783
"B12_1_5x_all","B12_1_5x_all","CRPCvsHSPCcouple","CRPC vs HSPC couple","ACACA",-0.209686184315708,16915,0.134021567208153,0.35600655466808,"No",FALSE,783,0.62093438964798,2.35482729256816,3.08446235751674e-50,3.08446235751674e-50,NA,"tags=51%, list=13%, signal=47%",783
"B12_1_5x_all","B12_1_5x_all","CRPCvsHSPCcouple","CRPC vs HSPC couple","SYNJ2BP",-0.210345991073253,16925,0.0503065354208001,0.209755548535242,"No",FALSE,783,0.62093438964798,2.35482729256816,3.08446235751674e-50,3.08446235751674e-50,NA,"tags=51%, list=13%, signal=47%",783
"B12_1_5x_all","B12_1_5x_all","CRPCvsHSPCcouple","CRPC vs HSPC couple","NOMO2",-0.211276743298358,16938,0.0806038981791297,0.274341607609123,"No",FALSE,783,0.62093438964798,2.35482729256816,3.08446235751674e-50,3.08446235751674e-50,NA,"tags=51%, list=13%, signal=47%",783
"B12_1_5x_all","B12_1_5x_all","CRPCvsHSPCcouple","CRPC vs HSPC couple","APOOL",-0.212663477914837,16957,0.0360000652656215,0.174378985932342,"No",FALSE,783,0.62093438964798,2.35482729256816,3.08446235751674e-50,3.08446235751674e-50,NA,"tags=51%, list=13%, signal=47%",783
"B12_1_5x_all","B12_1_5x_all","CRPCvsHSPCcouple","CRPC vs HSPC couple","IRS1",-0.213952476605733,16969,0.149000719135383,0.37721742017908,"No",FALSE,783,0.62093438964798,2.35482729256816,3.08446235751674e-50,3.08446235751674e-50,NA,"tags=51%, list=13%, signal=47%",783
"B12_1_5x_all","B12_1_5x_all","CRPCvsHSPCcouple","CRPC vs HSPC couple","C1orf50",-0.214087977681567,16971,0.00417389193100965,0.0490318224461436,"No",FALSE,783,0.62093438964798,2.35482729256816,3.08446235751674e-50,3.08446235751674e-50,NA,"tags=51%, list=13%, signal=47%",783
"B12_1_5x_all","B12_1_5x_all","CRPCvsHSPCcouple","CRPC vs HSPC couple","IL1R1",-0.214133909305057,16973,0.162635961918312,0.394485608333794,"No",FALSE,783,0.62093438964798,2.35482729256816,3.08446235751674e-50,3.08446235751674e-50,NA,"tags=51%, list=13%, signal=47%",783
"B12_1_5x_all","B12_1_5x_all","CRPCvsHSPCcouple","CRPC vs HSPC couple","TPR",-0.214391802557061,16978,0.0343478244269883,0.170219262094479,"No",FALSE,783,0.62093438964798,2.35482729256816,3.08446235751674e-50,3.08446235751674e-50,NA,"tags=51%, list=13%, signal=47%",783
"B12_1_5x_all","B12_1_5x_all","CRPCvsHSPCcouple","CRPC vs HSPC couple","AFF4",-0.217048937020843,17002,0.0599824326188596,0.232409339254655,"No",FALSE,783,0.62093438964798,2.35482729256816,3.08446235751674e-50,3.08446235751674e-50,NA,"tags=51%, list=13%, signal=47%",783
"B12_1_5x_all","B12_1_5x_all","CRPCvsHSPCcouple","CRPC vs HSPC couple","ELF1",-0.218010488501793,17016,0.0625960172233549,0.23787007418744,"No",FALSE,783,0.62093438964798,2.35482729256816,3.08446235751674e-50,3.08446235751674e-50,NA,"tags=51%, list=13%, signal=47%",783
"B12_1_5x_all","B12_1_5x_all","CRPCvsHSPCcouple","CRPC vs HSPC couple","TSTD2",-0.219159805968803,17023,0.0353413046802555,0.172590362442988,"No",FALSE,783,0.62093438964798,2.35482729256816,3.08446235751674e-50,3.08446235751674e-50,NA,"tags=51%, list=13%, signal=47%",783
"B12_1_5x_all","B12_1_5x_all","CRPCvsHSPCcouple","CRPC vs HSPC couple","TTC3",-0.220220179654302,17033,0.0180860003500011,0.117107424408975,"No",FALSE,783,0.62093438964798,2.35482729256816,3.08446235751674e-50,3.08446235751674e-50,NA,"tags=51%, list=13%, signal=47%",783
"B12_1_5x_all","B12_1_5x_all","CRPCvsHSPCcouple","CRPC vs HSPC couple","STAG1",-0.223444001708474,17081,0.0307671527130271,0.159241423271251,"No",FALSE,783,0.62093438964798,2.35482729256816,3.08446235751674e-50,3.08446235751674e-50,NA,"tags=51%, list=13%, signal=47%",783
"B12_1_5x_all","B12_1_5x_all","CRPCvsHSPCcouple","CRPC vs HSPC couple","PPL",-0.224506348098982,17092,0.133410812367964,0.355353646766637,"No",FALSE,783,0.62093438964798,2.35482729256816,3.08446235751674e-50,3.08446235751674e-50,NA,"tags=51%, list=13%, signal=47%",783
"B12_1_5x_all","B12_1_5x_all","CRPCvsHSPCcouple","CRPC vs HSPC couple","CLIC4",-0.224980693258714,17098,0.0526122724832622,0.2150041121816,"No",FALSE,783,0.62093438964798,2.35482729256816,3.08446235751674e-50,3.08446235751674e-50,NA,"tags=51%, list=13%, signal=47%",783
"B12_1_5x_all","B12_1_5x_all","CRPCvsHSPCcouple","CRPC vs HSPC couple","SMARCC2",-0.225283202345846,17103,0.0225231917247724,0.132861198938716,"No",FALSE,783,0.62093438964798,2.35482729256816,3.08446235751674e-50,3.08446235751674e-50,NA,"tags=51%, list=13%, signal=47%",783
"B12_1_5x_all","B12_1_5x_all","CRPCvsHSPCcouple","CRPC vs HSPC couple","MTUS1",-0.227017394115034,17127,0.0681117477200344,0.249566575094988,"No",FALSE,783,0.62093438964798,2.35482729256816,3.08446235751674e-50,3.08446235751674e-50,NA,"tags=51%, list=13%, signal=47%",783
"B12_1_5x_all","B12_1_5x_all","CRPCvsHSPCcouple","CRPC vs HSPC couple","JMJD1C",-0.229931450811298,17152,0.0613016725997914,0.235301040844797,"No",FALSE,783,0.62093438964798,2.35482729256816,3.08446235751674e-50,3.08446235751674e-50,NA,"tags=51%, list=13%, signal=47%",783
"B12_1_5x_all","B12_1_5x_all","CRPCvsHSPCcouple","CRPC vs HSPC couple","MFAP3",-0.238061469590896,17246,0.0250499572890238,0.140969676462907,"No",FALSE,783,0.62093438964798,2.35482729256816,3.08446235751674e-50,3.08446235751674e-50,NA,"tags=51%, list=13%, signal=47%",783
"B12_1_5x_all","B12_1_5x_all","CRPCvsHSPCcouple","CRPC vs HSPC couple","TRIM44",-0.238720320896058,17260,0.00736442164565196,0.0693790047452936,"No",FALSE,783,0.62093438964798,2.35482729256816,3.08446235751674e-50,3.08446235751674e-50,NA,"tags=51%, list=13%, signal=47%",783
"B12_1_5x_all","B12_1_5x_all","CRPCvsHSPCcouple","CRPC vs HSPC couple","SP4",-0.238816951262256,17262,0.00254332910688239,0.0357039836163082,"No",FALSE,783,0.62093438964798,2.35482729256816,3.08446235751674e-50,3.08446235751674e-50,NA,"tags=51%, list=13%, signal=47%",783
"B12_1_5x_all","B12_1_5x_all","CRPCvsHSPCcouple","CRPC vs HSPC couple","USP32",-0.240302256008938,17280,0.0156020530767777,0.10787384691654,"No",FALSE,783,0.62093438964798,2.35482729256816,3.08446235751674e-50,3.08446235751674e-50,NA,"tags=51%, list=13%, signal=47%",783
"B12_1_5x_all","B12_1_5x_all","CRPCvsHSPCcouple","CRPC vs HSPC couple","THBS1",-0.240951942606769,17289,0.342755433305698,0.583623555200893,"No",FALSE,783,0.62093438964798,2.35482729256816,3.08446235751674e-50,3.08446235751674e-50,NA,"tags=51%, list=13%, signal=47%",783
"B12_1_5x_all","B12_1_5x_all","CRPCvsHSPCcouple","CRPC vs HSPC couple","SIPA1L3",-0.243270871464488,17320,0.0613384800762504,0.235388751083713,"No",FALSE,783,0.62093438964798,2.35482729256816,3.08446235751674e-50,3.08446235751674e-50,NA,"tags=51%, list=13%, signal=47%",783
"B12_1_5x_all","B12_1_5x_all","CRPCvsHSPCcouple","CRPC vs HSPC couple","UBR4",-0.24627428381066,17351,0.0427043562599869,0.191477780019926,"No",FALSE,783,0.62093438964798,2.35482729256816,3.08446235751674e-50,3.08446235751674e-50,NA,"tags=51%, list=13%, signal=47%",783
"B12_1_5x_all","B12_1_5x_all","CRPCvsHSPCcouple","CRPC vs HSPC couple","ZNF460",-0.249243293872266,17378,0.140485276322913,0.365456825311879,"No",FALSE,783,0.62093438964798,2.35482729256816,3.08446235751674e-50,3.08446235751674e-50,NA,"tags=51%, list=13%, signal=47%",783
"B12_1_5x_all","B12_1_5x_all","CRPCvsHSPCcouple","CRPC vs HSPC couple","PARP4",-0.249919718317392,17385,0.0234323340113489,0.136231204769354,"No",FALSE,783,0.62093438964798,2.35482729256816,3.08446235751674e-50,3.08446235751674e-50,NA,"tags=51%, list=13%, signal=47%",783
"B12_1_5x_all","B12_1_5x_all","CRPCvsHSPCcouple","CRPC vs HSPC couple","RASEF",-0.253164616275755,17418,0.0569584029189172,0.225723983925025,"No",FALSE,783,0.62093438964798,2.35482729256816,3.08446235751674e-50,3.08446235751674e-50,NA,"tags=51%, list=13%, signal=47%",783
"B12_1_5x_all","B12_1_5x_all","CRPCvsHSPCcouple","CRPC vs HSPC couple","SREK1IP1",-0.25535253792528,17438,0.00729780350279797,0.0690362385218076,"No",FALSE,783,0.62093438964798,2.35482729256816,3.08446235751674e-50,3.08446235751674e-50,NA,"tags=51%, list=13%, signal=47%",783
"B12_1_5x_all","B12_1_5x_all","CRPCvsHSPCcouple","CRPC vs HSPC couple","SH3PXD2B",-0.25694866584158,17453,0.0232405810839277,0.135547795229919,"No",FALSE,783,0.62093438964798,2.35482729256816,3.08446235751674e-50,3.08446235751674e-50,NA,"tags=51%, list=13%, signal=47%",783
"B12_1_5x_all","B12_1_5x_all","CRPCvsHSPCcouple","CRPC vs HSPC couple","RNF169",-0.259102539059861,17473,0.0251556170359823,0.141346556873666,"No",FALSE,783,0.62093438964798,2.35482729256816,3.08446235751674e-50,3.08446235751674e-50,NA,"tags=51%, list=13%, signal=47%",783
"B12_1_5x_all","B12_1_5x_all","CRPCvsHSPCcouple","CRPC vs HSPC couple","LRIG1",-0.261756114195927,17510,0.0710843296291218,0.256208761928668,"No",FALSE,783,0.62093438964798,2.35482729256816,3.08446235751674e-50,3.08446235751674e-50,NA,"tags=51%, list=13%, signal=47%",783
"B12_1_5x_all","B12_1_5x_all","CRPCvsHSPCcouple","CRPC vs HSPC couple","EGFR",-0.262754095511366,17518,0.0564145634943368,0.224319728200054,"No",FALSE,783,0.62093438964798,2.35482729256816,3.08446235751674e-50,3.08446235751674e-50,NA,"tags=51%, list=13%, signal=47%",783
"B12_1_5x_all","B12_1_5x_all","CRPCvsHSPCcouple","CRPC vs HSPC couple","SPIRE1",-0.264919089131884,17536,0.0182345325103482,0.117824621636551,"No",FALSE,783,0.62093438964798,2.35482729256816,3.08446235751674e-50,3.08446235751674e-50,NA,"tags=51%, list=13%, signal=47%",783
"B12_1_5x_all","B12_1_5x_all","CRPCvsHSPCcouple","CRPC vs HSPC couple","MT1G",-0.265346440131192,17538,0.474965467730046,0.697149118736454,"No",FALSE,783,0.62093438964798,2.35482729256816,3.08446235751674e-50,3.08446235751674e-50,NA,"tags=51%, list=13%, signal=47%",783
"B12_1_5x_all","B12_1_5x_all","CRPCvsHSPCcouple","CRPC vs HSPC couple","MYO5A",-0.265604387121243,17540,0.00803912753086228,0.0726624159358047,"No",FALSE,783,0.62093438964798,2.35482729256816,3.08446235751674e-50,3.08446235751674e-50,NA,"tags=51%, list=13%, signal=47%",783
"B12_1_5x_all","B12_1_5x_all","CRPCvsHSPCcouple","CRPC vs HSPC couple","ABHD2",-0.267377313644947,17558,0.210518936200941,0.451196692195541,"No",FALSE,783,0.62093438964798,2.35482729256816,3.08446235751674e-50,3.08446235751674e-50,NA,"tags=51%, list=13%, signal=47%",783
"B12_1_5x_all","B12_1_5x_all","CRPCvsHSPCcouple","CRPC vs HSPC couple","KLHL11",-0.271818151630124,17589,0.0180871144291022,0.117107424408975,"No",FALSE,783,0.62093438964798,2.35482729256816,3.08446235751674e-50,3.08446235751674e-50,NA,"tags=51%, list=13%, signal=47%",783
"B12_1_5x_all","B12_1_5x_all","CRPCvsHSPCcouple","CRPC vs HSPC couple","RBL2",-0.273722804613874,17606,0.0348623534768419,0.171467585073094,"No",FALSE,783,0.62093438964798,2.35482729256816,3.08446235751674e-50,3.08446235751674e-50,NA,"tags=51%, list=13%, signal=47%",783
"B12_1_5x_all","B12_1_5x_all","CRPCvsHSPCcouple","CRPC vs HSPC couple","DHTKD1",-0.27464078576512,17616,0.0205508992940805,0.126782599596409,"No",FALSE,783,0.62093438964798,2.35482729256816,3.08446235751674e-50,3.08446235751674e-50,NA,"tags=51%, list=13%, signal=47%",783
"B12_1_5x_all","B12_1_5x_all","CRPCvsHSPCcouple","CRPC vs HSPC couple","NT5C2",-0.275927747085297,17625,0.0172060324939905,0.113871431505423,"No",FALSE,783,0.62093438964798,2.35482729256816,3.08446235751674e-50,3.08446235751674e-50,NA,"tags=51%, list=13%, signal=47%",783
"B12_1_5x_all","B12_1_5x_all","CRPCvsHSPCcouple","CRPC vs HSPC couple","WNK1",-0.278179514094032,17636,0.0208956297745744,0.127913555927568,"No",FALSE,783,0.62093438964798,2.35482729256816,3.08446235751674e-50,3.08446235751674e-50,NA,"tags=51%, list=13%, signal=47%",783
"B12_1_5x_all","B12_1_5x_all","CRPCvsHSPCcouple","CRPC vs HSPC couple","ABAT",-0.280897658305376,17657,0.122369701142997,0.339560584958092,"No",FALSE,783,0.62093438964798,2.35482729256816,3.08446235751674e-50,3.08446235751674e-50,NA,"tags=51%, list=13%, signal=47%",783
"B12_1_5x_all","B12_1_5x_all","CRPCvsHSPCcouple","CRPC vs HSPC couple","DDAH1",-0.281295421397892,17661,0.00544677048173317,0.0577794171834029,"No",FALSE,783,0.62093438964798,2.35482729256816,3.08446235751674e-50,3.08446235751674e-50,NA,"tags=51%, list=13%, signal=47%",783
"B12_1_5x_all","B12_1_5x_all","CRPCvsHSPCcouple","CRPC vs HSPC couple","GRPR",-0.281801053870694,17665,0.0454950043627688,0.197562138576795,"No",FALSE,783,0.62093438964798,2.35482729256816,3.08446235751674e-50,3.08446235751674e-50,NA,"tags=51%, list=13%, signal=47%",783
"B12_1_5x_all","B12_1_5x_all","CRPCvsHSPCcouple","CRPC vs HSPC couple","MT1F",-0.284782652199208,17683,0.262935813711729,0.507755493842706,"No",FALSE,783,0.62093438964798,2.35482729256816,3.08446235751674e-50,3.08446235751674e-50,NA,"tags=51%, list=13%, signal=47%",783
"B12_1_5x_all","B12_1_5x_all","CRPCvsHSPCcouple","CRPC vs HSPC couple","DYNC1LI2",-0.285302472359123,17686,0.0204805666498046,0.126520512132976,"No",FALSE,783,0.62093438964798,2.35482729256816,3.08446235751674e-50,3.08446235751674e-50,NA,"tags=51%, list=13%, signal=47%",783
"B12_1_5x_all","B12_1_5x_all","CRPCvsHSPCcouple","CRPC vs HSPC couple","ZBED3",-0.286190811969071,17694,0.00830703814989864,0.0744211210810193,"No",FALSE,783,0.62093438964798,2.35482729256816,3.08446235751674e-50,3.08446235751674e-50,NA,"tags=51%, list=13%, signal=47%",783
"B12_1_5x_all","B12_1_5x_all","CRPCvsHSPCcouple","CRPC vs HSPC couple","CDCA7L",-0.286504620310508,17697,0.0772578420084742,0.26865962306659,"No",FALSE,783,0.62093438964798,2.35482729256816,3.08446235751674e-50,3.08446235751674e-50,NA,"tags=51%, list=13%, signal=47%",783
"B12_1_5x_all","B12_1_5x_all","CRPCvsHSPCcouple","CRPC vs HSPC couple","SLC22A23",-0.294174804333733,17747,0.0213173987251298,0.129197380119865,"No",FALSE,783,0.62093438964798,2.35482729256816,3.08446235751674e-50,3.08446235751674e-50,NA,"tags=51%, list=13%, signal=47%",783
"B12_1_5x_all","B12_1_5x_all","CRPCvsHSPCcouple","CRPC vs HSPC couple","PRIM1",-0.297197109525647,17765,0.00116397673049764,0.0218748589876548,"No",FALSE,783,0.62093438964798,2.35482729256816,3.08446235751674e-50,3.08446235751674e-50,NA,"tags=51%, list=13%, signal=47%",783
"B12_1_5x_all","B12_1_5x_all","CRPCvsHSPCcouple","CRPC vs HSPC couple","KMT2D",-0.297419964430531,17767,0.0200298002179464,0.124829618927086,"No",FALSE,783,0.62093438964798,2.35482729256816,3.08446235751674e-50,3.08446235751674e-50,NA,"tags=51%, list=13%, signal=47%",783
"B12_1_5x_all","B12_1_5x_all","CRPCvsHSPCcouple","CRPC vs HSPC couple","ARFGEF3",-0.299866206210873,17779,0.0504228264631811,0.210098944115632,"No",FALSE,783,0.62093438964798,2.35482729256816,3.08446235751674e-50,3.08446235751674e-50,NA,"tags=51%, list=13%, signal=47%",783
"B12_1_5x_all","B12_1_5x_all","CRPCvsHSPCcouple","CRPC vs HSPC couple","CHDH",-0.299904213664605,17780,0.0348012926967986,0.171392888548099,"No",FALSE,783,0.62093438964798,2.35482729256816,3.08446235751674e-50,3.08446235751674e-50,NA,"tags=51%, list=13%, signal=47%",783
"B12_1_5x_all","B12_1_5x_all","CRPCvsHSPCcouple","CRPC vs HSPC couple","USP34",-0.301462392479958,17788,0.0259648170243107,0.143716327052776,"No",FALSE,783,0.62093438964798,2.35482729256816,3.08446235751674e-50,3.08446235751674e-50,NA,"tags=51%, list=13%, signal=47%",783
"B12_1_5x_all","B12_1_5x_all","CRPCvsHSPCcouple","CRPC vs HSPC couple","SLC7A1",-0.306739739051813,17816,0.0164777513205458,0.111233955422177,"No",FALSE,783,0.62093438964798,2.35482729256816,3.08446235751674e-50,3.08446235751674e-50,NA,"tags=51%, list=13%, signal=47%",783
"B12_1_5x_all","B12_1_5x_all","CRPCvsHSPCcouple","CRPC vs HSPC couple","MED1",-0.309913159060462,17833,0.00205698271336456,0.031227896312113,"No",FALSE,783,0.62093438964798,2.35482729256816,3.08446235751674e-50,3.08446235751674e-50,NA,"tags=51%, list=13%, signal=47%",783
"B12_1_5x_all","B12_1_5x_all","CRPCvsHSPCcouple","CRPC vs HSPC couple","ACER2",-0.310020286375646,17834,0.0308853590286847,0.159373687394628,"No",FALSE,783,0.62093438964798,2.35482729256816,3.08446235751674e-50,3.08446235751674e-50,NA,"tags=51%, list=13%, signal=47%",783
"B12_1_5x_all","B12_1_5x_all","CRPCvsHSPCcouple","CRPC vs HSPC couple","RAB11FIP1",-0.313621725179198,17850,0.046301086515011,0.199288866015482,"No",FALSE,783,0.62093438964798,2.35482729256816,3.08446235751674e-50,3.08446235751674e-50,NA,"tags=51%, list=13%, signal=47%",783
"B12_1_5x_all","B12_1_5x_all","CRPCvsHSPCcouple","CRPC vs HSPC couple","ASH1L",-0.315015572213924,17853,0.0123942899139355,0.0950489059017042,"No",FALSE,783,0.62093438964798,2.35482729256816,3.08446235751674e-50,3.08446235751674e-50,NA,"tags=51%, list=13%, signal=47%",783
"B12_1_5x_all","B12_1_5x_all","CRPCvsHSPCcouple","CRPC vs HSPC couple","EP300",-0.316356308857019,17854,0.00461922201667358,0.0522406113716994,"No",FALSE,783,0.62093438964798,2.35482729256816,3.08446235751674e-50,3.08446235751674e-50,NA,"tags=51%, list=13%, signal=47%",783
"B12_1_5x_all","B12_1_5x_all","CRPCvsHSPCcouple","CRPC vs HSPC couple","ATP11A",-0.323921219587638,17886,0.054811573254994,0.220771788533933,"No",FALSE,783,0.62093438964798,2.35482729256816,3.08446235751674e-50,3.08446235751674e-50,NA,"tags=51%, list=13%, signal=47%",783
"B12_1_5x_all","B12_1_5x_all","CRPCvsHSPCcouple","CRPC vs HSPC couple","EPB41",-0.325561780335353,17897,0.0131820486413487,0.0983504821487871,"No",FALSE,783,0.62093438964798,2.35482729256816,3.08446235751674e-50,3.08446235751674e-50,NA,"tags=51%, list=13%, signal=47%",783
"B12_1_5x_all","B12_1_5x_all","CRPCvsHSPCcouple","CRPC vs HSPC couple","SASH1",-0.334950910111619,17934,0.00478465757906459,0.0532610237640298,"No",FALSE,783,0.62093438964798,2.35482729256816,3.08446235751674e-50,3.08446235751674e-50,NA,"tags=51%, list=13%, signal=47%",783
"B12_1_5x_all","B12_1_5x_all","CRPCvsHSPCcouple","CRPC vs HSPC couple","EVC",-0.33591036030505,17940,0.0151919996101793,0.106408073956727,"No",FALSE,783,0.62093438964798,2.35482729256816,3.08446235751674e-50,3.08446235751674e-50,NA,"tags=51%, list=13%, signal=47%",783
"B12_1_5x_all","B12_1_5x_all","CRPCvsHSPCcouple","CRPC vs HSPC couple","CHD6",-0.346640734113552,17965,0.00151703593805142,0.0260203713430848,"No",FALSE,783,0.62093438964798,2.35482729256816,3.08446235751674e-50,3.08446235751674e-50,NA,"tags=51%, list=13%, signal=47%",783
"B12_1_5x_all","B12_1_5x_all","CRPCvsHSPCcouple","CRPC vs HSPC couple","HIPK2",-0.353016073838677,17981,0.0135386949978287,0.0998028012612337,"No",FALSE,783,0.62093438964798,2.35482729256816,3.08446235751674e-50,3.08446235751674e-50,NA,"tags=51%, list=13%, signal=47%",783
"B12_1_5x_all","B12_1_5x_all","CRPCvsHSPCcouple","CRPC vs HSPC couple","ZNF770",-0.353759617826139,17982,0.00820118046293729,0.0738230960536373,"No",FALSE,783,0.62093438964798,2.35482729256816,3.08446235751674e-50,3.08446235751674e-50,NA,"tags=51%, list=13%, signal=47%",783
"B12_1_5x_all","B12_1_5x_all","CRPCvsHSPCcouple","CRPC vs HSPC couple","CNOT1",-0.360776613677937,17997,0.0189117785334336,0.1202441554021,"No",FALSE,783,0.62093438964798,2.35482729256816,3.08446235751674e-50,3.08446235751674e-50,NA,"tags=51%, list=13%, signal=47%",783
"B12_1_5x_all","B12_1_5x_all","CRPCvsHSPCcouple","CRPC vs HSPC couple","TOM1L1",-0.364852865496254,18010,0.000679261909592919,0.0159282121983746,"No",FALSE,783,0.62093438964798,2.35482729256816,3.08446235751674e-50,3.08446235751674e-50,NA,"tags=51%, list=13%, signal=47%",783
"B12_1_5x_all","B12_1_5x_all","CRPCvsHSPCcouple","CRPC vs HSPC couple","NFAT5",-0.379780810696589,18038,0.00755904478164197,0.0703777120419235,"No",FALSE,783,0.62093438964798,2.35482729256816,3.08446235751674e-50,3.08446235751674e-50,NA,"tags=51%, list=13%, signal=47%",783
"B12_1_5x_all","B12_1_5x_all","CRPCvsHSPCcouple","CRPC vs HSPC couple","FOXN3",-0.385929531355891,18053,0.00113737222449175,0.0215076381209015,"No",FALSE,783,0.62093438964798,2.35482729256816,3.08446235751674e-50,3.08446235751674e-50,NA,"tags=51%, list=13%, signal=47%",783
"B12_1_5x_all","B12_1_5x_all","CRPCvsHSPCcouple","CRPC vs HSPC couple","MAP1B",-0.389036579665079,18061,0.0876348817280346,0.286818347823721,"No",FALSE,783,0.62093438964798,2.35482729256816,3.08446235751674e-50,3.08446235751674e-50,NA,"tags=51%, list=13%, signal=47%",783
"B12_1_5x_all","B12_1_5x_all","CRPCvsHSPCcouple","CRPC vs HSPC couple","UBE4A",-0.392905940488121,18069,0.00378182593662692,0.045855362065823,"No",FALSE,783,0.62093438964798,2.35482729256816,3.08446235751674e-50,3.08446235751674e-50,NA,"tags=51%, list=13%, signal=47%",783
"B12_1_5x_all","B12_1_5x_all","CRPCvsHSPCcouple","CRPC vs HSPC couple","SOGA1",-0.393691663018592,18072,0.00166070434828985,0.0275767697754025,"No",FALSE,783,0.62093438964798,2.35482729256816,3.08446235751674e-50,3.08446235751674e-50,NA,"tags=51%, list=13%, signal=47%",783
"B12_1_5x_all","B12_1_5x_all","CRPCvsHSPCcouple","CRPC vs HSPC couple","SLC2A12",-0.398318479023893,18086,0.0574255886551762,0.226760317329032,"No",FALSE,783,0.62093438964798,2.35482729256816,3.08446235751674e-50,3.08446235751674e-50,NA,"tags=51%, list=13%, signal=47%",783
"B12_1_5x_all","B12_1_5x_all","CRPCvsHSPCcouple","CRPC vs HSPC couple","EIF5B",-0.39934048122262,18089,6.96735142554958e-05,0.00398973694327631,"No",FALSE,783,0.62093438964798,2.35482729256816,3.08446235751674e-50,3.08446235751674e-50,NA,"tags=51%, list=13%, signal=47%",783
"B12_1_5x_all","B12_1_5x_all","CRPCvsHSPCcouple","CRPC vs HSPC couple","USP54",-0.401634394224024,18092,0.00658834198795573,0.0650536449156689,"No",FALSE,783,0.62093438964798,2.35482729256816,3.08446235751674e-50,3.08446235751674e-50,NA,"tags=51%, list=13%, signal=47%",783
"B12_1_5x_all","B12_1_5x_all","CRPCvsHSPCcouple","CRPC vs HSPC couple","ITPR3",-0.402865469433201,18097,0.0340854803477226,0.169564125684055,"No",FALSE,783,0.62093438964798,2.35482729256816,3.08446235751674e-50,3.08446235751674e-50,NA,"tags=51%, list=13%, signal=47%",783
"B12_1_5x_all","B12_1_5x_all","CRPCvsHSPCcouple","CRPC vs HSPC couple","NRIP1",-0.432200244236836,18144,0.00400224596504342,0.0476831000605208,"No",FALSE,783,0.62093438964798,2.35482729256816,3.08446235751674e-50,3.08446235751674e-50,NA,"tags=51%, list=13%, signal=47%",783
"B12_1_5x_all","B12_1_5x_all","CRPCvsHSPCcouple","CRPC vs HSPC couple","MT-ND6",-0.432758569095563,18145,0.0472421031407459,0.202101053412647,"No",FALSE,783,0.62093438964798,2.35482729256816,3.08446235751674e-50,3.08446235751674e-50,NA,"tags=51%, list=13%, signal=47%",783
"B12_1_5x_all","B12_1_5x_all","CRPCvsHSPCcouple","CRPC vs HSPC couple","MT-CO1",-0.436891058039746,18151,0.0177819619500251,0.116132677490564,"No",FALSE,783,0.62093438964798,2.35482729256816,3.08446235751674e-50,3.08446235751674e-50,NA,"tags=51%, list=13%, signal=47%",783
"B12_1_5x_all","B12_1_5x_all","CRPCvsHSPCcouple","CRPC vs HSPC couple","ARHGAP5",-0.441623899508366,18155,0.000781021470645509,0.0173142223352931,"No",FALSE,783,0.62093438964798,2.35482729256816,3.08446235751674e-50,3.08446235751674e-50,NA,"tags=51%, list=13%, signal=47%",783
"B12_1_5x_all","B12_1_5x_all","CRPCvsHSPCcouple","CRPC vs HSPC couple","TNC",-0.464000380507773,18174,0.0259786123571613,0.143716327052776,"No",FALSE,783,0.62093438964798,2.35482729256816,3.08446235751674e-50,3.08446235751674e-50,NA,"tags=51%, list=13%, signal=47%",783
"B12_1_5x_all","B12_1_5x_all","CRPCvsHSPCcouple","CRPC vs HSPC couple","PCDHGC3",-0.472221585157668,18178,0.000393341666853833,0.0112974406107217,"No",FALSE,783,0.62093438964798,2.35482729256816,3.08446235751674e-50,3.08446235751674e-50,NA,"tags=51%, list=13%, signal=47%",783
"B12_1_5x_all","B12_1_5x_all","CRPCvsHSPCcouple","CRPC vs HSPC couple","TFF3",-0.484844457732763,18190,0.222218305554983,0.464818709214803,"No",FALSE,783,0.62093438964798,2.35482729256816,3.08446235751674e-50,3.08446235751674e-50,NA,"tags=51%, list=13%, signal=47%",783
"B12_1_5x_all","B12_1_5x_all","CRPCvsHSPCcouple","CRPC vs HSPC couple","ENTPD5",-0.571733338059538,18223,0.00581538631010811,0.060426428741038,"No",FALSE,783,0.62093438964798,2.35482729256816,3.08446235751674e-50,3.08446235751674e-50,NA,"tags=51%, list=13%, signal=47%",783
"B12_1_5x_all","B12_1_5x_all","CRPCvsHSPCcouple","CRPC vs HSPC couple","APP",-0.578954468521724,18226,0.00116997266059933,0.0219198877858134,"No",FALSE,783,0.62093438964798,2.35482729256816,3.08446235751674e-50,3.08446235751674e-50,NA,"tags=51%, list=13%, signal=47%",783
"B12_1_5x_all","B12_1_5x_all","CRPCvsHSPCcouple","CRPC vs HSPC couple","UTRN",-0.620535861163086,18235,0.000112954207073874,0.00531548847636866,"No",FALSE,783,0.62093438964798,2.35482729256816,3.08446235751674e-50,3.08446235751674e-50,NA,"tags=51%, list=13%, signal=47%",783
"B12_1_5x_all","B12_1_5x_all","CRPCvsHSPCcouple","CRPC vs HSPC couple","ABCC4",-0.696412417742405,18241,0.00435113902358139,0.0504329038983257,"No",FALSE,783,0.62093438964798,2.35482729256816,3.08446235751674e-50,3.08446235751674e-50,NA,"tags=51%, list=13%, signal=47%",783
