"GSEA_ID","Description","background","background_label","Gene","log2FC","rank","core_enrichment","是否为core gene","background_pvalue","background_p.adjust","setSize","enrichmentScore","NES","GSEA_pvalue","GSEA_p.adjust","qvalue","leading_edge","matched_genes"
"BB3_all","BB3_all","CRPCvsNormal","CRPC vs Normal","FASN",2.30400633497224,28,TRUE,"Yes",2.49299594139256e-16,2.86396628084758e-14,505,0.347962491066595,1.49057032303872,2.23765450862068e-05,2.23765450862068e-05,NA,"tags=39%, list=26%, signal=29%",505
"BB3_all","BB3_all","CRPCvsNormal","CRPC vs Normal","ABCC4",1.91679239366796,42,TRUE,"Yes",1.2630261128429e-09,1.64829967607792e-08,505,0.347962491066595,1.49057032303872,2.23765450862068e-05,2.23765450862068e-05,NA,"tags=39%, list=26%, signal=29%",505
"BB3_all","BB3_all","CRPCvsNormal","CRPC vs Normal","GCNT1",1.39187238420357,110,TRUE,"Yes",9.92760610341402e-10,1.34324187470341e-08,505,0.347962491066595,1.49057032303872,2.23765450862068e-05,2.23765450862068e-05,NA,"tags=39%, list=26%, signal=29%",505
"BB3_all","BB3_all","CRPCvsNormal","CRPC vs Normal","KLK15",1.37282560183721,121,TRUE,"Yes",8.32050183074277e-12,2.08766876978499e-10,505,0.347962491066595,1.49057032303872,2.23765450862068e-05,2.23765450862068e-05,NA,"tags=39%, list=26%, signal=29%",505
"BB3_all","BB3_all","CRPCvsNormal","CRPC vs Normal","SMPDL3B",1.29888636972905,139,TRUE,"Yes",2.05515479872069e-13,8.60996732876885e-12,505,0.347962491066595,1.49057032303872,2.23765450862068e-05,2.23765450862068e-05,NA,"tags=39%, list=26%, signal=29%",505
"BB3_all","BB3_all","CRPCvsNormal","CRPC vs Normal","SAPCD2",1.26727338499734,154,TRUE,"Yes",7.3337669806015e-12,1.88144083802903e-10,505,0.347962491066595,1.49057032303872,2.23765450862068e-05,2.23765450862068e-05,NA,"tags=39%, list=26%, signal=29%",505
"BB3_all","BB3_all","CRPCvsNormal","CRPC vs Normal","PKIB",1.26229950948228,158,TRUE,"Yes",3.67964581230643e-10,5.62953275245214e-09,505,0.347962491066595,1.49057032303872,2.23765450862068e-05,2.23765450862068e-05,NA,"tags=39%, list=26%, signal=29%",505
"BB3_all","BB3_all","CRPCvsNormal","CRPC vs Normal","RALGAPA2",1.16571693416477,195,TRUE,"Yes",8.14013515902755e-11,1.5203242210102e-09,505,0.347962491066595,1.49057032303872,2.23765450862068e-05,2.23765450862068e-05,NA,"tags=39%, list=26%, signal=29%",505
"BB3_all","BB3_all","CRPCvsNormal","CRPC vs Normal","ENTPD5",1.09636548772797,235,TRUE,"Yes",1.73963573109914e-05,7.61471034369923e-05,505,0.347962491066595,1.49057032303872,2.23765450862068e-05,2.23765450862068e-05,NA,"tags=39%, list=26%, signal=29%",505
"BB3_all","BB3_all","CRPCvsNormal","CRPC vs Normal","AR",1.06697119357047,250,TRUE,"Yes",4.32418057594328e-06,2.17770836504494e-05,505,0.347962491066595,1.49057032303872,2.23765450862068e-05,2.23765450862068e-05,NA,"tags=39%, list=26%, signal=29%",505
"BB3_all","BB3_all","CRPCvsNormal","CRPC vs Normal","ZNF350",1.0645349212725,253,TRUE,"Yes",2.76619118400275e-09,3.25562166024447e-08,505,0.347962491066595,1.49057032303872,2.23765450862068e-05,2.23765450862068e-05,NA,"tags=39%, list=26%, signal=29%",505
"BB3_all","BB3_all","CRPCvsNormal","CRPC vs Normal","PRR15L",1.02406736663486,282,TRUE,"Yes",2.70853329870115e-09,3.20635575075017e-08,505,0.347962491066595,1.49057032303872,2.23765450862068e-05,2.23765450862068e-05,NA,"tags=39%, list=26%, signal=29%",505
"BB3_all","BB3_all","CRPCvsNormal","CRPC vs Normal","MAOA",1.01195170311896,291,TRUE,"Yes",6.68540033458218e-07,4.08686487655549e-06,505,0.347962491066595,1.49057032303872,2.23765450862068e-05,2.23765450862068e-05,NA,"tags=39%, list=26%, signal=29%",505
"BB3_all","BB3_all","CRPCvsNormal","CRPC vs Normal","IMPDH2",0.996242314844194,306,TRUE,"Yes",8.19148157710004e-12,2.06380141361806e-10,505,0.347962491066595,1.49057032303872,2.23765450862068e-05,2.23765450862068e-05,NA,"tags=39%, list=26%, signal=29%",505
"BB3_all","BB3_all","CRPCvsNormal","CRPC vs Normal","HOXC4",0.996060066986268,307,TRUE,"Yes",3.93801348541047e-11,8.07314863350254e-10,505,0.347962491066595,1.49057032303872,2.23765450862068e-05,2.23765450862068e-05,NA,"tags=39%, list=26%, signal=29%",505
"BB3_all","BB3_all","CRPCvsNormal","CRPC vs Normal","EMB",0.990946512884895,313,TRUE,"Yes",2.36044696488152e-07,1.61181025272994e-06,505,0.347962491066595,1.49057032303872,2.23765450862068e-05,2.23765450862068e-05,NA,"tags=39%, list=26%, signal=29%",505
"BB3_all","BB3_all","CRPCvsNormal","CRPC vs Normal","TMTC4",0.990348404049193,315,TRUE,"Yes",5.44213448143023e-12,1.44695820142365e-10,505,0.347962491066595,1.49057032303872,2.23765450862068e-05,2.23765450862068e-05,NA,"tags=39%, list=26%, signal=29%",505
"BB3_all","BB3_all","CRPCvsNormal","CRPC vs Normal","MEX3A",0.986918981390128,320,TRUE,"Yes",8.11224709350438e-09,8.38112587160356e-08,505,0.347962491066595,1.49057032303872,2.23765450862068e-05,2.23765450862068e-05,NA,"tags=39%, list=26%, signal=29%",505
"BB3_all","BB3_all","CRPCvsNormal","CRPC vs Normal","ADRA2A",0.976892999593293,327,TRUE,"Yes",9.43048069381879e-06,4.41006554923948e-05,505,0.347962491066595,1.49057032303872,2.23765450862068e-05,2.23765450862068e-05,NA,"tags=39%, list=26%, signal=29%",505
"BB3_all","BB3_all","CRPCvsNormal","CRPC vs Normal","SLC12A8",0.963230223258821,337,TRUE,"Yes",8.39821216264226e-13,2.86732230584717e-11,505,0.347962491066595,1.49057032303872,2.23765450862068e-05,2.23765450862068e-05,NA,"tags=39%, list=26%, signal=29%",505
"BB3_all","BB3_all","CRPCvsNormal","CRPC vs Normal","PLXNB3",0.938909484434097,362,TRUE,"Yes",1.6068981263627e-09,2.03972211092016e-08,505,0.347962491066595,1.49057032303872,2.23765450862068e-05,2.23765450862068e-05,NA,"tags=39%, list=26%, signal=29%",505
"BB3_all","BB3_all","CRPCvsNormal","CRPC vs Normal","ACACA",0.931686102656,370,TRUE,"Yes",2.16143210094804e-11,4.89835220296735e-10,505,0.347962491066595,1.49057032303872,2.23765450862068e-05,2.23765450862068e-05,NA,"tags=39%, list=26%, signal=29%",505
"BB3_all","BB3_all","CRPCvsNormal","CRPC vs Normal","EEF2",0.929377574142737,374,TRUE,"Yes",1.71944638386387e-14,1.02304259438624e-12,505,0.347962491066595,1.49057032303872,2.23765450862068e-05,2.23765450862068e-05,NA,"tags=39%, list=26%, signal=29%",505
"BB3_all","BB3_all","CRPCvsNormal","CRPC vs Normal","PLEKHH1",0.905193727915609,407,TRUE,"Yes",2.75599899610367e-06,1.45200685499941e-05,505,0.347962491066595,1.49057032303872,2.23765450862068e-05,2.23765450862068e-05,NA,"tags=39%, list=26%, signal=29%",505
"BB3_all","BB3_all","CRPCvsNormal","CRPC vs Normal","SNRPN",0.881918018695671,444,TRUE,"Yes",1.08459666274825e-10,1.95570016206905e-09,505,0.347962491066595,1.49057032303872,2.23765450862068e-05,2.23765450862068e-05,NA,"tags=39%, list=26%, signal=29%",505
"BB3_all","BB3_all","CRPCvsNormal","CRPC vs Normal","MMP10",0.848878696110702,484,TRUE,"Yes",0.000120402509911664,0.000427790750057664,505,0.347962491066595,1.49057032303872,2.23765450862068e-05,2.23765450862068e-05,NA,"tags=39%, list=26%, signal=29%",505
"BB3_all","BB3_all","CRPCvsNormal","CRPC vs Normal","ACSL3",0.829451128915058,514,TRUE,"Yes",3.80603588936024e-05,0.000152291460142506,505,0.347962491066595,1.49057032303872,2.23765450862068e-05,2.23765450862068e-05,NA,"tags=39%, list=26%, signal=29%",505
"BB3_all","BB3_all","CRPCvsNormal","CRPC vs Normal","MON1B",0.759318028561461,650,TRUE,"Yes",7.83946175385243e-06,3.73002366230447e-05,505,0.347962491066595,1.49057032303872,2.23765450862068e-05,2.23765450862068e-05,NA,"tags=39%, list=26%, signal=29%",505
"BB3_all","BB3_all","CRPCvsNormal","CRPC vs Normal","ZMYND19",0.750032534258077,676,TRUE,"Yes",3.67039360613581e-16,3.89787265172539e-14,505,0.347962491066595,1.49057032303872,2.23765450862068e-05,2.23765450862068e-05,NA,"tags=39%, list=26%, signal=29%",505
"BB3_all","BB3_all","CRPCvsNormal","CRPC vs Normal","COX6A1",0.749902244252431,677,TRUE,"Yes",6.60829821286396e-09,6.96923644088759e-08,505,0.347962491066595,1.49057032303872,2.23765450862068e-05,2.23765450862068e-05,NA,"tags=39%, list=26%, signal=29%",505
"BB3_all","BB3_all","CRPCvsNormal","CRPC vs Normal","TWNK",0.740061001006022,700,TRUE,"Yes",2.373559593659e-11,5.28080871349273e-10,505,0.347962491066595,1.49057032303872,2.23765450862068e-05,2.23765450862068e-05,NA,"tags=39%, list=26%, signal=29%",505
"BB3_all","BB3_all","CRPCvsNormal","CRPC vs Normal","ACLY",0.738701293462762,704,TRUE,"Yes",2.1597833005826e-05,9.20271992193149e-05,505,0.347962491066595,1.49057032303872,2.23765450862068e-05,2.23765450862068e-05,NA,"tags=39%, list=26%, signal=29%",505
"BB3_all","BB3_all","CRPCvsNormal","CRPC vs Normal","SLC25A42",0.731622138229824,716,TRUE,"Yes",2.61469233372891e-11,5.75421327324003e-10,505,0.347962491066595,1.49057032303872,2.23765450862068e-05,2.23765450862068e-05,NA,"tags=39%, list=26%, signal=29%",505
"BB3_all","BB3_all","CRPCvsNormal","CRPC vs Normal","PDCD2L",0.726661857016284,724,TRUE,"Yes",6.04880541143909e-17,8.49903689579588e-15,505,0.347962491066595,1.49057032303872,2.23765450862068e-05,2.23765450862068e-05,NA,"tags=39%, list=26%, signal=29%",505
"BB3_all","BB3_all","CRPCvsNormal","CRPC vs Normal","ANKRD13B",0.723432555686269,728,TRUE,"Yes",4.0681752653716e-08,3.43071511529444e-07,505,0.347962491066595,1.49057032303872,2.23765450862068e-05,2.23765450862068e-05,NA,"tags=39%, list=26%, signal=29%",505
"BB3_all","BB3_all","CRPCvsNormal","CRPC vs Normal","FKBP4",0.697447264325727,813,TRUE,"Yes",1.16891374258961e-09,1.54272965477903e-08,505,0.347962491066595,1.49057032303872,2.23765450862068e-05,2.23765450862068e-05,NA,"tags=39%, list=26%, signal=29%",505
"BB3_all","BB3_all","CRPCvsNormal","CRPC vs Normal","ZBTB16",0.695827248047595,818,TRUE,"Yes",0.00035920801318256,0.00112620898880753,505,0.347962491066595,1.49057032303872,2.23765450862068e-05,2.23765450862068e-05,NA,"tags=39%, list=26%, signal=29%",505
"BB3_all","BB3_all","CRPCvsNormal","CRPC vs Normal","ABHD12",0.692808933983433,829,TRUE,"Yes",3.64359243928073e-07,2.38174296665556e-06,505,0.347962491066595,1.49057032303872,2.23765450862068e-05,2.23765450862068e-05,NA,"tags=39%, list=26%, signal=29%",505
"BB3_all","BB3_all","CRPCvsNormal","CRPC vs Normal","P4HA1",0.690136599251226,838,TRUE,"Yes",2.87542523403103e-06,1.5092677392187e-05,505,0.347962491066595,1.49057032303872,2.23765450862068e-05,2.23765450862068e-05,NA,"tags=39%, list=26%, signal=29%",505
"BB3_all","BB3_all","CRPCvsNormal","CRPC vs Normal","TRIM14",0.678087254287597,880,TRUE,"Yes",8.25846547928607e-06,3.9120625115311e-05,505,0.347962491066595,1.49057032303872,2.23765450862068e-05,2.23765450862068e-05,NA,"tags=39%, list=26%, signal=29%",505
"BB3_all","BB3_all","CRPCvsNormal","CRPC vs Normal","MIA3",0.669481984042288,906,TRUE,"Yes",7.48755717801311e-05,0.000279917559176397,505,0.347962491066595,1.49057032303872,2.23765450862068e-05,2.23765450862068e-05,NA,"tags=39%, list=26%, signal=29%",505
"BB3_all","BB3_all","CRPCvsNormal","CRPC vs Normal","PPIA",0.657162983524421,956,TRUE,"Yes",8.03964659402612e-09,8.31552574668636e-08,505,0.347962491066595,1.49057032303872,2.23765450862068e-05,2.23765450862068e-05,NA,"tags=39%, list=26%, signal=29%",505
"BB3_all","BB3_all","CRPCvsNormal","CRPC vs Normal","MLEC",0.652498326804982,968,TRUE,"Yes",1.62823166024019e-09,2.0639333453121e-08,505,0.347962491066595,1.49057032303872,2.23765450862068e-05,2.23765450862068e-05,NA,"tags=39%, list=26%, signal=29%",505
"BB3_all","BB3_all","CRPCvsNormal","CRPC vs Normal","MGST1",0.651872717402236,972,TRUE,"Yes",0.0322002924931076,0.0598281500029604,505,0.347962491066595,1.49057032303872,2.23765450862068e-05,2.23765450862068e-05,NA,"tags=39%, list=26%, signal=29%",505
"BB3_all","BB3_all","CRPCvsNormal","CRPC vs Normal","SMIM4",0.64946594102422,979,TRUE,"Yes",2.6918720211876e-09,3.1886987249684e-08,505,0.347962491066595,1.49057032303872,2.23765450862068e-05,2.23765450862068e-05,NA,"tags=39%, list=26%, signal=29%",505
"BB3_all","BB3_all","CRPCvsNormal","CRPC vs Normal","ATP13A2",0.648012397170922,987,TRUE,"Yes",5.76552260952623e-09,6.18825402265121e-08,505,0.347962491066595,1.49057032303872,2.23765450862068e-05,2.23765450862068e-05,NA,"tags=39%, list=26%, signal=29%",505
"BB3_all","BB3_all","CRPCvsNormal","CRPC vs Normal","RORC",0.637796892111608,1030,TRUE,"Yes",0.000297955021779892,0.000955689044413418,505,0.347962491066595,1.49057032303872,2.23765450862068e-05,2.23765450862068e-05,NA,"tags=39%, list=26%, signal=29%",505
"BB3_all","BB3_all","CRPCvsNormal","CRPC vs Normal","UQCRQ",0.629544822171754,1070,TRUE,"Yes",1.09348518226058e-05,5.03095032149609e-05,505,0.347962491066595,1.49057032303872,2.23765450862068e-05,2.23765450862068e-05,NA,"tags=39%, list=26%, signal=29%",505
"BB3_all","BB3_all","CRPCvsNormal","CRPC vs Normal","PDCD5",0.616442659151851,1122,TRUE,"Yes",2.58351257606455e-11,5.69245364467974e-10,505,0.347962491066595,1.49057032303872,2.23765450862068e-05,2.23765450862068e-05,NA,"tags=39%, list=26%, signal=29%",505
"BB3_all","BB3_all","CRPCvsNormal","CRPC vs Normal","ZKSCAN1",0.609010427312132,1151,TRUE,"Yes",6.32922593900995e-07,3.89389157972232e-06,505,0.347962491066595,1.49057032303872,2.23765450862068e-05,2.23765450862068e-05,NA,"tags=39%, list=26%, signal=29%",505
"BB3_all","BB3_all","CRPCvsNormal","CRPC vs Normal","SLC26A1",0.60616752947374,1162,TRUE,"Yes",6.3484263007694e-10,8.98917479146155e-09,505,0.347962491066595,1.49057032303872,2.23765450862068e-05,2.23765450862068e-05,NA,"tags=39%, list=26%, signal=29%",505
"BB3_all","BB3_all","CRPCvsNormal","CRPC vs Normal","ZBTB45",0.598987800923178,1186,TRUE,"Yes",7.41409676185131e-11,1.40047457551164e-09,505,0.347962491066595,1.49057032303872,2.23765450862068e-05,2.23765450862068e-05,NA,"tags=39%, list=26%, signal=29%",505
"BB3_all","BB3_all","CRPCvsNormal","CRPC vs Normal","NDUFAF6",0.595534868682989,1198,TRUE,"Yes",2.85733714679186e-13,1.12746699979312e-11,505,0.347962491066595,1.49057032303872,2.23765450862068e-05,2.23765450862068e-05,NA,"tags=39%, list=26%, signal=29%",505
"BB3_all","BB3_all","CRPCvsNormal","CRPC vs Normal","ATP2C1",0.589295558920544,1228,TRUE,"Yes",0.000364204291467248,0.00113913623081177,505,0.347962491066595,1.49057032303872,2.23765450862068e-05,2.23765450862068e-05,NA,"tags=39%, list=26%, signal=29%",505
"BB3_all","BB3_all","CRPCvsNormal","CRPC vs Normal","POLR3E",0.582637182356927,1258,TRUE,"Yes",1.46747777589663e-14,8.84651783977814e-13,505,0.347962491066595,1.49057032303872,2.23765450862068e-05,2.23765450862068e-05,NA,"tags=39%, list=26%, signal=29%",505
"BB3_all","BB3_all","CRPCvsNormal","CRPC vs Normal","MTHFD2L",0.582280418481531,1262,TRUE,"Yes",5.62283062572572e-09,6.0593878589679e-08,505,0.347962491066595,1.49057032303872,2.23765450862068e-05,2.23765450862068e-05,NA,"tags=39%, list=26%, signal=29%",505
"BB3_all","BB3_all","CRPCvsNormal","CRPC vs Normal","NEK6",0.576911581957241,1290,TRUE,"Yes",0.000154588047745042,0.000533579984903805,505,0.347962491066595,1.49057032303872,2.23765450862068e-05,2.23765450862068e-05,NA,"tags=39%, list=26%, signal=29%",505
"BB3_all","BB3_all","CRPCvsNormal","CRPC vs Normal","EARS2",0.563337474606665,1345,TRUE,"Yes",1.51181365750286e-11,3.54490221668128e-10,505,0.347962491066595,1.49057032303872,2.23765450862068e-05,2.23765450862068e-05,NA,"tags=39%, list=26%, signal=29%",505
"BB3_all","BB3_all","CRPCvsNormal","CRPC vs Normal","OAZ3",0.559477529678618,1361,TRUE,"Yes",1.17161763599415e-08,1.15243768115612e-07,505,0.347962491066595,1.49057032303872,2.23765450862068e-05,2.23765450862068e-05,NA,"tags=39%, list=26%, signal=29%",505
"BB3_all","BB3_all","CRPCvsNormal","CRPC vs Normal","SEM1",0.546356574499131,1440,TRUE,"Yes",8.55528008908902e-07,5.07867228168021e-06,505,0.347962491066595,1.49057032303872,2.23765450862068e-05,2.23765450862068e-05,NA,"tags=39%, list=26%, signal=29%",505
"BB3_all","BB3_all","CRPCvsNormal","CRPC vs Normal","HDLBP",0.537585721323992,1493,TRUE,"Yes",9.18215239262322e-08,7.02551310648342e-07,505,0.347962491066595,1.49057032303872,2.23765450862068e-05,2.23765450862068e-05,NA,"tags=39%, list=26%, signal=29%",505
"BB3_all","BB3_all","CRPCvsNormal","CRPC vs Normal","EMC10",0.530336437198348,1529,TRUE,"Yes",1.39725321252787e-10,2.41230880718659e-09,505,0.347962491066595,1.49057032303872,2.23765450862068e-05,2.23765450862068e-05,NA,"tags=39%, list=26%, signal=29%",505
"BB3_all","BB3_all","CRPCvsNormal","CRPC vs Normal","NCAPD3",0.52778157841767,1547,TRUE,"Yes",0.0853793886502748,0.139182500052291,505,0.347962491066595,1.49057032303872,2.23765450862068e-05,2.23765450862068e-05,NA,"tags=39%, list=26%, signal=29%",505
"BB3_all","BB3_all","CRPCvsNormal","CRPC vs Normal","NDUFAB1",0.525887648212222,1554,TRUE,"Yes",6.23397911666353e-09,6.62419212012659e-08,505,0.347962491066595,1.49057032303872,2.23765450862068e-05,2.23765450862068e-05,NA,"tags=39%, list=26%, signal=29%",505
"BB3_all","BB3_all","CRPCvsNormal","CRPC vs Normal","ARPC3",0.523023274075097,1574,TRUE,"Yes",1.10864370944051e-08,1.09758731689108e-07,505,0.347962491066595,1.49057032303872,2.23765450862068e-05,2.23765450862068e-05,NA,"tags=39%, list=26%, signal=29%",505
"BB3_all","BB3_all","CRPCvsNormal","CRPC vs Normal","NDUFB1",0.518268476886401,1609,TRUE,"Yes",1.02832233655458e-05,4.7721889734517e-05,505,0.347962491066595,1.49057032303872,2.23765450862068e-05,2.23765450862068e-05,NA,"tags=39%, list=26%, signal=29%",505
"BB3_all","BB3_all","CRPCvsNormal","CRPC vs Normal","KRTCAP2",0.513329934915369,1633,TRUE,"Yes",8.73566430773744e-09,8.93424659827167e-08,505,0.347962491066595,1.49057032303872,2.23765450862068e-05,2.23765450862068e-05,NA,"tags=39%, list=26%, signal=29%",505
"BB3_all","BB3_all","CRPCvsNormal","CRPC vs Normal","AVL9",0.51267955187962,1636,TRUE,"Yes",4.69480260025293e-08,3.90328922604552e-07,505,0.347962491066595,1.49057032303872,2.23765450862068e-05,2.23765450862068e-05,NA,"tags=39%, list=26%, signal=29%",505
"BB3_all","BB3_all","CRPCvsNormal","CRPC vs Normal","HSP90B1",0.512090834826722,1638,TRUE,"Yes",3.51495592121688e-06,1.81163049822087e-05,505,0.347962491066595,1.49057032303872,2.23765450862068e-05,2.23765450862068e-05,NA,"tags=39%, list=26%, signal=29%",505
"BB3_all","BB3_all","CRPCvsNormal","CRPC vs Normal","UBE2E3",0.511098843516619,1643,TRUE,"Yes",0.000179642650186903,0.000609197903917264,505,0.347962491066595,1.49057032303872,2.23765450862068e-05,2.23765450862068e-05,NA,"tags=39%, list=26%, signal=29%",505
"BB3_all","BB3_all","CRPCvsNormal","CRPC vs Normal","PLPP5",0.509183665864656,1658,TRUE,"Yes",0.00143393639013356,0.00387058993677843,505,0.347962491066595,1.49057032303872,2.23765450862068e-05,2.23765450862068e-05,NA,"tags=39%, list=26%, signal=29%",505
"BB3_all","BB3_all","CRPCvsNormal","CRPC vs Normal","DDX21",0.505159796171673,1679,TRUE,"Yes",7.19022979678579e-06,3.44987490065903e-05,505,0.347962491066595,1.49057032303872,2.23765450862068e-05,2.23765450862068e-05,NA,"tags=39%, list=26%, signal=29%",505
"BB3_all","BB3_all","CRPCvsNormal","CRPC vs Normal","ELOC",0.496784024931636,1732,TRUE,"Yes",8.74272993570035e-08,6.74956487766283e-07,505,0.347962491066595,1.49057032303872,2.23765450862068e-05,2.23765450862068e-05,NA,"tags=39%, list=26%, signal=29%",505
"BB3_all","BB3_all","CRPCvsNormal","CRPC vs Normal","SURF2",0.493881676724541,1749,TRUE,"Yes",1.84093012935699e-05,7.99487155084041e-05,505,0.347962491066595,1.49057032303872,2.23765450862068e-05,2.23765450862068e-05,NA,"tags=39%, list=26%, signal=29%",505
"BB3_all","BB3_all","CRPCvsNormal","CRPC vs Normal","C19orf18",0.493339228889371,1757,TRUE,"Yes",3.53155613957626e-06,1.81915974183587e-05,505,0.347962491066595,1.49057032303872,2.23765450862068e-05,2.23765450862068e-05,NA,"tags=39%, list=26%, signal=29%",505
"BB3_all","BB3_all","CRPCvsNormal","CRPC vs Normal","SAT1",0.491764953099136,1767,TRUE,"Yes",0.000738480933093658,0.00215189333927922,505,0.347962491066595,1.49057032303872,2.23765450862068e-05,2.23765450862068e-05,NA,"tags=39%, list=26%, signal=29%",505
"BB3_all","BB3_all","CRPCvsNormal","CRPC vs Normal","BCL9",0.489346366245867,1787,TRUE,"Yes",4.5920096322301e-06,2.30053889035423e-05,505,0.347962491066595,1.49057032303872,2.23765450862068e-05,2.23765450862068e-05,NA,"tags=39%, list=26%, signal=29%",505
"BB3_all","BB3_all","CRPCvsNormal","CRPC vs Normal","PSMG4",0.487073839984926,1803,TRUE,"Yes",2.17552438274279e-11,4.9241794764783e-10,505,0.347962491066595,1.49057032303872,2.23765450862068e-05,2.23765450862068e-05,NA,"tags=39%, list=26%, signal=29%",505
"BB3_all","BB3_all","CRPCvsNormal","CRPC vs Normal","LAMTOR5",0.486305161954746,1808,TRUE,"Yes",1.38051618485842e-05,6.20453052898759e-05,505,0.347962491066595,1.49057032303872,2.23765450862068e-05,2.23765450862068e-05,NA,"tags=39%, list=26%, signal=29%",505
"BB3_all","BB3_all","CRPCvsNormal","CRPC vs Normal","PCLAF",0.477576196067764,1864,TRUE,"Yes",4.30614185007489e-05,0.000170066998991282,505,0.347962491066595,1.49057032303872,2.23765450862068e-05,2.23765450862068e-05,NA,"tags=39%, list=26%, signal=29%",505
"BB3_all","BB3_all","CRPCvsNormal","CRPC vs Normal","ZNF614",0.476629337702906,1868,TRUE,"Yes",0.000260561262023593,0.000848291857111247,505,0.347962491066595,1.49057032303872,2.23765450862068e-05,2.23765450862068e-05,NA,"tags=39%, list=26%, signal=29%",505
"BB3_all","BB3_all","CRPCvsNormal","CRPC vs Normal","EBF2",0.475536581579361,1876,TRUE,"Yes",1.18054572620615e-05,5.38390480505894e-05,505,0.347962491066595,1.49057032303872,2.23765450862068e-05,2.23765450862068e-05,NA,"tags=39%, list=26%, signal=29%",505
"BB3_all","BB3_all","CRPCvsNormal","CRPC vs Normal","RPL21",0.473940649448583,1886,TRUE,"Yes",0.000939753440666864,0.00265761516445594,505,0.347962491066595,1.49057032303872,2.23765450862068e-05,2.23765450862068e-05,NA,"tags=39%, list=26%, signal=29%",505
"BB3_all","BB3_all","CRPCvsNormal","CRPC vs Normal","RENBP",0.463447188155326,1952,TRUE,"Yes",0.00146048197651266,0.00393352459200536,505,0.347962491066595,1.49057032303872,2.23765450862068e-05,2.23765450862068e-05,NA,"tags=39%, list=26%, signal=29%",505
"BB3_all","BB3_all","CRPCvsNormal","CRPC vs Normal","MTX2",0.460517053681147,1974,TRUE,"Yes",3.67588122018369e-05,0.000147633347334818,505,0.347962491066595,1.49057032303872,2.23765450862068e-05,2.23765450862068e-05,NA,"tags=39%, list=26%, signal=29%",505
"BB3_all","BB3_all","CRPCvsNormal","CRPC vs Normal","SHANK2",0.455446282145129,2013,TRUE,"Yes",1.10289318668451e-05,5.07058820739475e-05,505,0.347962491066595,1.49057032303872,2.23765450862068e-05,2.23765450862068e-05,NA,"tags=39%, list=26%, signal=29%",505
"BB3_all","BB3_all","CRPCvsNormal","CRPC vs Normal","VKORC1",0.454200204063152,2023,TRUE,"Yes",2.12244091415045e-05,9.07502475137455e-05,505,0.347962491066595,1.49057032303872,2.23765450862068e-05,2.23765450862068e-05,NA,"tags=39%, list=26%, signal=29%",505
"BB3_all","BB3_all","CRPCvsNormal","CRPC vs Normal","SLC35D2",0.449730164437248,2061,TRUE,"Yes",8.3136042358871e-11,1.54482497429007e-09,505,0.347962491066595,1.49057032303872,2.23765450862068e-05,2.23765450862068e-05,NA,"tags=39%, list=26%, signal=29%",505
"BB3_all","BB3_all","CRPCvsNormal","CRPC vs Normal","SLC46A1",0.44809404258765,2072,TRUE,"Yes",8.90400246114379e-10,1.21736907900638e-08,505,0.347962491066595,1.49057032303872,2.23765450862068e-05,2.23765450862068e-05,NA,"tags=39%, list=26%, signal=29%",505
"BB3_all","BB3_all","CRPCvsNormal","CRPC vs Normal","FARP1",0.445014751551717,2096,TRUE,"Yes",1.20324132465521e-05,5.47816700801399e-05,505,0.347962491066595,1.49057032303872,2.23765450862068e-05,2.23765450862068e-05,NA,"tags=39%, list=26%, signal=29%",505
"BB3_all","BB3_all","CRPCvsNormal","CRPC vs Normal","FKBP5",0.440013083050141,2137,TRUE,"Yes",0.0220092015622688,0.0429187654250455,505,0.347962491066595,1.49057032303872,2.23765450862068e-05,2.23765450862068e-05,NA,"tags=39%, list=26%, signal=29%",505
"BB3_all","BB3_all","CRPCvsNormal","CRPC vs Normal","LRBA",0.422742553174129,2274,TRUE,"Yes",0.000448275804683106,0.00137293860636177,505,0.347962491066595,1.49057032303872,2.23765450862068e-05,2.23765450862068e-05,NA,"tags=39%, list=26%, signal=29%",505
"BB3_all","BB3_all","CRPCvsNormal","CRPC vs Normal","COX8A",0.419953657464998,2299,TRUE,"Yes",0.000198998030075316,0.00066830263235075,505,0.347962491066595,1.49057032303872,2.23765450862068e-05,2.23765450862068e-05,NA,"tags=39%, list=26%, signal=29%",505
"BB3_all","BB3_all","CRPCvsNormal","CRPC vs Normal","UTP14A",0.418156929260756,2311,TRUE,"Yes",9.82401044081366e-09,9.90863471628395e-08,505,0.347962491066595,1.49057032303872,2.23765450862068e-05,2.23765450862068e-05,NA,"tags=39%, list=26%, signal=29%",505
"BB3_all","BB3_all","CRPCvsNormal","CRPC vs Normal","OCIAD2",0.416136781102117,2326,TRUE,"Yes",0.000142993224838534,0.000498171704158053,505,0.347962491066595,1.49057032303872,2.23765450862068e-05,2.23765450862068e-05,NA,"tags=39%, list=26%, signal=29%",505
"BB3_all","BB3_all","CRPCvsNormal","CRPC vs Normal","CEACAM19",0.414576010052061,2344,TRUE,"Yes",0.000206658889418734,0.000690475813814267,505,0.347962491066595,1.49057032303872,2.23765450862068e-05,2.23765450862068e-05,NA,"tags=39%, list=26%, signal=29%",505
"BB3_all","BB3_all","CRPCvsNormal","CRPC vs Normal","RIOX2",0.414422591373358,2345,TRUE,"Yes",1.96176961407799e-07,1.36822007524813e-06,505,0.347962491066595,1.49057032303872,2.23765450862068e-05,2.23765450862068e-05,NA,"tags=39%, list=26%, signal=29%",505
"BB3_all","BB3_all","CRPCvsNormal","CRPC vs Normal","DAP3",0.406592234054163,2418,TRUE,"Yes",3.31045547299741e-07,2.18456573951484e-06,505,0.347962491066595,1.49057032303872,2.23765450862068e-05,2.23765450862068e-05,NA,"tags=39%, list=26%, signal=29%",505
"BB3_all","BB3_all","CRPCvsNormal","CRPC vs Normal","PFAS",0.397681963788646,2492,TRUE,"Yes",7.82769454033746e-06,3.72539521818145e-05,505,0.347962491066595,1.49057032303872,2.23765450862068e-05,2.23765450862068e-05,NA,"tags=39%, list=26%, signal=29%",505
"BB3_all","BB3_all","CRPCvsNormal","CRPC vs Normal","IGBP1",0.397456360515863,2494,TRUE,"Yes",0.000137014684237134,0.000479784843486258,505,0.347962491066595,1.49057032303872,2.23765450862068e-05,2.23765450862068e-05,NA,"tags=39%, list=26%, signal=29%",505
"BB3_all","BB3_all","CRPCvsNormal","CRPC vs Normal","C8orf76",0.394152148321247,2522,TRUE,"Yes",1.67238040005045e-08,1.56254221930034e-07,505,0.347962491066595,1.49057032303872,2.23765450862068e-05,2.23765450862068e-05,NA,"tags=39%, list=26%, signal=29%",505
"BB3_all","BB3_all","CRPCvsNormal","CRPC vs Normal","GCA",0.393672805855913,2527,TRUE,"Yes",0.00444964188300589,0.0105623338057161,505,0.347962491066595,1.49057032303872,2.23765450862068e-05,2.23765450862068e-05,NA,"tags=39%, list=26%, signal=29%",505
"BB3_all","BB3_all","CRPCvsNormal","CRPC vs Normal","BLOC1S1",0.383588191138549,2628,TRUE,"Yes",0.000316423388297139,0.00100886535357576,505,0.347962491066595,1.49057032303872,2.23765450862068e-05,2.23765450862068e-05,NA,"tags=39%, list=26%, signal=29%",505
"BB3_all","BB3_all","CRPCvsNormal","CRPC vs Normal","TMEM42",0.382785725525312,2637,TRUE,"Yes",0.00377390931378735,0.00913762294878576,505,0.347962491066595,1.49057032303872,2.23765450862068e-05,2.23765450862068e-05,NA,"tags=39%, list=26%, signal=29%",505
"BB3_all","BB3_all","CRPCvsNormal","CRPC vs Normal","BMP6",0.381867105364014,2642,TRUE,"Yes",0.0353774437842885,0.0650432197447221,505,0.347962491066595,1.49057032303872,2.23765450862068e-05,2.23765450862068e-05,NA,"tags=39%, list=26%, signal=29%",505
"BB3_all","BB3_all","CRPCvsNormal","CRPC vs Normal","PSMA7",0.380514405931415,2651,TRUE,"Yes",3.77909801045512e-06,1.93575446603963e-05,505,0.347962491066595,1.49057032303872,2.23765450862068e-05,2.23765450862068e-05,NA,"tags=39%, list=26%, signal=29%",505
"BB3_all","BB3_all","CRPCvsNormal","CRPC vs Normal","RBM3",0.374713678996153,2701,TRUE,"Yes",0.00224423722090651,0.005776135983807,505,0.347962491066595,1.49057032303872,2.23765450862068e-05,2.23765450862068e-05,NA,"tags=39%, list=26%, signal=29%",505
"BB3_all","BB3_all","CRPCvsNormal","CRPC vs Normal","UPK3A",0.373561922178161,2712,TRUE,"Yes",0.261879405559864,0.355808481252342,505,0.347962491066595,1.49057032303872,2.23765450862068e-05,2.23765450862068e-05,NA,"tags=39%, list=26%, signal=29%",505
"BB3_all","BB3_all","CRPCvsNormal","CRPC vs Normal","WDR43",0.367138712279196,2762,TRUE,"Yes",3.62281280654427e-06,1.86152926565518e-05,505,0.347962491066595,1.49057032303872,2.23765450862068e-05,2.23765450862068e-05,NA,"tags=39%, list=26%, signal=29%",505
"BB3_all","BB3_all","CRPCvsNormal","CRPC vs Normal","ANKH",0.366536110753161,2769,TRUE,"Yes",0.0546153578524724,0.0947302370651659,505,0.347962491066595,1.49057032303872,2.23765450862068e-05,2.23765450862068e-05,NA,"tags=39%, list=26%, signal=29%",505
"BB3_all","BB3_all","CRPCvsNormal","CRPC vs Normal","LRRC8D",0.365253173428656,2783,TRUE,"Yes",1.47533486278865e-06,8.28418893442901e-06,505,0.347962491066595,1.49057032303872,2.23765450862068e-05,2.23765450862068e-05,NA,"tags=39%, list=26%, signal=29%",505
"BB3_all","BB3_all","CRPCvsNormal","CRPC vs Normal","CDC42SE1",0.363128406408046,2804,TRUE,"Yes",0.000457941375630197,0.00139972509492322,505,0.347962491066595,1.49057032303872,2.23765450862068e-05,2.23765450862068e-05,NA,"tags=39%, list=26%, signal=29%",505
"BB3_all","BB3_all","CRPCvsNormal","CRPC vs Normal","SLC35E2B",0.362019610985403,2819,TRUE,"Yes",0.00020692774542078,0.00069112126492155,505,0.347962491066595,1.49057032303872,2.23765450862068e-05,2.23765450862068e-05,NA,"tags=39%, list=26%, signal=29%",505
"BB3_all","BB3_all","CRPCvsNormal","CRPC vs Normal","KIAA1549",0.360429899543924,2835,TRUE,"Yes",0.0138463436464561,0.0286468079774026,505,0.347962491066595,1.49057032303872,2.23765450862068e-05,2.23765450862068e-05,NA,"tags=39%, list=26%, signal=29%",505
"BB3_all","BB3_all","CRPCvsNormal","CRPC vs Normal","TAF4B",0.357116972921377,2870,TRUE,"Yes",3.61350433166917e-05,0.000145479987044896,505,0.347962491066595,1.49057032303872,2.23765450862068e-05,2.23765450862068e-05,NA,"tags=39%, list=26%, signal=29%",505
"BB3_all","BB3_all","CRPCvsNormal","CRPC vs Normal","NDUFC1",0.349519332052061,2947,TRUE,"Yes",0.000163366079494361,0.00056048925770924,505,0.347962491066595,1.49057032303872,2.23765450862068e-05,2.23765450862068e-05,NA,"tags=39%, list=26%, signal=29%",505
"BB3_all","BB3_all","CRPCvsNormal","CRPC vs Normal","MORC4",0.349143043328012,2950,TRUE,"Yes",0.00010442924991298,0.000377350084848762,505,0.347962491066595,1.49057032303872,2.23765450862068e-05,2.23765450862068e-05,NA,"tags=39%, list=26%, signal=29%",505
"BB3_all","BB3_all","CRPCvsNormal","CRPC vs Normal","HSBP1L1",0.348607214542022,2956,TRUE,"Yes",0.00499329668020955,0.0117067843872042,505,0.347962491066595,1.49057032303872,2.23765450862068e-05,2.23765450862068e-05,NA,"tags=39%, list=26%, signal=29%",505
"BB3_all","BB3_all","CRPCvsNormal","CRPC vs Normal","ERH",0.347942534389168,2962,TRUE,"Yes",0.0011100635287768,0.00307778087684228,505,0.347962491066595,1.49057032303872,2.23765450862068e-05,2.23765450862068e-05,NA,"tags=39%, list=26%, signal=29%",505
"BB3_all","BB3_all","CRPCvsNormal","CRPC vs Normal","NSMAF",0.347150699229902,2970,TRUE,"Yes",0.000204909361376911,0.000685257121001586,505,0.347962491066595,1.49057032303872,2.23765450862068e-05,2.23765450862068e-05,NA,"tags=39%, list=26%, signal=29%",505
"BB3_all","BB3_all","CRPCvsNormal","CRPC vs Normal","CRAMP1",0.347149729367886,2971,TRUE,"Yes",1.01404455415857e-05,4.71071663943552e-05,505,0.347962491066595,1.49057032303872,2.23765450862068e-05,2.23765450862068e-05,NA,"tags=39%, list=26%, signal=29%",505
"BB3_all","BB3_all","CRPCvsNormal","CRPC vs Normal","SLC25A16",0.342925416627702,3016,TRUE,"Yes",0.0195192619736073,0.0386324454664548,505,0.347962491066595,1.49057032303872,2.23765450862068e-05,2.23765450862068e-05,NA,"tags=39%, list=26%, signal=29%",505
"BB3_all","BB3_all","CRPCvsNormal","CRPC vs Normal","DGUOK",0.336764707440982,3067,TRUE,"Yes",8.40532309634715e-05,0.000310415753493484,505,0.347962491066595,1.49057032303872,2.23765450862068e-05,2.23765450862068e-05,NA,"tags=39%, list=26%, signal=29%",505
"BB3_all","BB3_all","CRPCvsNormal","CRPC vs Normal","RAPGEF6",0.332492815756279,3123,TRUE,"Yes",3.83363597180087e-07,2.48669015131089e-06,505,0.347962491066595,1.49057032303872,2.23765450862068e-05,2.23765450862068e-05,NA,"tags=39%, list=26%, signal=29%",505
"BB3_all","BB3_all","CRPCvsNormal","CRPC vs Normal","MTCH2",0.331772836457508,3128,TRUE,"Yes",0.000135595493013626,0.000475391031744125,505,0.347962491066595,1.49057032303872,2.23765450862068e-05,2.23765450862068e-05,NA,"tags=39%, list=26%, signal=29%",505
"BB3_all","BB3_all","CRPCvsNormal","CRPC vs Normal","SRRM2",0.330512645341549,3144,TRUE,"Yes",0.00812096820637662,0.0179498554280827,505,0.347962491066595,1.49057032303872,2.23765450862068e-05,2.23765450862068e-05,NA,"tags=39%, list=26%, signal=29%",505
"BB3_all","BB3_all","CRPCvsNormal","CRPC vs Normal","DGAT2",0.328498603004921,3165,TRUE,"Yes",0.0100823986022032,0.0217303944386835,505,0.347962491066595,1.49057032303872,2.23765450862068e-05,2.23765450862068e-05,NA,"tags=39%, list=26%, signal=29%",505
"BB3_all","BB3_all","CRPCvsNormal","CRPC vs Normal","SLC51A",0.319257855615423,3270,TRUE,"Yes",0.00145807704658629,0.0039276265053746,505,0.347962491066595,1.49057032303872,2.23765450862068e-05,2.23765450862068e-05,NA,"tags=39%, list=26%, signal=29%",505
"BB3_all","BB3_all","CRPCvsNormal","CRPC vs Normal","PLXNB2",0.318885659261476,3273,TRUE,"Yes",0.00237585086228236,0.00606276779134528,505,0.347962491066595,1.49057032303872,2.23765450862068e-05,2.23765450862068e-05,NA,"tags=39%, list=26%, signal=29%",505
"BB3_all","BB3_all","CRPCvsNormal","CRPC vs Normal","NDUFB3",0.317443738291431,3292,TRUE,"Yes",0.00122971982195514,0.00337470887437388,505,0.347962491066595,1.49057032303872,2.23765450862068e-05,2.23765450862068e-05,NA,"tags=39%, list=26%, signal=29%",505
"BB3_all","BB3_all","CRPCvsNormal","CRPC vs Normal","PHRF1",0.31722376796733,3295,TRUE,"Yes",0.000262393244157617,0.000853432157724899,505,0.347962491066595,1.49057032303872,2.23765450862068e-05,2.23765450862068e-05,NA,"tags=39%, list=26%, signal=29%",505
"BB3_all","BB3_all","CRPCvsNormal","CRPC vs Normal","LSM8",0.315650589691495,3309,TRUE,"Yes",1.61673888820162e-06,9.0034611377716e-06,505,0.347962491066595,1.49057032303872,2.23765450862068e-05,2.23765450862068e-05,NA,"tags=39%, list=26%, signal=29%",505
"BB3_all","BB3_all","CRPCvsNormal","CRPC vs Normal","AARS2",0.314990549652185,3316,TRUE,"Yes",9.29617967872487e-05,0.000339879939975157,505,0.347962491066595,1.49057032303872,2.23765450862068e-05,2.23765450862068e-05,NA,"tags=39%, list=26%, signal=29%",505
"BB3_all","BB3_all","CRPCvsNormal","CRPC vs Normal","POLG2",0.314932598505897,3317,TRUE,"Yes",9.62918826745116e-06,4.49838242693767e-05,505,0.347962491066595,1.49057032303872,2.23765450862068e-05,2.23765450862068e-05,NA,"tags=39%, list=26%, signal=29%",505
"BB3_all","BB3_all","CRPCvsNormal","CRPC vs Normal","GEMIN4",0.313796300521954,3327,TRUE,"Yes",0.000729797095539562,0.00212912853332146,505,0.347962491066595,1.49057032303872,2.23765450862068e-05,2.23765450862068e-05,NA,"tags=39%, list=26%, signal=29%",505
"BB3_all","BB3_all","CRPCvsNormal","CRPC vs Normal","GDPGP1",0.313595699963722,3329,TRUE,"Yes",1.80739361279192e-08,1.67243423157331e-07,505,0.347962491066595,1.49057032303872,2.23765450862068e-05,2.23765450862068e-05,NA,"tags=39%, list=26%, signal=29%",505
"BB3_all","BB3_all","CRPCvsNormal","CRPC vs Normal","KIF3B",0.313290714768012,3336,TRUE,"Yes",0.000359838170628128,0.00112799108026315,505,0.347962491066595,1.49057032303872,2.23765450862068e-05,2.23765450862068e-05,NA,"tags=39%, list=26%, signal=29%",505
"BB3_all","BB3_all","CRPCvsNormal","CRPC vs Normal","TARDBP",0.311987523995874,3354,TRUE,"Yes",6.97807168191578e-07,4.24871524472912e-06,505,0.347962491066595,1.49057032303872,2.23765450862068e-05,2.23765450862068e-05,NA,"tags=39%, list=26%, signal=29%",505
"BB3_all","BB3_all","CRPCvsNormal","CRPC vs Normal","CIRBP",0.304757429610703,3419,TRUE,"Yes",0.00182392793140357,0.00479848301815031,505,0.347962491066595,1.49057032303872,2.23765450862068e-05,2.23765450862068e-05,NA,"tags=39%, list=26%, signal=29%",505
"BB3_all","BB3_all","CRPCvsNormal","CRPC vs Normal","RNF144B",0.300304670855095,3466,TRUE,"Yes",0.0316470012769332,0.0588910991332909,505,0.347962491066595,1.49057032303872,2.23765450862068e-05,2.23765450862068e-05,NA,"tags=39%, list=26%, signal=29%",505
"BB3_all","BB3_all","CRPCvsNormal","CRPC vs Normal","SERINC2",0.29790742988198,3490,TRUE,"Yes",0.0966891191065234,0.154814467882167,505,0.347962491066595,1.49057032303872,2.23765450862068e-05,2.23765450862068e-05,NA,"tags=39%, list=26%, signal=29%",505
"BB3_all","BB3_all","CRPCvsNormal","CRPC vs Normal","FASTKD2",0.296912671299634,3501,TRUE,"Yes",0.0144323612777822,0.0296737405560523,505,0.347962491066595,1.49057032303872,2.23765450862068e-05,2.23765450862068e-05,NA,"tags=39%, list=26%, signal=29%",505
"BB3_all","BB3_all","CRPCvsNormal","CRPC vs Normal","GPR27",0.295173803265204,3518,TRUE,"Yes",0.027827523952037,0.052578461248382,505,0.347962491066595,1.49057032303872,2.23765450862068e-05,2.23765450862068e-05,NA,"tags=39%, list=26%, signal=29%",505
"BB3_all","BB3_all","CRPCvsNormal","CRPC vs Normal","COX7C",0.293836774940226,3532,TRUE,"Yes",0.00507827152872832,0.0118694443690021,505,0.347962491066595,1.49057032303872,2.23765450862068e-05,2.23765450862068e-05,NA,"tags=39%, list=26%, signal=29%",505
"BB3_all","BB3_all","CRPCvsNormal","CRPC vs Normal","GALT",0.289676335844575,3587,TRUE,"Yes",0.00177786449086486,0.00468869009309019,505,0.347962491066595,1.49057032303872,2.23765450862068e-05,2.23765450862068e-05,NA,"tags=39%, list=26%, signal=29%",505
"BB3_all","BB3_all","CRPCvsNormal","CRPC vs Normal","C1QTNF12",0.288551788607789,3601,TRUE,"Yes",6.51676641861393e-07,3.99447165779873e-06,505,0.347962491066595,1.49057032303872,2.23765450862068e-05,2.23765450862068e-05,NA,"tags=39%, list=26%, signal=29%",505
"BB3_all","BB3_all","CRPCvsNormal","CRPC vs Normal","KBTBD11",0.286837967942061,3624,TRUE,"Yes",0.0928343247029954,0.14938875649942,505,0.347962491066595,1.49057032303872,2.23765450862068e-05,2.23765450862068e-05,NA,"tags=39%, list=26%, signal=29%",505
"BB3_all","BB3_all","CRPCvsNormal","CRPC vs Normal","NDUFB6",0.28403112159497,3656,TRUE,"Yes",0.00350701474050467,0.00856978344482385,505,0.347962491066595,1.49057032303872,2.23765450862068e-05,2.23765450862068e-05,NA,"tags=39%, list=26%, signal=29%",505
"BB3_all","BB3_all","CRPCvsNormal","CRPC vs Normal","CASP7",0.282067330405002,3676,TRUE,"Yes",0.0356968343502307,0.0655776301157915,505,0.347962491066595,1.49057032303872,2.23765450862068e-05,2.23765450862068e-05,NA,"tags=39%, list=26%, signal=29%",505
"BB3_all","BB3_all","CRPCvsNormal","CRPC vs Normal","RBX1",0.281351890761306,3689,TRUE,"Yes",0.00612697544308991,0.0140121864834707,505,0.347962491066595,1.49057032303872,2.23765450862068e-05,2.23765450862068e-05,NA,"tags=39%, list=26%, signal=29%",505
"BB3_all","BB3_all","CRPCvsNormal","CRPC vs Normal","PLOD1",0.281186099816814,3692,TRUE,"Yes",0.0042462278791309,0.0101255350444132,505,0.347962491066595,1.49057032303872,2.23765450862068e-05,2.23765450862068e-05,NA,"tags=39%, list=26%, signal=29%",505
"BB3_all","BB3_all","CRPCvsNormal","CRPC vs Normal","PRR13",0.278821983448936,3723,TRUE,"Yes",0.000188390842735033,0.000636542200036647,505,0.347962491066595,1.49057032303872,2.23765450862068e-05,2.23765450862068e-05,NA,"tags=39%, list=26%, signal=29%",505
"BB3_all","BB3_all","CRPCvsNormal","CRPC vs Normal","EIF2A",0.277447678887577,3743,TRUE,"Yes",0.000200503264051192,0.000672368757326799,505,0.347962491066595,1.49057032303872,2.23765450862068e-05,2.23765450862068e-05,NA,"tags=39%, list=26%, signal=29%",505
"BB3_all","BB3_all","CRPCvsNormal","CRPC vs Normal","FKTN",0.277071922997511,3750,TRUE,"Yes",9.98227817038679e-06,4.64787899720329e-05,505,0.347962491066595,1.49057032303872,2.23765450862068e-05,2.23765450862068e-05,NA,"tags=39%, list=26%, signal=29%",505
"BB3_all","BB3_all","CRPCvsNormal","CRPC vs Normal","TM9SF4",0.274515857412902,3786,TRUE,"Yes",0.000210915216445519,0.000702640405543288,505,0.347962491066595,1.49057032303872,2.23765450862068e-05,2.23765450862068e-05,NA,"tags=39%, list=26%, signal=29%",505
"BB3_all","BB3_all","CRPCvsNormal","CRPC vs Normal","ENSA",0.273204447661378,3802,TRUE,"Yes",0.00163102001981176,0.00434162222120105,505,0.347962491066595,1.49057032303872,2.23765450862068e-05,2.23765450862068e-05,NA,"tags=39%, list=26%, signal=29%",505
"BB3_all","BB3_all","CRPCvsNormal","CRPC vs Normal","LSM3",0.270455114642235,3844,TRUE,"Yes",0.00343146540155663,0.00839640281645457,505,0.347962491066595,1.49057032303872,2.23765450862068e-05,2.23765450862068e-05,NA,"tags=39%, list=26%, signal=29%",505
"BB3_all","BB3_all","CRPCvsNormal","CRPC vs Normal","SERBP1",0.269662991199683,3860,TRUE,"Yes",0.000123715746341629,0.000438299151725894,505,0.347962491066595,1.49057032303872,2.23765450862068e-05,2.23765450862068e-05,NA,"tags=39%, list=26%, signal=29%",505
"BB3_all","BB3_all","CRPCvsNormal","CRPC vs Normal","TMEM63C",0.267298421055747,3888,TRUE,"Yes",0.00951174063819883,0.0206147905193806,505,0.347962491066595,1.49057032303872,2.23765450862068e-05,2.23765450862068e-05,NA,"tags=39%, list=26%, signal=29%",505
"BB3_all","BB3_all","CRPCvsNormal","CRPC vs Normal","THBS2",0.261432203239716,3958,TRUE,"Yes",0.211856902771153,0.299240503094485,505,0.347962491066595,1.49057032303872,2.23765450862068e-05,2.23765450862068e-05,NA,"tags=39%, list=26%, signal=29%",505
"BB3_all","BB3_all","CRPCvsNormal","CRPC vs Normal","WIZ",0.256777247831994,4016,TRUE,"Yes",0.00403010094360669,0.00967711631864332,505,0.347962491066595,1.49057032303872,2.23765450862068e-05,2.23765450862068e-05,NA,"tags=39%, list=26%, signal=29%",505
"BB3_all","BB3_all","CRPCvsNormal","CRPC vs Normal","TRRAP",0.255126868436173,4047,TRUE,"Yes",0.00626857464517615,0.0142895026168461,505,0.347962491066595,1.49057032303872,2.23765450862068e-05,2.23765450862068e-05,NA,"tags=39%, list=26%, signal=29%",505
"BB3_all","BB3_all","CRPCvsNormal","CRPC vs Normal","MAPT",0.254201954814801,4057,TRUE,"Yes",0.0709024037518927,0.118686153494508,505,0.347962491066595,1.49057032303872,2.23765450862068e-05,2.23765450862068e-05,NA,"tags=39%, list=26%, signal=29%",505
"BB3_all","BB3_all","CRPCvsNormal","CRPC vs Normal","HDAC8",0.25363667615819,4069,TRUE,"Yes",1.23978571785691e-05,5.6347165768535e-05,505,0.347962491066595,1.49057032303872,2.23765450862068e-05,2.23765450862068e-05,NA,"tags=39%, list=26%, signal=29%",505
"BB3_all","BB3_all","CRPCvsNormal","CRPC vs Normal","MIPOL1",0.250788139188906,4104,TRUE,"Yes",0.00204041119080099,0.00530234041985642,505,0.347962491066595,1.49057032303872,2.23765450862068e-05,2.23765450862068e-05,NA,"tags=39%, list=26%, signal=29%",505
"BB3_all","BB3_all","CRPCvsNormal","CRPC vs Normal","C1orf210",0.246524083698012,4167,TRUE,"Yes",0.122807183164866,0.189747589890834,505,0.347962491066595,1.49057032303872,2.23765450862068e-05,2.23765450862068e-05,NA,"tags=39%, list=26%, signal=29%",505
"BB3_all","BB3_all","CRPCvsNormal","CRPC vs Normal","CENPH",0.24642422797989,4171,TRUE,"Yes",0.00816667721525565,0.0180334291602828,505,0.347962491066595,1.49057032303872,2.23765450862068e-05,2.23765450862068e-05,NA,"tags=39%, list=26%, signal=29%",505
"BB3_all","BB3_all","CRPCvsNormal","CRPC vs Normal","BTBD9",0.243244557586598,4216,TRUE,"Yes",0.00279341456448524,0.00700212850760086,505,0.347962491066595,1.49057032303872,2.23765450862068e-05,2.23765450862068e-05,NA,"tags=39%, list=26%, signal=29%",505
"BB3_all","BB3_all","CRPCvsNormal","CRPC vs Normal","STT3A",0.241480258009252,4235,TRUE,"Yes",0.0140387147914148,0.0289785472234132,505,0.347962491066595,1.49057032303872,2.23765450862068e-05,2.23765450862068e-05,NA,"tags=39%, list=26%, signal=29%",505
"BB3_all","BB3_all","CRPCvsNormal","CRPC vs Normal","MAGEF1",0.240261415603388,4250,TRUE,"Yes",0.00977803888168031,0.0211417682543528,505,0.347962491066595,1.49057032303872,2.23765450862068e-05,2.23765450862068e-05,NA,"tags=39%, list=26%, signal=29%",505
"BB3_all","BB3_all","CRPCvsNormal","CRPC vs Normal","SAP18",0.235806045706645,4309,TRUE,"Yes",0.00614098322792101,0.0140389486409518,505,0.347962491066595,1.49057032303872,2.23765450862068e-05,2.23765450862068e-05,NA,"tags=39%, list=26%, signal=29%",505
"BB3_all","BB3_all","CRPCvsNormal","CRPC vs Normal","MORN2",0.234436950245567,4327,TRUE,"Yes",0.0462863693672038,0.0821799011334899,505,0.347962491066595,1.49057032303872,2.23765450862068e-05,2.23765450862068e-05,NA,"tags=39%, list=26%, signal=29%",505
"BB3_all","BB3_all","CRPCvsNormal","CRPC vs Normal","HYKK",0.229993218130895,4376,TRUE,"Yes",8.5645793014403e-07,5.08254079012698e-06,505,0.347962491066595,1.49057032303872,2.23765450862068e-05,2.23765450862068e-05,NA,"tags=39%, list=26%, signal=29%",505
"BB3_all","BB3_all","CRPCvsNormal","CRPC vs Normal","ZNF226",0.228670283188595,4397,TRUE,"Yes",0.00141028725729437,0.00381182406654913,505,0.347962491066595,1.49057032303872,2.23765450862068e-05,2.23765450862068e-05,NA,"tags=39%, list=26%, signal=29%",505
"BB3_all","BB3_all","CRPCvsNormal","CRPC vs Normal","ARPC1B",0.226075863864784,4438,TRUE,"Yes",0.0113542633558567,0.0241019145215664,505,0.347962491066595,1.49057032303872,2.23765450862068e-05,2.23765450862068e-05,NA,"tags=39%, list=26%, signal=29%",505
"BB3_all","BB3_all","CRPCvsNormal","CRPC vs Normal","ZFAT",0.225837549249409,4443,TRUE,"Yes",0.000321204799386349,0.00102232564307215,505,0.347962491066595,1.49057032303872,2.23765450862068e-05,2.23765450862068e-05,NA,"tags=39%, list=26%, signal=29%",505
"BB3_all","BB3_all","CRPCvsNormal","CRPC vs Normal","SGPP1",0.225643918863815,4445,TRUE,"Yes",0.0394624922696162,0.0714862557253849,505,0.347962491066595,1.49057032303872,2.23765450862068e-05,2.23765450862068e-05,NA,"tags=39%, list=26%, signal=29%",505
"BB3_all","BB3_all","CRPCvsNormal","CRPC vs Normal","ABL2",0.225272879548753,4451,TRUE,"Yes",0.00113094970274117,0.00313046329296411,505,0.347962491066595,1.49057032303872,2.23765450862068e-05,2.23765450862068e-05,NA,"tags=39%, list=26%, signal=29%",505
"BB3_all","BB3_all","CRPCvsNormal","CRPC vs Normal","GNG10",0.223994913235869,4464,TRUE,"Yes",0.00235453945718376,0.00601594876555021,505,0.347962491066595,1.49057032303872,2.23765450862068e-05,2.23765450862068e-05,NA,"tags=39%, list=26%, signal=29%",505
"BB3_all","BB3_all","CRPCvsNormal","CRPC vs Normal","RBAK",0.222730877012025,4484,TRUE,"Yes",0.000906775258688028,0.00257351722734548,505,0.347962491066595,1.49057032303872,2.23765450862068e-05,2.23765450862068e-05,NA,"tags=39%, list=26%, signal=29%",505
"BB3_all","BB3_all","CRPCvsNormal","CRPC vs Normal","MYPOP",0.221032508570679,4515,TRUE,"Yes",0.00204989775005163,0.00532472017952831,505,0.347962491066595,1.49057032303872,2.23765450862068e-05,2.23765450862068e-05,NA,"tags=39%, list=26%, signal=29%",505
"BB3_all","BB3_all","CRPCvsNormal","CRPC vs Normal","RREB1",0.220722254822196,4523,TRUE,"Yes",0.00975548561412257,0.0210963807050744,505,0.347962491066595,1.49057032303872,2.23765450862068e-05,2.23765450862068e-05,NA,"tags=39%, list=26%, signal=29%",505
"BB3_all","BB3_all","CRPCvsNormal","CRPC vs Normal","ORMDL1",0.219562362562203,4535,TRUE,"Yes",0.00596071396090137,0.0136696046716666,505,0.347962491066595,1.49057032303872,2.23765450862068e-05,2.23765450862068e-05,NA,"tags=39%, list=26%, signal=29%",505
"BB3_all","BB3_all","CRPCvsNormal","CRPC vs Normal","PTPRF",0.218017064629684,4553,TRUE,"Yes",0.099076865133995,0.158000525452903,505,0.347962491066595,1.49057032303872,2.23765450862068e-05,2.23765450862068e-05,NA,"tags=39%, list=26%, signal=29%",505
"BB3_all","BB3_all","CRPCvsNormal","CRPC vs Normal","NDUFC2",0.217012684863032,4566,TRUE,"Yes",0.0288434640798031,0.054189463105732,505,0.347962491066595,1.49057032303872,2.23765450862068e-05,2.23765450862068e-05,NA,"tags=39%, list=26%, signal=29%",505
"BB3_all","BB3_all","CRPCvsNormal","CRPC vs Normal","PRPF3",0.215745948550726,4584,TRUE,"Yes",0.00709857193475414,0.015937956343576,505,0.347962491066595,1.49057032303872,2.23765450862068e-05,2.23765450862068e-05,NA,"tags=39%, list=26%, signal=29%",505
"BB3_all","BB3_all","CRPCvsNormal","CRPC vs Normal","HLTF",0.213624958327579,4615,TRUE,"Yes",0.0972756540986274,0.155630822262024,505,0.347962491066595,1.49057032303872,2.23765450862068e-05,2.23765450862068e-05,NA,"tags=39%, list=26%, signal=29%",505
"BB3_all","BB3_all","CRPCvsNormal","CRPC vs Normal","SRA1",0.212535238709951,4635,TRUE,"Yes",0.0110036984729373,0.0234603697510916,505,0.347962491066595,1.49057032303872,2.23765450862068e-05,2.23765450862068e-05,NA,"tags=39%, list=26%, signal=29%",505
"BB3_all","BB3_all","CRPCvsNormal","CRPC vs Normal","PSMB2",0.211343575680641,4652,TRUE,"Yes",0.00569049388078278,0.0131075108734399,505,0.347962491066595,1.49057032303872,2.23765450862068e-05,2.23765450862068e-05,NA,"tags=39%, list=26%, signal=29%",505
"BB3_all","BB3_all","CRPCvsNormal","CRPC vs Normal","C19orf25",0.210371839741487,4667,TRUE,"Yes",0.00195685519494684,0.0051077332081879,505,0.347962491066595,1.49057032303872,2.23765450862068e-05,2.23765450862068e-05,NA,"tags=39%, list=26%, signal=29%",505
"BB3_all","BB3_all","CRPCvsNormal","CRPC vs Normal","BANP",0.20664462677907,4727,TRUE,"Yes",0.000889966420690042,0.00253290242702342,505,0.347962491066595,1.49057032303872,2.23765450862068e-05,2.23765450862068e-05,NA,"tags=39%, list=26%, signal=29%",505
"BB3_all","BB3_all","CRPCvsNormal","CRPC vs Normal","TGFBRAP1",0.206564837803602,4730,TRUE,"Yes",0.00534934815264081,0.0124219671187563,505,0.347962491066595,1.49057032303872,2.23765450862068e-05,2.23765450862068e-05,NA,"tags=39%, list=26%, signal=29%",505
"BB3_all","BB3_all","CRPCvsNormal","CRPC vs Normal","PCNX2",0.205895123087369,4738,TRUE,"Yes",0.00177834473693906,0.00468869009309019,505,0.347962491066595,1.49057032303872,2.23765450862068e-05,2.23765450862068e-05,NA,"tags=39%, list=26%, signal=29%",505
"BB3_all","BB3_all","CRPCvsNormal","CRPC vs Normal","TMA7",0.204303754550205,4757,TRUE,"Yes",0.0902900200172854,0.145976058208155,505,0.347962491066595,1.49057032303872,2.23765450862068e-05,2.23765450862068e-05,NA,"tags=39%, list=26%, signal=29%",505
"BB3_all","BB3_all","CRPCvsNormal","CRPC vs Normal","OSCP1",0.203463231215177,4768,TRUE,"Yes",0.0152981688431235,0.0312254276554357,505,0.347962491066595,1.49057032303872,2.23765450862068e-05,2.23765450862068e-05,NA,"tags=39%, list=26%, signal=29%",505
"BB3_all","BB3_all","CRPCvsNormal","CRPC vs Normal","MEGF8",0.195035193086789,4886,FALSE,"No",0.0603132466984369,0.10310545289599,505,0.347962491066595,1.49057032303872,2.23765450862068e-05,2.23765450862068e-05,NA,"tags=39%, list=26%, signal=29%",505
"BB3_all","BB3_all","CRPCvsNormal","CRPC vs Normal","ULBP2",0.194942552808159,4890,FALSE,"No",0.0311806515676819,0.0580991310349156,505,0.347962491066595,1.49057032303872,2.23765450862068e-05,2.23765450862068e-05,NA,"tags=39%, list=26%, signal=29%",505
"BB3_all","BB3_all","CRPCvsNormal","CRPC vs Normal","CCNE1",0.191425372701605,4937,FALSE,"No",0.100847327232586,0.160333995929187,505,0.347962491066595,1.49057032303872,2.23765450862068e-05,2.23765450862068e-05,NA,"tags=39%, list=26%, signal=29%",505
"BB3_all","BB3_all","CRPCvsNormal","CRPC vs Normal","GDF11",0.191267187794933,4940,FALSE,"No",0.23937767256152,0.330346975446413,505,0.347962491066595,1.49057032303872,2.23765450862068e-05,2.23765450862068e-05,NA,"tags=39%, list=26%, signal=29%",505
"BB3_all","BB3_all","CRPCvsNormal","CRPC vs Normal","ZNF500",0.190320879287822,4960,FALSE,"No",0.00204186979409464,0.005304621484701,505,0.347962491066595,1.49057032303872,2.23765450862068e-05,2.23765450862068e-05,NA,"tags=39%, list=26%, signal=29%",505
"BB3_all","BB3_all","CRPCvsNormal","CRPC vs Normal","RALGAPA1",0.189111472181749,4977,FALSE,"No",0.0220926686796734,0.0430539513606012,505,0.347962491066595,1.49057032303872,2.23765450862068e-05,2.23765450862068e-05,NA,"tags=39%, list=26%, signal=29%",505
"BB3_all","BB3_all","CRPCvsNormal","CRPC vs Normal","RMND5A",0.188149412877161,4991,FALSE,"No",0.016648282910351,0.033587092516067,505,0.347962491066595,1.49057032303872,2.23765450862068e-05,2.23765450862068e-05,NA,"tags=39%, list=26%, signal=29%",505
"BB3_all","BB3_all","CRPCvsNormal","CRPC vs Normal","CADPS2",0.187195292230764,5008,FALSE,"No",0.0887422259240901,0.143850922907488,505,0.347962491066595,1.49057032303872,2.23765450862068e-05,2.23765450862068e-05,NA,"tags=39%, list=26%, signal=29%",505
"BB3_all","BB3_all","CRPCvsNormal","CRPC vs Normal","PIGN",0.185475932758593,5031,FALSE,"No",0.048142266712748,0.0850698117224587,505,0.347962491066595,1.49057032303872,2.23765450862068e-05,2.23765450862068e-05,NA,"tags=39%, list=26%, signal=29%",505
"BB3_all","BB3_all","CRPCvsNormal","CRPC vs Normal","GPN2",0.184801115825441,5038,FALSE,"No",0.000433959383302031,0.00133423701319557,505,0.347962491066595,1.49057032303872,2.23765450862068e-05,2.23765450862068e-05,NA,"tags=39%, list=26%, signal=29%",505
"BB3_all","BB3_all","CRPCvsNormal","CRPC vs Normal","ATP6V0E1",0.184512489721501,5042,FALSE,"No",0.0679388897603118,0.114419862377602,505,0.347962491066595,1.49057032303872,2.23765450862068e-05,2.23765450862068e-05,NA,"tags=39%, list=26%, signal=29%",505
"BB3_all","BB3_all","CRPCvsNormal","CRPC vs Normal","MGME1",0.180659560869405,5101,FALSE,"No",0.0268102582453788,0.0509113397557012,505,0.347962491066595,1.49057032303872,2.23765450862068e-05,2.23765450862068e-05,NA,"tags=39%, list=26%, signal=29%",505
"BB3_all","BB3_all","CRPCvsNormal","CRPC vs Normal","CALML6",0.179942121245098,5118,FALSE,"No",0.0121621213469705,0.0255878033314631,505,0.347962491066595,1.49057032303872,2.23765450862068e-05,2.23765450862068e-05,NA,"tags=39%, list=26%, signal=29%",505
"BB3_all","BB3_all","CRPCvsNormal","CRPC vs Normal","KCNAB3",0.177135878755577,5164,FALSE,"No",0.00588294404426991,0.0135116127137727,505,0.347962491066595,1.49057032303872,2.23765450862068e-05,2.23765450862068e-05,NA,"tags=39%, list=26%, signal=29%",505
"BB3_all","BB3_all","CRPCvsNormal","CRPC vs Normal","RAD51C",0.175400004683002,5194,FALSE,"No",0.0464853810269381,0.0825091798501653,505,0.347962491066595,1.49057032303872,2.23765450862068e-05,2.23765450862068e-05,NA,"tags=39%, list=26%, signal=29%",505
"BB3_all","BB3_all","CRPCvsNormal","CRPC vs Normal","CCDC88C",0.170147695887921,5277,FALSE,"No",0.127490521490973,0.195725488784175,505,0.347962491066595,1.49057032303872,2.23765450862068e-05,2.23765450862068e-05,NA,"tags=39%, list=26%, signal=29%",505
"BB3_all","BB3_all","CRPCvsNormal","CRPC vs Normal","MTMR4",0.165679950192767,5363,FALSE,"No",0.0254037153596005,0.0485991060702201,505,0.347962491066595,1.49057032303872,2.23765450862068e-05,2.23765450862068e-05,NA,"tags=39%, list=26%, signal=29%",505
"BB3_all","BB3_all","CRPCvsNormal","CRPC vs Normal","PHKB",0.160710514003918,5446,FALSE,"No",0.074644563586885,0.123849359476614,505,0.347962491066595,1.49057032303872,2.23765450862068e-05,2.23765450862068e-05,NA,"tags=39%, list=26%, signal=29%",505
"BB3_all","BB3_all","CRPCvsNormal","CRPC vs Normal","PRKDC",0.160511623173014,5449,FALSE,"No",0.14941896888282,0.223547127988663,505,0.347962491066595,1.49057032303872,2.23765450862068e-05,2.23765450862068e-05,NA,"tags=39%, list=26%, signal=29%",505
"BB3_all","BB3_all","CRPCvsNormal","CRPC vs Normal","CHTOP",0.159133087202485,5471,FALSE,"No",0.00631766550606073,0.014381664772396,505,0.347962491066595,1.49057032303872,2.23765450862068e-05,2.23765450862068e-05,NA,"tags=39%, list=26%, signal=29%",505
"BB3_all","BB3_all","CRPCvsNormal","CRPC vs Normal","MEAF6",0.157993276123863,5489,FALSE,"No",0.219594879952977,0.307955476178202,505,0.347962491066595,1.49057032303872,2.23765450862068e-05,2.23765450862068e-05,NA,"tags=39%, list=26%, signal=29%",505
"BB3_all","BB3_all","CRPCvsNormal","CRPC vs Normal","COG5",0.156763610892086,5503,FALSE,"No",0.142803345287039,0.215307132068763,505,0.347962491066595,1.49057032303872,2.23765450862068e-05,2.23765450862068e-05,NA,"tags=39%, list=26%, signal=29%",505
"BB3_all","BB3_all","CRPCvsNormal","CRPC vs Normal","MAP3K21",0.15651302321789,5510,FALSE,"No",0.0428899568628417,0.0769424427476592,505,0.347962491066595,1.49057032303872,2.23765450862068e-05,2.23765450862068e-05,NA,"tags=39%, list=26%, signal=29%",505
"BB3_all","BB3_all","CRPCvsNormal","CRPC vs Normal","PSD3",0.153891492414048,5556,FALSE,"No",0.217707506133032,0.305989943600028,505,0.347962491066595,1.49057032303872,2.23765450862068e-05,2.23765450862068e-05,NA,"tags=39%, list=26%, signal=29%",505
"BB3_all","BB3_all","CRPCvsNormal","CRPC vs Normal","HLA-B",0.153812266537794,5559,FALSE,"No",0.396579332862534,0.497590197421833,505,0.347962491066595,1.49057032303872,2.23765450862068e-05,2.23765450862068e-05,NA,"tags=39%, list=26%, signal=29%",505
"BB3_all","BB3_all","CRPCvsNormal","CRPC vs Normal","BAK1",0.153305486192243,5565,FALSE,"No",0.0479094186713936,0.0846829341447335,505,0.347962491066595,1.49057032303872,2.23765450862068e-05,2.23765450862068e-05,NA,"tags=39%, list=26%, signal=29%",505
"BB3_all","BB3_all","CRPCvsNormal","CRPC vs Normal","HERC6",0.151328356062161,5600,FALSE,"No",0.276188708901117,0.37149791230745,505,0.347962491066595,1.49057032303872,2.23765450862068e-05,2.23765450862068e-05,NA,"tags=39%, list=26%, signal=29%",505
"BB3_all","BB3_all","CRPCvsNormal","CRPC vs Normal","BMF",0.150807851435015,5609,FALSE,"No",0.121203653270379,0.187539789696642,505,0.347962491066595,1.49057032303872,2.23765450862068e-05,2.23765450862068e-05,NA,"tags=39%, list=26%, signal=29%",505
"BB3_all","BB3_all","CRPCvsNormal","CRPC vs Normal","ARNT2",0.150458788570146,5617,FALSE,"No",0.247450058438313,0.339384499732259,505,0.347962491066595,1.49057032303872,2.23765450862068e-05,2.23765450862068e-05,NA,"tags=39%, list=26%, signal=29%",505
"BB3_all","BB3_all","CRPCvsNormal","CRPC vs Normal","TICRR",0.146025705789362,5685,FALSE,"No",0.00310676294571223,0.0076873654790544,505,0.347962491066595,1.49057032303872,2.23765450862068e-05,2.23765450862068e-05,NA,"tags=39%, list=26%, signal=29%",505
"BB3_all","BB3_all","CRPCvsNormal","CRPC vs Normal","HMGXB4",0.140898739168883,5773,FALSE,"No",0.0895541289355631,0.144978792797748,505,0.347962491066595,1.49057032303872,2.23765450862068e-05,2.23765450862068e-05,NA,"tags=39%, list=26%, signal=29%",505
"BB3_all","BB3_all","CRPCvsNormal","CRPC vs Normal","TANC2",0.138807629479067,5810,FALSE,"No",0.0794779239817301,0.130470365727535,505,0.347962491066595,1.49057032303872,2.23765450862068e-05,2.23765450862068e-05,NA,"tags=39%, list=26%, signal=29%",505
"BB3_all","BB3_all","CRPCvsNormal","CRPC vs Normal","ADAR",0.135489637378125,5856,FALSE,"No",0.116951059308629,0.1820129943459,505,0.347962491066595,1.49057032303872,2.23765450862068e-05,2.23765450862068e-05,NA,"tags=39%, list=26%, signal=29%",505
"BB3_all","BB3_all","CRPCvsNormal","CRPC vs Normal","GTF2I",0.131573540954161,5915,FALSE,"No",0.177624510788278,0.257990562504667,505,0.347962491066595,1.49057032303872,2.23765450862068e-05,2.23765450862068e-05,NA,"tags=39%, list=26%, signal=29%",505
"BB3_all","BB3_all","CRPCvsNormal","CRPC vs Normal","NAA15",0.128944856108171,5969,FALSE,"No",0.100371139734679,0.159683968853765,505,0.347962491066595,1.49057032303872,2.23765450862068e-05,2.23765450862068e-05,NA,"tags=39%, list=26%, signal=29%",505
"BB3_all","BB3_all","CRPCvsNormal","CRPC vs Normal","USP48",0.127075648167739,6002,FALSE,"No",0.0388969370318601,0.070646460358353,505,0.347962491066595,1.49057032303872,2.23765450862068e-05,2.23765450862068e-05,NA,"tags=39%, list=26%, signal=29%",505
"BB3_all","BB3_all","CRPCvsNormal","CRPC vs Normal","RAB10",0.126082595222118,6014,FALSE,"No",0.108687876074336,0.171042710810185,505,0.347962491066595,1.49057032303872,2.23765450862068e-05,2.23765450862068e-05,NA,"tags=39%, list=26%, signal=29%",505
"BB3_all","BB3_all","CRPCvsNormal","CRPC vs Normal","ZNF517",0.123914285293668,6043,FALSE,"No",0.0811955970900211,0.13305093535896,505,0.347962491066595,1.49057032303872,2.23765450862068e-05,2.23765450862068e-05,NA,"tags=39%, list=26%, signal=29%",505
"BB3_all","BB3_all","CRPCvsNormal","CRPC vs Normal","PSMD2",0.12237215821893,6068,FALSE,"No",0.0735599136465711,0.12240551905514,505,0.347962491066595,1.49057032303872,2.23765450862068e-05,2.23765450862068e-05,NA,"tags=39%, list=26%, signal=29%",505
"BB3_all","BB3_all","CRPCvsNormal","CRPC vs Normal","PAAF1",0.121467778816028,6083,FALSE,"No",0.0705229908313847,0.118126818021648,505,0.347962491066595,1.49057032303872,2.23765450862068e-05,2.23765450862068e-05,NA,"tags=39%, list=26%, signal=29%",505
"BB3_all","BB3_all","CRPCvsNormal","CRPC vs Normal","HELLS",0.120276908722458,6103,FALSE,"No",0.105274770406082,0.166489087120129,505,0.347962491066595,1.49057032303872,2.23765450862068e-05,2.23765450862068e-05,NA,"tags=39%, list=26%, signal=29%",505
"BB3_all","BB3_all","CRPCvsNormal","CRPC vs Normal","NOP9",0.11882271006975,6128,FALSE,"No",0.131540386313758,0.201030513420942,505,0.347962491066595,1.49057032303872,2.23765450862068e-05,2.23765450862068e-05,NA,"tags=39%, list=26%, signal=29%",505
"BB3_all","BB3_all","CRPCvsNormal","CRPC vs Normal","FEM1A",0.11680390202789,6167,FALSE,"No",0.0415583112837727,0.0747885826511716,505,0.347962491066595,1.49057032303872,2.23765450862068e-05,2.23765450862068e-05,NA,"tags=39%, list=26%, signal=29%",505
"BB3_all","BB3_all","CRPCvsNormal","CRPC vs Normal","PSENEN",0.114500255669668,6198,FALSE,"No",0.26330282627492,0.357423411469805,505,0.347962491066595,1.49057032303872,2.23765450862068e-05,2.23765450862068e-05,NA,"tags=39%, list=26%, signal=29%",505
"BB3_all","BB3_all","CRPCvsNormal","CRPC vs Normal","GINS1",0.11386110238936,6207,FALSE,"No",0.234246558788175,0.324861259040681,505,0.347962491066595,1.49057032303872,2.23765450862068e-05,2.23765450862068e-05,NA,"tags=39%, list=26%, signal=29%",505
"BB3_all","BB3_all","CRPCvsNormal","CRPC vs Normal","TAMM41",0.112840486298249,6228,FALSE,"No",0.0387029024519856,0.0703500065865229,505,0.347962491066595,1.49057032303872,2.23765450862068e-05,2.23765450862068e-05,NA,"tags=39%, list=26%, signal=29%",505
"BB3_all","BB3_all","CRPCvsNormal","CRPC vs Normal","SPATA33",0.110445085398739,6273,FALSE,"No",0.010173831650358,0.021899034754353,505,0.347962491066595,1.49057032303872,2.23765450862068e-05,2.23765450862068e-05,NA,"tags=39%, list=26%, signal=29%",505
"BB3_all","BB3_all","CRPCvsNormal","CRPC vs Normal","ERCC6",0.109218776415593,6296,FALSE,"No",0.119535101691051,0.185375361194342,505,0.347962491066595,1.49057032303872,2.23765450862068e-05,2.23765450862068e-05,NA,"tags=39%, list=26%, signal=29%",505
"BB3_all","BB3_all","CRPCvsNormal","CRPC vs Normal","LRP5",0.100487356283415,6455,FALSE,"No",0.340688909270823,0.43997621724695,505,0.347962491066595,1.49057032303872,2.23765450862068e-05,2.23765450862068e-05,NA,"tags=39%, list=26%, signal=29%",505
"BB3_all","BB3_all","CRPCvsNormal","CRPC vs Normal","ZNF747",0.0984583404342168,6492,FALSE,"No",0.150904159849096,0.225418333644389,505,0.347962491066595,1.49057032303872,2.23765450862068e-05,2.23765450862068e-05,NA,"tags=39%, list=26%, signal=29%",505
"BB3_all","BB3_all","CRPCvsNormal","CRPC vs Normal","LRR1",0.0975808782753274,6508,FALSE,"No",0.208680600545832,0.295393664721804,505,0.347962491066595,1.49057032303872,2.23765450862068e-05,2.23765450862068e-05,NA,"tags=39%, list=26%, signal=29%",505
"BB3_all","BB3_all","CRPCvsNormal","CRPC vs Normal","SRP14",0.0951983353700205,6563,FALSE,"No",0.336079524924125,0.43553235915318,505,0.347962491066595,1.49057032303872,2.23765450862068e-05,2.23765450862068e-05,NA,"tags=39%, list=26%, signal=29%",505
"BB3_all","BB3_all","CRPCvsNormal","CRPC vs Normal","PCDHGB5",0.0946764795504833,6570,FALSE,"No",0.421950695407213,0.522815859605763,505,0.347962491066595,1.49057032303872,2.23765450862068e-05,2.23765450862068e-05,NA,"tags=39%, list=26%, signal=29%",505
"BB3_all","BB3_all","CRPCvsNormal","CRPC vs Normal","NCBP1",0.0934088461392264,6598,FALSE,"No",0.140109604527621,0.211905473475116,505,0.347962491066595,1.49057032303872,2.23765450862068e-05,2.23765450862068e-05,NA,"tags=39%, list=26%, signal=29%",505
"BB3_all","BB3_all","CRPCvsNormal","CRPC vs Normal","AGBL3",0.0924753116540354,6610,FALSE,"No",0.0579603248591423,0.0996426629531382,505,0.347962491066595,1.49057032303872,2.23765450862068e-05,2.23765450862068e-05,NA,"tags=39%, list=26%, signal=29%",505
"BB3_all","BB3_all","CRPCvsNormal","CRPC vs Normal","ITGAE",0.0895215800092422,6661,FALSE,"No",0.23454371967253,0.325174617346371,505,0.347962491066595,1.49057032303872,2.23765450862068e-05,2.23765450862068e-05,NA,"tags=39%, list=26%, signal=29%",505
"BB3_all","BB3_all","CRPCvsNormal","CRPC vs Normal","LPXN",0.0875999882929559,6706,FALSE,"No",0.527322045803894,0.624728530850559,505,0.347962491066595,1.49057032303872,2.23765450862068e-05,2.23765450862068e-05,NA,"tags=39%, list=26%, signal=29%",505
"BB3_all","BB3_all","CRPCvsNormal","CRPC vs Normal","DCAF1",0.0860962321592789,6744,FALSE,"No",0.179447092198375,0.260327264402789,505,0.347962491066595,1.49057032303872,2.23765450862068e-05,2.23765450862068e-05,NA,"tags=39%, list=26%, signal=29%",505
"BB3_all","BB3_all","CRPCvsNormal","CRPC vs Normal","CLTB",0.0852266658191105,6762,FALSE,"No",0.422472127346713,0.523319942907572,505,0.347962491066595,1.49057032303872,2.23765450862068e-05,2.23765450862068e-05,NA,"tags=39%, list=26%, signal=29%",505
"BB3_all","BB3_all","CRPCvsNormal","CRPC vs Normal","RPL3L",0.0844670661617097,6784,FALSE,"No",0.613357247513493,0.700881043671033,505,0.347962491066595,1.49057032303872,2.23765450862068e-05,2.23765450862068e-05,NA,"tags=39%, list=26%, signal=29%",505
"BB3_all","BB3_all","CRPCvsNormal","CRPC vs Normal","NUP88",0.0829202972967784,6813,FALSE,"No",0.203950495514123,0.289888705241692,505,0.347962491066595,1.49057032303872,2.23765450862068e-05,2.23765450862068e-05,NA,"tags=39%, list=26%, signal=29%",505
"BB3_all","BB3_all","CRPCvsNormal","CRPC vs Normal","PCDHB12",0.080701838463611,6852,FALSE,"No",0.27370297571764,0.368664446166095,505,0.347962491066595,1.49057032303872,2.23765450862068e-05,2.23765450862068e-05,NA,"tags=39%, list=26%, signal=29%",505
"BB3_all","BB3_all","CRPCvsNormal","CRPC vs Normal","KDM4C",0.0787700184915927,6888,FALSE,"No",0.291966301579901,0.388720185109487,505,0.347962491066595,1.49057032303872,2.23765450862068e-05,2.23765450862068e-05,NA,"tags=39%, list=26%, signal=29%",505
"BB3_all","BB3_all","CRPCvsNormal","CRPC vs Normal","TRIM44",0.0775919907569587,6914,FALSE,"No",0.302019062995228,0.399672549784166,505,0.347962491066595,1.49057032303872,2.23765450862068e-05,2.23765450862068e-05,NA,"tags=39%, list=26%, signal=29%",505
"BB3_all","BB3_all","CRPCvsNormal","CRPC vs Normal","NOL8",0.0758991539035905,6960,FALSE,"No",0.173260223887695,0.252595677989674,505,0.347962491066595,1.49057032303872,2.23765450862068e-05,2.23765450862068e-05,NA,"tags=39%, list=26%, signal=29%",505
"BB3_all","BB3_all","CRPCvsNormal","CRPC vs Normal","SPG11",0.0758240705624242,6964,FALSE,"No",0.427523812412648,0.5283150336032,505,0.347962491066595,1.49057032303872,2.23765450862068e-05,2.23765450862068e-05,NA,"tags=39%, list=26%, signal=29%",505
"BB3_all","BB3_all","CRPCvsNormal","CRPC vs Normal","PPP2R2C",0.075568205336612,6968,FALSE,"No",0.591447818518748,0.682161132352305,505,0.347962491066595,1.49057032303872,2.23765450862068e-05,2.23765450862068e-05,NA,"tags=39%, list=26%, signal=29%",505
"BB3_all","BB3_all","CRPCvsNormal","CRPC vs Normal","DLGAP2",0.0724139918438071,7036,FALSE,"No",0.00158562345567192,0.00423435643878704,505,0.347962491066595,1.49057032303872,2.23765450862068e-05,2.23765450862068e-05,NA,"tags=39%, list=26%, signal=29%",505
"BB3_all","BB3_all","CRPCvsNormal","CRPC vs Normal","PHYH",0.0702506084273105,7090,FALSE,"No",0.519210416419447,0.616783762048869,505,0.347962491066595,1.49057032303872,2.23765450862068e-05,2.23765450862068e-05,NA,"tags=39%, list=26%, signal=29%",505
"BB3_all","BB3_all","CRPCvsNormal","CRPC vs Normal","GRB7",0.0666399131490825,7166,FALSE,"No",0.661306103315902,0.742298118550253,505,0.347962491066595,1.49057032303872,2.23765450862068e-05,2.23765450862068e-05,NA,"tags=39%, list=26%, signal=29%",505
"BB3_all","BB3_all","CRPCvsNormal","CRPC vs Normal","CTSL",0.0666246053906114,7167,FALSE,"No",0.391886303899302,0.492954701950599,505,0.347962491066595,1.49057032303872,2.23765450862068e-05,2.23765450862068e-05,NA,"tags=39%, list=26%, signal=29%",505
"BB3_all","BB3_all","CRPCvsNormal","CRPC vs Normal","MUC1",0.0655791076576206,7181,FALSE,"No",0.80430777600139,0.857246226890034,505,0.347962491066595,1.49057032303872,2.23765450862068e-05,2.23765450862068e-05,NA,"tags=39%, list=26%, signal=29%",505
"BB3_all","BB3_all","CRPCvsNormal","CRPC vs Normal","CHTF8",0.0625983280820548,7240,FALSE,"No",0.276303956620904,0.371592406982582,505,0.347962491066595,1.49057032303872,2.23765450862068e-05,2.23765450862068e-05,NA,"tags=39%, list=26%, signal=29%",505
"BB3_all","BB3_all","CRPCvsNormal","CRPC vs Normal","GLOD4",0.0604842528829206,7285,FALSE,"No",0.460110974398877,0.560853323881875,505,0.347962491066595,1.49057032303872,2.23765450862068e-05,2.23765450862068e-05,NA,"tags=39%, list=26%, signal=29%",505
"BB3_all","BB3_all","CRPCvsNormal","CRPC vs Normal","ABTB1",0.0590035056330271,7324,FALSE,"No",0.583438086356222,0.675482036216185,505,0.347962491066595,1.49057032303872,2.23765450862068e-05,2.23765450862068e-05,NA,"tags=39%, list=26%, signal=29%",505
"BB3_all","BB3_all","CRPCvsNormal","CRPC vs Normal","IL3RA",0.0588167672196689,7330,FALSE,"No",0.568387566685676,0.661605874707141,505,0.347962491066595,1.49057032303872,2.23765450862068e-05,2.23765450862068e-05,NA,"tags=39%, list=26%, signal=29%",505
"BB3_all","BB3_all","CRPCvsNormal","CRPC vs Normal","LMAN1",0.057424389751997,7363,FALSE,"No",0.57040874014974,0.663520898798643,505,0.347962491066595,1.49057032303872,2.23765450862068e-05,2.23765450862068e-05,NA,"tags=39%, list=26%, signal=29%",505
"BB3_all","BB3_all","CRPCvsNormal","CRPC vs Normal","SULT1A1",0.0559419629107363,7405,FALSE,"No",0.698975320310337,0.772943649399964,505,0.347962491066595,1.49057032303872,2.23765450862068e-05,2.23765450862068e-05,NA,"tags=39%, list=26%, signal=29%",505
"BB3_all","BB3_all","CRPCvsNormal","CRPC vs Normal","CDK12",0.0558439765323602,7408,FALSE,"No",0.541746912338593,0.637764185407111,505,0.347962491066595,1.49057032303872,2.23765450862068e-05,2.23765450862068e-05,NA,"tags=39%, list=26%, signal=29%",505
"BB3_all","BB3_all","CRPCvsNormal","CRPC vs Normal","MFSD11",0.055843134822934,7409,FALSE,"No",0.358424073114558,0.458086630248426,505,0.347962491066595,1.49057032303872,2.23765450862068e-05,2.23765450862068e-05,NA,"tags=39%, list=26%, signal=29%",505
"BB3_all","BB3_all","CRPCvsNormal","CRPC vs Normal","IDH3B",0.0549110196735576,7431,FALSE,"No",0.456680245018201,0.557446078663567,505,0.347962491066595,1.49057032303872,2.23765450862068e-05,2.23765450862068e-05,NA,"tags=39%, list=26%, signal=29%",505
"BB3_all","BB3_all","CRPCvsNormal","CRPC vs Normal","GPHN",0.0545137857757667,7443,FALSE,"No",0.350888195087048,0.450662619284209,505,0.347962491066595,1.49057032303872,2.23765450862068e-05,2.23765450862068e-05,NA,"tags=39%, list=26%, signal=29%",505
"BB3_all","BB3_all","CRPCvsNormal","CRPC vs Normal","KRT10",0.0538184939419413,7460,FALSE,"No",0.610396903377431,0.698415800369091,505,0.347962491066595,1.49057032303872,2.23765450862068e-05,2.23765450862068e-05,NA,"tags=39%, list=26%, signal=29%",505
"BB3_all","BB3_all","CRPCvsNormal","CRPC vs Normal","CABIN1",0.0533387878474745,7471,FALSE,"No",0.57558047788789,0.668305557340741,505,0.347962491066595,1.49057032303872,2.23765450862068e-05,2.23765450862068e-05,NA,"tags=39%, list=26%, signal=29%",505
"BB3_all","BB3_all","CRPCvsNormal","CRPC vs Normal","PCSK7",0.0531959738889056,7475,FALSE,"No",0.426829599654765,0.527679828581654,505,0.347962491066595,1.49057032303872,2.23765450862068e-05,2.23765450862068e-05,NA,"tags=39%, list=26%, signal=29%",505
"BB3_all","BB3_all","CRPCvsNormal","CRPC vs Normal","FAM177A1",0.0501328529656115,7538,FALSE,"No",0.656775294287338,0.739015976180869,505,0.347962491066595,1.49057032303872,2.23765450862068e-05,2.23765450862068e-05,NA,"tags=39%, list=26%, signal=29%",505
"BB3_all","BB3_all","CRPCvsNormal","CRPC vs Normal","CHCHD7",0.0487128674787831,7573,FALSE,"No",0.588381447422685,0.679139053309495,505,0.347962491066595,1.49057032303872,2.23765450862068e-05,2.23765450862068e-05,NA,"tags=39%, list=26%, signal=29%",505
"BB3_all","BB3_all","CRPCvsNormal","CRPC vs Normal","EMC7",0.0481378123706913,7590,FALSE,"No",0.614949488191533,0.702261166071056,505,0.347962491066595,1.49057032303872,2.23765450862068e-05,2.23765450862068e-05,NA,"tags=39%, list=26%, signal=29%",505
"BB3_all","BB3_all","CRPCvsNormal","CRPC vs Normal","SNX17",0.0477079297252345,7606,FALSE,"No",0.550154782771398,0.645167389708678,505,0.347962491066595,1.49057032303872,2.23765450862068e-05,2.23765450862068e-05,NA,"tags=39%, list=26%, signal=29%",505
"BB3_all","BB3_all","CRPCvsNormal","CRPC vs Normal","AGER",0.0476244852548138,7611,FALSE,"No",0.695866720416692,0.770252182470688,505,0.347962491066595,1.49057032303872,2.23765450862068e-05,2.23765450862068e-05,NA,"tags=39%, list=26%, signal=29%",505
"BB3_all","BB3_all","CRPCvsNormal","CRPC vs Normal","DHRS1",0.0470387879881393,7624,FALSE,"No",0.568410215251241,0.661605874707141,505,0.347962491066595,1.49057032303872,2.23765450862068e-05,2.23765450862068e-05,NA,"tags=39%, list=26%, signal=29%",505
"BB3_all","BB3_all","CRPCvsNormal","CRPC vs Normal","GOLT1A",0.0466877525952225,7631,FALSE,"No",0.77215105727478,0.831561300169868,505,0.347962491066595,1.49057032303872,2.23765450862068e-05,2.23765450862068e-05,NA,"tags=39%, list=26%, signal=29%",505
"BB3_all","BB3_all","CRPCvsNormal","CRPC vs Normal","EFHB",0.0455529664942689,7661,FALSE,"No",0.304107305578006,0.401891731849754,505,0.347962491066595,1.49057032303872,2.23765450862068e-05,2.23765450862068e-05,NA,"tags=39%, list=26%, signal=29%",505
"BB3_all","BB3_all","CRPCvsNormal","CRPC vs Normal","POLR2K",0.0427396513360723,7731,FALSE,"No",0.670499308826295,0.74999022504722,505,0.347962491066595,1.49057032303872,2.23765450862068e-05,2.23765450862068e-05,NA,"tags=39%, list=26%, signal=29%",505
"BB3_all","BB3_all","CRPCvsNormal","CRPC vs Normal","ZBTB2",0.0378507209999546,7851,FALSE,"No",0.515666585048753,0.613506535693383,505,0.347962491066595,1.49057032303872,2.23765450862068e-05,2.23765450862068e-05,NA,"tags=39%, list=26%, signal=29%",505
"BB3_all","BB3_all","CRPCvsNormal","CRPC vs Normal","IBTK",0.0360678804138526,7889,FALSE,"No",0.658504527076056,0.740139090784467,505,0.347962491066595,1.49057032303872,2.23765450862068e-05,2.23765450862068e-05,NA,"tags=39%, list=26%, signal=29%",505
"BB3_all","BB3_all","CRPCvsNormal","CRPC vs Normal","TEX19",0.0345556281670416,7928,FALSE,"No",0.0733916930259721,0.122158981666886,505,0.347962491066595,1.49057032303872,2.23765450862068e-05,2.23765450862068e-05,NA,"tags=39%, list=26%, signal=29%",505
"BB3_all","BB3_all","CRPCvsNormal","CRPC vs Normal","UQCR11",0.0344374167409622,7936,FALSE,"No",0.752948397019161,0.816174435935672,505,0.347962491066595,1.49057032303872,2.23765450862068e-05,2.23765450862068e-05,NA,"tags=39%, list=26%, signal=29%",505
"BB3_all","BB3_all","CRPCvsNormal","CRPC vs Normal","CDKN2D",0.0342531615329773,7943,FALSE,"No",0.753040928444745,0.816226299487997,505,0.347962491066595,1.49057032303872,2.23765450862068e-05,2.23765450862068e-05,NA,"tags=39%, list=26%, signal=29%",505
"BB3_all","BB3_all","CRPCvsNormal","CRPC vs Normal","FKBP6",0.034166302985343,7949,FALSE,"No",0.0176631207908624,0.0353688406452414,505,0.347962491066595,1.49057032303872,2.23765450862068e-05,2.23765450862068e-05,NA,"tags=39%, list=26%, signal=29%",505
"BB3_all","BB3_all","CRPCvsNormal","CRPC vs Normal","LRRC32",0.0329244040840186,7984,FALSE,"No",0.847372378933957,0.890928675163049,505,0.347962491066595,1.49057032303872,2.23765450862068e-05,2.23765450862068e-05,NA,"tags=39%, list=26%, signal=29%",505
"BB3_all","BB3_all","CRPCvsNormal","CRPC vs Normal","RB1CC1",0.031130692975383,8037,FALSE,"No",0.713689054088197,0.784795873937452,505,0.347962491066595,1.49057032303872,2.23765450862068e-05,2.23765450862068e-05,NA,"tags=39%, list=26%, signal=29%",505
"BB3_all","BB3_all","CRPCvsNormal","CRPC vs Normal","NRDE2",0.0289862394378879,8091,FALSE,"No",0.468971760795775,0.56904752095082,505,0.347962491066595,1.49057032303872,2.23765450862068e-05,2.23765450862068e-05,NA,"tags=39%, list=26%, signal=29%",505
"BB3_all","BB3_all","CRPCvsNormal","CRPC vs Normal","NECAP1",0.0274749718503764,8132,FALSE,"No",0.734415759306212,0.801225892528118,505,0.347962491066595,1.49057032303872,2.23765450862068e-05,2.23765450862068e-05,NA,"tags=39%, list=26%, signal=29%",505
"BB3_all","BB3_all","CRPCvsNormal","CRPC vs Normal","C17orf75",0.0261699476264519,8166,FALSE,"No",0.743530064760352,0.808123298995156,505,0.347962491066595,1.49057032303872,2.23765450862068e-05,2.23765450862068e-05,NA,"tags=39%, list=26%, signal=29%",505
"BB3_all","BB3_all","CRPCvsNormal","CRPC vs Normal","TXNL1",0.0247394900809539,8217,FALSE,"No",0.74891749160818,0.812431815044246,505,0.347962491066595,1.49057032303872,2.23765450862068e-05,2.23765450862068e-05,NA,"tags=39%, list=26%, signal=29%",505
"BB3_all","BB3_all","CRPCvsNormal","CRPC vs Normal","U2SURP",0.0242343511512129,8240,FALSE,"No",0.706569848215041,0.779219033236487,505,0.347962491066595,1.49057032303872,2.23765450862068e-05,2.23765450862068e-05,NA,"tags=39%, list=26%, signal=29%",505
"BB3_all","BB3_all","CRPCvsNormal","CRPC vs Normal","TRAPPC4",0.0240357230484705,8249,FALSE,"No",0.803634181497955,0.856944954688572,505,0.347962491066595,1.49057032303872,2.23765450862068e-05,2.23765450862068e-05,NA,"tags=39%, list=26%, signal=29%",505
"BB3_all","BB3_all","CRPCvsNormal","CRPC vs Normal","C15orf40",0.0239785779808328,8256,FALSE,"No",0.604718090777062,0.693830442596345,505,0.347962491066595,1.49057032303872,2.23765450862068e-05,2.23765450862068e-05,NA,"tags=39%, list=26%, signal=29%",505
"BB3_all","BB3_all","CRPCvsNormal","CRPC vs Normal","HMGB2",0.0222041923861456,8311,FALSE,"No",0.860251410108012,0.900427038968136,505,0.347962491066595,1.49057032303872,2.23765450862068e-05,2.23765450862068e-05,NA,"tags=39%, list=26%, signal=29%",505
"BB3_all","BB3_all","CRPCvsNormal","CRPC vs Normal","INVS",0.0216130315298968,8331,FALSE,"No",0.708459387416485,0.780643009624752,505,0.347962491066595,1.49057032303872,2.23765450862068e-05,2.23765450862068e-05,NA,"tags=39%, list=26%, signal=29%",505
"BB3_all","BB3_all","CRPCvsNormal","CRPC vs Normal","COX14",0.0211766653068954,8346,FALSE,"No",0.819238959446541,0.868549443800337,505,0.347962491066595,1.49057032303872,2.23765450862068e-05,2.23765450862068e-05,NA,"tags=39%, list=26%, signal=29%",505
"BB3_all","BB3_all","CRPCvsNormal","CRPC vs Normal","GEMIN5",0.0167264218717325,8477,FALSE,"No",0.800206447711023,0.85406185544415,505,0.347962491066595,1.49057032303872,2.23765450862068e-05,2.23765450862068e-05,NA,"tags=39%, list=26%, signal=29%",505
"BB3_all","BB3_all","CRPCvsNormal","CRPC vs Normal","BRPF3",0.0151070913569891,8535,FALSE,"No",0.866592868896122,0.905145547990426,505,0.347962491066595,1.49057032303872,2.23765450862068e-05,2.23765450862068e-05,NA,"tags=39%, list=26%, signal=29%",505
"BB3_all","BB3_all","CRPCvsNormal","CRPC vs Normal","TSGA13",0.00832944655414979,8803,FALSE,"No",0.219265289948392,0.3076113507064,505,0.347962491066595,1.49057032303872,2.23765450862068e-05,2.23765450862068e-05,NA,"tags=39%, list=26%, signal=29%",505
"BB3_all","BB3_all","CRPCvsNormal","CRPC vs Normal","DCTN3",0.00687818350349456,8860,FALSE,"No",0.944656116726805,0.961556200370499,505,0.347962491066595,1.49057032303872,2.23765450862068e-05,2.23765450862068e-05,NA,"tags=39%, list=26%, signal=29%",505
"BB3_all","BB3_all","CRPCvsNormal","CRPC vs Normal","CARD9",0.00655693942846514,8871,FALSE,"No",0.936156832664958,0.955906396083564,505,0.347962491066595,1.49057032303872,2.23765450862068e-05,2.23765450862068e-05,NA,"tags=39%, list=26%, signal=29%",505
"BB3_all","BB3_all","CRPCvsNormal","CRPC vs Normal","FLII",0.00135305171819855,9153,FALSE,"No",0.987013937120455,0.991366975370718,505,0.347962491066595,1.49057032303872,2.23765450862068e-05,2.23765450862068e-05,NA,"tags=39%, list=26%, signal=29%",505
"BB3_all","BB3_all","CRPCvsNormal","CRPC vs Normal","KCND3",0.000148375849558846,9261,FALSE,"No",0.999236482684471,0.999564818878124,505,0.347962491066595,1.49057032303872,2.23765450862068e-05,2.23765450862068e-05,NA,"tags=39%, list=26%, signal=29%",505
"BB3_all","BB3_all","CRPCvsNormal","CRPC vs Normal","WDR35",-0.00118652011032783,9372,FALSE,"No",0.987405826628659,0.991502354717157,505,0.347962491066595,1.49057032303872,2.23765450862068e-05,2.23765450862068e-05,NA,"tags=39%, list=26%, signal=29%",505
"BB3_all","BB3_all","CRPCvsNormal","CRPC vs Normal","HMGCS2",-0.00238597600913693,9476,FALSE,"No",0.995363493487108,0.996498897647059,505,0.347962491066595,1.49057032303872,2.23765450862068e-05,2.23765450862068e-05,NA,"tags=39%, list=26%, signal=29%",505
"BB3_all","BB3_all","CRPCvsNormal","CRPC vs Normal","C2CD2",-0.00265137931414339,9503,FALSE,"No",0.97659058144324,0.98380782928757,505,0.347962491066595,1.49057032303872,2.23765450862068e-05,2.23765450862068e-05,NA,"tags=39%, list=26%, signal=29%",505
"BB3_all","BB3_all","CRPCvsNormal","CRPC vs Normal","ZNF644",-0.00519701201690337,9755,FALSE,"No",0.94326321131201,0.960564521259139,505,0.347962491066595,1.49057032303872,2.23765450862068e-05,2.23765450862068e-05,NA,"tags=39%, list=26%, signal=29%",505
"BB3_all","BB3_all","CRPCvsNormal","CRPC vs Normal","LMBRD2",-0.00568582801971251,9790,FALSE,"No",0.948812774654429,0.964709943881871,505,0.347962491066595,1.49057032303872,2.23765450862068e-05,2.23765450862068e-05,NA,"tags=39%, list=26%, signal=29%",505
"BB3_all","BB3_all","CRPCvsNormal","CRPC vs Normal","DIAPH2",-0.00570425244556416,9793,FALSE,"No",0.954351593478084,0.968293407013869,505,0.347962491066595,1.49057032303872,2.23765450862068e-05,2.23765450862068e-05,NA,"tags=39%, list=26%, signal=29%",505
"BB3_all","BB3_all","CRPCvsNormal","CRPC vs Normal","EDA",-0.00863535540398264,10013,FALSE,"No",0.947092769690856,0.963395621714365,505,0.347962491066595,1.49057032303872,2.23765450862068e-05,2.23765450862068e-05,NA,"tags=39%, list=26%, signal=29%",505
"BB3_all","BB3_all","CRPCvsNormal","CRPC vs Normal","ZCCHC17",-0.0102376977188552,10117,FALSE,"No",0.883838635012995,0.917805372776997,505,0.347962491066595,1.49057032303872,2.23765450862068e-05,2.23765450862068e-05,NA,"tags=39%, list=26%, signal=29%",505
"BB3_all","BB3_all","CRPCvsNormal","CRPC vs Normal","TUBGCP4",-0.0104195066179567,10130,FALSE,"No",0.853316707712078,0.895631959034006,505,0.347962491066595,1.49057032303872,2.23765450862068e-05,2.23765450862068e-05,NA,"tags=39%, list=26%, signal=29%",505
"BB3_all","BB3_all","CRPCvsNormal","CRPC vs Normal","TRAPPC1",-0.011237223837103,10176,FALSE,"No",0.892133832017981,0.924002981154482,505,0.347962491066595,1.49057032303872,2.23765450862068e-05,2.23765450862068e-05,NA,"tags=39%, list=26%, signal=29%",505
"BB3_all","BB3_all","CRPCvsNormal","CRPC vs Normal","BEX3",-0.0174296655158681,10477,FALSE,"No",0.862797583066009,0.902316537975708,505,0.347962491066595,1.49057032303872,2.23765450862068e-05,2.23765450862068e-05,NA,"tags=39%, list=26%, signal=29%",505
"BB3_all","BB3_all","CRPCvsNormal","CRPC vs Normal","HMGN3",-0.0198060214342348,10582,FALSE,"No",0.853973423497071,0.896218244963947,505,0.347962491066595,1.49057032303872,2.23765450862068e-05,2.23765450862068e-05,NA,"tags=39%, list=26%, signal=29%",505
"BB3_all","BB3_all","CRPCvsNormal","CRPC vs Normal","CREB1",-0.0200461230123077,10594,FALSE,"No",0.782945975032599,0.840362626627421,505,0.347962491066595,1.49057032303872,2.23765450862068e-05,2.23765450862068e-05,NA,"tags=39%, list=26%, signal=29%",505
"BB3_all","BB3_all","CRPCvsNormal","CRPC vs Normal","POGK",-0.0250491490089475,10790,FALSE,"No",0.704774153051839,0.777614296565683,505,0.347962491066595,1.49057032303872,2.23765450862068e-05,2.23765450862068e-05,NA,"tags=39%, list=26%, signal=29%",505
"BB3_all","BB3_all","CRPCvsNormal","CRPC vs Normal","KTN1",-0.0276448918600423,10903,FALSE,"No",0.699422420891748,0.773157222222747,505,0.347962491066595,1.49057032303872,2.23765450862068e-05,2.23765450862068e-05,NA,"tags=39%, list=26%, signal=29%",505
"BB3_all","BB3_all","CRPCvsNormal","CRPC vs Normal","PKP4",-0.0295711714593523,10982,FALSE,"No",0.693577446155,0.768370064984669,505,0.347962491066595,1.49057032303872,2.23765450862068e-05,2.23765450862068e-05,NA,"tags=39%, list=26%, signal=29%",505
"BB3_all","BB3_all","CRPCvsNormal","CRPC vs Normal","PRKAR2A",-0.0301959506776277,11000,FALSE,"No",0.694925396512986,0.769303472285224,505,0.347962491066595,1.49057032303872,2.23765450862068e-05,2.23765450862068e-05,NA,"tags=39%, list=26%, signal=29%",505
"BB3_all","BB3_all","CRPCvsNormal","CRPC vs Normal","AZI2",-0.0324916109527185,11067,FALSE,"No",0.664662400136325,0.745149659417549,505,0.347962491066595,1.49057032303872,2.23765450862068e-05,2.23765450862068e-05,NA,"tags=39%, list=26%, signal=29%",505
"BB3_all","BB3_all","CRPCvsNormal","CRPC vs Normal","ZCRB1",-0.0333916851871212,11098,FALSE,"No",0.686634550186574,0.763028270189495,505,0.347962491066595,1.49057032303872,2.23765450862068e-05,2.23765450862068e-05,NA,"tags=39%, list=26%, signal=29%",505
"BB3_all","BB3_all","CRPCvsNormal","CRPC vs Normal","KISS1",-0.0366006737465719,11190,FALSE,"No",0.580261891425239,0.67258432251438,505,0.347962491066595,1.49057032303872,2.23765450862068e-05,2.23765450862068e-05,NA,"tags=39%, list=26%, signal=29%",505
"BB3_all","BB3_all","CRPCvsNormal","CRPC vs Normal","TRNAU1AP",-0.0390840587595274,11259,FALSE,"No",0.540401869655301,0.636755292937926,505,0.347962491066595,1.49057032303872,2.23765450862068e-05,2.23765450862068e-05,NA,"tags=39%, list=26%, signal=29%",505
"BB3_all","BB3_all","CRPCvsNormal","CRPC vs Normal","TBC1D8B",-0.0401853654633202,11292,FALSE,"No",0.647995416210771,0.731131278800787,505,0.347962491066595,1.49057032303872,2.23765450862068e-05,2.23765450862068e-05,NA,"tags=39%, list=26%, signal=29%",505
"BB3_all","BB3_all","CRPCvsNormal","CRPC vs Normal","TTC7B",-0.0418270586762464,11342,FALSE,"No",0.586171119703533,0.67759399270456,505,0.347962491066595,1.49057032303872,2.23765450862068e-05,2.23765450862068e-05,NA,"tags=39%, list=26%, signal=29%",505
"BB3_all","BB3_all","CRPCvsNormal","CRPC vs Normal","CCAR2",-0.0422845176963929,11351,FALSE,"No",0.543085930054059,0.638846445026239,505,0.347962491066595,1.49057032303872,2.23765450862068e-05,2.23765450862068e-05,NA,"tags=39%, list=26%, signal=29%",505
"BB3_all","BB3_all","CRPCvsNormal","CRPC vs Normal","EPM2AIP1",-0.0439253066816203,11398,FALSE,"No",0.579750903618152,0.672226109681248,505,0.347962491066595,1.49057032303872,2.23765450862068e-05,2.23765450862068e-05,NA,"tags=39%, list=26%, signal=29%",505
"BB3_all","BB3_all","CRPCvsNormal","CRPC vs Normal","BLCAP",-0.0477464641638274,11498,FALSE,"No",0.491997451967453,0.591082968800151,505,0.347962491066595,1.49057032303872,2.23765450862068e-05,2.23765450862068e-05,NA,"tags=39%, list=26%, signal=29%",505
"BB3_all","BB3_all","CRPCvsNormal","CRPC vs Normal","DDX3X",-0.0480195471837419,11511,FALSE,"No",0.566661999586011,0.660075765859198,505,0.347962491066595,1.49057032303872,2.23765450862068e-05,2.23765450862068e-05,NA,"tags=39%, list=26%, signal=29%",505
"BB3_all","BB3_all","CRPCvsNormal","CRPC vs Normal","EXOC4",-0.0480755037611451,11514,FALSE,"No",0.458250525689237,0.558957772522757,505,0.347962491066595,1.49057032303872,2.23765450862068e-05,2.23765450862068e-05,NA,"tags=39%, list=26%, signal=29%",505
"BB3_all","BB3_all","CRPCvsNormal","CRPC vs Normal","NOS1AP",-0.0488067404394584,11534,FALSE,"No",0.50106372986992,0.599883993563869,505,0.347962491066595,1.49057032303872,2.23765450862068e-05,2.23765450862068e-05,NA,"tags=39%, list=26%, signal=29%",505
"BB3_all","BB3_all","CRPCvsNormal","CRPC vs Normal","SKP1",-0.0502201076376672,11568,FALSE,"No",0.55753488596235,0.651563162315309,505,0.347962491066595,1.49057032303872,2.23765450862068e-05,2.23765450862068e-05,NA,"tags=39%, list=26%, signal=29%",505
"BB3_all","BB3_all","CRPCvsNormal","CRPC vs Normal","HES1",-0.0507269603836162,11584,FALSE,"No",0.704646375830631,0.77752027914234,505,0.347962491066595,1.49057032303872,2.23765450862068e-05,2.23765450862068e-05,NA,"tags=39%, list=26%, signal=29%",505
"BB3_all","BB3_all","CRPCvsNormal","CRPC vs Normal","ATG9A",-0.051016785841421,11592,FALSE,"No",0.541239983583142,0.637372802535599,505,0.347962491066595,1.49057032303872,2.23765450862068e-05,2.23765450862068e-05,NA,"tags=39%, list=26%, signal=29%",505
"BB3_all","BB3_all","CRPCvsNormal","CRPC vs Normal","SHANK3",-0.0517402615778135,11618,FALSE,"No",0.681421151523155,0.758924211495725,505,0.347962491066595,1.49057032303872,2.23765450862068e-05,2.23765450862068e-05,NA,"tags=39%, list=26%, signal=29%",505
"BB3_all","BB3_all","CRPCvsNormal","CRPC vs Normal","AXDND1",-0.0530888771430864,11654,FALSE,"No",0.356089384702937,0.455644742625839,505,0.347962491066595,1.49057032303872,2.23765450862068e-05,2.23765450862068e-05,NA,"tags=39%, list=26%, signal=29%",505
"BB3_all","BB3_all","CRPCvsNormal","CRPC vs Normal","WIPF2",-0.0538271946379942,11671,FALSE,"No",0.393999235720279,0.495062824307697,505,0.347962491066595,1.49057032303872,2.23765450862068e-05,2.23765450862068e-05,NA,"tags=39%, list=26%, signal=29%",505
"BB3_all","BB3_all","CRPCvsNormal","CRPC vs Normal","FCHSD1",-0.0558013728226607,11711,FALSE,"No",0.582080816417997,0.674252532988214,505,0.347962491066595,1.49057032303872,2.23765450862068e-05,2.23765450862068e-05,NA,"tags=39%, list=26%, signal=29%",505
"BB3_all","BB3_all","CRPCvsNormal","CRPC vs Normal","WASF2",-0.0578251634013363,11767,FALSE,"No",0.502719813200256,0.601196812093484,505,0.347962491066595,1.49057032303872,2.23765450862068e-05,2.23765450862068e-05,NA,"tags=39%, list=26%, signal=29%",505
"BB3_all","BB3_all","CRPCvsNormal","CRPC vs Normal","NFIC",-0.0596370180843566,11810,FALSE,"No",0.63486392677355,0.719515076406631,505,0.347962491066595,1.49057032303872,2.23765450862068e-05,2.23765450862068e-05,NA,"tags=39%, list=26%, signal=29%",505
"BB3_all","BB3_all","CRPCvsNormal","CRPC vs Normal","BMI1",-0.0596868205994481,11813,FALSE,"No",0.512701126259042,0.610694409667275,505,0.347962491066595,1.49057032303872,2.23765450862068e-05,2.23765450862068e-05,NA,"tags=39%, list=26%, signal=29%",505
"BB3_all","BB3_all","CRPCvsNormal","CRPC vs Normal","TRAPPC10",-0.0606808776408208,11838,FALSE,"No",0.423156164828478,0.523954074481899,505,0.347962491066595,1.49057032303872,2.23765450862068e-05,2.23765450862068e-05,NA,"tags=39%, list=26%, signal=29%",505
"BB3_all","BB3_all","CRPCvsNormal","CRPC vs Normal","PLXNA1",-0.0628166854267254,11890,FALSE,"No",0.56355720683027,0.657213556787443,505,0.347962491066595,1.49057032303872,2.23765450862068e-05,2.23765450862068e-05,NA,"tags=39%, list=26%, signal=29%",505
"BB3_all","BB3_all","CRPCvsNormal","CRPC vs Normal","HMGN2",-0.0630953265841274,11900,FALSE,"No",0.569400079238197,0.66246253804872,505,0.347962491066595,1.49057032303872,2.23765450862068e-05,2.23765450862068e-05,NA,"tags=39%, list=26%, signal=29%",505
"BB3_all","BB3_all","CRPCvsNormal","CRPC vs Normal","ZNF770",-0.0653952771239523,11958,FALSE,"No",0.574984135102395,0.667768324757143,505,0.347962491066595,1.49057032303872,2.23765450862068e-05,2.23765450862068e-05,NA,"tags=39%, list=26%, signal=29%",505
"BB3_all","BB3_all","CRPCvsNormal","CRPC vs Normal","TMEM14B",-0.0660820874734274,11976,FALSE,"No",0.603826767422954,0.69305176106411,505,0.347962491066595,1.49057032303872,2.23765450862068e-05,2.23765450862068e-05,NA,"tags=39%, list=26%, signal=29%",505
"BB3_all","BB3_all","CRPCvsNormal","CRPC vs Normal","PTGER4",-0.0759960900012875,12156,FALSE,"No",0.619541677982071,0.706357174334967,505,0.347962491066595,1.49057032303872,2.23765450862068e-05,2.23765450862068e-05,NA,"tags=39%, list=26%, signal=29%",505
"BB3_all","BB3_all","CRPCvsNormal","CRPC vs Normal","DNTTIP1",-0.0771876597846561,12179,FALSE,"No",0.277264692466617,0.372664964870877,505,0.347962491066595,1.49057032303872,2.23765450862068e-05,2.23765450862068e-05,NA,"tags=39%, list=26%, signal=29%",505
"BB3_all","BB3_all","CRPCvsNormal","CRPC vs Normal","PANX1",-0.0836245500390658,12311,FALSE,"No",0.315823557446871,0.413809508687204,505,0.347962491066595,1.49057032303872,2.23765450862068e-05,2.23765450862068e-05,NA,"tags=39%, list=26%, signal=29%",505
"BB3_all","BB3_all","CRPCvsNormal","CRPC vs Normal","PSMD10",-0.0840127744101418,12321,FALSE,"No",0.359351011124522,0.459014375468567,505,0.347962491066595,1.49057032303872,2.23765450862068e-05,2.23765450862068e-05,NA,"tags=39%, list=26%, signal=29%",505
"BB3_all","BB3_all","CRPCvsNormal","CRPC vs Normal","DSN1",-0.0893932534972541,12423,FALSE,"No",0.245103317461009,0.336772769425515,505,0.347962491066595,1.49057032303872,2.23765450862068e-05,2.23765450862068e-05,NA,"tags=39%, list=26%, signal=29%",505
"BB3_all","BB3_all","CRPCvsNormal","CRPC vs Normal","RTF1",-0.09222431602364,12474,FALSE,"No",0.219174638422676,0.307555039212461,505,0.347962491066595,1.49057032303872,2.23765450862068e-05,2.23765450862068e-05,NA,"tags=39%, list=26%, signal=29%",505
"BB3_all","BB3_all","CRPCvsNormal","CRPC vs Normal","TMEM128",-0.0922713703422047,12475,FALSE,"No",0.311616222431524,0.409642455482851,505,0.347962491066595,1.49057032303872,2.23765450862068e-05,2.23765450862068e-05,NA,"tags=39%, list=26%, signal=29%",505
"BB3_all","BB3_all","CRPCvsNormal","CRPC vs Normal","ZCCHC10",-0.0952029123721667,12543,FALSE,"No",0.288055166585583,0.384902390113553,505,0.347962491066595,1.49057032303872,2.23765450862068e-05,2.23765450862068e-05,NA,"tags=39%, list=26%, signal=29%",505
"BB3_all","BB3_all","CRPCvsNormal","CRPC vs Normal","HMGB1",-0.0958442853640369,12554,FALSE,"No",0.260885253414218,0.354695201999562,505,0.347962491066595,1.49057032303872,2.23765450862068e-05,2.23765450862068e-05,NA,"tags=39%, list=26%, signal=29%",505
"BB3_all","BB3_all","CRPCvsNormal","CRPC vs Normal","PPP2R5D",-0.0976163912004084,12592,FALSE,"No",0.276193017033569,0.37149791230745,505,0.347962491066595,1.49057032303872,2.23765450862068e-05,2.23765450862068e-05,NA,"tags=39%, list=26%, signal=29%",505
"BB3_all","BB3_all","CRPCvsNormal","CRPC vs Normal","AMER1",-0.0982397832194344,12606,FALSE,"No",0.248658436110457,0.34077777713326,505,0.347962491066595,1.49057032303872,2.23765450862068e-05,2.23765450862068e-05,NA,"tags=39%, list=26%, signal=29%",505
"BB3_all","BB3_all","CRPCvsNormal","CRPC vs Normal","SP1",-0.100127512331426,12646,FALSE,"No",0.165541782615351,0.243343489558345,505,0.347962491066595,1.49057032303872,2.23765450862068e-05,2.23765450862068e-05,NA,"tags=39%, list=26%, signal=29%",505
"BB3_all","BB3_all","CRPCvsNormal","CRPC vs Normal","SPATA6L",-0.100604905601841,12662,FALSE,"No",0.168002299181089,0.246288039193529,505,0.347962491066595,1.49057032303872,2.23765450862068e-05,2.23765450862068e-05,NA,"tags=39%, list=26%, signal=29%",505
"BB3_all","BB3_all","CRPCvsNormal","CRPC vs Normal","CAPN5",-0.10066154455364,12664,FALSE,"No",0.620730375825227,0.707364589008052,505,0.347962491066595,1.49057032303872,2.23765450862068e-05,2.23765450862068e-05,NA,"tags=39%, list=26%, signal=29%",505
"BB3_all","BB3_all","CRPCvsNormal","CRPC vs Normal","ASAP2",-0.103451145851653,12717,FALSE,"No",0.314851055843516,0.412914229324933,505,0.347962491066595,1.49057032303872,2.23765450862068e-05,2.23765450862068e-05,NA,"tags=39%, list=26%, signal=29%",505
"BB3_all","BB3_all","CRPCvsNormal","CRPC vs Normal","OARD1",-0.105775401010649,12759,FALSE,"No",0.132380744964352,0.20201058375262,505,0.347962491066595,1.49057032303872,2.23765450862068e-05,2.23765450862068e-05,NA,"tags=39%, list=26%, signal=29%",505
"BB3_all","BB3_all","CRPCvsNormal","CRPC vs Normal","CNIH4",-0.106999494373154,12777,FALSE,"No",0.21284350175806,0.300541079399562,505,0.347962491066595,1.49057032303872,2.23765450862068e-05,2.23765450862068e-05,NA,"tags=39%, list=26%, signal=29%",505
"BB3_all","BB3_all","CRPCvsNormal","CRPC vs Normal","PRKX",-0.107270336267443,12781,FALSE,"No",0.360265866890043,0.460019155184848,505,0.347962491066595,1.49057032303872,2.23765450862068e-05,2.23765450862068e-05,NA,"tags=39%, list=26%, signal=29%",505
"BB3_all","BB3_all","CRPCvsNormal","CRPC vs Normal","ZNF468",-0.110306215091827,12839,FALSE,"No",0.199642343953512,0.284784619652858,505,0.347962491066595,1.49057032303872,2.23765450862068e-05,2.23765450862068e-05,NA,"tags=39%, list=26%, signal=29%",505
"BB3_all","BB3_all","CRPCvsNormal","CRPC vs Normal","FBXO11",-0.111459321074278,12858,FALSE,"No",0.190264474601348,0.273586624660964,505,0.347962491066595,1.49057032303872,2.23765450862068e-05,2.23765450862068e-05,NA,"tags=39%, list=26%, signal=29%",505
"BB3_all","BB3_all","CRPCvsNormal","CRPC vs Normal","CNEP1R1",-0.111582447249756,12862,FALSE,"No",0.076073630396811,0.125752120617932,505,0.347962491066595,1.49057032303872,2.23765450862068e-05,2.23765450862068e-05,NA,"tags=39%, list=26%, signal=29%",505
"BB3_all","BB3_all","CRPCvsNormal","CRPC vs Normal","RHBDD2",-0.112361663833256,12877,FALSE,"No",0.446100199816397,0.546774545028962,505,0.347962491066595,1.49057032303872,2.23765450862068e-05,2.23765450862068e-05,NA,"tags=39%, list=26%, signal=29%",505
"BB3_all","BB3_all","CRPCvsNormal","CRPC vs Normal","ANKS1B",-0.112418111834599,12880,FALSE,"No",0.0820914854532516,0.134398411157936,505,0.347962491066595,1.49057032303872,2.23765450862068e-05,2.23765450862068e-05,NA,"tags=39%, list=26%, signal=29%",505
"BB3_all","BB3_all","CRPCvsNormal","CRPC vs Normal","DLG1",-0.113336244960044,12893,FALSE,"No",0.0695208567186494,0.116694354789823,505,0.347962491066595,1.49057032303872,2.23765450862068e-05,2.23765450862068e-05,NA,"tags=39%, list=26%, signal=29%",505
"BB3_all","BB3_all","CRPCvsNormal","CRPC vs Normal","DDX18",-0.114859005454675,12930,FALSE,"No",0.127017096192789,0.195162708534445,505,0.347962491066595,1.49057032303872,2.23765450862068e-05,2.23765450862068e-05,NA,"tags=39%, list=26%, signal=29%",505
"BB3_all","BB3_all","CRPCvsNormal","CRPC vs Normal","ME2",-0.115021840301662,12935,FALSE,"No",0.11039990954001,0.173333741418069,505,0.347962491066595,1.49057032303872,2.23765450862068e-05,2.23765450862068e-05,NA,"tags=39%, list=26%, signal=29%",505
"BB3_all","BB3_all","CRPCvsNormal","CRPC vs Normal","PODXL",-0.1195604488563,13008,FALSE,"No",0.535612953026251,0.632336233193996,505,0.347962491066595,1.49057032303872,2.23765450862068e-05,2.23765450862068e-05,NA,"tags=39%, list=26%, signal=29%",505
"BB3_all","BB3_all","CRPCvsNormal","CRPC vs Normal","MORN3",-0.120488103760689,13023,FALSE,"No",0.00830602582157487,0.0183017347529363,505,0.347962491066595,1.49057032303872,2.23765450862068e-05,2.23765450862068e-05,NA,"tags=39%, list=26%, signal=29%",505
"BB3_all","BB3_all","CRPCvsNormal","CRPC vs Normal","IGIP",-0.122411471810967,13059,FALSE,"No",0.112192988486909,0.175741113772565,505,0.347962491066595,1.49057032303872,2.23765450862068e-05,2.23765450862068e-05,NA,"tags=39%, list=26%, signal=29%",505
"BB3_all","BB3_all","CRPCvsNormal","CRPC vs Normal","SELENOK",-0.129216892186519,13155,FALSE,"No",0.277983941170816,0.373439337311622,505,0.347962491066595,1.49057032303872,2.23765450862068e-05,2.23765450862068e-05,NA,"tags=39%, list=26%, signal=29%",505
"BB3_all","BB3_all","CRPCvsNormal","CRPC vs Normal","DYNC2H1",-0.132068817802848,13190,FALSE,"No",0.0941445425525314,0.151269977719113,505,0.347962491066595,1.49057032303872,2.23765450862068e-05,2.23765450862068e-05,NA,"tags=39%, list=26%, signal=29%",505
"BB3_all","BB3_all","CRPCvsNormal","CRPC vs Normal","ATP6V1E1",-0.132962900860325,13207,FALSE,"No",0.0474224456117298,0.0840010077137177,505,0.347962491066595,1.49057032303872,2.23765450862068e-05,2.23765450862068e-05,NA,"tags=39%, list=26%, signal=29%",505
"BB3_all","BB3_all","CRPCvsNormal","CRPC vs Normal","ATP8B2",-0.133091371660778,13210,FALSE,"No",0.346794681157841,0.4461580254986,505,0.347962491066595,1.49057032303872,2.23765450862068e-05,2.23765450862068e-05,NA,"tags=39%, list=26%, signal=29%",505
"BB3_all","BB3_all","CRPCvsNormal","CRPC vs Normal","UROD",-0.133402958320634,13214,FALSE,"No",0.151194318995342,0.225759456451313,505,0.347962491066595,1.49057032303872,2.23765450862068e-05,2.23765450862068e-05,NA,"tags=39%, list=26%, signal=29%",505
"BB3_all","BB3_all","CRPCvsNormal","CRPC vs Normal","PREPL",-0.137186245429255,13269,FALSE,"No",0.080707597480383,0.13231062426644,505,0.347962491066595,1.49057032303872,2.23765450862068e-05,2.23765450862068e-05,NA,"tags=39%, list=26%, signal=29%",505
"BB3_all","BB3_all","CRPCvsNormal","CRPC vs Normal","HEXA",-0.138810127956282,13295,FALSE,"No",0.187009503997668,0.26956404671886,505,0.347962491066595,1.49057032303872,2.23765450862068e-05,2.23765450862068e-05,NA,"tags=39%, list=26%, signal=29%",505
"BB3_all","BB3_all","CRPCvsNormal","CRPC vs Normal","MAST3",-0.142734134718426,13357,FALSE,"No",0.15081425538674,0.225328045207921,505,0.347962491066595,1.49057032303872,2.23765450862068e-05,2.23765450862068e-05,NA,"tags=39%, list=26%, signal=29%",505
"BB3_all","BB3_all","CRPCvsNormal","CRPC vs Normal","ZNF384",-0.144944242852616,13390,FALSE,"No",0.0831174605581679,0.135956258131593,505,0.347962491066595,1.49057032303872,2.23765450862068e-05,2.23765450862068e-05,NA,"tags=39%, list=26%, signal=29%",505
"BB3_all","BB3_all","CRPCvsNormal","CRPC vs Normal","LTB4R",-0.146771280719713,13427,FALSE,"No",0.258017943275344,0.351529481007491,505,0.347962491066595,1.49057032303872,2.23765450862068e-05,2.23765450862068e-05,NA,"tags=39%, list=26%, signal=29%",505
"BB3_all","BB3_all","CRPCvsNormal","CRPC vs Normal","ATRX",-0.147742733467803,13442,FALSE,"No",0.125258100507951,0.192963183256999,505,0.347962491066595,1.49057032303872,2.23765450862068e-05,2.23765450862068e-05,NA,"tags=39%, list=26%, signal=29%",505
"BB3_all","BB3_all","CRPCvsNormal","CRPC vs Normal","PDCD7",-0.148433375904994,13450,FALSE,"No",0.01519952026175,0.0310587802999358,505,0.347962491066595,1.49057032303872,2.23765450862068e-05,2.23765450862068e-05,NA,"tags=39%, list=26%, signal=29%",505
"BB3_all","BB3_all","CRPCvsNormal","CRPC vs Normal","NUMBL",-0.149132355386042,13464,FALSE,"No",0.131952078853166,0.201491111213169,505,0.347962491066595,1.49057032303872,2.23765450862068e-05,2.23765450862068e-05,NA,"tags=39%, list=26%, signal=29%",505
"BB3_all","BB3_all","CRPCvsNormal","CRPC vs Normal","CDC5L",-0.152392254001763,13506,FALSE,"No",0.0216745370627885,0.0423248977965465,505,0.347962491066595,1.49057032303872,2.23765450862068e-05,2.23765450862068e-05,NA,"tags=39%, list=26%, signal=29%",505
"BB3_all","BB3_all","CRPCvsNormal","CRPC vs Normal","DIS3L",-0.153489107935485,13525,FALSE,"No",0.0363813604110373,0.0666675290196637,505,0.347962491066595,1.49057032303872,2.23765450862068e-05,2.23765450862068e-05,NA,"tags=39%, list=26%, signal=29%",505
"BB3_all","BB3_all","CRPCvsNormal","CRPC vs Normal","KMT2E",-0.155540632754471,13552,FALSE,"No",0.0694746494791669,0.116627511017964,505,0.347962491066595,1.49057032303872,2.23765450862068e-05,2.23765450862068e-05,NA,"tags=39%, list=26%, signal=29%",505
"BB3_all","BB3_all","CRPCvsNormal","CRPC vs Normal","LYRM9",-0.156943020339536,13571,FALSE,"No",0.0373316572825011,0.0681695543259188,505,0.347962491066595,1.49057032303872,2.23765450862068e-05,2.23765450862068e-05,NA,"tags=39%, list=26%, signal=29%",505
"BB3_all","BB3_all","CRPCvsNormal","CRPC vs Normal","ALDH1B1",-0.1591127858661,13600,FALSE,"No",0.286377381303629,0.383193117492644,505,0.347962491066595,1.49057032303872,2.23765450862068e-05,2.23765450862068e-05,NA,"tags=39%, list=26%, signal=29%",505
"BB3_all","BB3_all","CRPCvsNormal","CRPC vs Normal","LTN1",-0.169623696849854,13755,FALSE,"No",0.0609029976377704,0.103938536377793,505,0.347962491066595,1.49057032303872,2.23765450862068e-05,2.23765450862068e-05,NA,"tags=39%, list=26%, signal=29%",505
"BB3_all","BB3_all","CRPCvsNormal","CRPC vs Normal","ZNF354C",-0.171427364305478,13784,FALSE,"No",0.0424066328891987,0.076172638052326,505,0.347962491066595,1.49057032303872,2.23765450862068e-05,2.23765450862068e-05,NA,"tags=39%, list=26%, signal=29%",505
"BB3_all","BB3_all","CRPCvsNormal","CRPC vs Normal","ZFR",-0.172538813222951,13798,FALSE,"No",0.0154097368025905,0.0314285677128314,505,0.347962491066595,1.49057032303872,2.23765450862068e-05,2.23765450862068e-05,NA,"tags=39%, list=26%, signal=29%",505
"BB3_all","BB3_all","CRPCvsNormal","CRPC vs Normal","EID2B",-0.173658596195682,13814,FALSE,"No",0.00674906253777703,0.0152402492662919,505,0.347962491066595,1.49057032303872,2.23765450862068e-05,2.23765450862068e-05,NA,"tags=39%, list=26%, signal=29%",505
"BB3_all","BB3_all","CRPCvsNormal","CRPC vs Normal","HSP90AA1",-0.175642654809898,13846,FALSE,"No",0.138951056872946,0.210550976417188,505,0.347962491066595,1.49057032303872,2.23765450862068e-05,2.23765450862068e-05,NA,"tags=39%, list=26%, signal=29%",505
"BB3_all","BB3_all","CRPCvsNormal","CRPC vs Normal","MED12",-0.178734656914209,13895,FALSE,"No",0.0525844707396768,0.0917040235374199,505,0.347962491066595,1.49057032303872,2.23765450862068e-05,2.23765450862068e-05,NA,"tags=39%, list=26%, signal=29%",505
"BB3_all","BB3_all","CRPCvsNormal","CRPC vs Normal","ZNF143",-0.179042515433724,13900,FALSE,"No",0.0013724431311316,0.00372165175671761,505,0.347962491066595,1.49057032303872,2.23765450862068e-05,2.23765450862068e-05,NA,"tags=39%, list=26%, signal=29%",505
"BB3_all","BB3_all","CRPCvsNormal","CRPC vs Normal","PMEL",-0.183917857995779,13980,FALSE,"No",0.000506651328083029,0.00153245457174443,505,0.347962491066595,1.49057032303872,2.23765450862068e-05,2.23765450862068e-05,NA,"tags=39%, list=26%, signal=29%",505
"BB3_all","BB3_all","CRPCvsNormal","CRPC vs Normal","IPO5",-0.183983588220659,13981,FALSE,"No",0.0274784790312192,0.0520234139701751,505,0.347962491066595,1.49057032303872,2.23765450862068e-05,2.23765450862068e-05,NA,"tags=39%, list=26%, signal=29%",505
"BB3_all","BB3_all","CRPCvsNormal","CRPC vs Normal","ZNF728",-0.18556708188806,14003,FALSE,"No",2.06685588031989e-07,1.4311292460168e-06,505,0.347962491066595,1.49057032303872,2.23765450862068e-05,2.23765450862068e-05,NA,"tags=39%, list=26%, signal=29%",505
"BB3_all","BB3_all","CRPCvsNormal","CRPC vs Normal","ZNF684",-0.188088917532549,14036,FALSE,"No",0.000450422631796683,0.00137858910730533,505,0.347962491066595,1.49057032303872,2.23765450862068e-05,2.23765450862068e-05,NA,"tags=39%, list=26%, signal=29%",505
"BB3_all","BB3_all","CRPCvsNormal","CRPC vs Normal","PIFO",-0.189156484044701,14045,FALSE,"No",0.291972419918489,0.388720185109487,505,0.347962491066595,1.49057032303872,2.23765450862068e-05,2.23765450862068e-05,NA,"tags=39%, list=26%, signal=29%",505
"BB3_all","BB3_all","CRPCvsNormal","CRPC vs Normal","MYO1C",-0.189697575193306,14053,FALSE,"No",0.09613420103498,0.15397994704533,505,0.347962491066595,1.49057032303872,2.23765450862068e-05,2.23765450862068e-05,NA,"tags=39%, list=26%, signal=29%",505
"BB3_all","BB3_all","CRPCvsNormal","CRPC vs Normal","BBS9",-0.191397931340367,14084,FALSE,"No",0.000196583897106122,0.000661289404151091,505,0.347962491066595,1.49057032303872,2.23765450862068e-05,2.23765450862068e-05,NA,"tags=39%, list=26%, signal=29%",505
"BB3_all","BB3_all","CRPCvsNormal","CRPC vs Normal","CSDE1",-0.193231054622774,14107,FALSE,"No",0.0217422272411921,0.0424298635456853,505,0.347962491066595,1.49057032303872,2.23765450862068e-05,2.23765450862068e-05,NA,"tags=39%, list=26%, signal=29%",505
"BB3_all","BB3_all","CRPCvsNormal","CRPC vs Normal","SLC25A23",-0.194540737418423,14129,FALSE,"No",0.0724485592375227,0.12083138997741,505,0.347962491066595,1.49057032303872,2.23765450862068e-05,2.23765450862068e-05,NA,"tags=39%, list=26%, signal=29%",505
"BB3_all","BB3_all","CRPCvsNormal","CRPC vs Normal","NEK9",-0.195481960194471,14139,FALSE,"No",0.0208181906048208,0.0408272567734225,505,0.347962491066595,1.49057032303872,2.23765450862068e-05,2.23765450862068e-05,NA,"tags=39%, list=26%, signal=29%",505
"BB3_all","BB3_all","CRPCvsNormal","CRPC vs Normal","RABL3",-0.198787422645977,14191,FALSE,"No",0.0119879289021205,0.0252708031536218,505,0.347962491066595,1.49057032303872,2.23765450862068e-05,2.23765450862068e-05,NA,"tags=39%, list=26%, signal=29%",505
"BB3_all","BB3_all","CRPCvsNormal","CRPC vs Normal","BCAS3",-0.210380382258441,14329,FALSE,"No",0.00723951645024929,0.0162075018360404,505,0.347962491066595,1.49057032303872,2.23765450862068e-05,2.23765450862068e-05,NA,"tags=39%, list=26%, signal=29%",505
"BB3_all","BB3_all","CRPCvsNormal","CRPC vs Normal","RPA2",-0.211410684441011,14337,FALSE,"No",0.0120229791071177,0.0253359179015473,505,0.347962491066595,1.49057032303872,2.23765450862068e-05,2.23765450862068e-05,NA,"tags=39%, list=26%, signal=29%",505
"BB3_all","BB3_all","CRPCvsNormal","CRPC vs Normal","ZC3H12C",-0.212202565415714,14343,FALSE,"No",0.00379405939884674,0.00918032706044967,505,0.347962491066595,1.49057032303872,2.23765450862068e-05,2.23765450862068e-05,NA,"tags=39%, list=26%, signal=29%",505
"BB3_all","BB3_all","CRPCvsNormal","CRPC vs Normal","PRDM1",-0.213309437067315,14364,FALSE,"No",0.11991107877428,0.185870312702901,505,0.347962491066595,1.49057032303872,2.23765450862068e-05,2.23765450862068e-05,NA,"tags=39%, list=26%, signal=29%",505
"BB3_all","BB3_all","CRPCvsNormal","CRPC vs Normal","MYO9A",-0.215427414144858,14390,FALSE,"No",0.0156411494900163,0.0318223698579458,505,0.347962491066595,1.49057032303872,2.23765450862068e-05,2.23765450862068e-05,NA,"tags=39%, list=26%, signal=29%",505
"BB3_all","BB3_all","CRPCvsNormal","CRPC vs Normal","LDLR",-0.218204323710149,14419,FALSE,"No",0.276382553672925,0.371643383788991,505,0.347962491066595,1.49057032303872,2.23765450862068e-05,2.23765450862068e-05,NA,"tags=39%, list=26%, signal=29%",505
"BB3_all","BB3_all","CRPCvsNormal","CRPC vs Normal","ZNF561",-0.224966399497834,14508,FALSE,"No",0.00262781287867243,0.00662337933514979,505,0.347962491066595,1.49057032303872,2.23765450862068e-05,2.23765450862068e-05,NA,"tags=39%, list=26%, signal=29%",505
"BB3_all","BB3_all","CRPCvsNormal","CRPC vs Normal","MICAL3",-0.226278303448314,14521,FALSE,"No",0.0161103691489039,0.0326461063760682,505,0.347962491066595,1.49057032303872,2.23765450862068e-05,2.23765450862068e-05,NA,"tags=39%, list=26%, signal=29%",505
"BB3_all","BB3_all","CRPCvsNormal","CRPC vs Normal","DAZAP2",-0.229635516286219,14564,FALSE,"No",0.00358977343197235,0.00873811320741032,505,0.347962491066595,1.49057032303872,2.23765450862068e-05,2.23765450862068e-05,NA,"tags=39%, list=26%, signal=29%",505
"BB3_all","BB3_all","CRPCvsNormal","CRPC vs Normal","CYSTM1",-0.235125779371275,14608,FALSE,"No",0.0292053563307497,0.0547649151768273,505,0.347962491066595,1.49057032303872,2.23765450862068e-05,2.23765450862068e-05,NA,"tags=39%, list=26%, signal=29%",505
"BB3_all","BB3_all","CRPCvsNormal","CRPC vs Normal","IKZF4",-0.236662421772434,14618,FALSE,"No",6.95120305853026e-05,0.000261741239058161,505,0.347962491066595,1.49057032303872,2.23765450862068e-05,2.23765450862068e-05,NA,"tags=39%, list=26%, signal=29%",505
"BB3_all","BB3_all","CRPCvsNormal","CRPC vs Normal","MRPS6",-0.238155829532706,14628,FALSE,"No",0.00716296852794568,0.0160617214745219,505,0.347962491066595,1.49057032303872,2.23765450862068e-05,2.23765450862068e-05,NA,"tags=39%, list=26%, signal=29%",505
"BB3_all","BB3_all","CRPCvsNormal","CRPC vs Normal","TSPYL4",-0.250538776331144,14759,FALSE,"No",0.0226658392597854,0.0440206507091165,505,0.347962491066595,1.49057032303872,2.23765450862068e-05,2.23765450862068e-05,NA,"tags=39%, list=26%, signal=29%",505
"BB3_all","BB3_all","CRPCvsNormal","CRPC vs Normal","SHC3",-0.251237226581573,14768,FALSE,"No",1.14265430023327e-09,1.51244372812036e-08,505,0.347962491066595,1.49057032303872,2.23765450862068e-05,2.23765450862068e-05,NA,"tags=39%, list=26%, signal=29%",505
"BB3_all","BB3_all","CRPCvsNormal","CRPC vs Normal","INPP5J",-0.2517943591213,14776,FALSE,"No",0.14464337258578,0.217596429225157,505,0.347962491066595,1.49057032303872,2.23765450862068e-05,2.23765450862068e-05,NA,"tags=39%, list=26%, signal=29%",505
"BB3_all","BB3_all","CRPCvsNormal","CRPC vs Normal","NHLRC3",-0.257780177508794,14843,FALSE,"No",0.00128729158289011,0.00351579964908355,505,0.347962491066595,1.49057032303872,2.23765450862068e-05,2.23765450862068e-05,NA,"tags=39%, list=26%, signal=29%",505
"BB3_all","BB3_all","CRPCvsNormal","CRPC vs Normal","EPC2",-0.260643052106872,14872,FALSE,"No",0.00118938926675338,0.00327584203053638,505,0.347962491066595,1.49057032303872,2.23765450862068e-05,2.23765450862068e-05,NA,"tags=39%, list=26%, signal=29%",505
"BB3_all","BB3_all","CRPCvsNormal","CRPC vs Normal","RPRD1A",-0.276529347604426,15008,FALSE,"No",0.00319995296783691,0.00789442745955011,505,0.347962491066595,1.49057032303872,2.23765450862068e-05,2.23765450862068e-05,NA,"tags=39%, list=26%, signal=29%",505
"BB3_all","BB3_all","CRPCvsNormal","CRPC vs Normal","RBPJ",-0.283263613378025,15053,FALSE,"No",0.00231209412341621,0.00592449071369883,505,0.347962491066595,1.49057032303872,2.23765450862068e-05,2.23765450862068e-05,NA,"tags=39%, list=26%, signal=29%",505
"BB3_all","BB3_all","CRPCvsNormal","CRPC vs Normal","MECP2",-0.296376951382475,15181,FALSE,"No",0.000708187060900587,0.0020713762777278,505,0.347962491066595,1.49057032303872,2.23765450862068e-05,2.23765450862068e-05,NA,"tags=39%, list=26%, signal=29%",505
"BB3_all","BB3_all","CRPCvsNormal","CRPC vs Normal","CKS1B",-0.299143019563127,15198,FALSE,"No",0.00265377220614222,0.00668235499274797,505,0.347962491066595,1.49057032303872,2.23765450862068e-05,2.23765450862068e-05,NA,"tags=39%, list=26%, signal=29%",505
"BB3_all","BB3_all","CRPCvsNormal","CRPC vs Normal","RPTOR",-0.306008140710694,15274,FALSE,"No",0.000964648657872723,0.00271624362335489,505,0.347962491066595,1.49057032303872,2.23765450862068e-05,2.23765450862068e-05,NA,"tags=39%, list=26%, signal=29%",505
"BB3_all","BB3_all","CRPCvsNormal","CRPC vs Normal","DYNLT3",-0.307874971394624,15289,FALSE,"No",0.00201301707693464,0.00523860520405872,505,0.347962491066595,1.49057032303872,2.23765450862068e-05,2.23765450862068e-05,NA,"tags=39%, list=26%, signal=29%",505
"BB3_all","BB3_all","CRPCvsNormal","CRPC vs Normal","RNF38",-0.309376986790443,15302,FALSE,"No",0.000163945054786048,0.000562264433105885,505,0.347962491066595,1.49057032303872,2.23765450862068e-05,2.23765450862068e-05,NA,"tags=39%, list=26%, signal=29%",505
"BB3_all","BB3_all","CRPCvsNormal","CRPC vs Normal","PARP4",-0.320516410624514,15385,FALSE,"No",0.00254835674320929,0.0064493387514237,505,0.347962491066595,1.49057032303872,2.23765450862068e-05,2.23765450862068e-05,NA,"tags=39%, list=26%, signal=29%",505
"BB3_all","BB3_all","CRPCvsNormal","CRPC vs Normal","SLC6A16",-0.329503710396786,15444,FALSE,"No",5.68302798044394e-06,2.79199002395882e-05,505,0.347962491066595,1.49057032303872,2.23765450862068e-05,2.23765450862068e-05,NA,"tags=39%, list=26%, signal=29%",505
"BB3_all","BB3_all","CRPCvsNormal","CRPC vs Normal","ZNF292",-0.336112345577103,15498,FALSE,"No",0.000598751197764776,0.0017806560368563,505,0.347962491066595,1.49057032303872,2.23765450862068e-05,2.23765450862068e-05,NA,"tags=39%, list=26%, signal=29%",505
"BB3_all","BB3_all","CRPCvsNormal","CRPC vs Normal","MPRIP",-0.337539681989214,15507,FALSE,"No",0.000575377479492518,0.00171729494124352,505,0.347962491066595,1.49057032303872,2.23765450862068e-05,2.23765450862068e-05,NA,"tags=39%, list=26%, signal=29%",505
"BB3_all","BB3_all","CRPCvsNormal","CRPC vs Normal","ENPP3",-0.351265018951416,15619,FALSE,"No",0.201413639776707,0.286930396518587,505,0.347962491066595,1.49057032303872,2.23765450862068e-05,2.23765450862068e-05,NA,"tags=39%, list=26%, signal=29%",505
"BB3_all","BB3_all","CRPCvsNormal","CRPC vs Normal","ISCU",-0.357715358246195,15677,FALSE,"No",3.99798264696089e-07,2.58228964036024e-06,505,0.347962491066595,1.49057032303872,2.23765450862068e-05,2.23765450862068e-05,NA,"tags=39%, list=26%, signal=29%",505
"BB3_all","BB3_all","CRPCvsNormal","CRPC vs Normal","PHF1",-0.362272154803104,15704,FALSE,"No",5.77788875670922e-06,2.83402030155882e-05,505,0.347962491066595,1.49057032303872,2.23765450862068e-05,2.23765450862068e-05,NA,"tags=39%, list=26%, signal=29%",505
"BB3_all","BB3_all","CRPCvsNormal","CRPC vs Normal","SNCAIP",-0.375335250584289,15787,FALSE,"No",1.29425885200826e-05,5.8575154090146e-05,505,0.347962491066595,1.49057032303872,2.23765450862068e-05,2.23765450862068e-05,NA,"tags=39%, list=26%, signal=29%",505
"BB3_all","BB3_all","CRPCvsNormal","CRPC vs Normal","MSRA",-0.377922265896782,15800,FALSE,"No",3.3581959053475e-06,1.73720777137008e-05,505,0.347962491066595,1.49057032303872,2.23765450862068e-05,2.23765450862068e-05,NA,"tags=39%, list=26%, signal=29%",505
"BB3_all","BB3_all","CRPCvsNormal","CRPC vs Normal","BEX2",-0.380297555670714,15816,FALSE,"No",0.00654394921646358,0.0148320854185288,505,0.347962491066595,1.49057032303872,2.23765450862068e-05,2.23765450862068e-05,NA,"tags=39%, list=26%, signal=29%",505
"BB3_all","BB3_all","CRPCvsNormal","CRPC vs Normal","SDCBP2",-0.390388499778621,15892,FALSE,"No",0.00295511025123733,0.00736198088503833,505,0.347962491066595,1.49057032303872,2.23765450862068e-05,2.23765450862068e-05,NA,"tags=39%, list=26%, signal=29%",505
"BB3_all","BB3_all","CRPCvsNormal","CRPC vs Normal","FAM169A",-0.395758741785183,15925,FALSE,"No",1.93356875950116e-05,8.34954301679627e-05,505,0.347962491066595,1.49057032303872,2.23765450862068e-05,2.23765450862068e-05,NA,"tags=39%, list=26%, signal=29%",505
"BB3_all","BB3_all","CRPCvsNormal","CRPC vs Normal","TTYH2",-0.396950483500546,15930,FALSE,"No",6.39578352744859e-06,3.10705802958447e-05,505,0.347962491066595,1.49057032303872,2.23765450862068e-05,2.23765450862068e-05,NA,"tags=39%, list=26%, signal=29%",505
"BB3_all","BB3_all","CRPCvsNormal","CRPC vs Normal","PEX2",-0.398606306864327,15945,FALSE,"No",0.00371019627812726,0.00900519012940251,505,0.347962491066595,1.49057032303872,2.23765450862068e-05,2.23765450862068e-05,NA,"tags=39%, list=26%, signal=29%",505
"BB3_all","BB3_all","CRPCvsNormal","CRPC vs Normal","SBDS",-0.399283296071746,15948,FALSE,"No",4.07252197226205e-06,2.0625702969477e-05,505,0.347962491066595,1.49057032303872,2.23765450862068e-05,2.23765450862068e-05,NA,"tags=39%, list=26%, signal=29%",505
"BB3_all","BB3_all","CRPCvsNormal","CRPC vs Normal","DDX3Y",-0.409681553304847,16013,FALSE,"No",0.00210584228913367,0.00545375233990014,505,0.347962491066595,1.49057032303872,2.23765450862068e-05,2.23765450862068e-05,NA,"tags=39%, list=26%, signal=29%",505
"BB3_all","BB3_all","CRPCvsNormal","CRPC vs Normal","BTN3A2",-0.411516246897518,16025,FALSE,"No",0.00388054527821412,0.00936725783690485,505,0.347962491066595,1.49057032303872,2.23765450862068e-05,2.23765450862068e-05,NA,"tags=39%, list=26%, signal=29%",505
"BB3_all","BB3_all","CRPCvsNormal","CRPC vs Normal","HIGD1A",-0.411586160095163,16028,FALSE,"No",0.000376020934118373,0.00117108241817667,505,0.347962491066595,1.49057032303872,2.23765450862068e-05,2.23765450862068e-05,NA,"tags=39%, list=26%, signal=29%",505
"BB3_all","BB3_all","CRPCvsNormal","CRPC vs Normal","AKTIP",-0.41297715839584,16043,FALSE,"No",1.48167723676373e-07,1.07312912001294e-06,505,0.347962491066595,1.49057032303872,2.23765450862068e-05,2.23765450862068e-05,NA,"tags=39%, list=26%, signal=29%",505
"BB3_all","BB3_all","CRPCvsNormal","CRPC vs Normal","IKBIP",-0.416470013860359,16065,FALSE,"No",3.46739499874305e-06,1.78863137664616e-05,505,0.347962491066595,1.49057032303872,2.23765450862068e-05,2.23765450862068e-05,NA,"tags=39%, list=26%, signal=29%",505
"BB3_all","BB3_all","CRPCvsNormal","CRPC vs Normal","BICD2",-0.420976954003762,16084,FALSE,"No",4.0407268094712e-07,2.60437247359919e-06,505,0.347962491066595,1.49057032303872,2.23765450862068e-05,2.23765450862068e-05,NA,"tags=39%, list=26%, signal=29%",505
"BB3_all","BB3_all","CRPCvsNormal","CRPC vs Normal","MYL6",-0.421007286366772,16085,FALSE,"No",0.00031977387166857,0.00101848117522199,505,0.347962491066595,1.49057032303872,2.23765450862068e-05,2.23765450862068e-05,NA,"tags=39%, list=26%, signal=29%",505
"BB3_all","BB3_all","CRPCvsNormal","CRPC vs Normal","CTIF",-0.427512467987292,16124,FALSE,"No",4.97462157333991e-05,0.000193910451682943,505,0.347962491066595,1.49057032303872,2.23765450862068e-05,2.23765450862068e-05,NA,"tags=39%, list=26%, signal=29%",505
"BB3_all","BB3_all","CRPCvsNormal","CRPC vs Normal","HLA-A",-0.431650730474445,16145,FALSE,"No",0.0159256599126174,0.0323076525948323,505,0.347962491066595,1.49057032303872,2.23765450862068e-05,2.23765450862068e-05,NA,"tags=39%, list=26%, signal=29%",505
"BB3_all","BB3_all","CRPCvsNormal","CRPC vs Normal","NEU1",-0.453185651187486,16275,FALSE,"No",0.0154196440571944,0.0314417524390169,505,0.347962491066595,1.49057032303872,2.23765450862068e-05,2.23765450862068e-05,NA,"tags=39%, list=26%, signal=29%",505
"BB3_all","BB3_all","CRPCvsNormal","CRPC vs Normal","DOCK1",-0.487620704818624,16444,FALSE,"No",1.80296187061086e-06,9.90463203867005e-06,505,0.347962491066595,1.49057032303872,2.23765450862068e-05,2.23765450862068e-05,NA,"tags=39%, list=26%, signal=29%",505
"BB3_all","BB3_all","CRPCvsNormal","CRPC vs Normal","TNNC1",-0.496138284750808,16487,FALSE,"No",0.23236933324122,0.322895263673193,505,0.347962491066595,1.49057032303872,2.23765450862068e-05,2.23765450862068e-05,NA,"tags=39%, list=26%, signal=29%",505
"BB3_all","BB3_all","CRPCvsNormal","CRPC vs Normal","SOWAHC",-0.499780296801681,16504,FALSE,"No",5.20544240884918e-06,2.57886116192132e-05,505,0.347962491066595,1.49057032303872,2.23765450862068e-05,2.23765450862068e-05,NA,"tags=39%, list=26%, signal=29%",505
"BB3_all","BB3_all","CRPCvsNormal","CRPC vs Normal","AKAP12",-0.530900906312689,16648,FALSE,"No",0.0092606502822479,0.020142300316211,505,0.347962491066595,1.49057032303872,2.23765450862068e-05,2.23765450862068e-05,NA,"tags=39%, list=26%, signal=29%",505
"BB3_all","BB3_all","CRPCvsNormal","CRPC vs Normal","FOXO4",-0.562111207535549,16777,FALSE,"No",8.70779807920903e-07,5.16250047759922e-06,505,0.347962491066595,1.49057032303872,2.23765450862068e-05,2.23765450862068e-05,NA,"tags=39%, list=26%, signal=29%",505
"BB3_all","BB3_all","CRPCvsNormal","CRPC vs Normal","TM7SF3",-0.588487557374506,16855,FALSE,"No",6.62191383754337e-07,4.04941004876355e-06,505,0.347962491066595,1.49057032303872,2.23765450862068e-05,2.23765450862068e-05,NA,"tags=39%, list=26%, signal=29%",505
"BB3_all","BB3_all","CRPCvsNormal","CRPC vs Normal","DENND2A",-0.594630840667343,16871,FALSE,"No",8.71033307773081e-06,4.10059134015028e-05,505,0.347962491066595,1.49057032303872,2.23765450862068e-05,2.23765450862068e-05,NA,"tags=39%, list=26%, signal=29%",505
"BB3_all","BB3_all","CRPCvsNormal","CRPC vs Normal","IGFBP5",-0.622710486180898,16955,FALSE,"No",0.00829684325179338,0.0182898597613137,505,0.347962491066595,1.49057032303872,2.23765450862068e-05,2.23765450862068e-05,NA,"tags=39%, list=26%, signal=29%",505
"BB3_all","BB3_all","CRPCvsNormal","CRPC vs Normal","DDB2",-0.62997770517601,16980,FALSE,"No",1.84204673518287e-09,2.29201809706064e-08,505,0.347962491066595,1.49057032303872,2.23765450862068e-05,2.23765450862068e-05,NA,"tags=39%, list=26%, signal=29%",505
"BB3_all","BB3_all","CRPCvsNormal","CRPC vs Normal","TIPARP",-0.641184393092042,17022,FALSE,"No",3.39087096707702e-06,1.75163034741597e-05,505,0.347962491066595,1.49057032303872,2.23765450862068e-05,2.23765450862068e-05,NA,"tags=39%, list=26%, signal=29%",505
"BB3_all","BB3_all","CRPCvsNormal","CRPC vs Normal","DCHS1",-0.646093784671639,17048,FALSE,"No",1.65318760298994e-05,7.27291058675679e-05,505,0.347962491066595,1.49057032303872,2.23765450862068e-05,2.23765450862068e-05,NA,"tags=39%, list=26%, signal=29%",505
"BB3_all","BB3_all","CRPCvsNormal","CRPC vs Normal","DNASE1L3",-0.687308873794517,17167,FALSE,"No",0.000131052235066583,0.000461233164879807,505,0.347962491066595,1.49057032303872,2.23765450862068e-05,2.23765450862068e-05,NA,"tags=39%, list=26%, signal=29%",505
"BB3_all","BB3_all","CRPCvsNormal","CRPC vs Normal","ARHGEF17",-0.692286870508402,17182,FALSE,"No",8.88412382522585e-07,5.24660219177418e-06,505,0.347962491066595,1.49057032303872,2.23765450862068e-05,2.23765450862068e-05,NA,"tags=39%, list=26%, signal=29%",505
"BB3_all","BB3_all","CRPCvsNormal","CRPC vs Normal","FBXO2",-0.715440728386825,17265,FALSE,"No",2.36785486690699e-05,9.98873833693375e-05,505,0.347962491066595,1.49057032303872,2.23765450862068e-05,2.23765450862068e-05,NA,"tags=39%, list=26%, signal=29%",505
"BB3_all","BB3_all","CRPCvsNormal","CRPC vs Normal","KCNH2",-0.718710384022564,17272,FALSE,"No",0.000323567807565865,0.00102912930053945,505,0.347962491066595,1.49057032303872,2.23765450862068e-05,2.23765450862068e-05,NA,"tags=39%, list=26%, signal=29%",505
"BB3_all","BB3_all","CRPCvsNormal","CRPC vs Normal","SPRED1",-0.721222368948241,17277,FALSE,"No",2.14734013267462e-09,2.62012791338908e-08,505,0.347962491066595,1.49057032303872,2.23765450862068e-05,2.23765450862068e-05,NA,"tags=39%, list=26%, signal=29%",505
"BB3_all","BB3_all","CRPCvsNormal","CRPC vs Normal","VAMP5",-0.72394550844547,17284,FALSE,"No",9.36857474612713e-06,4.38560703005531e-05,505,0.347962491066595,1.49057032303872,2.23765450862068e-05,2.23765450862068e-05,NA,"tags=39%, list=26%, signal=29%",505
"BB3_all","BB3_all","CRPCvsNormal","CRPC vs Normal","HR",-0.744930621936223,17335,FALSE,"No",6.91697841703303e-14,3.42399804242616e-12,505,0.347962491066595,1.49057032303872,2.23765450862068e-05,2.23765450862068e-05,NA,"tags=39%, list=26%, signal=29%",505
"BB3_all","BB3_all","CRPCvsNormal","CRPC vs Normal","LCN2",-0.776959028976207,17417,FALSE,"No",0.051513750898323,0.09014659646568,505,0.347962491066595,1.49057032303872,2.23765450862068e-05,2.23765450862068e-05,NA,"tags=39%, list=26%, signal=29%",505
"BB3_all","BB3_all","CRPCvsNormal","CRPC vs Normal","HOXB7",-0.837333340702817,17545,FALSE,"No",0.0016552219547943,0.00440027422882736,505,0.347962491066595,1.49057032303872,2.23765450862068e-05,2.23765450862068e-05,NA,"tags=39%, list=26%, signal=29%",505
"BB3_all","BB3_all","CRPCvsNormal","CRPC vs Normal","TNC",-0.849768916531119,17568,FALSE,"No",0.000293840538553047,0.000944945647396119,505,0.347962491066595,1.49057032303872,2.23765450862068e-05,2.23765450862068e-05,NA,"tags=39%, list=26%, signal=29%",505
"BB3_all","BB3_all","CRPCvsNormal","CRPC vs Normal","ALDH2",-0.875242047533426,17618,FALSE,"No",5.05406155068528e-08,4.17348500383442e-07,505,0.347962491066595,1.49057032303872,2.23765450862068e-05,2.23765450862068e-05,NA,"tags=39%, list=26%, signal=29%",505
"BB3_all","BB3_all","CRPCvsNormal","CRPC vs Normal","CHST3",-0.88681314981814,17639,FALSE,"No",2.87961683432547e-11,6.21738547231549e-10,505,0.347962491066595,1.49057032303872,2.23765450862068e-05,2.23765450862068e-05,NA,"tags=39%, list=26%, signal=29%",505
"BB3_all","BB3_all","CRPCvsNormal","CRPC vs Normal","SH3PXD2B",-0.948696832524443,17737,FALSE,"No",3.2883238971899e-13,1.27199749266052e-11,505,0.347962491066595,1.49057032303872,2.23765450862068e-05,2.23765450862068e-05,NA,"tags=39%, list=26%, signal=29%",505
"BB3_all","BB3_all","CRPCvsNormal","CRPC vs Normal","FADS1",-0.955812862841938,17746,FALSE,"No",3.48483960764413e-11,7.28307554613589e-10,505,0.347962491066595,1.49057032303872,2.23765450862068e-05,2.23765450862068e-05,NA,"tags=39%, list=26%, signal=29%",505
"BB3_all","BB3_all","CRPCvsNormal","CRPC vs Normal","STEAP3",-0.960231835221032,17752,FALSE,"No",3.67154508406069e-10,5.62621161958495e-09,505,0.347962491066595,1.49057032303872,2.23765450862068e-05,2.23765450862068e-05,NA,"tags=39%, list=26%, signal=29%",505
"BB3_all","BB3_all","CRPCvsNormal","CRPC vs Normal","PRIMA1",-1.00257332137344,17817,FALSE,"No",5.41721875973737e-09,5.87019401385934e-08,505,0.347962491066595,1.49057032303872,2.23765450862068e-05,2.23765450862068e-05,NA,"tags=39%, list=26%, signal=29%",505
"BB3_all","BB3_all","CRPCvsNormal","CRPC vs Normal","DUSP4",-1.01115298321974,17828,FALSE,"No",1.93258591221509e-05,8.34727223280228e-05,505,0.347962491066595,1.49057032303872,2.23765450862068e-05,2.23765450862068e-05,NA,"tags=39%, list=26%, signal=29%",505
"BB3_all","BB3_all","CRPCvsNormal","CRPC vs Normal","MSMB",-1.02367333373141,17839,FALSE,"No",0.107773885820021,0.169750607776882,505,0.347962491066595,1.49057032303872,2.23765450862068e-05,2.23765450862068e-05,NA,"tags=39%, list=26%, signal=29%",505
"BB3_all","BB3_all","CRPCvsNormal","CRPC vs Normal","ISYNA1",-1.04802107073529,17872,FALSE,"No",3.96888847442912e-09,4.46402197499522e-08,505,0.347962491066595,1.49057032303872,2.23765450862068e-05,2.23765450862068e-05,NA,"tags=39%, list=26%, signal=29%",505
"BB3_all","BB3_all","CRPCvsNormal","CRPC vs Normal","ANXA6",-1.14564059771112,17976,FALSE,"No",4.8114839183564e-12,1.29626202437608e-10,505,0.347962491066595,1.49057032303872,2.23765450862068e-05,2.23765450862068e-05,NA,"tags=39%, list=26%, signal=29%",505
"BB3_all","BB3_all","CRPCvsNormal","CRPC vs Normal","FLNA",-1.41543465975384,18154,FALSE,"No",2.21342349392815e-09,2.69134255995088e-08,505,0.347962491066595,1.49057032303872,2.23765450862068e-05,2.23765450862068e-05,NA,"tags=39%, list=26%, signal=29%",505
"BB3_all","BB3_all","CRPCvsNormal","CRPC vs Normal","GATM",-1.6826503426312,18227,FALSE,"No",4.81312796570826e-14,2.52633894889733e-12,505,0.347962491066595,1.49057032303872,2.23765450862068e-05,2.23765450862068e-05,NA,"tags=39%, list=26%, signal=29%",505
