"GSEA_ID","Description","background","background_label","Gene","log2FC","rank","background_pvalue","background_p.adjust","是否为core gene","core_enrichment","setSize","enrichmentScore","NES","GSEA_pvalue","GSEA_p.adjust","qvalue","leading_edge","matched_genes"
"B12_1_5x_up","B12_1_5x_up","CRPCvsNormal","CRPC vs Normal","SPON2",2.40928640452803,22,3.53933521807872e-08,3.02949845798622e-07,"Yes",TRUE,507,0.689115245097485,2.95409891738935,1.92182455031078e-65,1.92182455031078e-65,NA,"tags=76%, list=22%, signal=61%",507
"B12_1_5x_up","B12_1_5x_up","CRPCvsNormal","CRPC vs Normal","LRRC26",2.08917326115555,33,3.17170376388255e-09,3.66209487680649e-08,"Yes",TRUE,507,0.689115245097485,2.95409891738935,1.92182455031078e-65,1.92182455031078e-65,NA,"tags=76%, list=22%, signal=61%",507
"B12_1_5x_up","B12_1_5x_up","CRPCvsNormal","CRPC vs Normal","PHGR1",1.88892629088744,43,1.88835306891924e-11,4.31697836756931e-10,"Yes",TRUE,507,0.689115245097485,2.95409891738935,1.92182455031078e-65,1.92182455031078e-65,NA,"tags=76%, list=22%, signal=61%",507
"B12_1_5x_up","B12_1_5x_up","CRPCvsNormal","CRPC vs Normal","PRR36",1.78636297858038,49,1.34743706032901e-18,3.19640069402205e-16,"Yes",TRUE,507,0.689115245097485,2.95409891738935,1.92182455031078e-65,1.92182455031078e-65,NA,"tags=76%, list=22%, signal=61%",507
"B12_1_5x_up","B12_1_5x_up","CRPCvsNormal","CRPC vs Normal","HES4",1.73501008833565,55,2.02099144442508e-13,8.48630568364794e-12,"Yes",TRUE,507,0.689115245097485,2.95409891738935,1.92182455031078e-65,1.92182455031078e-65,NA,"tags=76%, list=22%, signal=61%",507
"B12_1_5x_up","B12_1_5x_up","CRPCvsNormal","CRPC vs Normal","BIK",1.60135097585573,68,1.35781693301597e-11,3.22521249655002e-10,"Yes",TRUE,507,0.689115245097485,2.95409891738935,1.92182455031078e-65,1.92182455031078e-65,NA,"tags=76%, list=22%, signal=61%",507
"B12_1_5x_up","B12_1_5x_up","CRPCvsNormal","CRPC vs Normal","TMEM238",1.55480778738247,73,1.12980899738627e-15,1.00180054108047e-13,"Yes",TRUE,507,0.689115245097485,2.95409891738935,1.92182455031078e-65,1.92182455031078e-65,NA,"tags=76%, list=22%, signal=61%",507
"B12_1_5x_up","B12_1_5x_up","CRPCvsNormal","CRPC vs Normal","RAC3",1.54780532324458,74,3.70423154819139e-14,1.972638293273e-12,"Yes",TRUE,507,0.689115245097485,2.95409891738935,1.92182455031078e-65,1.92182455031078e-65,NA,"tags=76%, list=22%, signal=61%",507
"B12_1_5x_up","B12_1_5x_up","CRPCvsNormal","CRPC vs Normal","PTP4A3",1.52842352080434,80,4.25839848024866e-11,8.55708543896831e-10,"Yes",TRUE,507,0.689115245097485,2.95409891738935,1.92182455031078e-65,1.92182455031078e-65,NA,"tags=76%, list=22%, signal=61%",507
"B12_1_5x_up","B12_1_5x_up","CRPCvsNormal","CRPC vs Normal","TBX1",1.4416486519547,92,3.18131949368755e-13,1.24432509361235e-11,"Yes",TRUE,507,0.689115245097485,2.95409891738935,1.92182455031078e-65,1.92182455031078e-65,NA,"tags=76%, list=22%, signal=61%",507
"B12_1_5x_up","B12_1_5x_up","CRPCvsNormal","CRPC vs Normal","ASPHD1",1.42327827233858,99,3.53524415826955e-12,9.78405602953812e-11,"Yes",TRUE,507,0.689115245097485,2.95409891738935,1.92182455031078e-65,1.92182455031078e-65,NA,"tags=76%, list=22%, signal=61%",507
"B12_1_5x_up","B12_1_5x_up","CRPCvsNormal","CRPC vs Normal","FNDC10",1.41881041953153,101,4.0314877239086e-14,2.13446825405549e-12,"Yes",TRUE,507,0.689115245097485,2.95409891738935,1.92182455031078e-65,1.92182455031078e-65,NA,"tags=76%, list=22%, signal=61%",507
"B12_1_5x_up","B12_1_5x_up","CRPCvsNormal","CRPC vs Normal","CERS4",1.38882836936034,112,6.36839692458477e-14,3.21340160841065e-12,"Yes",TRUE,507,0.689115245097485,2.95409891738935,1.92182455031078e-65,1.92182455031078e-65,NA,"tags=76%, list=22%, signal=61%",507
"B12_1_5x_up","B12_1_5x_up","CRPCvsNormal","CRPC vs Normal","PRR7",1.38342293514307,113,1.67098338451887e-16,2.04846862426991e-14,"Yes",TRUE,507,0.689115245097485,2.95409891738935,1.92182455031078e-65,1.92182455031078e-65,NA,"tags=76%, list=22%, signal=61%",507
"B12_1_5x_up","B12_1_5x_up","CRPCvsNormal","CRPC vs Normal","SYNGR2",1.32963447746225,128,9.78469245007115e-13,3.26144511483576e-11,"Yes",TRUE,507,0.689115245097485,2.95409891738935,1.92182455031078e-65,1.92182455031078e-65,NA,"tags=76%, list=22%, signal=61%",507
"B12_1_5x_up","B12_1_5x_up","CRPCvsNormal","CRPC vs Normal","PPP1R14B",1.32759192896461,129,6.99836818404263e-17,9.6114431014829e-15,"Yes",TRUE,507,0.689115245097485,2.95409891738935,1.92182455031078e-65,1.92182455031078e-65,NA,"tags=76%, list=22%, signal=61%",507
"B12_1_5x_up","B12_1_5x_up","CRPCvsNormal","CRPC vs Normal","TFF3",1.27215398105489,149,0.000419680189483261,0.00129569964400619,"Yes",TRUE,507,0.689115245097485,2.95409891738935,1.92182455031078e-65,1.92182455031078e-65,NA,"tags=76%, list=22%, signal=61%",507
"B12_1_5x_up","B12_1_5x_up","CRPCvsNormal","CRPC vs Normal","MRPL41",1.25705744493285,160,4.4991682416008e-14,2.37519673702544e-12,"Yes",TRUE,507,0.689115245097485,2.95409891738935,1.92182455031078e-65,1.92182455031078e-65,NA,"tags=76%, list=22%, signal=61%",507
"B12_1_5x_up","B12_1_5x_up","CRPCvsNormal","CRPC vs Normal","NUDT8",1.21091796100761,177,1.68700318766966e-06,9.34631490020441e-06,"Yes",TRUE,507,0.689115245097485,2.95409891738935,1.92182455031078e-65,1.92182455031078e-65,NA,"tags=76%, list=22%, signal=61%",507
"B12_1_5x_up","B12_1_5x_up","CRPCvsNormal","CRPC vs Normal","MRPL12",1.2054590800203,181,5.72035762873668e-15,3.98843358831465e-13,"Yes",TRUE,507,0.689115245097485,2.95409891738935,1.92182455031078e-65,1.92182455031078e-65,NA,"tags=76%, list=22%, signal=61%",507
"B12_1_5x_up","B12_1_5x_up","CRPCvsNormal","CRPC vs Normal","BOP1",1.2042550544741,182,4.95419433691289e-17,7.06979013734772e-15,"Yes",TRUE,507,0.689115245097485,2.95409891738935,1.92182455031078e-65,1.92182455031078e-65,NA,"tags=76%, list=22%, signal=61%",507
"B12_1_5x_up","B12_1_5x_up","CRPCvsNormal","CRPC vs Normal","NPDC1",1.16109496259508,197,1.34279299900405e-10,2.33150731176882e-09,"Yes",TRUE,507,0.689115245097485,2.95409891738935,1.92182455031078e-65,1.92182455031078e-65,NA,"tags=76%, list=22%, signal=61%",507
"B12_1_5x_up","B12_1_5x_up","CRPCvsNormal","CRPC vs Normal","CBLC",1.1580540535963,198,2.04880005613543e-08,1.86929979147702e-07,"Yes",TRUE,507,0.689115245097485,2.95409891738935,1.92182455031078e-65,1.92182455031078e-65,NA,"tags=76%, list=22%, signal=61%",507
"B12_1_5x_up","B12_1_5x_up","CRPCvsNormal","CRPC vs Normal","MCRIP2",1.15321384819469,202,8.83878801583865e-15,5.78671332965264e-13,"Yes",TRUE,507,0.689115245097485,2.95409891738935,1.92182455031078e-65,1.92182455031078e-65,NA,"tags=76%, list=22%, signal=61%",507
"B12_1_5x_up","B12_1_5x_up","CRPCvsNormal","CRPC vs Normal","CLDN7",1.15315892636902,203,2.83410475012939e-08,2.48976075324954e-07,"Yes",TRUE,507,0.689115245097485,2.95409891738935,1.92182455031078e-65,1.92182455031078e-65,NA,"tags=76%, list=22%, signal=61%",507
"B12_1_5x_up","B12_1_5x_up","CRPCvsNormal","CRPC vs Normal","METTL26",1.13452001363893,210,2.72466839461792e-15,2.09994906734561e-13,"Yes",TRUE,507,0.689115245097485,2.95409891738935,1.92182455031078e-65,1.92182455031078e-65,NA,"tags=76%, list=22%, signal=61%",507
"B12_1_5x_up","B12_1_5x_up","CRPCvsNormal","CRPC vs Normal","MFSD3",1.12073232709975,215,3.22308651997835e-12,9.02958564017248e-11,"Yes",TRUE,507,0.689115245097485,2.95409891738935,1.92182455031078e-65,1.92182455031078e-65,NA,"tags=76%, list=22%, signal=61%",507
"B12_1_5x_up","B12_1_5x_up","CRPCvsNormal","CRPC vs Normal","SRM",1.11901157945583,216,5.45156907356552e-15,3.8447243512644e-13,"Yes",TRUE,507,0.689115245097485,2.95409891738935,1.92182455031078e-65,1.92182455031078e-65,NA,"tags=76%, list=22%, signal=61%",507
"B12_1_5x_up","B12_1_5x_up","CRPCvsNormal","CRPC vs Normal","TPRN",1.11565793620651,219,5.53191233372177e-18,1.06364116513433e-15,"Yes",TRUE,507,0.689115245097485,2.95409891738935,1.92182455031078e-65,1.92182455031078e-65,NA,"tags=76%, list=22%, signal=61%",507
"B12_1_5x_up","B12_1_5x_up","CRPCvsNormal","CRPC vs Normal","HMG20B",1.10030213805096,230,2.31155533580214e-14,1.32360093303329e-12,"Yes",TRUE,507,0.689115245097485,2.95409891738935,1.92182455031078e-65,1.92182455031078e-65,NA,"tags=76%, list=22%, signal=61%",507
"B12_1_5x_up","B12_1_5x_up","CRPCvsNormal","CRPC vs Normal","HAGHL",1.09982019416132,231,2.68595113280354e-12,7.75064508559075e-11,"Yes",TRUE,507,0.689115245097485,2.95409891738935,1.92182455031078e-65,1.92182455031078e-65,NA,"tags=76%, list=22%, signal=61%",507
"B12_1_5x_up","B12_1_5x_up","CRPCvsNormal","CRPC vs Normal","UBE2C",1.08094973552461,244,1.06389735157183e-09,1.41951417266698e-08,"Yes",TRUE,507,0.689115245097485,2.95409891738935,1.92182455031078e-65,1.92182455031078e-65,NA,"tags=76%, list=22%, signal=61%",507
"B12_1_5x_up","B12_1_5x_up","CRPCvsNormal","CRPC vs Normal","CPNE7",1.04439490720541,267,6.55829539485398e-07,4.01588413283281e-06,"Yes",TRUE,507,0.689115245097485,2.95409891738935,1.92182455031078e-65,1.92182455031078e-65,NA,"tags=76%, list=22%, signal=61%",507
"B12_1_5x_up","B12_1_5x_up","CRPCvsNormal","CRPC vs Normal","BIRC5",1.0325438621567,277,8.63831769775688e-12,2.16147275434558e-10,"Yes",TRUE,507,0.689115245097485,2.95409891738935,1.92182455031078e-65,1.92182455031078e-65,NA,"tags=76%, list=22%, signal=61%",507
"B12_1_5x_up","B12_1_5x_up","CRPCvsNormal","CRPC vs Normal","UCN",1.03005655341604,278,1.71282601072818e-15,1.4417732678323e-13,"Yes",TRUE,507,0.689115245097485,2.95409891738935,1.92182455031078e-65,1.92182455031078e-65,NA,"tags=76%, list=22%, signal=61%",507
"B12_1_5x_up","B12_1_5x_up","CRPCvsNormal","CRPC vs Normal","C4orf48",1.02893645671875,280,9.75505151656169e-08,7.39974132066096e-07,"Yes",TRUE,507,0.689115245097485,2.95409891738935,1.92182455031078e-65,1.92182455031078e-65,NA,"tags=76%, list=22%, signal=61%",507
"B12_1_5x_up","B12_1_5x_up","CRPCvsNormal","CRPC vs Normal","RPL36",1.01862459590046,286,3.74335178672184e-12,1.02821148475581e-10,"Yes",TRUE,507,0.689115245097485,2.95409891738935,1.92182455031078e-65,1.92182455031078e-65,NA,"tags=76%, list=22%, signal=61%",507
"B12_1_5x_up","B12_1_5x_up","CRPCvsNormal","CRPC vs Normal","ISG15",1.01810433240732,288,1.54261270938946e-05,6.84238091704803e-05,"Yes",TRUE,507,0.689115245097485,2.95409891738935,1.92182455031078e-65,1.92182455031078e-65,NA,"tags=76%, list=22%, signal=61%",507
"B12_1_5x_up","B12_1_5x_up","CRPCvsNormal","CRPC vs Normal","PNPLA7",1.01596801917193,289,4.43707299027132e-07,2.82199078134735e-06,"Yes",TRUE,507,0.689115245097485,2.95409891738935,1.92182455031078e-65,1.92182455031078e-65,NA,"tags=76%, list=22%, signal=61%",507
"B12_1_5x_up","B12_1_5x_up","CRPCvsNormal","CRPC vs Normal","CENPM",1.01044520628412,292,2.77256981103023e-12,7.96773515783907e-11,"Yes",TRUE,507,0.689115245097485,2.95409891738935,1.92182455031078e-65,1.92182455031078e-65,NA,"tags=76%, list=22%, signal=61%",507
"B12_1_5x_up","B12_1_5x_up","CRPCvsNormal","CRPC vs Normal","MESP1",1.00712258637973,295,0.000209028352026902,0.000696990120139355,"Yes",TRUE,507,0.689115245097485,2.95409891738935,1.92182455031078e-65,1.92182455031078e-65,NA,"tags=76%, list=22%, signal=61%",507
"B12_1_5x_up","B12_1_5x_up","CRPCvsNormal","CRPC vs Normal","DCXR",1.00544331903757,296,5.81573717089732e-08,4.71505793003153e-07,"Yes",TRUE,507,0.689115245097485,2.95409891738935,1.92182455031078e-65,1.92182455031078e-65,NA,"tags=76%, list=22%, signal=61%",507
"B12_1_5x_up","B12_1_5x_up","CRPCvsNormal","CRPC vs Normal","IDUA",0.999462070450325,300,2.22446006187679e-12,6.58541126259991e-11,"Yes",TRUE,507,0.689115245097485,2.95409891738935,1.92182455031078e-65,1.92182455031078e-65,NA,"tags=76%, list=22%, signal=61%",507
"B12_1_5x_up","B12_1_5x_up","CRPCvsNormal","CRPC vs Normal","APRT",0.992302547271131,310,5.36304303957128e-13,1.92837291655136e-11,"Yes",TRUE,507,0.689115245097485,2.95409891738935,1.92182455031078e-65,1.92182455031078e-65,NA,"tags=76%, list=22%, signal=61%",507
"B12_1_5x_up","B12_1_5x_up","CRPCvsNormal","CRPC vs Normal","RAMP1",0.989727672060543,317,0.00016646800683835,0.000569954004294151,"Yes",TRUE,507,0.689115245097485,2.95409891738935,1.92182455031078e-65,1.92182455031078e-65,NA,"tags=76%, list=22%, signal=61%",507
"B12_1_5x_up","B12_1_5x_up","CRPCvsNormal","CRPC vs Normal","TMEM52",0.9542194799717,343,9.05861286427657e-11,1.66552224888379e-09,"Yes",TRUE,507,0.689115245097485,2.95409891738935,1.92182455031078e-65,1.92182455031078e-65,NA,"tags=76%, list=22%, signal=61%",507
"B12_1_5x_up","B12_1_5x_up","CRPCvsNormal","CRPC vs Normal","KAT2A",0.953582645272431,344,1.9639662435911e-12,5.9352573872827e-11,"Yes",TRUE,507,0.689115245097485,2.95409891738935,1.92182455031078e-65,1.92182455031078e-65,NA,"tags=76%, list=22%, signal=61%",507
"B12_1_5x_up","B12_1_5x_up","CRPCvsNormal","CRPC vs Normal","RPS15",0.951881608774909,348,7.97276967172848e-11,1.4921169141782e-09,"Yes",TRUE,507,0.689115245097485,2.95409891738935,1.92182455031078e-65,1.92182455031078e-65,NA,"tags=76%, list=22%, signal=61%",507
"B12_1_5x_up","B12_1_5x_up","CRPCvsNormal","CRPC vs Normal","F12",0.943185215417672,356,6.68858597000647e-09,7.04171246848058e-08,"Yes",TRUE,507,0.689115245097485,2.95409891738935,1.92182455031078e-65,1.92182455031078e-65,NA,"tags=76%, list=22%, signal=61%",507
"B12_1_5x_up","B12_1_5x_up","CRPCvsNormal","CRPC vs Normal","ZNF692",0.938866201875181,363,2.08240578596194e-09,2.54770422547762e-08,"Yes",TRUE,507,0.689115245097485,2.95409891738935,1.92182455031078e-65,1.92182455031078e-65,NA,"tags=76%, list=22%, signal=61%",507
"B12_1_5x_up","B12_1_5x_up","CRPCvsNormal","CRPC vs Normal","UBE2S",0.934923389229905,366,4.94280145045969e-12,1.32772369550142e-10,"Yes",TRUE,507,0.689115245097485,2.95409891738935,1.92182455031078e-65,1.92182455031078e-65,NA,"tags=76%, list=22%, signal=61%",507
"B12_1_5x_up","B12_1_5x_up","CRPCvsNormal","CRPC vs Normal","GADD45G",0.930827257907804,373,1.15384493601403e-05,5.28223849654945e-05,"Yes",TRUE,507,0.689115245097485,2.95409891738935,1.92182455031078e-65,1.92182455031078e-65,NA,"tags=76%, list=22%, signal=61%",507
"B12_1_5x_up","B12_1_5x_up","CRPCvsNormal","CRPC vs Normal","CTU1",0.924435272781909,380,2.04758091563318e-18,4.61742135863649e-16,"Yes",TRUE,507,0.689115245097485,2.95409891738935,1.92182455031078e-65,1.92182455031078e-65,NA,"tags=76%, list=22%, signal=61%",507
"B12_1_5x_up","B12_1_5x_up","CRPCvsNormal","CRPC vs Normal","RPS28",0.922705670135776,381,3.57991762673024e-10,5.50427402103153e-09,"Yes",TRUE,507,0.689115245097485,2.95409891738935,1.92182455031078e-65,1.92182455031078e-65,NA,"tags=76%, list=22%, signal=61%",507
"B12_1_5x_up","B12_1_5x_up","CRPCvsNormal","CRPC vs Normal","TMEM160",0.917349252748963,387,4.6561716247311e-07,2.95208715367366e-06,"Yes",TRUE,507,0.689115245097485,2.95409891738935,1.92182455031078e-65,1.92182455031078e-65,NA,"tags=76%, list=22%, signal=61%",507
"B12_1_5x_up","B12_1_5x_up","CRPCvsNormal","CRPC vs Normal","GNB2",0.915471743864203,391,8.10267033124685e-15,5.36244116922301e-13,"Yes",TRUE,507,0.689115245097485,2.95409891738935,1.92182455031078e-65,1.92182455031078e-65,NA,"tags=76%, list=22%, signal=61%",507
"B12_1_5x_up","B12_1_5x_up","CRPCvsNormal","CRPC vs Normal","IGFBP2",0.910913682988566,399,7.6251070717303e-06,3.64226479529879e-05,"Yes",TRUE,507,0.689115245097485,2.95409891738935,1.92182455031078e-65,1.92182455031078e-65,NA,"tags=76%, list=22%, signal=61%",507
"B12_1_5x_up","B12_1_5x_up","CRPCvsNormal","CRPC vs Normal","ZNF511",0.906689338315518,404,9.30405900169894e-15,6.02652275620684e-13,"Yes",TRUE,507,0.689115245097485,2.95409891738935,1.92182455031078e-65,1.92182455031078e-65,NA,"tags=76%, list=22%, signal=61%",507
"B12_1_5x_up","B12_1_5x_up","CRPCvsNormal","CRPC vs Normal","TIMM13",0.9047269800625,408,2.96737489244034e-14,1.6276897833428e-12,"Yes",TRUE,507,0.689115245097485,2.95409891738935,1.92182455031078e-65,1.92182455031078e-65,NA,"tags=76%, list=22%, signal=61%",507
"B12_1_5x_up","B12_1_5x_up","CRPCvsNormal","CRPC vs Normal","STAP2",0.896249292046429,422,2.78146004901148e-08,2.44848912073464e-07,"Yes",TRUE,507,0.689115245097485,2.95409891738935,1.92182455031078e-65,1.92182455031078e-65,NA,"tags=76%, list=22%, signal=61%",507
"B12_1_5x_up","B12_1_5x_up","CRPCvsNormal","CRPC vs Normal","LRRC45",0.89501851776247,424,6.7379387593688e-15,4.59235781263547e-13,"Yes",TRUE,507,0.689115245097485,2.95409891738935,1.92182455031078e-65,1.92182455031078e-65,NA,"tags=76%, list=22%, signal=61%",507
"B12_1_5x_up","B12_1_5x_up","CRPCvsNormal","CRPC vs Normal","COMTD1",0.892410544748743,427,2.63093095671883e-07,1.77658354363867e-06,"Yes",TRUE,507,0.689115245097485,2.95409891738935,1.92182455031078e-65,1.92182455031078e-65,NA,"tags=76%, list=22%, signal=61%",507
"B12_1_5x_up","B12_1_5x_up","CRPCvsNormal","CRPC vs Normal","NME3",0.891735173805407,428,6.65157182742131e-11,1.27865822772856e-09,"Yes",TRUE,507,0.689115245097485,2.95409891738935,1.92182455031078e-65,1.92182455031078e-65,NA,"tags=76%, list=22%, signal=61%",507
"B12_1_5x_up","B12_1_5x_up","CRPCvsNormal","CRPC vs Normal","SNRNP70",0.883330835761337,442,3.81830140631395e-12,1.04565357552819e-10,"Yes",TRUE,507,0.689115245097485,2.95409891738935,1.92182455031078e-65,1.92182455031078e-65,NA,"tags=76%, list=22%, signal=61%",507
"B12_1_5x_up","B12_1_5x_up","CRPCvsNormal","CRPC vs Normal","RASSF7",0.876190859862667,451,1.26334147952977e-09,1.64829967607792e-08,"Yes",TRUE,507,0.689115245097485,2.95409891738935,1.92182455031078e-65,1.92182455031078e-65,NA,"tags=76%, list=22%, signal=61%",507
"B12_1_5x_up","B12_1_5x_up","CRPCvsNormal","CRPC vs Normal","NDUFAF8",0.873150224190216,455,7.67807316513707e-12,1.95059366389977e-10,"Yes",TRUE,507,0.689115245097485,2.95409891738935,1.92182455031078e-65,1.92182455031078e-65,NA,"tags=76%, list=22%, signal=61%",507
"B12_1_5x_up","B12_1_5x_up","CRPCvsNormal","CRPC vs Normal","RNF208",0.869112521275792,458,1.27751299854052e-08,1.23335372258674e-07,"Yes",TRUE,507,0.689115245097485,2.95409891738935,1.92182455031078e-65,1.92182455031078e-65,NA,"tags=76%, list=22%, signal=61%",507
"B12_1_5x_up","B12_1_5x_up","CRPCvsNormal","CRPC vs Normal","CCDC85B",0.86549468436739,465,1.75050610539326e-05,7.65678748110951e-05,"Yes",TRUE,507,0.689115245097485,2.95409891738935,1.92182455031078e-65,1.92182455031078e-65,NA,"tags=76%, list=22%, signal=61%",507
"B12_1_5x_up","B12_1_5x_up","CRPCvsNormal","CRPC vs Normal","MT-CO2",0.865280502613935,466,0.000110307683020173,0.000395074536871859,"Yes",TRUE,507,0.689115245097485,2.95409891738935,1.92182455031078e-65,1.92182455031078e-65,NA,"tags=76%, list=22%, signal=61%",507
"B12_1_5x_up","B12_1_5x_up","CRPCvsNormal","CRPC vs Normal","IRF7",0.855101483013186,474,6.41104048193431e-08,5.14291020830093e-07,"Yes",TRUE,507,0.689115245097485,2.95409891738935,1.92182455031078e-65,1.92182455031078e-65,NA,"tags=76%, list=22%, signal=61%",507
"B12_1_5x_up","B12_1_5x_up","CRPCvsNormal","CRPC vs Normal","SCAND1",0.848541248469378,486,1.33562063764093e-09,1.73024443738647e-08,"Yes",TRUE,507,0.689115245097485,2.95409891738935,1.92182455031078e-65,1.92182455031078e-65,NA,"tags=76%, list=22%, signal=61%",507
"B12_1_5x_up","B12_1_5x_up","CRPCvsNormal","CRPC vs Normal","LSR",0.847946428097083,487,2.53665878315227e-09,3.0328935930419e-08,"Yes",TRUE,507,0.689115245097485,2.95409891738935,1.92182455031078e-65,1.92182455031078e-65,NA,"tags=76%, list=22%, signal=61%",507
"B12_1_5x_up","B12_1_5x_up","CRPCvsNormal","CRPC vs Normal","EXOSC4",0.845093336962829,491,6.37153155238999e-13,2.2554727778286e-11,"Yes",TRUE,507,0.689115245097485,2.95409891738935,1.92182455031078e-65,1.92182455031078e-65,NA,"tags=76%, list=22%, signal=61%",507
"B12_1_5x_up","B12_1_5x_up","CRPCvsNormal","CRPC vs Normal","UQCC3",0.840226374581959,498,1.04724253447719e-13,4.87982962621436e-12,"Yes",TRUE,507,0.689115245097485,2.95409891738935,1.92182455031078e-65,1.92182455031078e-65,NA,"tags=76%, list=22%, signal=61%",507
"B12_1_5x_up","B12_1_5x_up","CRPCvsNormal","CRPC vs Normal","SFXN4",0.838959397192062,499,4.13929096459745e-16,4.22392674633167e-14,"Yes",TRUE,507,0.689115245097485,2.95409891738935,1.92182455031078e-65,1.92182455031078e-65,NA,"tags=76%, list=22%, signal=61%",507
"B12_1_5x_up","B12_1_5x_up","CRPCvsNormal","CRPC vs Normal","CD320",0.838225916214459,501,6.80487528589593e-08,5.41602840837364e-07,"Yes",TRUE,507,0.689115245097485,2.95409891738935,1.92182455031078e-65,1.92182455031078e-65,NA,"tags=76%, list=22%, signal=61%",507
"B12_1_5x_up","B12_1_5x_up","CRPCvsNormal","CRPC vs Normal","MZT2A",0.834197185452016,504,2.00533145271441e-09,2.46496529712526e-08,"Yes",TRUE,507,0.689115245097485,2.95409891738935,1.92182455031078e-65,1.92182455031078e-65,NA,"tags=76%, list=22%, signal=61%",507
"B12_1_5x_up","B12_1_5x_up","CRPCvsNormal","CRPC vs Normal","PPP1R35",0.833126216281976,507,6.73161287672103e-14,3.35039893204867e-12,"Yes",TRUE,507,0.689115245097485,2.95409891738935,1.92182455031078e-65,1.92182455031078e-65,NA,"tags=76%, list=22%, signal=61%",507
"B12_1_5x_up","B12_1_5x_up","CRPCvsNormal","CRPC vs Normal","SREBF1",0.827953936096387,518,1.94258176682699e-06,1.05825226820346e-05,"Yes",TRUE,507,0.689115245097485,2.95409891738935,1.92182455031078e-65,1.92182455031078e-65,NA,"tags=76%, list=22%, signal=61%",507
"B12_1_5x_up","B12_1_5x_up","CRPCvsNormal","CRPC vs Normal","RPL28",0.825214642904172,523,7.78299515091977e-10,1.08027499564362e-08,"Yes",TRUE,507,0.689115245097485,2.95409891738935,1.92182455031078e-65,1.92182455031078e-65,NA,"tags=76%, list=22%, signal=61%",507
"B12_1_5x_up","B12_1_5x_up","CRPCvsNormal","CRPC vs Normal","POLR2H",0.821244730811915,526,8.78175674026553e-16,8.18405962335154e-14,"Yes",TRUE,507,0.689115245097485,2.95409891738935,1.92182455031078e-65,1.92182455031078e-65,NA,"tags=76%, list=22%, signal=61%",507
"B12_1_5x_up","B12_1_5x_up","CRPCvsNormal","CRPC vs Normal","PWWP2B",0.816766113368462,535,1.75314210141817e-10,2.92179686354966e-09,"Yes",TRUE,507,0.689115245097485,2.95409891738935,1.92182455031078e-65,1.92182455031078e-65,NA,"tags=76%, list=22%, signal=61%",507
"B12_1_5x_up","B12_1_5x_up","CRPCvsNormal","CRPC vs Normal","RPS18",0.795049816243246,564,2.77347794711248e-06,1.45995239717454e-05,"Yes",TRUE,507,0.689115245097485,2.95409891738935,1.92182455031078e-65,1.92182455031078e-65,NA,"tags=76%, list=22%, signal=61%",507
"B12_1_5x_up","B12_1_5x_up","CRPCvsNormal","CRPC vs Normal","IGSF8",0.79042102966463,574,2.39533817645951e-10,3.83873011867065e-09,"Yes",TRUE,507,0.689115245097485,2.95409891738935,1.92182455031078e-65,1.92182455031078e-65,NA,"tags=76%, list=22%, signal=61%",507
"B12_1_5x_up","B12_1_5x_up","CRPCvsNormal","CRPC vs Normal","ENDOG",0.786635956767334,582,5.91372194340132e-08,4.78388153313412e-07,"Yes",TRUE,507,0.689115245097485,2.95409891738935,1.92182455031078e-65,1.92182455031078e-65,NA,"tags=76%, list=22%, signal=61%",507
"B12_1_5x_up","B12_1_5x_up","CRPCvsNormal","CRPC vs Normal","OXLD1",0.778453890776384,598,1.25700253554312e-12,4.07473829830841e-11,"Yes",TRUE,507,0.689115245097485,2.95409891738935,1.92182455031078e-65,1.92182455031078e-65,NA,"tags=76%, list=22%, signal=61%",507
"B12_1_5x_up","B12_1_5x_up","CRPCvsNormal","CRPC vs Normal","TELO2",0.774352400664914,613,3.79028440411207e-15,2.79166673086738e-13,"Yes",TRUE,507,0.689115245097485,2.95409891738935,1.92182455031078e-65,1.92182455031078e-65,NA,"tags=76%, list=22%, signal=61%",507
"B12_1_5x_up","B12_1_5x_up","CRPCvsNormal","CRPC vs Normal","PABPN1",0.770739704601835,624,5.89453186390597e-10,8.43805008041586e-09,"Yes",TRUE,507,0.689115245097485,2.95409891738935,1.92182455031078e-65,1.92182455031078e-65,NA,"tags=76%, list=22%, signal=61%",507
"B12_1_5x_up","B12_1_5x_up","CRPCvsNormal","CRPC vs Normal","TRPM2",0.770240228359186,627,1.65640641452007e-07,1.18002806425989e-06,"Yes",TRUE,507,0.689115245097485,2.95409891738935,1.92182455031078e-65,1.92182455031078e-65,NA,"tags=76%, list=22%, signal=61%",507
"B12_1_5x_up","B12_1_5x_up","CRPCvsNormal","CRPC vs Normal","LSM7",0.770168296041573,628,1.55637276956729e-10,2.62742190470573e-09,"Yes",TRUE,507,0.689115245097485,2.95409891738935,1.92182455031078e-65,1.92182455031078e-65,NA,"tags=76%, list=22%, signal=61%",507
"B12_1_5x_up","B12_1_5x_up","CRPCvsNormal","CRPC vs Normal","SELENOH",0.768833051970976,630,8.5893347731732e-13,2.92710427176831e-11,"Yes",TRUE,507,0.689115245097485,2.95409891738935,1.92182455031078e-65,1.92182455031078e-65,NA,"tags=76%, list=22%, signal=61%",507
"B12_1_5x_up","B12_1_5x_up","CRPCvsNormal","CRPC vs Normal","SAC3D1",0.767603214668061,635,2.31090007363741e-11,5.18561434214509e-10,"Yes",TRUE,507,0.689115245097485,2.95409891738935,1.92182455031078e-65,1.92182455031078e-65,NA,"tags=76%, list=22%, signal=61%",507
"B12_1_5x_up","B12_1_5x_up","CRPCvsNormal","CRPC vs Normal","NOXA1",0.765804704081678,638,2.08601628100714e-06,1.12864850085535e-05,"Yes",TRUE,507,0.689115245097485,2.95409891738935,1.92182455031078e-65,1.92182455031078e-65,NA,"tags=76%, list=22%, signal=61%",507
"B12_1_5x_up","B12_1_5x_up","CRPCvsNormal","CRPC vs Normal","DECR2",0.760708265987586,646,2.89861331936753e-10,4.55646048980786e-09,"Yes",TRUE,507,0.689115245097485,2.95409891738935,1.92182455031078e-65,1.92182455031078e-65,NA,"tags=76%, list=22%, signal=61%",507
"B12_1_5x_up","B12_1_5x_up","CRPCvsNormal","CRPC vs Normal","NAA10",0.759800349997169,649,1.25515316264125e-11,3.00874378855709e-10,"Yes",TRUE,507,0.689115245097485,2.95409891738935,1.92182455031078e-65,1.92182455031078e-65,NA,"tags=76%, list=22%, signal=61%",507
"B12_1_5x_up","B12_1_5x_up","CRPCvsNormal","CRPC vs Normal","ATAD3A",0.759016024712045,651,1.47422320338105e-11,3.47238830889001e-10,"Yes",TRUE,507,0.689115245097485,2.95409891738935,1.92182455031078e-65,1.92182455031078e-65,NA,"tags=76%, list=22%, signal=61%",507
"B12_1_5x_up","B12_1_5x_up","CRPCvsNormal","CRPC vs Normal","PCSK1N",0.754430586618601,662,0.00617620735231922,0.0141071156055349,"Yes",TRUE,507,0.689115245097485,2.95409891738935,1.92182455031078e-65,1.92182455031078e-65,NA,"tags=76%, list=22%, signal=61%",507
"B12_1_5x_up","B12_1_5x_up","CRPCvsNormal","CRPC vs Normal","SLC52A2",0.753215889325171,665,1.22096708743547e-10,2.14650479490821e-09,"Yes",TRUE,507,0.689115245097485,2.95409891738935,1.92182455031078e-65,1.92182455031078e-65,NA,"tags=76%, list=22%, signal=61%",507
"B12_1_5x_up","B12_1_5x_up","CRPCvsNormal","CRPC vs Normal","AP1S1",0.751861354660683,670,2.469888210159e-08,2.20395593779991e-07,"Yes",TRUE,507,0.689115245097485,2.95409891738935,1.92182455031078e-65,1.92182455031078e-65,NA,"tags=76%, list=22%, signal=61%",507
"B12_1_5x_up","B12_1_5x_up","CRPCvsNormal","CRPC vs Normal","CYSRT1",0.746695577117087,685,8.12339171355425e-13,2.77868676104461e-11,"Yes",TRUE,507,0.689115245097485,2.95409891738935,1.92182455031078e-65,1.92182455031078e-65,NA,"tags=76%, list=22%, signal=61%",507
"B12_1_5x_up","B12_1_5x_up","CRPCvsNormal","CRPC vs Normal","HES6",0.739525348849512,703,4.64973677801185e-07,2.94903097177654e-06,"Yes",TRUE,507,0.689115245097485,2.95409891738935,1.92182455031078e-65,1.92182455031078e-65,NA,"tags=76%, list=22%, signal=61%",507
"B12_1_5x_up","B12_1_5x_up","CRPCvsNormal","CRPC vs Normal","STXBP2",0.734681642165796,709,2.46653836540687e-09,2.95628541880065e-08,"Yes",TRUE,507,0.689115245097485,2.95409891738935,1.92182455031078e-65,1.92182455031078e-65,NA,"tags=76%, list=22%, signal=61%",507
"B12_1_5x_up","B12_1_5x_up","CRPCvsNormal","CRPC vs Normal","ZNHIT2",0.734406616171939,711,5.60777642068343e-10,8.07183956660391e-09,"Yes",TRUE,507,0.689115245097485,2.95409891738935,1.92182455031078e-65,1.92182455031078e-65,NA,"tags=76%, list=22%, signal=61%",507
"B12_1_5x_up","B12_1_5x_up","CRPCvsNormal","CRPC vs Normal","ZNF524",0.723359182324192,729,2.03574705697116e-14,1.18047478548048e-12,"Yes",TRUE,507,0.689115245097485,2.95409891738935,1.92182455031078e-65,1.92182455031078e-65,NA,"tags=76%, list=22%, signal=61%",507
"B12_1_5x_up","B12_1_5x_up","CRPCvsNormal","CRPC vs Normal","QPCTL",0.722614457801924,732,2.47391704095441e-11,5.48404959588267e-10,"Yes",TRUE,507,0.689115245097485,2.95409891738935,1.92182455031078e-65,1.92182455031078e-65,NA,"tags=76%, list=22%, signal=61%",507
"B12_1_5x_up","B12_1_5x_up","CRPCvsNormal","CRPC vs Normal","FBXL6",0.721418653917519,735,3.72983538345597e-09,4.2316256592675e-08,"Yes",TRUE,507,0.689115245097485,2.95409891738935,1.92182455031078e-65,1.92182455031078e-65,NA,"tags=76%, list=22%, signal=61%",507
"B12_1_5x_up","B12_1_5x_up","CRPCvsNormal","CRPC vs Normal","SLC27A5",0.720148715785888,739,3.58624496294103e-08,3.06534162344786e-07,"Yes",TRUE,507,0.689115245097485,2.95409891738935,1.92182455031078e-65,1.92182455031078e-65,NA,"tags=76%, list=22%, signal=61%",507
"B12_1_5x_up","B12_1_5x_up","CRPCvsNormal","CRPC vs Normal","MLST8",0.718471832393468,745,3.33924316575199e-12,9.3263938326645e-11,"Yes",TRUE,507,0.689115245097485,2.95409891738935,1.92182455031078e-65,1.92182455031078e-65,NA,"tags=76%, list=22%, signal=61%",507
"B12_1_5x_up","B12_1_5x_up","CRPCvsNormal","CRPC vs Normal","MRPS34",0.717189465807457,749,2.78473370332017e-11,6.09173003890374e-10,"Yes",TRUE,507,0.689115245097485,2.95409891738935,1.92182455031078e-65,1.92182455031078e-65,NA,"tags=76%, list=22%, signal=61%",507
"B12_1_5x_up","B12_1_5x_up","CRPCvsNormal","CRPC vs Normal","BRAT1",0.7164099391128,752,1.67897529582033e-12,5.23347487260309e-11,"Yes",TRUE,507,0.689115245097485,2.95409891738935,1.92182455031078e-65,1.92182455031078e-65,NA,"tags=76%, list=22%, signal=61%",507
"B12_1_5x_up","B12_1_5x_up","CRPCvsNormal","CRPC vs Normal","TMEM161A",0.706759524331205,784,5.38347564916646e-13,1.93191682136885e-11,"Yes",TRUE,507,0.689115245097485,2.95409891738935,1.92182455031078e-65,1.92182455031078e-65,NA,"tags=76%, list=22%, signal=61%",507
"B12_1_5x_up","B12_1_5x_up","CRPCvsNormal","CRPC vs Normal","PLEKHJ1",0.705549325428229,786,1.66709920886274e-13,7.18189484648273e-12,"Yes",TRUE,507,0.689115245097485,2.95409891738935,1.92182455031078e-65,1.92182455031078e-65,NA,"tags=76%, list=22%, signal=61%",507
"B12_1_5x_up","B12_1_5x_up","CRPCvsNormal","CRPC vs Normal","STK32C",0.703103307174604,796,2.38339172702475e-13,9.78315354737846e-12,"Yes",TRUE,507,0.689115245097485,2.95409891738935,1.92182455031078e-65,1.92182455031078e-65,NA,"tags=76%, list=22%, signal=61%",507
"B12_1_5x_up","B12_1_5x_up","CRPCvsNormal","CRPC vs Normal","RPS19",0.700918163006157,802,1.12635189366206e-06,6.48406671592538e-06,"Yes",TRUE,507,0.689115245097485,2.95409891738935,1.92182455031078e-65,1.92182455031078e-65,NA,"tags=76%, list=22%, signal=61%",507
"B12_1_5x_up","B12_1_5x_up","CRPCvsNormal","CRPC vs Normal","RPS16",0.699410027382882,808,2.12045261698582e-06,1.1432168684139e-05,"Yes",TRUE,507,0.689115245097485,2.95409891738935,1.92182455031078e-65,1.92182455031078e-65,NA,"tags=76%, list=22%, signal=61%",507
"B12_1_5x_up","B12_1_5x_up","CRPCvsNormal","CRPC vs Normal","RPL24",0.697068917216626,814,6.5806430388471e-08,5.26048252724644e-07,"Yes",TRUE,507,0.689115245097485,2.95409891738935,1.92182455031078e-65,1.92182455031078e-65,NA,"tags=76%, list=22%, signal=61%",507
"B12_1_5x_up","B12_1_5x_up","CRPCvsNormal","CRPC vs Normal","TMEM54",0.695234506229875,821,2.80705861209826e-07,1.88250245648263e-06,"Yes",TRUE,507,0.689115245097485,2.95409891738935,1.92182455031078e-65,1.92182455031078e-65,NA,"tags=76%, list=22%, signal=61%",507
"B12_1_5x_up","B12_1_5x_up","CRPCvsNormal","CRPC vs Normal","FAM110A",0.693055487981123,828,5.41834397644085e-09,5.87019401385934e-08,"Yes",TRUE,507,0.689115245097485,2.95409891738935,1.92182455031078e-65,1.92182455031078e-65,NA,"tags=76%, list=22%, signal=61%",507
"B12_1_5x_up","B12_1_5x_up","CRPCvsNormal","CRPC vs Normal","NSMCE1",0.692793283610534,830,3.43193837840289e-09,3.9204369243219e-08,"Yes",TRUE,507,0.689115245097485,2.95409891738935,1.92182455031078e-65,1.92182455031078e-65,NA,"tags=76%, list=22%, signal=61%",507
"B12_1_5x_up","B12_1_5x_up","CRPCvsNormal","CRPC vs Normal","SELENOO",0.68825583304696,850,1.98820673331056e-10,3.26881945910447e-09,"Yes",TRUE,507,0.689115245097485,2.95409891738935,1.92182455031078e-65,1.92182455031078e-65,NA,"tags=76%, list=22%, signal=61%",507
"B12_1_5x_up","B12_1_5x_up","CRPCvsNormal","CRPC vs Normal","FAAP20",0.686946201020799,854,3.70102894684264e-08,3.15165476657472e-07,"Yes",TRUE,507,0.689115245097485,2.95409891738935,1.92182455031078e-65,1.92182455031078e-65,NA,"tags=76%, list=22%, signal=61%",507
"B12_1_5x_up","B12_1_5x_up","CRPCvsNormal","CRPC vs Normal","MANF",0.685202812081242,858,2.23278579728119e-09,2.70990467595602e-08,"Yes",TRUE,507,0.689115245097485,2.95409891738935,1.92182455031078e-65,1.92182455031078e-65,NA,"tags=76%, list=22%, signal=61%",507
"B12_1_5x_up","B12_1_5x_up","CRPCvsNormal","CRPC vs Normal","NDUFB10",0.684916163165323,860,2.83109330572017e-11,6.1636174400816e-10,"Yes",TRUE,507,0.689115245097485,2.95409891738935,1.92182455031078e-65,1.92182455031078e-65,NA,"tags=76%, list=22%, signal=61%",507
"B12_1_5x_up","B12_1_5x_up","CRPCvsNormal","CRPC vs Normal","ATAD3B",0.684821675896053,861,1.22722328125552e-07,9.06814743341961e-07,"Yes",TRUE,507,0.689115245097485,2.95409891738935,1.92182455031078e-65,1.92182455031078e-65,NA,"tags=76%, list=22%, signal=61%",507
"B12_1_5x_up","B12_1_5x_up","CRPCvsNormal","CRPC vs Normal","BRI3",0.682041016533544,868,1.10678180462206e-08,1.0966919146787e-07,"Yes",TRUE,507,0.689115245097485,2.95409891738935,1.92182455031078e-65,1.92182455031078e-65,NA,"tags=76%, list=22%, signal=61%",507
"B12_1_5x_up","B12_1_5x_up","CRPCvsNormal","CRPC vs Normal","MRPL24",0.681503207639333,870,6.29237852777636e-11,1.21626017130543e-09,"Yes",TRUE,507,0.689115245097485,2.95409891738935,1.92182455031078e-65,1.92182455031078e-65,NA,"tags=76%, list=22%, signal=61%",507
"B12_1_5x_up","B12_1_5x_up","CRPCvsNormal","CRPC vs Normal","SLC39A3",0.681303409050154,871,1.20274782618448e-13,5.50611323134982e-12,"Yes",TRUE,507,0.689115245097485,2.95409891738935,1.92182455031078e-65,1.92182455031078e-65,NA,"tags=76%, list=22%, signal=61%",507
"B12_1_5x_up","B12_1_5x_up","CRPCvsNormal","CRPC vs Normal","NDUFS6",0.680872542277599,872,9.05144847545581e-09,9.22106848035002e-08,"Yes",TRUE,507,0.689115245097485,2.95409891738935,1.92182455031078e-65,1.92182455031078e-65,NA,"tags=76%, list=22%, signal=61%",507
"B12_1_5x_up","B12_1_5x_up","CRPCvsNormal","CRPC vs Normal","MFSD10",0.677941234665301,881,6.23335062242122e-10,8.8399365271076e-09,"Yes",TRUE,507,0.689115245097485,2.95409891738935,1.92182455031078e-65,1.92182455031078e-65,NA,"tags=76%, list=22%, signal=61%",507
"B12_1_5x_up","B12_1_5x_up","CRPCvsNormal","CRPC vs Normal","POP7",0.675766869798784,885,2.87694936330496e-11,6.21738547231549e-10,"Yes",TRUE,507,0.689115245097485,2.95409891738935,1.92182455031078e-65,1.92182455031078e-65,NA,"tags=76%, list=22%, signal=61%",507
"B12_1_5x_up","B12_1_5x_up","CRPCvsNormal","CRPC vs Normal","ABHD17A",0.674890053722672,888,5.2663036702452e-09,5.74294345317605e-08,"Yes",TRUE,507,0.689115245097485,2.95409891738935,1.92182455031078e-65,1.92182455031078e-65,NA,"tags=76%, list=22%, signal=61%",507
"B12_1_5x_up","B12_1_5x_up","CRPCvsNormal","CRPC vs Normal","ATP6V0B",0.672907813297774,894,1.28705178557981e-07,9.44791143473464e-07,"Yes",TRUE,507,0.689115245097485,2.95409891738935,1.92182455031078e-65,1.92182455031078e-65,NA,"tags=76%, list=22%, signal=61%",507
"B12_1_5x_up","B12_1_5x_up","CRPCvsNormal","CRPC vs Normal","B3GAT3",0.670484872217822,902,7.49943397516674e-10,1.04409040389021e-08,"Yes",TRUE,507,0.689115245097485,2.95409891738935,1.92182455031078e-65,1.92182455031078e-65,NA,"tags=76%, list=22%, signal=61%",507
"B12_1_5x_up","B12_1_5x_up","CRPCvsNormal","CRPC vs Normal","RANGAP1",0.66932478194725,909,1.38755025856704e-12,4.43870280612706e-11,"Yes",TRUE,507,0.689115245097485,2.95409891738935,1.92182455031078e-65,1.92182455031078e-65,NA,"tags=76%, list=22%, signal=61%",507
"B12_1_5x_up","B12_1_5x_up","CRPCvsNormal","CRPC vs Normal","NFKBIL1",0.668231256407279,921,3.65266198719497e-13,1.38710028811026e-11,"Yes",TRUE,507,0.689115245097485,2.95409891738935,1.92182455031078e-65,1.92182455031078e-65,NA,"tags=76%, list=22%, signal=61%",507
"B12_1_5x_up","B12_1_5x_up","CRPCvsNormal","CRPC vs Normal","TPGS1",0.667971625250283,922,1.8887845380682e-07,1.32439686650111e-06,"Yes",TRUE,507,0.689115245097485,2.95409891738935,1.92182455031078e-65,1.92182455031078e-65,NA,"tags=76%, list=22%, signal=61%",507
"B12_1_5x_up","B12_1_5x_up","CRPCvsNormal","CRPC vs Normal","AKT1S1",0.667320815958862,924,1.41831541696021e-14,8.57846006827657e-13,"Yes",TRUE,507,0.689115245097485,2.95409891738935,1.92182455031078e-65,1.92182455031078e-65,NA,"tags=76%, list=22%, signal=61%",507
"B12_1_5x_up","B12_1_5x_up","CRPCvsNormal","CRPC vs Normal","CRELD2",0.665584943611766,931,1.31004176676764e-08,1.25810846013553e-07,"Yes",TRUE,507,0.689115245097485,2.95409891738935,1.92182455031078e-65,1.92182455031078e-65,NA,"tags=76%, list=22%, signal=61%",507
"B12_1_5x_up","B12_1_5x_up","CRPCvsNormal","CRPC vs Normal","CDKN2A",0.664350765457912,935,2.63744290536499e-09,3.13847114719198e-08,"Yes",TRUE,507,0.689115245097485,2.95409891738935,1.92182455031078e-65,1.92182455031078e-65,NA,"tags=76%, list=22%, signal=61%",507
"B12_1_5x_up","B12_1_5x_up","CRPCvsNormal","CRPC vs Normal","TMEM134",0.663116566696305,940,9.3799114128223e-07,5.5020379533273e-06,"Yes",TRUE,507,0.689115245097485,2.95409891738935,1.92182455031078e-65,1.92182455031078e-65,NA,"tags=76%, list=22%, signal=61%",507
"B12_1_5x_up","B12_1_5x_up","CRPCvsNormal","CRPC vs Normal","CLDN4",0.659191853269527,953,0.00386317579124978,0.00933115263283694,"Yes",TRUE,507,0.689115245097485,2.95409891738935,1.92182455031078e-65,1.92182455031078e-65,NA,"tags=76%, list=22%, signal=61%",507
"B12_1_5x_up","B12_1_5x_up","CRPCvsNormal","CRPC vs Normal","AMH",0.648961251543386,982,5.31963182743309e-06,2.63186335210977e-05,"Yes",TRUE,507,0.689115245097485,2.95409891738935,1.92182455031078e-65,1.92182455031078e-65,NA,"tags=76%, list=22%, signal=61%",507
"B12_1_5x_up","B12_1_5x_up","CRPCvsNormal","CRPC vs Normal","LMNTD2",0.648937872269565,983,1.79190560525323e-07,1.26325541434024e-06,"Yes",TRUE,507,0.689115245097485,2.95409891738935,1.92182455031078e-65,1.92182455031078e-65,NA,"tags=76%, list=22%, signal=61%",507
"B12_1_5x_up","B12_1_5x_up","CRPCvsNormal","CRPC vs Normal","NUDT16L1",0.648235434087852,986,3.73820956915557e-09,4.23849385414001e-08,"Yes",TRUE,507,0.689115245097485,2.95409891738935,1.92182455031078e-65,1.92182455031078e-65,NA,"tags=76%, list=22%, signal=61%",507
"B12_1_5x_up","B12_1_5x_up","CRPCvsNormal","CRPC vs Normal","CTXN1",0.645315767112504,996,0.00507922193118237,0.0118701468519674,"Yes",TRUE,507,0.689115245097485,2.95409891738935,1.92182455031078e-65,1.92182455031078e-65,NA,"tags=76%, list=22%, signal=61%",507
"B12_1_5x_up","B12_1_5x_up","CRPCvsNormal","CRPC vs Normal","RHOT2",0.643846254440259,1000,2.20178207830996e-09,2.6793971647175e-08,"Yes",TRUE,507,0.689115245097485,2.95409891738935,1.92182455031078e-65,1.92182455031078e-65,NA,"tags=76%, list=22%, signal=61%",507
"B12_1_5x_up","B12_1_5x_up","CRPCvsNormal","CRPC vs Normal","RPL35",0.643697679706809,1001,2.85782988318195e-06,1.50089478568722e-05,"Yes",TRUE,507,0.689115245097485,2.95409891738935,1.92182455031078e-65,1.92182455031078e-65,NA,"tags=76%, list=22%, signal=61%",507
"B12_1_5x_up","B12_1_5x_up","CRPCvsNormal","CRPC vs Normal","DOHH",0.640329741258015,1017,1.68943886036589e-12,5.25711928849121e-11,"Yes",TRUE,507,0.689115245097485,2.95409891738935,1.92182455031078e-65,1.92182455031078e-65,NA,"tags=76%, list=22%, signal=61%",507
"B12_1_5x_up","B12_1_5x_up","CRPCvsNormal","CRPC vs Normal","HSD3B7",0.639936659309793,1018,2.83557139122591e-07,1.89764955229251e-06,"Yes",TRUE,507,0.689115245097485,2.95409891738935,1.92182455031078e-65,1.92182455031078e-65,NA,"tags=76%, list=22%, signal=61%",507
"B12_1_5x_up","B12_1_5x_up","CRPCvsNormal","CRPC vs Normal","RFNG",0.638860514106859,1024,9.71700166171421e-13,3.25074638008923e-11,"Yes",TRUE,507,0.689115245097485,2.95409891738935,1.92182455031078e-65,1.92182455031078e-65,NA,"tags=76%, list=22%, signal=61%",507
"B12_1_5x_up","B12_1_5x_up","CRPCvsNormal","CRPC vs Normal","TRMU",0.637224957843753,1033,2.79459393639762e-15,2.14479213622852e-13,"Yes",TRUE,507,0.689115245097485,2.95409891738935,1.92182455031078e-65,1.92182455031078e-65,NA,"tags=76%, list=22%, signal=61%",507
"B12_1_5x_up","B12_1_5x_up","CRPCvsNormal","CRPC vs Normal","EEF1E1",0.637121600586569,1035,2.2037815561697e-08,1.99432002650266e-07,"Yes",TRUE,507,0.689115245097485,2.95409891738935,1.92182455031078e-65,1.92182455031078e-65,NA,"tags=76%, list=22%, signal=61%",507
"B12_1_5x_up","B12_1_5x_up","CRPCvsNormal","CRPC vs Normal","ARRDC1",0.635852801170801,1043,5.8012310553264e-08,4.70538572187353e-07,"Yes",TRUE,507,0.689115245097485,2.95409891738935,1.92182455031078e-65,1.92182455031078e-65,NA,"tags=76%, list=22%, signal=61%",507
"B12_1_5x_up","B12_1_5x_up","CRPCvsNormal","CRPC vs Normal","GCAT",0.63538236822813,1047,4.66883904953861e-05,0.000182953069047458,"Yes",TRUE,507,0.689115245097485,2.95409891738935,1.92182455031078e-65,1.92182455031078e-65,NA,"tags=76%, list=22%, signal=61%",507
"B12_1_5x_up","B12_1_5x_up","CRPCvsNormal","CRPC vs Normal","CHCHD1",0.632524145019013,1061,1.2363552027332e-08,1.20251672700344e-07,"Yes",TRUE,507,0.689115245097485,2.95409891738935,1.92182455031078e-65,1.92182455031078e-65,NA,"tags=76%, list=22%, signal=61%",507
"B12_1_5x_up","B12_1_5x_up","CRPCvsNormal","CRPC vs Normal","GLI4",0.622082613519316,1095,9.15677173799984e-09,9.29208847590584e-08,"Yes",TRUE,507,0.689115245097485,2.95409891738935,1.92182455031078e-65,1.92182455031078e-65,NA,"tags=76%, list=22%, signal=61%",507
"B12_1_5x_up","B12_1_5x_up","CRPCvsNormal","CRPC vs Normal","ZNF581",0.621324935801173,1096,2.94972391461917e-10,4.62089682885367e-09,"Yes",TRUE,507,0.689115245097485,2.95409891738935,1.92182455031078e-65,1.92182455031078e-65,NA,"tags=76%, list=22%, signal=61%",507
"B12_1_5x_up","B12_1_5x_up","CRPCvsNormal","CRPC vs Normal","AURKB",0.620092233800982,1102,6.427988022445e-07,3.94270077965011e-06,"Yes",TRUE,507,0.689115245097485,2.95409891738935,1.92182455031078e-65,1.92182455031078e-65,NA,"tags=76%, list=22%, signal=61%",507
"B12_1_5x_up","B12_1_5x_up","CRPCvsNormal","CRPC vs Normal","PSMG3",0.618506273170469,1110,3.53883116933549e-10,5.45091724291257e-09,"Yes",TRUE,507,0.689115245097485,2.95409891738935,1.92182455031078e-65,1.92182455031078e-65,NA,"tags=76%, list=22%, signal=61%",507
"B12_1_5x_up","B12_1_5x_up","CRPCvsNormal","CRPC vs Normal","MXD3",0.617695885634088,1117,2.83321620910259e-10,4.4676782539553e-09,"Yes",TRUE,507,0.689115245097485,2.95409891738935,1.92182455031078e-65,1.92182455031078e-65,NA,"tags=76%, list=22%, signal=61%",507
"B12_1_5x_up","B12_1_5x_up","CRPCvsNormal","CRPC vs Normal","LAGE3",0.616813397154988,1120,1.80027018892058e-06,9.89299839595489e-06,"Yes",TRUE,507,0.689115245097485,2.95409891738935,1.92182455031078e-65,1.92182455031078e-65,NA,"tags=76%, list=22%, signal=61%",507
"B12_1_5x_up","B12_1_5x_up","CRPCvsNormal","CRPC vs Normal","CLPP",0.616166099079364,1125,1.91711606581056e-10,3.15762326944055e-09,"Yes",TRUE,507,0.689115245097485,2.95409891738935,1.92182455031078e-65,1.92182455031078e-65,NA,"tags=76%, list=22%, signal=61%",507
"B12_1_5x_up","B12_1_5x_up","CRPCvsNormal","CRPC vs Normal","ZNF428",0.615542223130511,1128,5.97657176938858e-09,6.38783264714171e-08,"Yes",TRUE,507,0.689115245097485,2.95409891738935,1.92182455031078e-65,1.92182455031078e-65,NA,"tags=76%, list=22%, signal=61%",507
"B12_1_5x_up","B12_1_5x_up","CRPCvsNormal","CRPC vs Normal","TUT1",0.615280383867202,1131,1.50171875497009e-10,2.54239277559027e-09,"Yes",TRUE,507,0.689115245097485,2.95409891738935,1.92182455031078e-65,1.92182455031078e-65,NA,"tags=76%, list=22%, signal=61%",507
"B12_1_5x_up","B12_1_5x_up","CRPCvsNormal","CRPC vs Normal","TXNL4A",0.614304529330532,1133,1.53768541880512e-10,2.59827584272843e-09,"Yes",TRUE,507,0.689115245097485,2.95409891738935,1.92182455031078e-65,1.92182455031078e-65,NA,"tags=76%, list=22%, signal=61%",507
"B12_1_5x_up","B12_1_5x_up","CRPCvsNormal","CRPC vs Normal","RPL18",0.610282141993718,1149,1.37675080436393e-06,7.7856749822017e-06,"Yes",TRUE,507,0.689115245097485,2.95409891738935,1.92182455031078e-65,1.92182455031078e-65,NA,"tags=76%, list=22%, signal=61%",507
"B12_1_5x_up","B12_1_5x_up","CRPCvsNormal","CRPC vs Normal","SMPD2",0.607219590267732,1158,2.62600402387422e-09,3.1309784268986e-08,"Yes",TRUE,507,0.689115245097485,2.95409891738935,1.92182455031078e-65,1.92182455031078e-65,NA,"tags=76%, list=22%, signal=61%",507
"B12_1_5x_up","B12_1_5x_up","CRPCvsNormal","CRPC vs Normal","MRPS12",0.607068792921642,1159,9.27057551872462e-09,9.38671465770643e-08,"Yes",TRUE,507,0.689115245097485,2.95409891738935,1.92182455031078e-65,1.92182455031078e-65,NA,"tags=76%, list=22%, signal=61%",507
"B12_1_5x_up","B12_1_5x_up","CRPCvsNormal","CRPC vs Normal","BCL2L12",0.603516011731989,1170,2.27063212218926e-07,1.55746775606117e-06,"Yes",TRUE,507,0.689115245097485,2.95409891738935,1.92182455031078e-65,1.92182455031078e-65,NA,"tags=76%, list=22%, signal=61%",507
"B12_1_5x_up","B12_1_5x_up","CRPCvsNormal","CRPC vs Normal","OGFR",0.600008292447714,1179,1.40618562327522e-10,2.41892720595197e-09,"Yes",TRUE,507,0.689115245097485,2.95409891738935,1.92182455031078e-65,1.92182455031078e-65,NA,"tags=76%, list=22%, signal=61%",507
"B12_1_5x_up","B12_1_5x_up","CRPCvsNormal","CRPC vs Normal","SDF2L1",0.597611394714879,1191,1.77581805018807e-06,9.77691064018038e-06,"Yes",TRUE,507,0.689115245097485,2.95409891738935,1.92182455031078e-65,1.92182455031078e-65,NA,"tags=76%, list=22%, signal=61%",507
"B12_1_5x_up","B12_1_5x_up","CRPCvsNormal","CRPC vs Normal","SPPL2B",0.594962689945023,1200,1.20830967775807e-08,1.18279660096082e-07,"Yes",TRUE,507,0.689115245097485,2.95409891738935,1.92182455031078e-65,1.92182455031078e-65,NA,"tags=76%, list=22%, signal=61%",507
"B12_1_5x_up","B12_1_5x_up","CRPCvsNormal","CRPC vs Normal","PICK1",0.59250565873771,1211,6.18851136241932e-07,3.81410389074763e-06,"Yes",TRUE,507,0.689115245097485,2.95409891738935,1.92182455031078e-65,1.92182455031078e-65,NA,"tags=76%, list=22%, signal=61%",507
"B12_1_5x_up","B12_1_5x_up","CRPCvsNormal","CRPC vs Normal","AURKAIP1",0.589938398144938,1223,2.08300718948327e-07,1.44067434014015e-06,"Yes",TRUE,507,0.689115245097485,2.95409891738935,1.92182455031078e-65,1.92182455031078e-65,NA,"tags=76%, list=22%, signal=61%",507
"B12_1_5x_up","B12_1_5x_up","CRPCvsNormal","CRPC vs Normal","C8orf82",0.589388738402719,1226,0.000252308196787766,0.000824595012081828,"Yes",TRUE,507,0.689115245097485,2.95409891738935,1.92182455031078e-65,1.92182455031078e-65,NA,"tags=76%, list=22%, signal=61%",507
"B12_1_5x_up","B12_1_5x_up","CRPCvsNormal","CRPC vs Normal","RPS27A",0.58814989882192,1232,3.70045571546735e-06,1.8986664072676e-05,"Yes",TRUE,507,0.689115245097485,2.95409891738935,1.92182455031078e-65,1.92182455031078e-65,NA,"tags=76%, list=22%, signal=61%",507
"B12_1_5x_up","B12_1_5x_up","CRPCvsNormal","CRPC vs Normal","ASPSCR1",0.588000844540641,1234,1.20272165357399e-09,1.58505871025847e-08,"Yes",TRUE,507,0.689115245097485,2.95409891738935,1.92182455031078e-65,1.92182455031078e-65,NA,"tags=76%, list=22%, signal=61%",507
"B12_1_5x_up","B12_1_5x_up","CRPCvsNormal","CRPC vs Normal","RHBDD3",0.58398335822068,1255,5.08589265008817e-09,5.58286749678548e-08,"Yes",TRUE,507,0.689115245097485,2.95409891738935,1.92182455031078e-65,1.92182455031078e-65,NA,"tags=76%, list=22%, signal=61%",507
"B12_1_5x_up","B12_1_5x_up","CRPCvsNormal","CRPC vs Normal","BAX",0.583399580481947,1256,3.60033424522275e-10,5.53100969917903e-09,"Yes",TRUE,507,0.689115245097485,2.95409891738935,1.92182455031078e-65,1.92182455031078e-65,NA,"tags=76%, list=22%, signal=61%",507
"B12_1_5x_up","B12_1_5x_up","CRPCvsNormal","CRPC vs Normal","CISD3",0.582267846625174,1263,2.56834079370697e-06,1.36257080853475e-05,"Yes",TRUE,507,0.689115245097485,2.95409891738935,1.92182455031078e-65,1.92182455031078e-65,NA,"tags=76%, list=22%, signal=61%",507
"B12_1_5x_up","B12_1_5x_up","CRPCvsNormal","CRPC vs Normal","MRPL14",0.576976003023201,1288,1.45434572155234e-08,1.37987478680139e-07,"Yes",TRUE,507,0.689115245097485,2.95409891738935,1.92182455031078e-65,1.92182455031078e-65,NA,"tags=76%, list=22%, signal=61%",507
"B12_1_5x_up","B12_1_5x_up","CRPCvsNormal","CRPC vs Normal","HMBS",0.575657900453852,1295,7.33772347631442e-06,3.51694717969979e-05,"Yes",TRUE,507,0.689115245097485,2.95409891738935,1.92182455031078e-65,1.92182455031078e-65,NA,"tags=76%, list=22%, signal=61%",507
"B12_1_5x_up","B12_1_5x_up","CRPCvsNormal","CRPC vs Normal","FASTK",0.574627529810502,1300,3.38048078309647e-10,5.23730805632231e-09,"Yes",TRUE,507,0.689115245097485,2.95409891738935,1.92182455031078e-65,1.92182455031078e-65,NA,"tags=76%, list=22%, signal=61%",507
"B12_1_5x_up","B12_1_5x_up","CRPCvsNormal","CRPC vs Normal","CDT1",0.573319070439442,1305,8.64088099357083e-06,4.0729052046089e-05,"Yes",TRUE,507,0.689115245097485,2.95409891738935,1.92182455031078e-65,1.92182455031078e-65,NA,"tags=76%, list=22%, signal=61%",507
"B12_1_5x_up","B12_1_5x_up","CRPCvsNormal","CRPC vs Normal","ZNF580",0.572822949908444,1309,7.00486440795994e-08,5.5558338374206e-07,"Yes",TRUE,507,0.689115245097485,2.95409891738935,1.92182455031078e-65,1.92182455031078e-65,NA,"tags=76%, list=22%, signal=61%",507
"B12_1_5x_up","B12_1_5x_up","CRPCvsNormal","CRPC vs Normal","UBE2J2",0.567749874511372,1331,4.12649586990682e-13,1.53928511314245e-11,"Yes",TRUE,507,0.689115245097485,2.95409891738935,1.92182455031078e-65,1.92182455031078e-65,NA,"tags=76%, list=22%, signal=61%",507
"B12_1_5x_up","B12_1_5x_up","CRPCvsNormal","CRPC vs Normal","TNFRSF14",0.56620088338815,1334,6.82790233861724e-05,0.000257789301606413,"Yes",TRUE,507,0.689115245097485,2.95409891738935,1.92182455031078e-65,1.92182455031078e-65,NA,"tags=76%, list=22%, signal=61%",507
"B12_1_5x_up","B12_1_5x_up","CRPCvsNormal","CRPC vs Normal","PES1",0.565500829744889,1335,3.23056822995472e-10,5.01781966737695e-09,"Yes",TRUE,507,0.689115245097485,2.95409891738935,1.92182455031078e-65,1.92182455031078e-65,NA,"tags=76%, list=22%, signal=61%",507
"B12_1_5x_up","B12_1_5x_up","CRPCvsNormal","CRPC vs Normal","TMEM141",0.564565367812338,1339,0.00366674522887096,0.00890919821370338,"Yes",TRUE,507,0.689115245097485,2.95409891738935,1.92182455031078e-65,1.92182455031078e-65,NA,"tags=76%, list=22%, signal=61%",507
"B12_1_5x_up","B12_1_5x_up","CRPCvsNormal","CRPC vs Normal","C2CD4D",0.56367466139419,1343,4.00872485905297e-07,2.58686785366878e-06,"Yes",TRUE,507,0.689115245097485,2.95409891738935,1.92182455031078e-65,1.92182455031078e-65,NA,"tags=76%, list=22%, signal=61%",507
"B12_1_5x_up","B12_1_5x_up","CRPCvsNormal","CRPC vs Normal","RPL13",0.56294519365553,1346,2.54246082927566e-05,0.000106439905136126,"Yes",TRUE,507,0.689115245097485,2.95409891738935,1.92182455031078e-65,1.92182455031078e-65,NA,"tags=76%, list=22%, signal=61%",507
"B12_1_5x_up","B12_1_5x_up","CRPCvsNormal","CRPC vs Normal","NNMT",0.560564988646261,1358,0.0216899162000381,0.0423436083459205,"Yes",TRUE,507,0.689115245097485,2.95409891738935,1.92182455031078e-65,1.92182455031078e-65,NA,"tags=76%, list=22%, signal=61%",507
"B12_1_5x_up","B12_1_5x_up","CRPCvsNormal","CRPC vs Normal","MRPL23",0.556501396126079,1373,2.63434072009676e-09,3.13682318078796e-08,"Yes",TRUE,507,0.689115245097485,2.95409891738935,1.92182455031078e-65,1.92182455031078e-65,NA,"tags=76%, list=22%, signal=61%",507
"B12_1_5x_up","B12_1_5x_up","CRPCvsNormal","CRPC vs Normal","NDUFB11",0.555929937092364,1379,4.96813988977015e-06,2.47067909682934e-05,"Yes",TRUE,507,0.689115245097485,2.95409891738935,1.92182455031078e-65,1.92182455031078e-65,NA,"tags=76%, list=22%, signal=61%",507
"B12_1_5x_up","B12_1_5x_up","CRPCvsNormal","CRPC vs Normal","ANKS3",0.549722864240424,1421,5.32047394054019e-09,5.79164344445216e-08,"Yes",TRUE,507,0.689115245097485,2.95409891738935,1.92182455031078e-65,1.92182455031078e-65,NA,"tags=76%, list=22%, signal=61%",507
"B12_1_5x_up","B12_1_5x_up","CRPCvsNormal","CRPC vs Normal","PFDN6",0.548191510339948,1424,3.06320732755586e-09,3.55028839118879e-08,"Yes",TRUE,507,0.689115245097485,2.95409891738935,1.92182455031078e-65,1.92182455031078e-65,NA,"tags=76%, list=22%, signal=61%",507
"B12_1_5x_up","B12_1_5x_up","CRPCvsNormal","CRPC vs Normal","ZNF787",0.547570292213681,1428,7.90427610598829e-09,8.18942185774147e-08,"Yes",TRUE,507,0.689115245097485,2.95409891738935,1.92182455031078e-65,1.92182455031078e-65,NA,"tags=76%, list=22%, signal=61%",507
"B12_1_5x_up","B12_1_5x_up","CRPCvsNormal","CRPC vs Normal","NDUFB9",0.547309235829954,1433,2.53876526837482e-08,2.25550031090148e-07,"Yes",TRUE,507,0.689115245097485,2.95409891738935,1.92182455031078e-65,1.92182455031078e-65,NA,"tags=76%, list=22%, signal=61%",507
"B12_1_5x_up","B12_1_5x_up","CRPCvsNormal","CRPC vs Normal","ANKRD10",0.546138087217433,1442,1.29701998041981e-06,7.37359693817248e-06,"Yes",TRUE,507,0.689115245097485,2.95409891738935,1.92182455031078e-65,1.92182455031078e-65,NA,"tags=76%, list=22%, signal=61%",507
"B12_1_5x_up","B12_1_5x_up","CRPCvsNormal","CRPC vs Normal","RPL27A",0.545451356200084,1450,1.04435348942502e-05,4.8392087361333e-05,"Yes",TRUE,507,0.689115245097485,2.95409891738935,1.92182455031078e-65,1.92182455031078e-65,NA,"tags=76%, list=22%, signal=61%",507
"B12_1_5x_up","B12_1_5x_up","CRPCvsNormal","CRPC vs Normal","AP2S1",0.544317906434219,1459,8.18924969493797e-07,4.87882697089814e-06,"Yes",TRUE,507,0.689115245097485,2.95409891738935,1.92182455031078e-65,1.92182455031078e-65,NA,"tags=76%, list=22%, signal=61%",507
"B12_1_5x_up","B12_1_5x_up","CRPCvsNormal","CRPC vs Normal","ARFGAP1",0.54385553140643,1462,7.99433660351653e-09,8.27334574503302e-08,"Yes",TRUE,507,0.689115245097485,2.95409891738935,1.92182455031078e-65,1.92182455031078e-65,NA,"tags=76%, list=22%, signal=61%",507
"B12_1_5x_up","B12_1_5x_up","CRPCvsNormal","CRPC vs Normal","PRR22",0.538380079046831,1489,2.96456907993087e-06,1.5529342934906e-05,"Yes",TRUE,507,0.689115245097485,2.95409891738935,1.92182455031078e-65,1.92182455031078e-65,NA,"tags=76%, list=22%, signal=61%",507
"B12_1_5x_up","B12_1_5x_up","CRPCvsNormal","CRPC vs Normal","ITPA",0.537526488988711,1494,7.58686981048022e-08,5.96820688881273e-07,"Yes",TRUE,507,0.689115245097485,2.95409891738935,1.92182455031078e-65,1.92182455031078e-65,NA,"tags=76%, list=22%, signal=61%",507
"B12_1_5x_up","B12_1_5x_up","CRPCvsNormal","CRPC vs Normal","LYPLA2",0.536951497671875,1497,3.44443136500907e-07,2.26535145598804e-06,"Yes",TRUE,507,0.689115245097485,2.95409891738935,1.92182455031078e-65,1.92182455031078e-65,NA,"tags=76%, list=22%, signal=61%",507
"B12_1_5x_up","B12_1_5x_up","CRPCvsNormal","CRPC vs Normal","RPL34",0.531324727997551,1522,0.00014177996714152,0.000494227648818129,"Yes",TRUE,507,0.689115245097485,2.95409891738935,1.92182455031078e-65,1.92182455031078e-65,NA,"tags=76%, list=22%, signal=61%",507
"B12_1_5x_up","B12_1_5x_up","CRPCvsNormal","CRPC vs Normal","DTYMK",0.529045769200053,1537,2.00207198295042e-07,1.39154668343122e-06,"Yes",TRUE,507,0.689115245097485,2.95409891738935,1.92182455031078e-65,1.92182455031078e-65,NA,"tags=76%, list=22%, signal=61%",507
"B12_1_5x_up","B12_1_5x_up","CRPCvsNormal","CRPC vs Normal","CSNK1G2",0.528838106746345,1540,8.00287147248515e-10,1.10658932866324e-08,"Yes",TRUE,507,0.689115245097485,2.95409891738935,1.92182455031078e-65,1.92182455031078e-65,NA,"tags=76%, list=22%, signal=61%",507
"B12_1_5x_up","B12_1_5x_up","CRPCvsNormal","CRPC vs Normal","MIIP",0.528824373427208,1541,9.69901248810325e-09,9.7933754620063e-08,"Yes",TRUE,507,0.689115245097485,2.95409891738935,1.92182455031078e-65,1.92182455031078e-65,NA,"tags=76%, list=22%, signal=61%",507
"B12_1_5x_up","B12_1_5x_up","CRPCvsNormal","CRPC vs Normal","YIF1B",0.525880835581899,1555,1.63195676754502e-08,1.52789965740529e-07,"Yes",TRUE,507,0.689115245097485,2.95409891738935,1.92182455031078e-65,1.92182455031078e-65,NA,"tags=76%, list=22%, signal=61%",507
"B12_1_5x_up","B12_1_5x_up","CRPCvsNormal","CRPC vs Normal","NT5M",0.524057143613669,1566,5.41011543991108e-06,2.67373291735432e-05,"Yes",TRUE,507,0.689115245097485,2.95409891738935,1.92182455031078e-65,1.92182455031078e-65,NA,"tags=76%, list=22%, signal=61%",507
"B12_1_5x_up","B12_1_5x_up","CRPCvsNormal","CRPC vs Normal","TFPT",0.523834517153559,1568,1.52446054047377e-05,6.77019115786382e-05,"Yes",TRUE,507,0.689115245097485,2.95409891738935,1.92182455031078e-65,1.92182455031078e-65,NA,"tags=76%, list=22%, signal=61%",507
"B12_1_5x_up","B12_1_5x_up","CRPCvsNormal","CRPC vs Normal","MAP2K2",0.521718432033206,1583,1.48834635482144e-08,1.40714981972921e-07,"Yes",TRUE,507,0.689115245097485,2.95409891738935,1.92182455031078e-65,1.92182455031078e-65,NA,"tags=76%, list=22%, signal=61%",507
"B12_1_5x_up","B12_1_5x_up","CRPCvsNormal","CRPC vs Normal","IMP3",0.520698121999606,1595,8.19752367329711e-08,6.37445582871201e-07,"Yes",TRUE,507,0.689115245097485,2.95409891738935,1.92182455031078e-65,1.92182455031078e-65,NA,"tags=76%, list=22%, signal=61%",507
"B12_1_5x_up","B12_1_5x_up","CRPCvsNormal","CRPC vs Normal","PIDD1",0.519418631065121,1601,1.46652181266315e-05,6.54101537608602e-05,"Yes",TRUE,507,0.689115245097485,2.95409891738935,1.92182455031078e-65,1.92182455031078e-65,NA,"tags=76%, list=22%, signal=61%",507
"B12_1_5x_up","B12_1_5x_up","CRPCvsNormal","CRPC vs Normal","RPLP1",0.518610610618905,1606,0.000325080942958604,0.00103257490532586,"Yes",TRUE,507,0.689115245097485,2.95409891738935,1.92182455031078e-65,1.92182455031078e-65,NA,"tags=76%, list=22%, signal=61%",507
"B12_1_5x_up","B12_1_5x_up","CRPCvsNormal","CRPC vs Normal","IFI6",0.518523590672229,1607,0.034091356831004,0.0629256996640177,"Yes",TRUE,507,0.689115245097485,2.95409891738935,1.92182455031078e-65,1.92182455031078e-65,NA,"tags=76%, list=22%, signal=61%",507
"B12_1_5x_up","B12_1_5x_up","CRPCvsNormal","CRPC vs Normal","ADCK5",0.513220809383669,1634,2.07430565744236e-05,8.89105890114297e-05,"Yes",TRUE,507,0.689115245097485,2.95409891738935,1.92182455031078e-65,1.92182455031078e-65,NA,"tags=76%, list=22%, signal=61%",507
"B12_1_5x_up","B12_1_5x_up","CRPCvsNormal","CRPC vs Normal","WDR18",0.510629935596979,1645,1.40715947606546e-06,7.93307870055918e-06,"Yes",TRUE,507,0.689115245097485,2.95409891738935,1.92182455031078e-65,1.92182455031078e-65,NA,"tags=76%, list=22%, signal=61%",507
"B12_1_5x_up","B12_1_5x_up","CRPCvsNormal","CRPC vs Normal","CDK5",0.505261191432003,1676,2.28575916821293e-08,2.05673285549642e-07,"Yes",TRUE,507,0.689115245097485,2.95409891738935,1.92182455031078e-65,1.92182455031078e-65,NA,"tags=76%, list=22%, signal=61%",507
"B12_1_5x_up","B12_1_5x_up","CRPCvsNormal","CRPC vs Normal","SLC22A31",0.505244423788294,1677,0.000109950830247849,0.000394028225486996,"Yes",TRUE,507,0.689115245097485,2.95409891738935,1.92182455031078e-65,1.92182455031078e-65,NA,"tags=76%, list=22%, signal=61%",507
"B12_1_5x_up","B12_1_5x_up","CRPCvsNormal","CRPC vs Normal","KMT5C",0.504756215875853,1681,8.31526858571747e-09,8.57632388406071e-08,"Yes",TRUE,507,0.689115245097485,2.95409891738935,1.92182455031078e-65,1.92182455031078e-65,NA,"tags=76%, list=22%, signal=61%",507
"B12_1_5x_up","B12_1_5x_up","CRPCvsNormal","CRPC vs Normal","PGP",0.50367606157435,1688,1.46840309139637e-07,1.06478169382478e-06,"Yes",TRUE,507,0.689115245097485,2.95409891738935,1.92182455031078e-65,1.92182455031078e-65,NA,"tags=76%, list=22%, signal=61%",507
"B12_1_5x_up","B12_1_5x_up","CRPCvsNormal","CRPC vs Normal","UBE2M",0.503548995941514,1689,2.05692250121949e-09,2.52328719995132e-08,"Yes",TRUE,507,0.689115245097485,2.95409891738935,1.92182455031078e-65,1.92182455031078e-65,NA,"tags=76%, list=22%, signal=61%",507
"B12_1_5x_up","B12_1_5x_up","CRPCvsNormal","CRPC vs Normal","GPS1",0.503231841318372,1692,1.10453474748459e-08,1.09530030931344e-07,"Yes",TRUE,507,0.689115245097485,2.95409891738935,1.92182455031078e-65,1.92182455031078e-65,NA,"tags=76%, list=22%, signal=61%",507
"B12_1_5x_up","B12_1_5x_up","CRPCvsNormal","CRPC vs Normal","TARBP2",0.500816584913643,1707,2.17774398172293e-10,3.52960706035058e-09,"Yes",TRUE,507,0.689115245097485,2.95409891738935,1.92182455031078e-65,1.92182455031078e-65,NA,"tags=76%, list=22%, signal=61%",507
"B12_1_5x_up","B12_1_5x_up","CRPCvsNormal","CRPC vs Normal","FAM229A",0.499759473080941,1712,2.95418219951017e-06,1.54793723626657e-05,"Yes",TRUE,507,0.689115245097485,2.95409891738935,1.92182455031078e-65,1.92182455031078e-65,NA,"tags=76%, list=22%, signal=61%",507
"B12_1_5x_up","B12_1_5x_up","CRPCvsNormal","CRPC vs Normal","AAMP",0.496429205308861,1739,5.40511131321888e-09,5.86978378402236e-08,"Yes",TRUE,507,0.689115245097485,2.95409891738935,1.92182455031078e-65,1.92182455031078e-65,NA,"tags=76%, list=22%, signal=61%",507
"B12_1_5x_up","B12_1_5x_up","CRPCvsNormal","CRPC vs Normal","NAPRT",0.49172192498808,1768,0.00112361471276057,0.0031125184020753,"Yes",TRUE,507,0.689115245097485,2.95409891738935,1.92182455031078e-65,1.92182455031078e-65,NA,"tags=76%, list=22%, signal=61%",507
"B12_1_5x_up","B12_1_5x_up","CRPCvsNormal","CRPC vs Normal","ZNF205",0.491436461913901,1771,8.16647168917685e-08,6.35843017367879e-07,"Yes",TRUE,507,0.689115245097485,2.95409891738935,1.92182455031078e-65,1.92182455031078e-65,NA,"tags=76%, list=22%, signal=61%",507
"B12_1_5x_up","B12_1_5x_up","CRPCvsNormal","CRPC vs Normal","BCL2L1",0.491288288484821,1773,7.69806171124914e-05,0.000286613932363793,"Yes",TRUE,507,0.689115245097485,2.95409891738935,1.92182455031078e-65,1.92182455031078e-65,NA,"tags=76%, list=22%, signal=61%",507
"B12_1_5x_up","B12_1_5x_up","CRPCvsNormal","CRPC vs Normal","ARPC1A",0.4899900172177,1782,2.45555521875072e-07,1.6711315806893e-06,"Yes",TRUE,507,0.689115245097485,2.95409891738935,1.92182455031078e-65,1.92182455031078e-65,NA,"tags=76%, list=22%, signal=61%",507
"B12_1_5x_up","B12_1_5x_up","CRPCvsNormal","CRPC vs Normal","ZDHHC12",0.489499866743057,1785,9.85342307883375e-05,0.000357392029304959,"Yes",TRUE,507,0.689115245097485,2.95409891738935,1.92182455031078e-65,1.92182455031078e-65,NA,"tags=76%, list=22%, signal=61%",507
"B12_1_5x_up","B12_1_5x_up","CRPCvsNormal","CRPC vs Normal","UBALD2",0.488851537139729,1792,6.34638601719877e-06,3.0863441690669e-05,"Yes",TRUE,507,0.689115245097485,2.95409891738935,1.92182455031078e-65,1.92182455031078e-65,NA,"tags=76%, list=22%, signal=61%",507
"B12_1_5x_up","B12_1_5x_up","CRPCvsNormal","CRPC vs Normal","ZNF414",0.48879432267002,1793,5.99258190891373e-07,3.70801155651145e-06,"Yes",TRUE,507,0.689115245097485,2.95409891738935,1.92182455031078e-65,1.92182455031078e-65,NA,"tags=76%, list=22%, signal=61%",507
"B12_1_5x_up","B12_1_5x_up","CRPCvsNormal","CRPC vs Normal","ANAPC11",0.488141833892393,1799,6.96472119359366e-06,3.35666483699688e-05,"Yes",TRUE,507,0.689115245097485,2.95409891738935,1.92182455031078e-65,1.92182455031078e-65,NA,"tags=76%, list=22%, signal=61%",507
"B12_1_5x_up","B12_1_5x_up","CRPCvsNormal","CRPC vs Normal","E2F1",0.488050509604805,1800,3.94544048790747e-06,2.00766732278765e-05,"Yes",TRUE,507,0.689115245097485,2.95409891738935,1.92182455031078e-65,1.92182455031078e-65,NA,"tags=76%, list=22%, signal=61%",507
"B12_1_5x_up","B12_1_5x_up","CRPCvsNormal","CRPC vs Normal","IFT27",0.487622729508401,1801,2.88863106972815e-13,1.13714946378565e-11,"Yes",TRUE,507,0.689115245097485,2.95409891738935,1.92182455031078e-65,1.92182455031078e-65,NA,"tags=76%, list=22%, signal=61%",507
"B12_1_5x_up","B12_1_5x_up","CRPCvsNormal","CRPC vs Normal","SRSF2",0.483944242065648,1821,1.7844817745729e-08,1.65626748446893e-07,"Yes",TRUE,507,0.689115245097485,2.95409891738935,1.92182455031078e-65,1.92182455031078e-65,NA,"tags=76%, list=22%, signal=61%",507
"B12_1_5x_up","B12_1_5x_up","CRPCvsNormal","CRPC vs Normal","ARF5",0.483633656093751,1823,7.62137716847289e-07,4.5715763289663e-06,"Yes",TRUE,507,0.689115245097485,2.95409891738935,1.92182455031078e-65,1.92182455031078e-65,NA,"tags=76%, list=22%, signal=61%",507
"B12_1_5x_up","B12_1_5x_up","CRPCvsNormal","CRPC vs Normal","MBD3",0.482128499680674,1833,1.42528623653213e-08,1.35524614245164e-07,"Yes",TRUE,507,0.689115245097485,2.95409891738935,1.92182455031078e-65,1.92182455031078e-65,NA,"tags=76%, list=22%, signal=61%",507
"B12_1_5x_up","B12_1_5x_up","CRPCvsNormal","CRPC vs Normal","ZNF837",0.48181224870513,1838,8.18675645133266e-08,6.36879443526586e-07,"Yes",TRUE,507,0.689115245097485,2.95409891738935,1.92182455031078e-65,1.92182455031078e-65,NA,"tags=76%, list=22%, signal=61%",507
"B12_1_5x_up","B12_1_5x_up","CRPCvsNormal","CRPC vs Normal","SIRT7",0.479938288549609,1845,2.1054299134479e-09,2.57242694307956e-08,"Yes",TRUE,507,0.689115245097485,2.95409891738935,1.92182455031078e-65,1.92182455031078e-65,NA,"tags=76%, list=22%, signal=61%",507
"B12_1_5x_up","B12_1_5x_up","CRPCvsNormal","CRPC vs Normal","GADD45GIP1",0.479436222266799,1850,0.000176293677117946,0.000599437882769249,"Yes",TRUE,507,0.689115245097485,2.95409891738935,1.92182455031078e-65,1.92182455031078e-65,NA,"tags=76%, list=22%, signal=61%",507
"B12_1_5x_up","B12_1_5x_up","CRPCvsNormal","CRPC vs Normal","LSM4",0.475197417878774,1881,4.16632226490875e-07,2.6730608532077e-06,"Yes",TRUE,507,0.689115245097485,2.95409891738935,1.92182455031078e-65,1.92182455031078e-65,NA,"tags=76%, list=22%, signal=61%",507
"B12_1_5x_up","B12_1_5x_up","CRPCvsNormal","CRPC vs Normal","RPS9",0.473028365745056,1891,6.58707023194342e-05,0.000249677163014481,"Yes",TRUE,507,0.689115245097485,2.95409891738935,1.92182455031078e-65,1.92182455031078e-65,NA,"tags=76%, list=22%, signal=61%",507
"B12_1_5x_up","B12_1_5x_up","CRPCvsNormal","CRPC vs Normal","PRR5",0.469403131176922,1912,5.90447466380405e-06,2.88758056784591e-05,"Yes",TRUE,507,0.689115245097485,2.95409891738935,1.92182455031078e-65,1.92182455031078e-65,NA,"tags=76%, list=22%, signal=61%",507
"B12_1_5x_up","B12_1_5x_up","CRPCvsNormal","CRPC vs Normal","TSPAN33",0.467170917028212,1927,2.34998922350314e-05,9.92253887113e-05,"Yes",TRUE,507,0.689115245097485,2.95409891738935,1.92182455031078e-65,1.92182455031078e-65,NA,"tags=76%, list=22%, signal=61%",507
"B12_1_5x_up","B12_1_5x_up","CRPCvsNormal","CRPC vs Normal","CDK10",0.46628293826471,1933,9.27984216803411e-05,0.000339418496278156,"Yes",TRUE,507,0.689115245097485,2.95409891738935,1.92182455031078e-65,1.92182455031078e-65,NA,"tags=76%, list=22%, signal=61%",507
"B12_1_5x_up","B12_1_5x_up","CRPCvsNormal","CRPC vs Normal","ABCF2",0.466165526908967,1934,6.50541521502472e-10,9.175900719509e-09,"Yes",TRUE,507,0.689115245097485,2.95409891738935,1.92182455031078e-65,1.92182455031078e-65,NA,"tags=76%, list=22%, signal=61%",507
"B12_1_5x_up","B12_1_5x_up","CRPCvsNormal","CRPC vs Normal","SNRPD2",0.465378140281691,1938,9.30360554568585e-05,0.000340026164939993,"Yes",TRUE,507,0.689115245097485,2.95409891738935,1.92182455031078e-65,1.92182455031078e-65,NA,"tags=76%, list=22%, signal=61%",507
"B12_1_5x_up","B12_1_5x_up","CRPCvsNormal","CRPC vs Normal","CMC2",0.462017677078598,1961,4.25043230299115e-08,3.56466466696218e-07,"Yes",TRUE,507,0.689115245097485,2.95409891738935,1.92182455031078e-65,1.92182455031078e-65,NA,"tags=76%, list=22%, signal=61%",507
"B12_1_5x_up","B12_1_5x_up","CRPCvsNormal","CRPC vs Normal","SFT2D1",0.461728256889141,1964,0.00106751814286719,0.00297335870655872,"Yes",TRUE,507,0.689115245097485,2.95409891738935,1.92182455031078e-65,1.92182455031078e-65,NA,"tags=76%, list=22%, signal=61%",507
"B12_1_5x_up","B12_1_5x_up","CRPCvsNormal","CRPC vs Normal","PARD6A",0.461723813261177,1965,2.03987592153411e-05,8.76302294984525e-05,"Yes",TRUE,507,0.689115245097485,2.95409891738935,1.92182455031078e-65,1.92182455031078e-65,NA,"tags=76%, list=22%, signal=61%",507
"B12_1_5x_up","B12_1_5x_up","CRPCvsNormal","CRPC vs Normal","ADAT3",0.461435485373977,1968,5.77309192963354e-06,2.83242807377616e-05,"Yes",TRUE,507,0.689115245097485,2.95409891738935,1.92182455031078e-65,1.92182455031078e-65,NA,"tags=76%, list=22%, signal=61%",507
"B12_1_5x_up","B12_1_5x_up","CRPCvsNormal","CRPC vs Normal","NOC4L",0.460644020026015,1973,1.63347501706615e-05,7.20179933906114e-05,"Yes",TRUE,507,0.689115245097485,2.95409891738935,1.92182455031078e-65,1.92182455031078e-65,NA,"tags=76%, list=22%, signal=61%",507
"B12_1_5x_up","B12_1_5x_up","CRPCvsNormal","CRPC vs Normal","C1orf122",0.458910225313914,1983,2.34371416901875e-05,9.90062049289928e-05,"Yes",TRUE,507,0.689115245097485,2.95409891738935,1.92182455031078e-65,1.92182455031078e-65,NA,"tags=76%, list=22%, signal=61%",507
"B12_1_5x_up","B12_1_5x_up","CRPCvsNormal","CRPC vs Normal","NTHL1",0.458759891323649,1985,1.52994143992228e-05,6.79122973064895e-05,"Yes",TRUE,507,0.689115245097485,2.95409891738935,1.92182455031078e-65,1.92182455031078e-65,NA,"tags=76%, list=22%, signal=61%",507
"B12_1_5x_up","B12_1_5x_up","CRPCvsNormal","CRPC vs Normal","ROGDI",0.45806853959092,1992,4.55565718170184e-07,2.89137019044356e-06,"Yes",TRUE,507,0.689115245097485,2.95409891738935,1.92182455031078e-65,1.92182455031078e-65,NA,"tags=76%, list=22%, signal=61%",507
"B12_1_5x_up","B12_1_5x_up","CRPCvsNormal","CRPC vs Normal","SNRPB",0.458031348024404,1993,6.91927330144612e-05,0.000260646413949711,"Yes",TRUE,507,0.689115245097485,2.95409891738935,1.92182455031078e-65,1.92182455031078e-65,NA,"tags=76%, list=22%, signal=61%",507
"B12_1_5x_up","B12_1_5x_up","CRPCvsNormal","CRPC vs Normal","CSAD",0.456985566243912,2003,0.00134510275563749,0.00365456595782753,"Yes",TRUE,507,0.689115245097485,2.95409891738935,1.92182455031078e-65,1.92182455031078e-65,NA,"tags=76%, list=22%, signal=61%",507
"B12_1_5x_up","B12_1_5x_up","CRPCvsNormal","CRPC vs Normal","EMC9",0.455784166153821,2009,6.9579911434376e-06,3.35430631369837e-05,"Yes",TRUE,507,0.689115245097485,2.95409891738935,1.92182455031078e-65,1.92182455031078e-65,NA,"tags=76%, list=22%, signal=61%",507
"B12_1_5x_up","B12_1_5x_up","CRPCvsNormal","CRPC vs Normal","TMEM259",0.455735688835244,2010,3.99559472874662e-06,2.02901121254617e-05,"Yes",TRUE,507,0.689115245097485,2.95409891738935,1.92182455031078e-65,1.92182455031078e-65,NA,"tags=76%, list=22%, signal=61%",507
"B12_1_5x_up","B12_1_5x_up","CRPCvsNormal","CRPC vs Normal","C20orf27",0.455197124398715,2015,0.000215727632424176,0.00071671170132048,"Yes",TRUE,507,0.689115245097485,2.95409891738935,1.92182455031078e-65,1.92182455031078e-65,NA,"tags=76%, list=22%, signal=61%",507
"B12_1_5x_up","B12_1_5x_up","CRPCvsNormal","CRPC vs Normal","PYM1",0.453660598651729,2026,9.22911167208013e-07,5.42228863950517e-06,"Yes",TRUE,507,0.689115245097485,2.95409891738935,1.92182455031078e-65,1.92182455031078e-65,NA,"tags=76%, list=22%, signal=61%",507
"B12_1_5x_up","B12_1_5x_up","CRPCvsNormal","CRPC vs Normal","KPTN",0.453243426260667,2030,2.73375204973777e-08,2.41114026752825e-07,"Yes",TRUE,507,0.689115245097485,2.95409891738935,1.92182455031078e-65,1.92182455031078e-65,NA,"tags=76%, list=22%, signal=61%",507
"B12_1_5x_up","B12_1_5x_up","CRPCvsNormal","CRPC vs Normal","COMMD3",0.451831453295678,2042,1.24148609101148e-06,7.08434393577496e-06,"Yes",TRUE,507,0.689115245097485,2.95409891738935,1.92182455031078e-65,1.92182455031078e-65,NA,"tags=76%, list=22%, signal=61%",507
"B12_1_5x_up","B12_1_5x_up","CRPCvsNormal","CRPC vs Normal","NPW",0.451451839032408,2046,0.000140789511242127,0.000491149964161325,"Yes",TRUE,507,0.689115245097485,2.95409891738935,1.92182455031078e-65,1.92182455031078e-65,NA,"tags=76%, list=22%, signal=61%",507
"B12_1_5x_up","B12_1_5x_up","CRPCvsNormal","CRPC vs Normal","SCAMP3",0.446582418293342,2082,4.73978914631803e-07,2.99885654820385e-06,"Yes",TRUE,507,0.689115245097485,2.95409891738935,1.92182455031078e-65,1.92182455031078e-65,NA,"tags=76%, list=22%, signal=61%",507
"B12_1_5x_up","B12_1_5x_up","CRPCvsNormal","CRPC vs Normal","ZNF444",0.446383860933103,2083,9.78245739275009e-06,4.5629817859033e-05,"Yes",TRUE,507,0.689115245097485,2.95409891738935,1.92182455031078e-65,1.92182455031078e-65,NA,"tags=76%, list=22%, signal=61%",507
"B12_1_5x_up","B12_1_5x_up","CRPCvsNormal","CRPC vs Normal","RPP25L",0.445842013717491,2089,6.43090022463207e-05,0.00024431535670368,"Yes",TRUE,507,0.689115245097485,2.95409891738935,1.92182455031078e-65,1.92182455031078e-65,NA,"tags=76%, list=22%, signal=61%",507
"B12_1_5x_up","B12_1_5x_up","CRPCvsNormal","CRPC vs Normal","LUC7L",0.444914135301499,2097,0.000170442993718066,0.000582689822806323,"Yes",TRUE,507,0.689115245097485,2.95409891738935,1.92182455031078e-65,1.92182455031078e-65,NA,"tags=76%, list=22%, signal=61%",507
"B12_1_5x_up","B12_1_5x_up","CRPCvsNormal","CRPC vs Normal","TMUB1",0.444783157369148,2101,8.63912260159117e-06,4.0729052046089e-05,"Yes",TRUE,507,0.689115245097485,2.95409891738935,1.92182455031078e-65,1.92182455031078e-65,NA,"tags=76%, list=22%, signal=61%",507
"B12_1_5x_up","B12_1_5x_up","CRPCvsNormal","CRPC vs Normal","TST",0.444665425320905,2104,0.000702785146055196,0.00205755304982276,"Yes",TRUE,507,0.689115245097485,2.95409891738935,1.92182455031078e-65,1.92182455031078e-65,NA,"tags=76%, list=22%, signal=61%",507
"B12_1_5x_up","B12_1_5x_up","CRPCvsNormal","CRPC vs Normal","CFL1",0.440871606685674,2125,6.68850644502016e-08,5.33503313208464e-07,"Yes",TRUE,507,0.689115245097485,2.95409891738935,1.92182455031078e-65,1.92182455031078e-65,NA,"tags=76%, list=22%, signal=61%",507
"B12_1_5x_up","B12_1_5x_up","CRPCvsNormal","CRPC vs Normal","NUBP2",0.435938453515796,2166,1.91847497501644e-06,1.04668052251046e-05,"Yes",TRUE,507,0.689115245097485,2.95409891738935,1.92182455031078e-65,1.92182455031078e-65,NA,"tags=76%, list=22%, signal=61%",507
"B12_1_5x_up","B12_1_5x_up","CRPCvsNormal","CRPC vs Normal","SIL1",0.432908184558435,2189,3.72730403961982e-05,0.000149402974737098,"Yes",TRUE,507,0.689115245097485,2.95409891738935,1.92182455031078e-65,1.92182455031078e-65,NA,"tags=76%, list=22%, signal=61%",507
"B12_1_5x_up","B12_1_5x_up","CRPCvsNormal","CRPC vs Normal","PARL",0.431471248008659,2198,2.18242442313345e-06,1.17385643442154e-05,"Yes",TRUE,507,0.689115245097485,2.95409891738935,1.92182455031078e-65,1.92182455031078e-65,NA,"tags=76%, list=22%, signal=61%",507
"B12_1_5x_up","B12_1_5x_up","CRPCvsNormal","CRPC vs Normal","PARP10",0.431210213448823,2201,0.00930610542953198,0.0202219036135892,"Yes",TRUE,507,0.689115245097485,2.95409891738935,1.92182455031078e-65,1.92182455031078e-65,NA,"tags=76%, list=22%, signal=61%",507
"B12_1_5x_up","B12_1_5x_up","CRPCvsNormal","CRPC vs Normal","RPS19BP1",0.427744858871279,2229,1.22891208990076e-06,7.02278002945554e-06,"Yes",TRUE,507,0.689115245097485,2.95409891738935,1.92182455031078e-65,1.92182455031078e-65,NA,"tags=76%, list=22%, signal=61%",507
"B12_1_5x_up","B12_1_5x_up","CRPCvsNormal","CRPC vs Normal","NAA38",0.423811589007795,2263,0.000486030886725562,0.00147595015410293,"Yes",TRUE,507,0.689115245097485,2.95409891738935,1.92182455031078e-65,1.92182455031078e-65,NA,"tags=76%, list=22%, signal=61%",507
"B12_1_5x_up","B12_1_5x_up","CRPCvsNormal","CRPC vs Normal","PPP1R16A",0.422561264088103,2275,0.000586392501277266,0.0017467458297995,"Yes",TRUE,507,0.689115245097485,2.95409891738935,1.92182455031078e-65,1.92182455031078e-65,NA,"tags=76%, list=22%, signal=61%",507
"B12_1_5x_up","B12_1_5x_up","CRPCvsNormal","CRPC vs Normal","LSM5",0.422560886585859,2276,7.88382186819495e-05,0.000292813928923239,"Yes",TRUE,507,0.689115245097485,2.95409891738935,1.92182455031078e-65,1.92182455031078e-65,NA,"tags=76%, list=22%, signal=61%",507
"B12_1_5x_up","B12_1_5x_up","CRPCvsNormal","CRPC vs Normal","RPS12",0.422237982537093,2278,0.00176493477698678,0.00466006051408507,"Yes",TRUE,507,0.689115245097485,2.95409891738935,1.92182455031078e-65,1.92182455031078e-65,NA,"tags=76%, list=22%, signal=61%",507
"B12_1_5x_up","B12_1_5x_up","CRPCvsNormal","CRPC vs Normal","TRPT1",0.421326529584228,2289,5.53605012818196e-05,0.000212708228105536,"Yes",TRUE,507,0.689115245097485,2.95409891738935,1.92182455031078e-65,1.92182455031078e-65,NA,"tags=76%, list=22%, signal=61%",507
"B12_1_5x_up","B12_1_5x_up","CRPCvsNormal","CRPC vs Normal","POLR3K",0.420155360643386,2298,8.10483042036238e-06,3.84426986388832e-05,"Yes",TRUE,507,0.689115245097485,2.95409891738935,1.92182455031078e-65,1.92182455031078e-65,NA,"tags=76%, list=22%, signal=61%",507
"B12_1_5x_up","B12_1_5x_up","CRPCvsNormal","CRPC vs Normal","TMEM205",0.416451017975493,2324,0.00228538049855077,0.00586797303718419,"Yes",TRUE,507,0.689115245097485,2.95409891738935,1.92182455031078e-65,1.92182455031078e-65,NA,"tags=76%, list=22%, signal=61%",507
"B12_1_5x_up","B12_1_5x_up","CRPCvsNormal","CRPC vs Normal","R3HDM4",0.415848276621109,2329,0.000123529292804481,0.000437962486909102,"Yes",TRUE,507,0.689115245097485,2.95409891738935,1.92182455031078e-65,1.92182455031078e-65,NA,"tags=76%, list=22%, signal=61%",507
"B12_1_5x_up","B12_1_5x_up","CRPCvsNormal","CRPC vs Normal","COPS9",0.415600020076076,2333,0.000661246850425732,0.00194874717164834,"Yes",TRUE,507,0.689115245097485,2.95409891738935,1.92182455031078e-65,1.92182455031078e-65,NA,"tags=76%, list=22%, signal=61%",507
"B12_1_5x_up","B12_1_5x_up","CRPCvsNormal","CRPC vs Normal","RPL26L1",0.415400703423452,2337,4.28458415696284e-06,2.16074583686039e-05,"Yes",TRUE,507,0.689115245097485,2.95409891738935,1.92182455031078e-65,1.92182455031078e-65,NA,"tags=76%, list=22%, signal=61%",507
"B12_1_5x_up","B12_1_5x_up","CRPCvsNormal","CRPC vs Normal","PPP4C",0.414686023227595,2343,3.69455875480724e-07,2.40673360254312e-06,"Yes",TRUE,507,0.689115245097485,2.95409891738935,1.92182455031078e-65,1.92182455031078e-65,NA,"tags=76%, list=22%, signal=61%",507
"B12_1_5x_up","B12_1_5x_up","CRPCvsNormal","CRPC vs Normal","SCX",0.413767679419136,2354,0.00475217171867114,0.0112004088533222,"Yes",TRUE,507,0.689115245097485,2.95409891738935,1.92182455031078e-65,1.92182455031078e-65,NA,"tags=76%, list=22%, signal=61%",507
"B12_1_5x_up","B12_1_5x_up","CRPCvsNormal","CRPC vs Normal","FTL",0.413342323091888,2357,8.20549346855421e-05,0.000303772889535085,"Yes",TRUE,507,0.689115245097485,2.95409891738935,1.92182455031078e-65,1.92182455031078e-65,NA,"tags=76%, list=22%, signal=61%",507
"B12_1_5x_up","B12_1_5x_up","CRPCvsNormal","CRPC vs Normal","SH2B2",0.410578880618609,2377,4.25323799698887e-05,0.000168341593180929,"Yes",TRUE,507,0.689115245097485,2.95409891738935,1.92182455031078e-65,1.92182455031078e-65,NA,"tags=76%, list=22%, signal=61%",507
"B12_1_5x_up","B12_1_5x_up","CRPCvsNormal","CRPC vs Normal","DCTPP1",0.407927076811926,2396,0.000443524237504076,0.00135929760440427,"Yes",TRUE,507,0.689115245097485,2.95409891738935,1.92182455031078e-65,1.92182455031078e-65,NA,"tags=76%, list=22%, signal=61%",507
"B12_1_5x_up","B12_1_5x_up","CRPCvsNormal","CRPC vs Normal","SPINT2",0.407636398607923,2399,0.00206266884295292,0.00535256557541953,"Yes",TRUE,507,0.689115245097485,2.95409891738935,1.92182455031078e-65,1.92182455031078e-65,NA,"tags=76%, list=22%, signal=61%",507
"B12_1_5x_up","B12_1_5x_up","CRPCvsNormal","CRPC vs Normal","CDC34",0.406701377873574,2417,1.33023790444544e-05,6.00250137416019e-05,"Yes",TRUE,507,0.689115245097485,2.95409891738935,1.92182455031078e-65,1.92182455031078e-65,NA,"tags=76%, list=22%, signal=61%",507
"B12_1_5x_up","B12_1_5x_up","CRPCvsNormal","CRPC vs Normal","SSBP4",0.406325379995157,2419,0.000521704658360137,0.00157251770455549,"Yes",TRUE,507,0.689115245097485,2.95409891738935,1.92182455031078e-65,1.92182455031078e-65,NA,"tags=76%, list=22%, signal=61%",507
"B12_1_5x_up","B12_1_5x_up","CRPCvsNormal","CRPC vs Normal","STK11",0.405661167786511,2424,1.19279058999824e-07,8.83158204982075e-07,"Yes",TRUE,507,0.689115245097485,2.95409891738935,1.92182455031078e-65,1.92182455031078e-65,NA,"tags=76%, list=22%, signal=61%",507
"B12_1_5x_up","B12_1_5x_up","CRPCvsNormal","CRPC vs Normal","C1orf159",0.405368660664093,2429,2.78380739268859e-06,1.4641239802721e-05,"Yes",TRUE,507,0.689115245097485,2.95409891738935,1.92182455031078e-65,1.92182455031078e-65,NA,"tags=76%, list=22%, signal=61%",507
"B12_1_5x_up","B12_1_5x_up","CRPCvsNormal","CRPC vs Normal","AGTRAP",0.401423862222686,2452,0.0155286372685474,0.0316322168336441,"Yes",TRUE,507,0.689115245097485,2.95409891738935,1.92182455031078e-65,1.92182455031078e-65,NA,"tags=76%, list=22%, signal=61%",507
"B12_1_5x_up","B12_1_5x_up","CRPCvsNormal","CRPC vs Normal","ETFB",0.400677604764044,2463,4.8274031252576e-05,0.000188695368041847,"Yes",TRUE,507,0.689115245097485,2.95409891738935,1.92182455031078e-65,1.92182455031078e-65,NA,"tags=76%, list=22%, signal=61%",507
"B12_1_5x_up","B12_1_5x_up","CRPCvsNormal","CRPC vs Normal","TAF6L",0.397927899798209,2489,2.5034881036768e-08,2.22632491245183e-07,"Yes",TRUE,507,0.689115245097485,2.95409891738935,1.92182455031078e-65,1.92182455031078e-65,NA,"tags=76%, list=22%, signal=61%",507
"B12_1_5x_up","B12_1_5x_up","CRPCvsNormal","CRPC vs Normal","DHDH",0.397758616440638,2490,0.0535742394909867,0.0931721468668344,"Yes",TRUE,507,0.689115245097485,2.95409891738935,1.92182455031078e-65,1.92182455031078e-65,NA,"tags=76%, list=22%, signal=61%",507
"B12_1_5x_up","B12_1_5x_up","CRPCvsNormal","CRPC vs Normal","FBXL15",0.39330730279081,2530,0.000791656144943936,0.00228586644697217,"Yes",TRUE,507,0.689115245097485,2.95409891738935,1.92182455031078e-65,1.92182455031078e-65,NA,"tags=76%, list=22%, signal=61%",507
"B12_1_5x_up","B12_1_5x_up","CRPCvsNormal","CRPC vs Normal","BRICD5",0.39289627376974,2533,0.000183484116162286,0.00062123491391407,"Yes",TRUE,507,0.689115245097485,2.95409891738935,1.92182455031078e-65,1.92182455031078e-65,NA,"tags=76%, list=22%, signal=61%",507
"B12_1_5x_up","B12_1_5x_up","CRPCvsNormal","CRPC vs Normal","HSPBP1",0.390001993251024,2559,5.00146864537594e-05,0.000194666154435195,"Yes",TRUE,507,0.689115245097485,2.95409891738935,1.92182455031078e-65,1.92182455031078e-65,NA,"tags=76%, list=22%, signal=61%",507
"B12_1_5x_up","B12_1_5x_up","CRPCvsNormal","CRPC vs Normal","MT-CYB",0.387711333809138,2579,0.0703928841444923,0.117963824312193,"Yes",TRUE,507,0.689115245097485,2.95409891738935,1.92182455031078e-65,1.92182455031078e-65,NA,"tags=76%, list=22%, signal=61%",507
"B12_1_5x_up","B12_1_5x_up","CRPCvsNormal","CRPC vs Normal","PSMD13",0.384186996358777,2615,6.76559155339941e-05,0.000255648107808013,"Yes",TRUE,507,0.689115245097485,2.95409891738935,1.92182455031078e-65,1.92182455031078e-65,NA,"tags=76%, list=22%, signal=61%",507
"B12_1_5x_up","B12_1_5x_up","CRPCvsNormal","CRPC vs Normal","PIGQ",0.381831294165743,2643,6.33658721100767e-06,3.083220617908e-05,"Yes",TRUE,507,0.689115245097485,2.95409891738935,1.92182455031078e-65,1.92182455031078e-65,NA,"tags=76%, list=22%, signal=61%",507
"B12_1_5x_up","B12_1_5x_up","CRPCvsNormal","CRPC vs Normal","ARMC5",0.379674722076248,2661,1.843101000034e-06,1.01068996897692e-05,"Yes",TRUE,507,0.689115245097485,2.95409891738935,1.92182455031078e-65,1.92182455031078e-65,NA,"tags=76%, list=22%, signal=61%",507
"B12_1_5x_up","B12_1_5x_up","CRPCvsNormal","CRPC vs Normal","MMAB",0.374869928296127,2699,0.000682743201649644,0.00200627209159144,"Yes",TRUE,507,0.689115245097485,2.95409891738935,1.92182455031078e-65,1.92182455031078e-65,NA,"tags=76%, list=22%, signal=61%",507
"B12_1_5x_up","B12_1_5x_up","CRPCvsNormal","CRPC vs Normal","MRPL51",0.374573834435723,2702,0.000222696011075629,0.000737047533666866,"Yes",TRUE,507,0.689115245097485,2.95409891738935,1.92182455031078e-65,1.92182455031078e-65,NA,"tags=76%, list=22%, signal=61%",507
"B12_1_5x_up","B12_1_5x_up","CRPCvsNormal","CRPC vs Normal","SLC39A4",0.373847765473228,2708,0.00379462694654328,0.00918048421265689,"Yes",TRUE,507,0.689115245097485,2.95409891738935,1.92182455031078e-65,1.92182455031078e-65,NA,"tags=76%, list=22%, signal=61%",507
"B12_1_5x_up","B12_1_5x_up","CRPCvsNormal","CRPC vs Normal","CLEC11A",0.371076417009152,2734,0.00417428222676984,0.00997480888987152,"Yes",TRUE,507,0.689115245097485,2.95409891738935,1.92182455031078e-65,1.92182455031078e-65,NA,"tags=76%, list=22%, signal=61%",507
"B12_1_5x_up","B12_1_5x_up","CRPCvsNormal","CRPC vs Normal","SAMD1",0.370399014449601,2737,0.00123760421572653,0.00339226869814837,"Yes",TRUE,507,0.689115245097485,2.95409891738935,1.92182455031078e-65,1.92182455031078e-65,NA,"tags=76%, list=22%, signal=61%",507
"B12_1_5x_up","B12_1_5x_up","CRPCvsNormal","CRPC vs Normal","IL17RC",0.367089977851643,2763,0.00507737877502708,0.0118688764659131,"Yes",TRUE,507,0.689115245097485,2.95409891738935,1.92182455031078e-65,1.92182455031078e-65,NA,"tags=76%, list=22%, signal=61%",507
"B12_1_5x_up","B12_1_5x_up","CRPCvsNormal","CRPC vs Normal","FAU",0.36626415428841,2772,0.000776885053231394,0.00224943779188126,"Yes",TRUE,507,0.689115245097485,2.95409891738935,1.92182455031078e-65,1.92182455031078e-65,NA,"tags=76%, list=22%, signal=61%",507
"B12_1_5x_up","B12_1_5x_up","CRPCvsNormal","CRPC vs Normal","TMEM147",0.365019132036857,2785,3.53829058239247e-05,0.000143047500392612,"Yes",TRUE,507,0.689115245097485,2.95409891738935,1.92182455031078e-65,1.92182455031078e-65,NA,"tags=76%, list=22%, signal=61%",507
"B12_1_5x_up","B12_1_5x_up","CRPCvsNormal","CRPC vs Normal","GUK1",0.361862448400146,2821,3.5926859597618e-05,0.000144769472184004,"Yes",TRUE,507,0.689115245097485,2.95409891738935,1.92182455031078e-65,1.92182455031078e-65,NA,"tags=76%, list=22%, signal=61%",507
"B12_1_5x_up","B12_1_5x_up","CRPCvsNormal","CRPC vs Normal","ALYREF",0.360589469411661,2832,8.00560036919386e-05,0.000296793781903177,"Yes",TRUE,507,0.689115245097485,2.95409891738935,1.92182455031078e-65,1.92182455031078e-65,NA,"tags=76%, list=22%, signal=61%",507
"B12_1_5x_up","B12_1_5x_up","CRPCvsNormal","CRPC vs Normal","MAPK15",0.360053159155361,2845,0.0223771251042103,0.0435247116551492,"Yes",TRUE,507,0.689115245097485,2.95409891738935,1.92182455031078e-65,1.92182455031078e-65,NA,"tags=76%, list=22%, signal=61%",507
"B12_1_5x_up","B12_1_5x_up","CRPCvsNormal","CRPC vs Normal","SYTL1",0.357131919174481,2869,0.0609974050499014,0.104080205571368,"Yes",TRUE,507,0.689115245097485,2.95409891738935,1.92182455031078e-65,1.92182455031078e-65,NA,"tags=76%, list=22%, signal=61%",507
"B12_1_5x_up","B12_1_5x_up","CRPCvsNormal","CRPC vs Normal","SPATC1L",0.354670941726683,2894,0.0539022532295371,0.0936801672208111,"Yes",TRUE,507,0.689115245097485,2.95409891738935,1.92182455031078e-65,1.92182455031078e-65,NA,"tags=76%, list=22%, signal=61%",507
"B12_1_5x_up","B12_1_5x_up","CRPCvsNormal","CRPC vs Normal","TSEN54",0.354649116269169,2895,3.80310988266495e-06,1.94532638243511e-05,"Yes",TRUE,507,0.689115245097485,2.95409891738935,1.92182455031078e-65,1.92182455031078e-65,NA,"tags=76%, list=22%, signal=61%",507
"B12_1_5x_up","B12_1_5x_up","CRPCvsNormal","CRPC vs Normal","C1orf35",0.354110706679925,2901,9.41659764305904e-05,0.000343594831298674,"Yes",TRUE,507,0.689115245097485,2.95409891738935,1.92182455031078e-65,1.92182455031078e-65,NA,"tags=76%, list=22%, signal=61%",507
"B12_1_5x_up","B12_1_5x_up","CRPCvsNormal","CRPC vs Normal","STARD10",0.346450164460985,2982,0.0288507173017229,0.054194488094742,"Yes",TRUE,507,0.689115245097485,2.95409891738935,1.92182455031078e-65,1.92182455031078e-65,NA,"tags=76%, list=22%, signal=61%",507
"B12_1_5x_up","B12_1_5x_up","CRPCvsNormal","CRPC vs Normal","NUDT1",0.34530090799693,2993,0.00103893199870629,0.00289904245162987,"Yes",TRUE,507,0.689115245097485,2.95409891738935,1.92182455031078e-65,1.92182455031078e-65,NA,"tags=76%, list=22%, signal=61%",507
"B12_1_5x_up","B12_1_5x_up","CRPCvsNormal","CRPC vs Normal","FKBP2",0.340317634322949,3033,2.00856303799634e-07,1.39548272578704e-06,"Yes",TRUE,507,0.689115245097485,2.95409891738935,1.92182455031078e-65,1.92182455031078e-65,NA,"tags=76%, list=22%, signal=61%",507
"B12_1_5x_up","B12_1_5x_up","CRPCvsNormal","CRPC vs Normal","RBM14",0.340218699880782,3036,1.23715810715539e-08,1.20265726372008e-07,"Yes",TRUE,507,0.689115245097485,2.95409891738935,1.92182455031078e-65,1.92182455031078e-65,NA,"tags=76%, list=22%, signal=61%",507
"B12_1_5x_up","B12_1_5x_up","CRPCvsNormal","CRPC vs Normal","NDUFB7",0.336625998356969,3071,0.00519483415058608,0.0121047124116093,"Yes",TRUE,507,0.689115245097485,2.95409891738935,1.92182455031078e-65,1.92182455031078e-65,NA,"tags=76%, list=22%, signal=61%",507
"B12_1_5x_up","B12_1_5x_up","CRPCvsNormal","CRPC vs Normal","MRPL54",0.33635939213088,3072,0.00075995451540288,0.002205028890499,"Yes",TRUE,507,0.689115245097485,2.95409891738935,1.92182455031078e-65,1.92182455031078e-65,NA,"tags=76%, list=22%, signal=61%",507
"B12_1_5x_up","B12_1_5x_up","CRPCvsNormal","CRPC vs Normal","CHID1",0.335330180035312,3084,5.42159516758327e-05,0.000208749699264494,"Yes",TRUE,507,0.689115245097485,2.95409891738935,1.92182455031078e-65,1.92182455031078e-65,NA,"tags=76%, list=22%, signal=61%",507
"B12_1_5x_up","B12_1_5x_up","CRPCvsNormal","CRPC vs Normal","CCS",0.335075945543858,3087,0.000241670056014627,0.000792948669510181,"Yes",TRUE,507,0.689115245097485,2.95409891738935,1.92182455031078e-65,1.92182455031078e-65,NA,"tags=76%, list=22%, signal=61%",507
"B12_1_5x_up","B12_1_5x_up","CRPCvsNormal","CRPC vs Normal","TIMM17B",0.334469095836063,3095,0.00395974491945833,0.00953198480480045,"Yes",TRUE,507,0.689115245097485,2.95409891738935,1.92182455031078e-65,1.92182455031078e-65,NA,"tags=76%, list=22%, signal=61%",507
"B12_1_5x_up","B12_1_5x_up","CRPCvsNormal","CRPC vs Normal","DLL3",0.334395998868372,3097,7.07539246782052e-08,5.60204242814086e-07,"Yes",TRUE,507,0.689115245097485,2.95409891738935,1.92182455031078e-65,1.92182455031078e-65,NA,"tags=76%, list=22%, signal=61%",507
"B12_1_5x_up","B12_1_5x_up","CRPCvsNormal","CRPC vs Normal","SIRT6",0.333320140600668,3113,1.15299268643673e-05,5.28033099024715e-05,"Yes",TRUE,507,0.689115245097485,2.95409891738935,1.92182455031078e-65,1.92182455031078e-65,NA,"tags=76%, list=22%, signal=61%",507
"B12_1_5x_up","B12_1_5x_up","CRPCvsNormal","CRPC vs Normal","LRFN4",0.33223817677571,3124,0.00738627188061867,0.0165036871157652,"Yes",TRUE,507,0.689115245097485,2.95409891738935,1.92182455031078e-65,1.92182455031078e-65,NA,"tags=76%, list=22%, signal=61%",507
"B12_1_5x_up","B12_1_5x_up","CRPCvsNormal","CRPC vs Normal","HRAS",0.330000565972153,3148,0.000192144950634425,0.000648028003746012,"Yes",TRUE,507,0.689115245097485,2.95409891738935,1.92182455031078e-65,1.92182455031078e-65,NA,"tags=76%, list=22%, signal=61%",507
"B12_1_5x_up","B12_1_5x_up","CRPCvsNormal","CRPC vs Normal","METRN",0.328721507235726,3162,0.020686739723628,0.0406174339236579,"Yes",TRUE,507,0.689115245097485,2.95409891738935,1.92182455031078e-65,1.92182455031078e-65,NA,"tags=76%, list=22%, signal=61%",507
"B12_1_5x_up","B12_1_5x_up","CRPCvsNormal","CRPC vs Normal","PMF1",0.324583766155695,3209,0.000361478728574885,0.00113196819066498,"Yes",TRUE,507,0.689115245097485,2.95409891738935,1.92182455031078e-65,1.92182455031078e-65,NA,"tags=76%, list=22%, signal=61%",507
"B12_1_5x_up","B12_1_5x_up","CRPCvsNormal","CRPC vs Normal","TRMT61A",0.323631341168486,3219,0.000208548514260103,0.000695898275753571,"Yes",TRUE,507,0.689115245097485,2.95409891738935,1.92182455031078e-65,1.92182455031078e-65,NA,"tags=76%, list=22%, signal=61%",507
"B12_1_5x_up","B12_1_5x_up","CRPCvsNormal","CRPC vs Normal","ANKRD37",0.319727521798228,3267,0.0896597078802601,0.145135203221301,"Yes",TRUE,507,0.689115245097485,2.95409891738935,1.92182455031078e-65,1.92182455031078e-65,NA,"tags=76%, list=22%, signal=61%",507
"B12_1_5x_up","B12_1_5x_up","CRPCvsNormal","CRPC vs Normal","ARL16",0.313002560710355,3340,0.000581275112818629,0.00173319804289015,"Yes",TRUE,507,0.689115245097485,2.95409891738935,1.92182455031078e-65,1.92182455031078e-65,NA,"tags=76%, list=22%, signal=61%",507
"B12_1_5x_up","B12_1_5x_up","CRPCvsNormal","CRPC vs Normal","ZFPM1",0.312201188190916,3349,0.000104489871151847,0.000377422617358271,"Yes",TRUE,507,0.689115245097485,2.95409891738935,1.92182455031078e-65,1.92182455031078e-65,NA,"tags=76%, list=22%, signal=61%",507
"B12_1_5x_up","B12_1_5x_up","CRPCvsNormal","CRPC vs Normal","NUDT22",0.310926070498923,3362,0.000230704737957619,0.000760659339988063,"Yes",TRUE,507,0.689115245097485,2.95409891738935,1.92182455031078e-65,1.92182455031078e-65,NA,"tags=76%, list=22%, signal=61%",507
"B12_1_5x_up","B12_1_5x_up","CRPCvsNormal","CRPC vs Normal","SGTA",0.30928177501766,3381,3.1269506774359e-05,0.000128093476281777,"Yes",TRUE,507,0.689115245097485,2.95409891738935,1.92182455031078e-65,1.92182455031078e-65,NA,"tags=76%, list=22%, signal=61%",507
"B12_1_5x_up","B12_1_5x_up","CRPCvsNormal","CRPC vs Normal","ZNF358",0.299061396864037,3479,0.0173545137532147,0.0348234151616193,"Yes",TRUE,507,0.689115245097485,2.95409891738935,1.92182455031078e-65,1.92182455031078e-65,NA,"tags=76%, list=22%, signal=61%",507
"B12_1_5x_up","B12_1_5x_up","CRPCvsNormal","CRPC vs Normal","TMEM120A",0.29741348322314,3495,0.00374391686768219,0.00907703550638212,"Yes",TRUE,507,0.689115245097485,2.95409891738935,1.92182455031078e-65,1.92182455031078e-65,NA,"tags=76%, list=22%, signal=61%",507
"B12_1_5x_up","B12_1_5x_up","CRPCvsNormal","CRPC vs Normal","MGMT",0.296183013567652,3506,0.00164926558906369,0.00438699362892636,"Yes",TRUE,507,0.689115245097485,2.95409891738935,1.92182455031078e-65,1.92182455031078e-65,NA,"tags=76%, list=22%, signal=61%",507
"B12_1_5x_up","B12_1_5x_up","CRPCvsNormal","CRPC vs Normal","CHADL",0.295277760446141,3516,0.00344331437236997,0.0084220112916055,"Yes",TRUE,507,0.689115245097485,2.95409891738935,1.92182455031078e-65,1.92182455031078e-65,NA,"tags=76%, list=22%, signal=61%",507
"B12_1_5x_up","B12_1_5x_up","CRPCvsNormal","CRPC vs Normal","FAM3A",0.293502859027819,3537,0.00179698790012185,0.00473442679700356,"Yes",TRUE,507,0.689115245097485,2.95409891738935,1.92182455031078e-65,1.92182455031078e-65,NA,"tags=76%, list=22%, signal=61%",507
"B12_1_5x_up","B12_1_5x_up","CRPCvsNormal","CRPC vs Normal","ISOC2",0.29275576673828,3547,0.000754810645341608,0.00219299685824874,"Yes",TRUE,507,0.689115245097485,2.95409891738935,1.92182455031078e-65,1.92182455031078e-65,NA,"tags=76%, list=22%, signal=61%",507
"B12_1_5x_up","B12_1_5x_up","CRPCvsNormal","CRPC vs Normal","DMAP1",0.291401409376795,3561,5.43759435536683e-05,0.000209321598514501,"Yes",TRUE,507,0.689115245097485,2.95409891738935,1.92182455031078e-65,1.92182455031078e-65,NA,"tags=76%, list=22%, signal=61%",507
"B12_1_5x_up","B12_1_5x_up","CRPCvsNormal","CRPC vs Normal","TEX264",0.290733329454834,3574,0.00387412585302661,0.00935299799516046,"Yes",TRUE,507,0.689115245097485,2.95409891738935,1.92182455031078e-65,1.92182455031078e-65,NA,"tags=76%, list=22%, signal=61%",507
"B12_1_5x_up","B12_1_5x_up","CRPCvsNormal","CRPC vs Normal","CHD4",0.289800304452509,3585,4.70778136576328e-05,0.000184374644997925,"Yes",TRUE,507,0.689115245097485,2.95409891738935,1.92182455031078e-65,1.92182455031078e-65,NA,"tags=76%, list=22%, signal=61%",507
"B12_1_5x_up","B12_1_5x_up","CRPCvsNormal","CRPC vs Normal","SDHAF2",0.289666893840233,3588,0.00147739735141794,0.00397205475728587,"Yes",TRUE,507,0.689115245097485,2.95409891738935,1.92182455031078e-65,1.92182455031078e-65,NA,"tags=76%, list=22%, signal=61%",507
"B12_1_5x_up","B12_1_5x_up","CRPCvsNormal","CRPC vs Normal","PRPF31",0.289316879311238,3595,6.34053667430462e-05,0.000241183346299142,"Yes",TRUE,507,0.689115245097485,2.95409891738935,1.92182455031078e-65,1.92182455031078e-65,NA,"tags=76%, list=22%, signal=61%",507
"B12_1_5x_up","B12_1_5x_up","CRPCvsNormal","CRPC vs Normal","HIGD2A",0.28893622814256,3597,0.00299300006119782,0.0074421643231472,"Yes",TRUE,507,0.689115245097485,2.95409891738935,1.92182455031078e-65,1.92182455031078e-65,NA,"tags=76%, list=22%, signal=61%",507
"B12_1_5x_up","B12_1_5x_up","CRPCvsNormal","CRPC vs Normal","DPM3",0.28803480471491,3607,0.0169743291575002,0.0341825579019734,"Yes",TRUE,507,0.689115245097485,2.95409891738935,1.92182455031078e-65,1.92182455031078e-65,NA,"tags=76%, list=22%, signal=61%",507
"B12_1_5x_up","B12_1_5x_up","CRPCvsNormal","CRPC vs Normal","MRPL55",0.286969439339009,3619,0.001805795307083,0.0047548878591867,"Yes",TRUE,507,0.689115245097485,2.95409891738935,1.92182455031078e-65,1.92182455031078e-65,NA,"tags=76%, list=22%, signal=61%",507
"B12_1_5x_up","B12_1_5x_up","CRPCvsNormal","CRPC vs Normal","RNASEH2C",0.286098459534499,3633,0.00362264949762225,0.00881272194264413,"Yes",TRUE,507,0.689115245097485,2.95409891738935,1.92182455031078e-65,1.92182455031078e-65,NA,"tags=76%, list=22%, signal=61%",507
"B12_1_5x_up","B12_1_5x_up","CRPCvsNormal","CRPC vs Normal","PSMB3",0.284168775240829,3654,0.00150082432330166,0.00402792493232854,"Yes",TRUE,507,0.689115245097485,2.95409891738935,1.92182455031078e-65,1.92182455031078e-65,NA,"tags=76%, list=22%, signal=61%",507
"B12_1_5x_up","B12_1_5x_up","CRPCvsNormal","CRPC vs Normal","PHKG2",0.284140220237356,3655,0.00030855585013834,0.000985501164299164,"Yes",TRUE,507,0.689115245097485,2.95409891738935,1.92182455031078e-65,1.92182455031078e-65,NA,"tags=76%, list=22%, signal=61%",507
"B12_1_5x_up","B12_1_5x_up","CRPCvsNormal","CRPC vs Normal","CTSD",0.282999558482647,3664,0.00891308724897665,0.0194604890855615,"Yes",TRUE,507,0.689115245097485,2.95409891738935,1.92182455031078e-65,1.92182455031078e-65,NA,"tags=76%, list=22%, signal=61%",507
"B12_1_5x_up","B12_1_5x_up","CRPCvsNormal","CRPC vs Normal","GPX1",0.282852820841732,3666,0.0123191718037565,0.025882446764138,"Yes",TRUE,507,0.689115245097485,2.95409891738935,1.92182455031078e-65,1.92182455031078e-65,NA,"tags=76%, list=22%, signal=61%",507
"B12_1_5x_up","B12_1_5x_up","CRPCvsNormal","CRPC vs Normal","MVK",0.280254607133506,3705,0.010010849747211,0.0215923085090551,"Yes",TRUE,507,0.689115245097485,2.95409891738935,1.92182455031078e-65,1.92182455031078e-65,NA,"tags=76%, list=22%, signal=61%",507
"B12_1_5x_up","B12_1_5x_up","CRPCvsNormal","CRPC vs Normal","TMEM208",0.279573636589106,3715,0.00589386981366471,0.0135350045280864,"Yes",TRUE,507,0.689115245097485,2.95409891738935,1.92182455031078e-65,1.92182455031078e-65,NA,"tags=76%, list=22%, signal=61%",507
"B12_1_5x_up","B12_1_5x_up","CRPCvsNormal","CRPC vs Normal","COPRS",0.278448673130135,3725,0.0182594198219186,0.0364390432062893,"Yes",TRUE,507,0.689115245097485,2.95409891738935,1.92182455031078e-65,1.92182455031078e-65,NA,"tags=76%, list=22%, signal=61%",507
"B12_1_5x_up","B12_1_5x_up","CRPCvsNormal","CRPC vs Normal","SSR4",0.276718738740389,3753,0.07899488861049,0.129817421084949,"Yes",TRUE,507,0.689115245097485,2.95409891738935,1.92182455031078e-65,1.92182455031078e-65,NA,"tags=76%, list=22%, signal=61%",507
"B12_1_5x_up","B12_1_5x_up","CRPCvsNormal","CRPC vs Normal","FZD9",0.276242293847197,3763,0.103285848371508,0.163683785038518,"Yes",TRUE,507,0.689115245097485,2.95409891738935,1.92182455031078e-65,1.92182455031078e-65,NA,"tags=76%, list=22%, signal=61%",507
"B12_1_5x_up","B12_1_5x_up","CRPCvsNormal","CRPC vs Normal","STX10",0.274934835576224,3778,0.000185233635442378,0.000626918211041408,"Yes",TRUE,507,0.689115245097485,2.95409891738935,1.92182455031078e-65,1.92182455031078e-65,NA,"tags=76%, list=22%, signal=61%",507
"B12_1_5x_up","B12_1_5x_up","CRPCvsNormal","CRPC vs Normal","ZNF771",0.274104235295313,3790,0.000390775013637916,0.00121372154380381,"Yes",TRUE,507,0.689115245097485,2.95409891738935,1.92182455031078e-65,1.92182455031078e-65,NA,"tags=76%, list=22%, signal=61%",507
"B12_1_5x_up","B12_1_5x_up","CRPCvsNormal","CRPC vs Normal","PIH1D1",0.273082844180982,3805,9.75255277976414e-05,0.000354437184789438,"Yes",TRUE,507,0.689115245097485,2.95409891738935,1.92182455031078e-65,1.92182455031078e-65,NA,"tags=76%, list=22%, signal=61%",507
"B12_1_5x_up","B12_1_5x_up","CRPCvsNormal","CRPC vs Normal","CBY1",0.271670967758439,3825,0.00300593363845226,0.00747127280445896,"Yes",TRUE,507,0.689115245097485,2.95409891738935,1.92182455031078e-65,1.92182455031078e-65,NA,"tags=76%, list=22%, signal=61%",507
"B12_1_5x_up","B12_1_5x_up","CRPCvsNormal","CRPC vs Normal","HYAL2",0.269778838411714,3858,0.00657996957616198,0.0149026316525945,"Yes",TRUE,507,0.689115245097485,2.95409891738935,1.92182455031078e-65,1.92182455031078e-65,NA,"tags=76%, list=22%, signal=61%",507
"B12_1_5x_up","B12_1_5x_up","CRPCvsNormal","CRPC vs Normal","RHOD",0.268341928240144,3871,0.0353379741936027,0.0649771931367371,"Yes",TRUE,507,0.689115245097485,2.95409891738935,1.92182455031078e-65,1.92182455031078e-65,NA,"tags=76%, list=22%, signal=61%",507
"B12_1_5x_up","B12_1_5x_up","CRPCvsNormal","CRPC vs Normal","LUC7L3",0.268126705959919,3875,0.00562117230216898,0.0129720314416276,"Yes",TRUE,507,0.689115245097485,2.95409891738935,1.92182455031078e-65,1.92182455031078e-65,NA,"tags=76%, list=22%, signal=61%",507
"B12_1_5x_up","B12_1_5x_up","CRPCvsNormal","CRPC vs Normal","HSCB",0.26534374811779,3909,0.00187066787443721,0.00491225120679558,"Yes",TRUE,507,0.689115245097485,2.95409891738935,1.92182455031078e-65,1.92182455031078e-65,NA,"tags=76%, list=22%, signal=61%",507
"B12_1_5x_up","B12_1_5x_up","CRPCvsNormal","CRPC vs Normal","MT-ND1",0.263579982224652,3925,0.232671892580438,0.323217338951577,"Yes",TRUE,507,0.689115245097485,2.95409891738935,1.92182455031078e-65,1.92182455031078e-65,NA,"tags=76%, list=22%, signal=61%",507
"B12_1_5x_up","B12_1_5x_up","CRPCvsNormal","CRPC vs Normal","TRMT112",0.263005115341775,3932,0.00289183199130362,0.00722108040371182,"Yes",TRUE,507,0.689115245097485,2.95409891738935,1.92182455031078e-65,1.92182455031078e-65,NA,"tags=76%, list=22%, signal=61%",507
"B12_1_5x_up","B12_1_5x_up","CRPCvsNormal","CRPC vs Normal","MT-ND2",0.2628117488594,3938,0.255231801481083,0.348409243393877,"Yes",TRUE,507,0.689115245097485,2.95409891738935,1.92182455031078e-65,1.92182455031078e-65,NA,"tags=76%, list=22%, signal=61%",507
"B12_1_5x_up","B12_1_5x_up","CRPCvsNormal","CRPC vs Normal","MRPL27",0.262474558716867,3948,0.00411489963022286,0.00984707934568987,"Yes",TRUE,507,0.689115245097485,2.95409891738935,1.92182455031078e-65,1.92182455031078e-65,NA,"tags=76%, list=22%, signal=61%",507
"B12_1_5x_up","B12_1_5x_up","CRPCvsNormal","CRPC vs Normal","ALDH16A1",0.261646800477761,3957,0.00235303875977927,0.00601339875657086,"Yes",TRUE,507,0.689115245097485,2.95409891738935,1.92182455031078e-65,1.92182455031078e-65,NA,"tags=76%, list=22%, signal=61%",507
"B12_1_5x_up","B12_1_5x_up","CRPCvsNormal","CRPC vs Normal","C2orf76",0.258669997632508,3986,0.0114388842706361,0.0242589875870706,"No",FALSE,507,0.689115245097485,2.95409891738935,1.92182455031078e-65,1.92182455031078e-65,NA,"tags=76%, list=22%, signal=61%",507
"B12_1_5x_up","B12_1_5x_up","CRPCvsNormal","CRPC vs Normal","LMAN2",0.256760838552274,4017,0.00520088651203083,0.0121172695189739,"No",FALSE,507,0.689115245097485,2.95409891738935,1.92182455031078e-65,1.92182455031078e-65,NA,"tags=76%, list=22%, signal=61%",507
"B12_1_5x_up","B12_1_5x_up","CRPCvsNormal","CRPC vs Normal","C6orf226",0.255026760898881,4048,0.0348573031777797,0.0641579504076304,"No",FALSE,507,0.689115245097485,2.95409891738935,1.92182455031078e-65,1.92182455031078e-65,NA,"tags=76%, list=22%, signal=61%",507
"B12_1_5x_up","B12_1_5x_up","CRPCvsNormal","CRPC vs Normal","KISS1R",0.252707283767929,4083,0.00249323861750675,0.00633048326207649,"No",FALSE,507,0.689115245097485,2.95409891738935,1.92182455031078e-65,1.92182455031078e-65,NA,"tags=76%, list=22%, signal=61%",507
"B12_1_5x_up","B12_1_5x_up","CRPCvsNormal","CRPC vs Normal","ANKRD9",0.250037901901988,4115,0.016260368878368,0.0329172002584805,"No",FALSE,507,0.689115245097485,2.95409891738935,1.92182455031078e-65,1.92182455031078e-65,NA,"tags=76%, list=22%, signal=61%",507
"B12_1_5x_up","B12_1_5x_up","CRPCvsNormal","CRPC vs Normal","SLC50A1",0.246987491580798,4159,0.0687185076974817,0.115570597698389,"No",FALSE,507,0.689115245097485,2.95409891738935,1.92182455031078e-65,1.92182455031078e-65,NA,"tags=76%, list=22%, signal=61%",507
"B12_1_5x_up","B12_1_5x_up","CRPCvsNormal","CRPC vs Normal","TUBA3D",0.246545343307522,4166,0.296756901864,0.393793067159304,"No",FALSE,507,0.689115245097485,2.95409891738935,1.92182455031078e-65,1.92182455031078e-65,NA,"tags=76%, list=22%, signal=61%",507
"B12_1_5x_up","B12_1_5x_up","CRPCvsNormal","CRPC vs Normal","MCRIP1",0.239149586038792,4257,0.0198187130293595,0.0391445298652986,"No",FALSE,507,0.689115245097485,2.95409891738935,1.92182455031078e-65,1.92182455031078e-65,NA,"tags=76%, list=22%, signal=61%",507
"B12_1_5x_up","B12_1_5x_up","CRPCvsNormal","CRPC vs Normal","MFSD5",0.230293404064736,4370,0.011686194241953,0.0247088811232219,"No",FALSE,507,0.689115245097485,2.95409891738935,1.92182455031078e-65,1.92182455031078e-65,NA,"tags=76%, list=22%, signal=61%",507
"B12_1_5x_up","B12_1_5x_up","CRPCvsNormal","CRPC vs Normal","ZNF688",0.228928477312906,4388,0.00487062098888006,0.0114456146896801,"No",FALSE,507,0.689115245097485,2.95409891738935,1.92182455031078e-65,1.92182455031078e-65,NA,"tags=76%, list=22%, signal=61%",507
"B12_1_5x_up","B12_1_5x_up","CRPCvsNormal","CRPC vs Normal","C3orf33",0.228131506493129,4404,0.00173727885726601,0.00459250740411073,"No",FALSE,507,0.689115245097485,2.95409891738935,1.92182455031078e-65,1.92182455031078e-65,NA,"tags=76%, list=22%, signal=61%",507
"B12_1_5x_up","B12_1_5x_up","CRPCvsNormal","CRPC vs Normal","CCDC106",0.226604475387448,4428,0.00770901405002219,0.0171388571856993,"No",FALSE,507,0.689115245097485,2.95409891738935,1.92182455031078e-65,1.92182455031078e-65,NA,"tags=76%, list=22%, signal=61%",507
"B12_1_5x_up","B12_1_5x_up","CRPCvsNormal","CRPC vs Normal","SF3B5",0.22658581241579,4429,0.0282281997088069,0.0532056852627248,"No",FALSE,507,0.689115245097485,2.95409891738935,1.92182455031078e-65,1.92182455031078e-65,NA,"tags=76%, list=22%, signal=61%",507
"B12_1_5x_up","B12_1_5x_up","CRPCvsNormal","CRPC vs Normal","C7orf50",0.226058423473146,4439,0.0285895909357973,0.0537703323757489,"No",FALSE,507,0.689115245097485,2.95409891738935,1.92182455031078e-65,1.92182455031078e-65,NA,"tags=76%, list=22%, signal=61%",507
"B12_1_5x_up","B12_1_5x_up","CRPCvsNormal","CRPC vs Normal","JUND",0.224624523594834,4458,0.164164519999383,0.241591131349398,"No",FALSE,507,0.689115245097485,2.95409891738935,1.92182455031078e-65,1.92182455031078e-65,NA,"tags=76%, list=22%, signal=61%",507
"B12_1_5x_up","B12_1_5x_up","CRPCvsNormal","CRPC vs Normal","GAMT",0.222552062347513,4488,0.113594496365792,0.177525416719503,"No",FALSE,507,0.689115245097485,2.95409891738935,1.92182455031078e-65,1.92182455031078e-65,NA,"tags=76%, list=22%, signal=61%",507
"B12_1_5x_up","B12_1_5x_up","CRPCvsNormal","CRPC vs Normal","DCAF8",0.220479989807499,4526,0.000175832659875607,0.000598204389139102,"No",FALSE,507,0.689115245097485,2.95409891738935,1.92182455031078e-65,1.92182455031078e-65,NA,"tags=76%, list=22%, signal=61%",507
"B12_1_5x_up","B12_1_5x_up","CRPCvsNormal","CRPC vs Normal","BORCS8",0.219910775008403,4532,0.000364427564842717,0.00113944435114979,"No",FALSE,507,0.689115245097485,2.95409891738935,1.92182455031078e-65,1.92182455031078e-65,NA,"tags=76%, list=22%, signal=61%",507
"B12_1_5x_up","B12_1_5x_up","CRPCvsNormal","CRPC vs Normal","COMMD4",0.216990108712459,4567,0.00837213081641174,0.0184158648232872,"No",FALSE,507,0.689115245097485,2.95409891738935,1.92182455031078e-65,1.92182455031078e-65,NA,"tags=76%, list=22%, signal=61%",507
"B12_1_5x_up","B12_1_5x_up","CRPCvsNormal","CRPC vs Normal","NAT14",0.214512087573607,4601,0.0439614132679202,0.0785713478230753,"No",FALSE,507,0.689115245097485,2.95409891738935,1.92182455031078e-65,1.92182455031078e-65,NA,"tags=76%, list=22%, signal=61%",507
"B12_1_5x_up","B12_1_5x_up","CRPCvsNormal","CRPC vs Normal","WASHC1",0.213056265989788,4627,0.0305852176179125,0.0571061622210764,"No",FALSE,507,0.689115245097485,2.95409891738935,1.92182455031078e-65,1.92182455031078e-65,NA,"tags=76%, list=22%, signal=61%",507
"B12_1_5x_up","B12_1_5x_up","CRPCvsNormal","CRPC vs Normal","BRMS1",0.211792273145277,4646,0.0368083218260027,0.0673688182839445,"No",FALSE,507,0.689115245097485,2.95409891738935,1.92182455031078e-65,1.92182455031078e-65,NA,"tags=76%, list=22%, signal=61%",507
"B12_1_5x_up","B12_1_5x_up","CRPCvsNormal","CRPC vs Normal","GIPC1",0.211719528233921,4647,0.0190727068696312,0.0378593853163098,"No",FALSE,507,0.689115245097485,2.95409891738935,1.92182455031078e-65,1.92182455031078e-65,NA,"tags=76%, list=22%, signal=61%",507
"B12_1_5x_up","B12_1_5x_up","CRPCvsNormal","CRPC vs Normal","CHCHD10",0.208402890525289,4696,0.150579980282974,0.225026091781789,"No",FALSE,507,0.689115245097485,2.95409891738935,1.92182455031078e-65,1.92182455031078e-65,NA,"tags=76%, list=22%, signal=61%",507
"B12_1_5x_up","B12_1_5x_up","CRPCvsNormal","CRPC vs Normal","UBE2I",0.200964948383336,4802,0.00235125926075124,0.00601093095267771,"No",FALSE,507,0.689115245097485,2.95409891738935,1.92182455031078e-65,1.92182455031078e-65,NA,"tags=76%, list=22%, signal=61%",507
"B12_1_5x_up","B12_1_5x_up","CRPCvsNormal","CRPC vs Normal","CENPS",0.196447005712467,4863,0.00478449785266877,0.0112678749067622,"No",FALSE,507,0.689115245097485,2.95409891738935,1.92182455031078e-65,1.92182455031078e-65,NA,"tags=76%, list=22%, signal=61%",507
"B12_1_5x_up","B12_1_5x_up","CRPCvsNormal","CRPC vs Normal","DDAH2",0.191571748612565,4934,0.0656389049417348,0.11102511692432,"No",FALSE,507,0.689115245097485,2.95409891738935,1.92182455031078e-65,1.92182455031078e-65,NA,"tags=76%, list=22%, signal=61%",507
"B12_1_5x_up","B12_1_5x_up","CRPCvsNormal","CRPC vs Normal","FUOM",0.188522555575084,4985,0.220810806629793,0.309399370504741,"No",FALSE,507,0.689115245097485,2.95409891738935,1.92182455031078e-65,1.92182455031078e-65,NA,"tags=76%, list=22%, signal=61%",507
"B12_1_5x_up","B12_1_5x_up","CRPCvsNormal","CRPC vs Normal","TIGD3",0.185155666626425,5037,0.00020452825528868,0.00068423317053169,"No",FALSE,507,0.689115245097485,2.95409891738935,1.92182455031078e-65,1.92182455031078e-65,NA,"tags=76%, list=22%, signal=61%",507
"B12_1_5x_up","B12_1_5x_up","CRPCvsNormal","CRPC vs Normal","IRF3",0.183347934709613,5062,0.0309249271534542,0.0576814785443678,"No",FALSE,507,0.689115245097485,2.95409891738935,1.92182455031078e-65,1.92182455031078e-65,NA,"tags=76%, list=22%, signal=61%",507
"B12_1_5x_up","B12_1_5x_up","CRPCvsNormal","CRPC vs Normal","RPA3",0.18273006719314,5071,0.0361764554295551,0.0663386341608526,"No",FALSE,507,0.689115245097485,2.95409891738935,1.92182455031078e-65,1.92182455031078e-65,NA,"tags=76%, list=22%, signal=61%",507
"B12_1_5x_up","B12_1_5x_up","CRPCvsNormal","CRPC vs Normal","NOSIP",0.177634832948983,5152,0.0100431998770146,0.0216510195861618,"No",FALSE,507,0.689115245097485,2.95409891738935,1.92182455031078e-65,1.92182455031078e-65,NA,"tags=76%, list=22%, signal=61%",507
"B12_1_5x_up","B12_1_5x_up","CRPCvsNormal","CRPC vs Normal","MESP2",0.175219369499118,5196,0.0346596495398676,0.0638456190495384,"No",FALSE,507,0.689115245097485,2.95409891738935,1.92182455031078e-65,1.92182455031078e-65,NA,"tags=76%, list=22%, signal=61%",507
"B12_1_5x_up","B12_1_5x_up","CRPCvsNormal","CRPC vs Normal","FBLL1",0.173427262607584,5228,0.307286043440434,0.405241297332321,"No",FALSE,507,0.689115245097485,2.95409891738935,1.92182455031078e-65,1.92182455031078e-65,NA,"tags=76%, list=22%, signal=61%",507
"B12_1_5x_up","B12_1_5x_up","CRPCvsNormal","CRPC vs Normal","BORCS6",0.167059634499759,5340,0.0193585458537936,0.0383856522924983,"No",FALSE,507,0.689115245097485,2.95409891738935,1.92182455031078e-65,1.92182455031078e-65,NA,"tags=76%, list=22%, signal=61%",507
"B12_1_5x_up","B12_1_5x_up","CRPCvsNormal","CRPC vs Normal","LSM2",0.166231796009282,5355,0.087972552233429,0.142778083060761,"No",FALSE,507,0.689115245097485,2.95409891738935,1.92182455031078e-65,1.92182455031078e-65,NA,"tags=76%, list=22%, signal=61%",507
"B12_1_5x_up","B12_1_5x_up","CRPCvsNormal","CRPC vs Normal","KREMEN2",0.165930779999883,5361,0.225314352279635,0.314936635961112,"No",FALSE,507,0.689115245097485,2.95409891738935,1.92182455031078e-65,1.92182455031078e-65,NA,"tags=76%, list=22%, signal=61%",507
"B12_1_5x_up","B12_1_5x_up","CRPCvsNormal","CRPC vs Normal","POLA2",0.165368393980677,5369,0.00224921008410754,0.00578567404538915,"No",FALSE,507,0.689115245097485,2.95409891738935,1.92182455031078e-65,1.92182455031078e-65,NA,"tags=76%, list=22%, signal=61%",507
"B12_1_5x_up","B12_1_5x_up","CRPCvsNormal","CRPC vs Normal","DUSP23",0.16093404397175,5445,0.300516092887398,0.397971938858929,"No",FALSE,507,0.689115245097485,2.95409891738935,1.92182455031078e-65,1.92182455031078e-65,NA,"tags=76%, list=22%, signal=61%",507
"B12_1_5x_up","B12_1_5x_up","CRPCvsNormal","CRPC vs Normal","JOSD2",0.15815857923018,5486,0.123437500918008,0.190528087862796,"No",FALSE,507,0.689115245097485,2.95409891738935,1.92182455031078e-65,1.92182455031078e-65,NA,"tags=76%, list=22%, signal=61%",507
"B12_1_5x_up","B12_1_5x_up","CRPCvsNormal","CRPC vs Normal","MVD",0.156848107100942,5497,0.189993093897011,0.273243876519543,"No",FALSE,507,0.689115245097485,2.95409891738935,1.92182455031078e-65,1.92182455031078e-65,NA,"tags=76%, list=22%, signal=61%",507
"B12_1_5x_up","B12_1_5x_up","CRPCvsNormal","CRPC vs Normal","HDHD3",0.153164298224591,5567,0.12705446378365,0.195187286414815,"No",FALSE,507,0.689115245097485,2.95409891738935,1.92182455031078e-65,1.92182455031078e-65,NA,"tags=76%, list=22%, signal=61%",507
"B12_1_5x_up","B12_1_5x_up","CRPCvsNormal","CRPC vs Normal","DTX2",0.152620113034924,5574,0.183726988861889,0.26563970072358,"No",FALSE,507,0.689115245097485,2.95409891738935,1.92182455031078e-65,1.92182455031078e-65,NA,"tags=76%, list=22%, signal=61%",507
"B12_1_5x_up","B12_1_5x_up","CRPCvsNormal","CRPC vs Normal","SAT2",0.145702338722731,5692,0.167958557721352,0.246262524228521,"No",FALSE,507,0.689115245097485,2.95409891738935,1.92182455031078e-65,1.92182455031078e-65,NA,"tags=76%, list=22%, signal=61%",507
"B12_1_5x_up","B12_1_5x_up","CRPCvsNormal","CRPC vs Normal","MPDU1",0.137110040799211,5833,0.237777132719329,0.328659637249434,"No",FALSE,507,0.689115245097485,2.95409891738935,1.92182455031078e-65,1.92182455031078e-65,NA,"tags=76%, list=22%, signal=61%",507
"B12_1_5x_up","B12_1_5x_up","CRPCvsNormal","CRPC vs Normal","PDZK1IP1",0.134919004087862,5864,0.637646859934743,0.721952367418832,"No",FALSE,507,0.689115245097485,2.95409891738935,1.92182455031078e-65,1.92182455031078e-65,NA,"tags=76%, list=22%, signal=61%",507
"B12_1_5x_up","B12_1_5x_up","CRPCvsNormal","CRPC vs Normal","PNPLA6",0.129302579169797,5961,0.0833340628030798,0.136249551661391,"No",FALSE,507,0.689115245097485,2.95409891738935,1.92182455031078e-65,1.92182455031078e-65,NA,"tags=76%, list=22%, signal=61%",507
"B12_1_5x_up","B12_1_5x_up","CRPCvsNormal","CRPC vs Normal","TRAPPC2L",0.128763910132407,5971,0.14298244521169,0.21549156567407,"No",FALSE,507,0.689115245097485,2.95409891738935,1.92182455031078e-65,1.92182455031078e-65,NA,"tags=76%, list=22%, signal=61%",507
"B12_1_5x_up","B12_1_5x_up","CRPCvsNormal","CRPC vs Normal","WRAP53",0.127996918170474,5983,0.0188108997756201,0.0373925231582846,"No",FALSE,507,0.689115245097485,2.95409891738935,1.92182455031078e-65,1.92182455031078e-65,NA,"tags=76%, list=22%, signal=61%",507
"B12_1_5x_up","B12_1_5x_up","CRPCvsNormal","CRPC vs Normal","ACTL10",0.127434834381439,5998,0.109934434482576,0.17273654883946,"No",FALSE,507,0.689115245097485,2.95409891738935,1.92182455031078e-65,1.92182455031078e-65,NA,"tags=76%, list=22%, signal=61%",507
"B12_1_5x_up","B12_1_5x_up","CRPCvsNormal","CRPC vs Normal","TMEM219",0.12482457376633,6028,0.127358539196718,0.195572179652564,"No",FALSE,507,0.689115245097485,2.95409891738935,1.92182455031078e-65,1.92182455031078e-65,NA,"tags=76%, list=22%, signal=61%",507
"B12_1_5x_up","B12_1_5x_up","CRPCvsNormal","CRPC vs Normal","TUBA3E",0.112852146777439,6227,0.370679736908622,0.470818168025372,"No",FALSE,507,0.689115245097485,2.95409891738935,1.92182455031078e-65,1.92182455031078e-65,NA,"tags=76%, list=22%, signal=61%",507
"B12_1_5x_up","B12_1_5x_up","CRPCvsNormal","CRPC vs Normal","PEX16",0.111802049881241,6252,0.106887450529465,0.168699565726449,"No",FALSE,507,0.689115245097485,2.95409891738935,1.92182455031078e-65,1.92182455031078e-65,NA,"tags=76%, list=22%, signal=61%",507
"B12_1_5x_up","B12_1_5x_up","CRPCvsNormal","CRPC vs Normal","TSFM",0.11117484824254,6267,0.0190327600327726,0.0377965204129836,"No",FALSE,507,0.689115245097485,2.95409891738935,1.92182455031078e-65,1.92182455031078e-65,NA,"tags=76%, list=22%, signal=61%",507
"B12_1_5x_up","B12_1_5x_up","CRPCvsNormal","CRPC vs Normal","MAP1LC3A",0.0919702220219536,6622,0.502604670149735,0.601118735375459,"No",FALSE,507,0.689115245097485,2.95409891738935,1.92182455031078e-65,1.92182455031078e-65,NA,"tags=76%, list=22%, signal=61%",507
"B12_1_5x_up","B12_1_5x_up","CRPCvsNormal","CRPC vs Normal","DRD4",0.0907640506788763,6642,0.181545081565196,0.263057469448665,"No",FALSE,507,0.689115245097485,2.95409891738935,1.92182455031078e-65,1.92182455031078e-65,NA,"tags=76%, list=22%, signal=61%",507
"B12_1_5x_up","B12_1_5x_up","CRPCvsNormal","CRPC vs Normal","TCTEX1D4",0.08797368809588,6701,0.119359842165962,0.18520445778147,"No",FALSE,507,0.689115245097485,2.95409891738935,1.92182455031078e-65,1.92182455031078e-65,NA,"tags=76%, list=22%, signal=61%",507
"B12_1_5x_up","B12_1_5x_up","CRPCvsNormal","CRPC vs Normal","MAGIX",0.0861056070975377,6743,0.495927863709543,0.594732597313108,"No",FALSE,507,0.689115245097485,2.95409891738935,1.92182455031078e-65,1.92182455031078e-65,NA,"tags=76%, list=22%, signal=61%",507
"B12_1_5x_up","B12_1_5x_up","CRPCvsNormal","CRPC vs Normal","KAZALD1",0.0797195448655104,6874,0.667711471027964,0.747696035421578,"No",FALSE,507,0.689115245097485,2.95409891738935,1.92182455031078e-65,1.92182455031078e-65,NA,"tags=76%, list=22%, signal=61%",507
"B12_1_5x_up","B12_1_5x_up","CRPCvsNormal","CRPC vs Normal","SCARF2",0.0782248885051664,6899,0.553824500083594,0.648263910190768,"No",FALSE,507,0.689115245097485,2.95409891738935,1.92182455031078e-65,1.92182455031078e-65,NA,"tags=76%, list=22%, signal=61%",507
"B12_1_5x_up","B12_1_5x_up","CRPCvsNormal","CRPC vs Normal","MFSD13A",0.0724020950128192,7037,0.432090782795075,0.532724792767982,"No",FALSE,507,0.689115245097485,2.95409891738935,1.92182455031078e-65,1.92182455031078e-65,NA,"tags=76%, list=22%, signal=61%",507
"B12_1_5x_up","B12_1_5x_up","CRPCvsNormal","CRPC vs Normal","NRGN",0.0690747907984548,7119,0.615951381125451,0.703097608276308,"No",FALSE,507,0.689115245097485,2.95409891738935,1.92182455031078e-65,1.92182455031078e-65,NA,"tags=76%, list=22%, signal=61%",507
"B12_1_5x_up","B12_1_5x_up","CRPCvsNormal","CRPC vs Normal","MVB12A",0.0652420679528372,7186,0.396983491461841,0.497823730265137,"No",FALSE,507,0.689115245097485,2.95409891738935,1.92182455031078e-65,1.92182455031078e-65,NA,"tags=76%, list=22%, signal=61%",507
"B12_1_5x_up","B12_1_5x_up","CRPCvsNormal","CRPC vs Normal","BBS5",0.0651589597711912,7188,0.235064910421952,0.325773570088571,"No",FALSE,507,0.689115245097485,2.95409891738935,1.92182455031078e-65,1.92182455031078e-65,NA,"tags=76%, list=22%, signal=61%",507
"B12_1_5x_up","B12_1_5x_up","CRPCvsNormal","CRPC vs Normal","TMEM121",0.0561755362131158,7397,0.658531725798158,0.740139090784467,"No",FALSE,507,0.689115245097485,2.95409891738935,1.92182455031078e-65,1.92182455031078e-65,NA,"tags=76%, list=22%, signal=61%",507
"B12_1_5x_up","B12_1_5x_up","CRPCvsNormal","CRPC vs Normal","ISY1",0.0529337339037843,7482,0.384485487098551,0.485282746499595,"No",FALSE,507,0.689115245097485,2.95409891738935,1.92182455031078e-65,1.92182455031078e-65,NA,"tags=76%, list=22%, signal=61%",507
"B12_1_5x_up","B12_1_5x_up","CRPCvsNormal","CRPC vs Normal","CAPS",0.0509153402673257,7520,0.74764741503123,0.811343137058011,"No",FALSE,507,0.689115245097485,2.95409891738935,1.92182455031078e-65,1.92182455031078e-65,NA,"tags=76%, list=22%, signal=61%",507
"B12_1_5x_up","B12_1_5x_up","CRPCvsNormal","CRPC vs Normal","REM2",0.034919392053029,7913,0.398396420210514,0.499150079673863,"No",FALSE,507,0.689115245097485,2.95409891738935,1.92182455031078e-65,1.92182455031078e-65,NA,"tags=76%, list=22%, signal=61%",507
"B12_1_5x_up","B12_1_5x_up","CRPCvsNormal","CRPC vs Normal","MT-CO1",0.0341185390770988,7952,0.859229971503998,0.899821961901847,"No",FALSE,507,0.689115245097485,2.95409891738935,1.92182455031078e-65,1.92182455031078e-65,NA,"tags=76%, list=22%, signal=61%",507
"B12_1_5x_up","B12_1_5x_up","CRPCvsNormal","CRPC vs Normal","NENF",0.0288223760641921,8099,0.795226814834323,0.850346153832323,"No",FALSE,507,0.689115245097485,2.95409891738935,1.92182455031078e-65,1.92182455031078e-65,NA,"tags=76%, list=22%, signal=61%",507
"B12_1_5x_up","B12_1_5x_up","CRPCvsNormal","CRPC vs Normal","PHLDA2",0.0250427935704307,8210,0.918645991812772,0.943620552686491,"No",FALSE,507,0.689115245097485,2.95409891738935,1.92182455031078e-65,1.92182455031078e-65,NA,"tags=76%, list=22%, signal=61%",507
"B12_1_5x_up","B12_1_5x_up","CRPCvsNormal","CRPC vs Normal","ARL2",0.0213645982542792,8340,0.84529986654239,0.889329247256526,"No",FALSE,507,0.689115245097485,2.95409891738935,1.92182455031078e-65,1.92182455031078e-65,NA,"tags=76%, list=22%, signal=61%",507
"B12_1_5x_up","B12_1_5x_up","CRPCvsNormal","CRPC vs Normal","SLC25A11",0.0212035148308418,8345,0.7719817831871,0.831477047685333,"No",FALSE,507,0.689115245097485,2.95409891738935,1.92182455031078e-65,1.92182455031078e-65,NA,"tags=76%, list=22%, signal=61%",507
"B12_1_5x_up","B12_1_5x_up","CRPCvsNormal","CRPC vs Normal","SPRN",0.0115115424392621,8670,0.859728791853646,0.900241120843769,"No",FALSE,507,0.689115245097485,2.95409891738935,1.92182455031078e-65,1.92182455031078e-65,NA,"tags=76%, list=22%, signal=61%",507
"B12_1_5x_up","B12_1_5x_up","CRPCvsNormal","CRPC vs Normal","TRIM54",0.00849649903418237,8798,0.956537509453466,0.970026323988286,"No",FALSE,507,0.689115245097485,2.95409891738935,1.92182455031078e-65,1.92182455031078e-65,NA,"tags=76%, list=22%, signal=61%",507
"B12_1_5x_up","B12_1_5x_up","CRPCvsNormal","CRPC vs Normal","GAGE13",0.00214093774452973,9095,0.669833650443412,0.749366080127895,"No",FALSE,507,0.689115245097485,2.95409891738935,1.92182455031078e-65,1.92182455031078e-65,NA,"tags=76%, list=22%, signal=61%",507
"B12_1_5x_up","B12_1_5x_up","CRPCvsNormal","CRPC vs Normal","THAP3",0.00184777482155818,9114,0.97484145346181,0.982641906568811,"No",FALSE,507,0.689115245097485,2.95409891738935,1.92182455031078e-65,1.92182455031078e-65,NA,"tags=76%, list=22%, signal=61%",507
"B12_1_5x_up","B12_1_5x_up","CRPCvsNormal","CRPC vs Normal","MAGEA4",-0.0163055171025318,10428,0.00118507147113661,0.00326641247801138,"No",FALSE,507,0.689115245097485,2.95409891738935,1.92182455031078e-65,1.92182455031078e-65,NA,"tags=76%, list=22%, signal=61%",507
"B12_1_5x_up","B12_1_5x_up","CRPCvsNormal","CRPC vs Normal","TGFBR3L",-0.0180218641777402,10502,0.801228110880835,0.854961600265763,"No",FALSE,507,0.689115245097485,2.95409891738935,1.92182455031078e-65,1.92182455031078e-65,NA,"tags=76%, list=22%, signal=61%",507
"B12_1_5x_up","B12_1_5x_up","CRPCvsNormal","CRPC vs Normal","FDXR",-0.0250137160919466,10789,0.789258889019657,0.845697358293721,"No",FALSE,507,0.689115245097485,2.95409891738935,1.92182455031078e-65,1.92182455031078e-65,NA,"tags=76%, list=22%, signal=61%",507
"B12_1_5x_up","B12_1_5x_up","CRPCvsNormal","CRPC vs Normal","DHRS4L2",-0.0304348257198752,11008,0.736695664531279,0.802796981764011,"No",FALSE,507,0.689115245097485,2.95409891738935,1.92182455031078e-65,1.92182455031078e-65,NA,"tags=76%, list=22%, signal=61%",507
"B12_1_5x_up","B12_1_5x_up","CRPCvsNormal","CRPC vs Normal","KCNK7",-0.0367947537644637,11197,0.394274365134636,0.495262838516073,"No",FALSE,507,0.689115245097485,2.95409891738935,1.92182455031078e-65,1.92182455031078e-65,NA,"tags=76%, list=22%, signal=61%",507
"B12_1_5x_up","B12_1_5x_up","CRPCvsNormal","CRPC vs Normal","BTG1",-0.0397942461291683,11284,0.777381896446842,0.836075492994991,"No",FALSE,507,0.689115245097485,2.95409891738935,1.92182455031078e-65,1.92182455031078e-65,NA,"tags=76%, list=22%, signal=61%",507
"B12_1_5x_up","B12_1_5x_up","CRPCvsNormal","CRPC vs Normal","GALK1",-0.0446846623023389,11412,0.622861437531512,0.709389388823457,"No",FALSE,507,0.689115245097485,2.95409891738935,1.92182455031078e-65,1.92182455031078e-65,NA,"tags=76%, list=22%, signal=61%",507
"B12_1_5x_up","B12_1_5x_up","CRPCvsNormal","CRPC vs Normal","EBP",-0.0481590718855092,11517,0.795824540121334,0.850636728296347,"No",FALSE,507,0.689115245097485,2.95409891738935,1.92182455031078e-65,1.92182455031078e-65,NA,"tags=76%, list=22%, signal=61%",507
"B12_1_5x_up","B12_1_5x_up","CRPCvsNormal","CRPC vs Normal","CD63",-0.0521356179089221,11629,0.54579240046437,0.641328014595188,"No",FALSE,507,0.689115245097485,2.95409891738935,1.92182455031078e-65,1.92182455031078e-65,NA,"tags=76%, list=22%, signal=61%",507
"B12_1_5x_up","B12_1_5x_up","CRPCvsNormal","CRPC vs Normal","SELENOW",-0.0560437060074159,11716,0.660989493738125,0.742079538575329,"No",FALSE,507,0.689115245097485,2.95409891738935,1.92182455031078e-65,1.92182455031078e-65,NA,"tags=76%, list=22%, signal=61%",507
"B12_1_5x_up","B12_1_5x_up","CRPCvsNormal","CRPC vs Normal","SPAG7",-0.0805511387503506,12240,0.26471936670536,0.358866257402412,"No",FALSE,507,0.689115245097485,2.95409891738935,1.92182455031078e-65,1.92182455031078e-65,NA,"tags=76%, list=22%, signal=61%",507
"B12_1_5x_up","B12_1_5x_up","CRPCvsNormal","CRPC vs Normal","CCDC28B",-0.0993083940493549,12633,0.221331720601165,0.310049362412606,"No",FALSE,507,0.689115245097485,2.95409891738935,1.92182455031078e-65,1.92182455031078e-65,NA,"tags=76%, list=22%, signal=61%",507
"B12_1_5x_up","B12_1_5x_up","CRPCvsNormal","CRPC vs Normal","DDX19A",-0.0998457568634976,12642,0.0475186764881561,0.0841469844626911,"No",FALSE,507,0.689115245097485,2.95409891738935,1.92182455031078e-65,1.92182455031078e-65,NA,"tags=76%, list=22%, signal=61%",507
"B12_1_5x_up","B12_1_5x_up","CRPCvsNormal","CRPC vs Normal","HPR",-0.11246730725872,12882,0.517628219333517,0.615319344939868,"No",FALSE,507,0.689115245097485,2.95409891738935,1.92182455031078e-65,1.92182455031078e-65,NA,"tags=76%, list=22%, signal=61%",507
"B12_1_5x_up","B12_1_5x_up","CRPCvsNormal","CRPC vs Normal","SIVA1",-0.114810701782954,12927,0.224584566374857,0.314132911356394,"No",FALSE,507,0.689115245097485,2.95409891738935,1.92182455031078e-65,1.92182455031078e-65,NA,"tags=76%, list=22%, signal=61%",507
"B12_1_5x_up","B12_1_5x_up","CRPCvsNormal","CRPC vs Normal","LTB4R",-0.146771280719713,13427,0.258017943275344,0.351529481007491,"No",FALSE,507,0.689115245097485,2.95409891738935,1.92182455031078e-65,1.92182455031078e-65,NA,"tags=76%, list=22%, signal=61%",507
"B12_1_5x_up","B12_1_5x_up","CRPCvsNormal","CRPC vs Normal","GSTO1",-0.189844694675098,14057,0.0840634600470569,0.137294631725639,"No",FALSE,507,0.689115245097485,2.95409891738935,1.92182455031078e-65,1.92182455031078e-65,NA,"tags=76%, list=22%, signal=61%",507
"B12_1_5x_up","B12_1_5x_up","CRPCvsNormal","CRPC vs Normal","MT1X",-0.191880330575874,14090,0.41200246041593,0.513147595589209,"No",FALSE,507,0.689115245097485,2.95409891738935,1.92182455031078e-65,1.92182455031078e-65,NA,"tags=76%, list=22%, signal=61%",507
"B12_1_5x_up","B12_1_5x_up","CRPCvsNormal","CRPC vs Normal","CST3",-0.202835317051271,14239,0.0389338542896716,0.0706994514817716,"No",FALSE,507,0.689115245097485,2.95409891738935,1.92182455031078e-65,1.92182455031078e-65,NA,"tags=76%, list=22%, signal=61%",507
"B12_1_5x_up","B12_1_5x_up","CRPCvsNormal","CRPC vs Normal","EIF5B",-0.222365176719504,14474,0.0281479905767819,0.0530873717992255,"No",FALSE,507,0.689115245097485,2.95409891738935,1.92182455031078e-65,1.92182455031078e-65,NA,"tags=76%, list=22%, signal=61%",507
"B12_1_5x_up","B12_1_5x_up","CRPCvsNormal","CRPC vs Normal","TNNC2",-0.2246688376477,14506,0.471066877793886,0.571045101525294,"No",FALSE,507,0.689115245097485,2.95409891738935,1.92182455031078e-65,1.92182455031078e-65,NA,"tags=76%, list=22%, signal=61%",507
"B12_1_5x_up","B12_1_5x_up","CRPCvsNormal","CRPC vs Normal","LYPD3",-0.22841058811336,14545,0.379636502612009,0.480324191778829,"No",FALSE,507,0.689115245097485,2.95409891738935,1.92182455031078e-65,1.92182455031078e-65,NA,"tags=76%, list=22%, signal=61%",507
"B12_1_5x_up","B12_1_5x_up","CRPCvsNormal","CRPC vs Normal","CEBPB",-0.231538642566519,14585,0.162758294731228,0.23986953457807,"No",FALSE,507,0.689115245097485,2.95409891738935,1.92182455031078e-65,1.92182455031078e-65,NA,"tags=76%, list=22%, signal=61%",507
"B12_1_5x_up","B12_1_5x_up","CRPCvsNormal","CRPC vs Normal","SOCS1",-0.250466046719302,14758,0.0790861667144593,0.129944042566008,"No",FALSE,507,0.689115245097485,2.95409891738935,1.92182455031078e-65,1.92182455031078e-65,NA,"tags=76%, list=22%, signal=61%",507
"B12_1_5x_up","B12_1_5x_up","CRPCvsNormal","CRPC vs Normal","LY6E",-0.312929550640141,15336,0.0558095379557375,0.0964534979940865,"No",FALSE,507,0.689115245097485,2.95409891738935,1.92182455031078e-65,1.92182455031078e-65,NA,"tags=76%, list=22%, signal=61%",507
"B12_1_5x_up","B12_1_5x_up","CRPCvsNormal","CRPC vs Normal","ALDH4A1",-0.34554805871598,15574,0.0196606644912308,0.0388717064718467,"No",FALSE,507,0.689115245097485,2.95409891738935,1.92182455031078e-65,1.92182455031078e-65,NA,"tags=76%, list=22%, signal=61%",507
"B12_1_5x_up","B12_1_5x_up","CRPCvsNormal","CRPC vs Normal","SULT2B1",-0.351760010730485,15622,0.110765613644932,0.173788412544093,"No",FALSE,507,0.689115245097485,2.95409891738935,1.92182455031078e-65,1.92182455031078e-65,NA,"tags=76%, list=22%, signal=61%",507
"B12_1_5x_up","B12_1_5x_up","CRPCvsNormal","CRPC vs Normal","PSCA",-0.397205591312769,15932,0.440729213482699,0.541491882254321,"No",FALSE,507,0.689115245097485,2.95409891738935,1.92182455031078e-65,1.92182455031078e-65,NA,"tags=76%, list=22%, signal=61%",507
"B12_1_5x_up","B12_1_5x_up","CRPCvsNormal","CRPC vs Normal","SREK1IP1",-0.407332239480258,16002,2.9946320044994e-05,0.000123281379747996,"No",FALSE,507,0.689115245097485,2.95409891738935,1.92182455031078e-65,1.92182455031078e-65,NA,"tags=76%, list=22%, signal=61%",507
"B12_1_5x_up","B12_1_5x_up","CRPCvsNormal","CRPC vs Normal","MT1F",-0.407756908976411,16003,0.108042280548697,0.170129335905388,"No",FALSE,507,0.689115245097485,2.95409891738935,1.92182455031078e-65,1.92182455031078e-65,NA,"tags=76%, list=22%, signal=61%",507
"B12_1_5x_up","B12_1_5x_up","CRPCvsNormal","CRPC vs Normal","TMEM107",-0.4283133780047,16128,5.29481556105171e-08,4.34674611407508e-07,"No",FALSE,507,0.689115245097485,2.95409891738935,1.92182455031078e-65,1.92182455031078e-65,NA,"tags=76%, list=22%, signal=61%",507
"B12_1_5x_up","B12_1_5x_up","CRPCvsNormal","CRPC vs Normal","MT-ND6",-0.443418284132791,16217,0.0220263044451615,0.0429429476993617,"No",FALSE,507,0.689115245097485,2.95409891738935,1.92182455031078e-65,1.92182455031078e-65,NA,"tags=76%, list=22%, signal=61%",507
"B12_1_5x_up","B12_1_5x_up","CRPCvsNormal","CRPC vs Normal","CITED4",-0.488130221745499,16447,0.00339023372712216,0.00830775546815311,"No",FALSE,507,0.689115245097485,2.95409891738935,1.92182455031078e-65,1.92182455031078e-65,NA,"tags=76%, list=22%, signal=61%",507
"B12_1_5x_up","B12_1_5x_up","CRPCvsNormal","CRPC vs Normal","MT1G",-0.62032806746874,16950,0.131757246670982,0.201244072890055,"No",FALSE,507,0.689115245097485,2.95409891738935,1.92182455031078e-65,1.92182455031078e-65,NA,"tags=76%, list=22%, signal=61%",507
"B12_1_5x_up","B12_1_5x_up","CRPCvsNormal","CRPC vs Normal","PITX1",-0.641636811750745,17024,0.00572486152746596,0.0131783642924629,"No",FALSE,507,0.689115245097485,2.95409891738935,1.92182455031078e-65,1.92182455031078e-65,NA,"tags=76%, list=22%, signal=61%",507
"B12_1_5x_up","B12_1_5x_up","CRPCvsNormal","CRPC vs Normal","TIMP1",-0.645056432318988,17046,0.000201137867745936,0.000674125558210508,"No",FALSE,507,0.689115245097485,2.95409891738935,1.92182455031078e-65,1.92182455031078e-65,NA,"tags=76%, list=22%, signal=61%",507
"B12_1_5x_up","B12_1_5x_up","CRPCvsNormal","CRPC vs Normal","SFN",-0.672366041356725,17127,0.0987538028064528,0.15763671782423,"No",FALSE,507,0.689115245097485,2.95409891738935,1.92182455031078e-65,1.92182455031078e-65,NA,"tags=76%, list=22%, signal=61%",507
"B12_1_5x_up","B12_1_5x_up","CRPCvsNormal","CRPC vs Normal","KCTD17",-0.719390322922399,17273,8.65140796782652e-09,8.86296230736507e-08,"No",FALSE,507,0.689115245097485,2.95409891738935,1.92182455031078e-65,1.92182455031078e-65,NA,"tags=76%, list=22%, signal=61%",507
"B12_1_5x_up","B12_1_5x_up","CRPCvsNormal","CRPC vs Normal","CFD",-0.879455811907531,17623,0.00203901251434532,0.00529945967373814,"No",FALSE,507,0.689115245097485,2.95409891738935,1.92182455031078e-65,1.92182455031078e-65,NA,"tags=76%, list=22%, signal=61%",507
"B12_1_5x_up","B12_1_5x_up","CRPCvsNormal","CRPC vs Normal","CDKN1C",-0.890148497741964,17644,1.84501204453205e-12,5.66661074975377e-11,"No",FALSE,507,0.689115245097485,2.95409891738935,1.92182455031078e-65,1.92182455031078e-65,NA,"tags=76%, list=22%, signal=61%",507
"B12_1_5x_up","B12_1_5x_up","CRPCvsNormal","CRPC vs Normal","GAS6",-0.921345672657568,17694,6.09272574996094e-09,6.48936068793717e-08,"No",FALSE,507,0.689115245097485,2.95409891738935,1.92182455031078e-65,1.92182455031078e-65,NA,"tags=76%, list=22%, signal=61%",507
"B12_1_5x_up","B12_1_5x_up","CRPCvsNormal","CRPC vs Normal","TUBA4A",-1.01121333245389,17829,6.48619030335493e-08,5.19862887587017e-07,"No",FALSE,507,0.689115245097485,2.95409891738935,1.92182455031078e-65,1.92182455031078e-65,NA,"tags=76%, list=22%, signal=61%",507
"B12_1_5x_up","B12_1_5x_up","CRPCvsNormal","CRPC vs Normal","TMEM158",-1.06503822342488,17895,4.26560568013115e-07,2.72813562161329e-06,"No",FALSE,507,0.689115245097485,2.95409891738935,1.92182455031078e-65,1.92182455031078e-65,NA,"tags=76%, list=22%, signal=61%",507
"B12_1_5x_up","B12_1_5x_up","CRPCvsNormal","CRPC vs Normal","C1QL1",-1.08502686836383,17907,4.58617837964886e-08,3.8234200950555e-07,"No",FALSE,507,0.689115245097485,2.95409891738935,1.92182455031078e-65,1.92182455031078e-65,NA,"tags=76%, list=22%, signal=61%",507
"B12_1_5x_up","B12_1_5x_up","CRPCvsNormal","CRPC vs Normal","S100A4",-1.15950838180587,17988,5.87752363778622e-05,0.000224741148770783,"No",FALSE,507,0.689115245097485,2.95409891738935,1.92182455031078e-65,1.92182455031078e-65,NA,"tags=76%, list=22%, signal=61%",507
"B12_1_5x_up","B12_1_5x_up","CRPCvsNormal","CRPC vs Normal","SNCG",-1.77113908225576,18238,1.87079186062704e-14,1.0917534864605e-12,"No",FALSE,507,0.689115245097485,2.95409891738935,1.92182455031078e-65,1.92182455031078e-65,NA,"tags=76%, list=22%, signal=61%",507
