"GSEA_ID","Description","background","background_label","Gene","log2FC","rank","core_enrichment","background_pvalue","background_p.adjust","setSize","enrichmentScore","NES","GSEA_pvalue","GSEA_p.adjust","qvalue","leading_edge","matched_genes"
"BB3_all","BB3_all","CRPCvsHSPC","CRPC vs HSPC","AR",0.771203090379355,22,TRUE,8.40097698181967e-05,0.0274126879265698,505,0.357991574923809,1.36162312968613,0.0450710479573712,0.0450710479573712,NA,"tags=32%, list=21%, signal=26%",505
"BB3_all","BB3_all","CRPCvsHSPC","CRPC vs HSPC","FASN",0.494048182559196,35,TRUE,0.0066513429667607,0.573301839771785,505,0.357991574923809,1.36162312968613,0.0450710479573712,0.0450710479573712,NA,"tags=32%, list=21%, signal=26%",505
"BB3_all","BB3_all","CRPCvsHSPC","CRPC vs HSPC","FKBP5",0.485000129248039,38,TRUE,0.00056713011852063,0.136357482312204,505,0.357991574923809,1.36162312968613,0.0450710479573712,0.0450710479573712,NA,"tags=32%, list=21%, signal=26%",505
"BB3_all","BB3_all","CRPCvsHSPC","CRPC vs HSPC","AKAP12",0.330650689090275,91,TRUE,0.0220654625902641,0.843403251480126,505,0.357991574923809,1.36162312968613,0.0450710479573712,0.0450710479573712,NA,"tags=32%, list=21%, signal=26%",505
"BB3_all","BB3_all","CRPCvsHSPC","CRPC vs HSPC","MAOA",0.306682961123469,113,TRUE,0.079623503185066,0.961953958507263,505,0.357991574923809,1.36162312968613,0.0450710479573712,0.0450710479573712,NA,"tags=32%, list=21%, signal=26%",505
"BB3_all","BB3_all","CRPCvsHSPC","CRPC vs HSPC","ACSL3",0.299300342005483,119,TRUE,0.0397711726036012,0.938054891599708,505,0.357991574923809,1.36162312968613,0.0450710479573712,0.0450710479573712,NA,"tags=32%, list=21%, signal=26%",505
"BB3_all","BB3_all","CRPCvsHSPC","CRPC vs HSPC","TNNC1",0.284832370356303,131,TRUE,0.215598823917552,0.961953958507263,505,0.357991574923809,1.36162312968613,0.0450710479573712,0.0450710479573712,NA,"tags=32%, list=21%, signal=26%",505
"BB3_all","BB3_all","CRPCvsHSPC","CRPC vs HSPC","UPK3A",0.269717043496184,151,TRUE,0.203408674487983,0.961953958507263,505,0.357991574923809,1.36162312968613,0.0450710479573712,0.0450710479573712,NA,"tags=32%, list=21%, signal=26%",505
"BB3_all","BB3_all","CRPCvsHSPC","CRPC vs HSPC","KCNH2",0.267444137266668,154,TRUE,0.0353663537652845,0.919231625478351,505,0.357991574923809,1.36162312968613,0.0450710479573712,0.0450710479573712,NA,"tags=32%, list=21%, signal=26%",505
"BB3_all","BB3_all","CRPCvsHSPC","CRPC vs HSPC","ZBTB16",0.26390214049293,161,TRUE,0.0647357043054688,0.961953958507263,505,0.357991574923809,1.36162312968613,0.0450710479573712,0.0450710479573712,NA,"tags=32%, list=21%, signal=26%",505
"BB3_all","BB3_all","CRPCvsHSPC","CRPC vs HSPC","NFIC",0.239652661150015,205,TRUE,0.00622119278142796,0.563189386178402,505,0.357991574923809,1.36162312968613,0.0450710479573712,0.0450710479573712,NA,"tags=32%, list=21%, signal=26%",505
"BB3_all","BB3_all","CRPCvsHSPC","CRPC vs HSPC","DDX21",0.236809488498032,210,TRUE,0.0166317702611209,0.834475471687762,505,0.357991574923809,1.36162312968613,0.0450710479573712,0.0450710479573712,NA,"tags=32%, list=21%, signal=26%",505
"BB3_all","BB3_all","CRPCvsHSPC","CRPC vs HSPC","ALDH1B1",0.217810549408447,257,TRUE,0.00829705021660837,0.641543888195339,505,0.357991574923809,1.36162312968613,0.0450710479573712,0.0450710479573712,NA,"tags=32%, list=21%, signal=26%",505
"BB3_all","BB3_all","CRPCvsHSPC","CRPC vs HSPC","KIAA1549",0.217180864292652,260,TRUE,0.019168067938222,0.843403251480126,505,0.357991574923809,1.36162312968613,0.0450710479573712,0.0450710479573712,NA,"tags=32%, list=21%, signal=26%",505
"BB3_all","BB3_all","CRPCvsHSPC","CRPC vs HSPC","PLXNB3",0.211871040731992,277,TRUE,0.0668616336218374,0.961953958507263,505,0.357991574923809,1.36162312968613,0.0450710479573712,0.0450710479573712,NA,"tags=32%, list=21%, signal=26%",505
"BB3_all","BB3_all","CRPCvsHSPC","CRPC vs HSPC","FBXO2",0.211184984135245,279,TRUE,0.0987349380678917,0.961953958507263,505,0.357991574923809,1.36162312968613,0.0450710479573712,0.0450710479573712,NA,"tags=32%, list=21%, signal=26%",505
"BB3_all","BB3_all","CRPCvsHSPC","CRPC vs HSPC","NEK6",0.205481107260323,303,TRUE,0.0272578655539366,0.865497709203493,505,0.357991574923809,1.36162312968613,0.0450710479573712,0.0450710479573712,NA,"tags=32%, list=21%, signal=26%",505
"BB3_all","BB3_all","CRPCvsHSPC","CRPC vs HSPC","PRKAR2A",0.203741557456625,311,TRUE,0.00313295544146878,0.412000940740952,505,0.357991574923809,1.36162312968613,0.0450710479573712,0.0450710479573712,NA,"tags=32%, list=21%, signal=26%",505
"BB3_all","BB3_all","CRPCvsHSPC","CRPC vs HSPC","MGST1",0.202605079052546,316,TRUE,0.309578868516235,0.961953958507263,505,0.357991574923809,1.36162312968613,0.0450710479573712,0.0450710479573712,NA,"tags=32%, list=21%, signal=26%",505
"BB3_all","BB3_all","CRPCvsHSPC","CRPC vs HSPC","GTF2I",0.199237795729545,331,TRUE,0.0216106518898917,0.843403251480126,505,0.357991574923809,1.36162312968613,0.0450710479573712,0.0450710479573712,NA,"tags=32%, list=21%, signal=26%",505
"BB3_all","BB3_all","CRPCvsHSPC","CRPC vs HSPC","EDA",0.183876106266726,397,TRUE,0.0892265331117652,0.961953958507263,505,0.357991574923809,1.36162312968613,0.0450710479573712,0.0450710479573712,NA,"tags=32%, list=21%, signal=26%",505
"BB3_all","BB3_all","CRPCvsHSPC","CRPC vs HSPC","HLTF",0.180918834942912,409,TRUE,0.109131292351977,0.961953958507263,505,0.357991574923809,1.36162312968613,0.0450710479573712,0.0450710479573712,NA,"tags=32%, list=21%, signal=26%",505
"BB3_all","BB3_all","CRPCvsHSPC","CRPC vs HSPC","KLK15",0.17045608251431,474,TRUE,0.252391950964813,0.961953958507263,505,0.357991574923809,1.36162312968613,0.0450710479573712,0.0450710479573712,NA,"tags=32%, list=21%, signal=26%",505
"BB3_all","BB3_all","CRPCvsHSPC","CRPC vs HSPC","RMND5A",0.165649952111138,506,TRUE,0.0137843754474268,0.779322151304911,505,0.357991574923809,1.36162312968613,0.0450710479573712,0.0450710479573712,NA,"tags=32%, list=21%, signal=26%",505
"BB3_all","BB3_all","CRPCvsHSPC","CRPC vs HSPC","ZNF770",0.164842341459041,515,TRUE,0.142976279324987,0.961953958507263,505,0.357991574923809,1.36162312968613,0.0450710479573712,0.0450710479573712,NA,"tags=32%, list=21%, signal=26%",505
"BB3_all","BB3_all","CRPCvsHSPC","CRPC vs HSPC","RHBDD2",0.162191408538159,537,TRUE,0.0458087362100427,0.954822705704888,505,0.357991574923809,1.36162312968613,0.0450710479573712,0.0450710479573712,NA,"tags=32%, list=21%, signal=26%",505
"BB3_all","BB3_all","CRPCvsHSPC","CRPC vs HSPC","CADPS2",0.161408401657273,551,TRUE,0.108331852695361,0.961953958507263,505,0.357991574923809,1.36162312968613,0.0450710479573712,0.0450710479573712,NA,"tags=32%, list=21%, signal=26%",505
"BB3_all","BB3_all","CRPCvsHSPC","CRPC vs HSPC","PTPRF",0.161351298400356,552,TRUE,0.111718299601349,0.961953958507263,505,0.357991574923809,1.36162312968613,0.0450710479573712,0.0450710479573712,NA,"tags=32%, list=21%, signal=26%",505
"BB3_all","BB3_all","CRPCvsHSPC","CRPC vs HSPC","RPL3L",0.159038577423161,563,TRUE,0.0842201653403925,0.961953958507263,505,0.357991574923809,1.36162312968613,0.0450710479573712,0.0450710479573712,NA,"tags=32%, list=21%, signal=26%",505
"BB3_all","BB3_all","CRPCvsHSPC","CRPC vs HSPC","MLEC",0.155422141962688,595,TRUE,0.0641663078289775,0.961953958507263,505,0.357991574923809,1.36162312968613,0.0450710479573712,0.0450710479573712,NA,"tags=32%, list=21%, signal=26%",505
"BB3_all","BB3_all","CRPCvsHSPC","CRPC vs HSPC","BMI1",0.154459886736048,602,TRUE,0.0222956576532718,0.843403251480126,505,0.357991574923809,1.36162312968613,0.0450710479573712,0.0450710479573712,NA,"tags=32%, list=21%, signal=26%",505
"BB3_all","BB3_all","CRPCvsHSPC","CRPC vs HSPC","KMT2E",0.153209024016457,616,TRUE,0.0551761224868413,0.961137546427122,505,0.357991574923809,1.36162312968613,0.0450710479573712,0.0450710479573712,NA,"tags=32%, list=21%, signal=26%",505
"BB3_all","BB3_all","CRPCvsHSPC","CRPC vs HSPC","LDLR",0.151925343044442,630,TRUE,0.238289606875274,0.961953958507263,505,0.357991574923809,1.36162312968613,0.0450710479573712,0.0450710479573712,NA,"tags=32%, list=21%, signal=26%",505
"BB3_all","BB3_all","CRPCvsHSPC","CRPC vs HSPC","SPG11",0.150662125505167,640,TRUE,0.0622022376866013,0.961953958507263,505,0.357991574923809,1.36162312968613,0.0450710479573712,0.0450710479573712,NA,"tags=32%, list=21%, signal=26%",505
"BB3_all","BB3_all","CRPCvsHSPC","CRPC vs HSPC","SLC25A23",0.145765966039779,699,TRUE,0.0724847847864682,0.961953958507263,505,0.357991574923809,1.36162312968613,0.0450710479573712,0.0450710479573712,NA,"tags=32%, list=21%, signal=26%",505
"BB3_all","BB3_all","CRPCvsHSPC","CRPC vs HSPC","RAB10",0.144192052206958,716,TRUE,0.0376371717858933,0.926605171946301,505,0.357991574923809,1.36162312968613,0.0450710479573712,0.0450710479573712,NA,"tags=32%, list=21%, signal=26%",505
"BB3_all","BB3_all","CRPCvsHSPC","CRPC vs HSPC","FKBP4",0.140397985189584,759,TRUE,0.111156036909985,0.961953958507263,505,0.357991574923809,1.36162312968613,0.0450710479573712,0.0450710479573712,NA,"tags=32%, list=21%, signal=26%",505
"BB3_all","BB3_all","CRPCvsHSPC","CRPC vs HSPC","ZKSCAN1",0.137557915025669,807,TRUE,0.0962728516085765,0.961953958507263,505,0.357991574923809,1.36162312968613,0.0450710479573712,0.0450710479573712,NA,"tags=32%, list=21%, signal=26%",505
"BB3_all","BB3_all","CRPCvsHSPC","CRPC vs HSPC","WDR43",0.135894904458693,835,TRUE,0.0254894936971617,0.843403251480126,505,0.357991574923809,1.36162312968613,0.0450710479573712,0.0450710479573712,NA,"tags=32%, list=21%, signal=26%",505
"BB3_all","BB3_all","CRPCvsHSPC","CRPC vs HSPC","ME2",0.134634384235732,849,TRUE,0.0192532130299242,0.843403251480126,505,0.357991574923809,1.36162312968613,0.0450710479573712,0.0450710479573712,NA,"tags=32%, list=21%, signal=26%",505
"BB3_all","BB3_all","CRPCvsHSPC","CRPC vs HSPC","DIAPH2",0.132204014807753,888,TRUE,0.0809760691598107,0.961953958507263,505,0.357991574923809,1.36162312968613,0.0450710479573712,0.0450710479573712,NA,"tags=32%, list=21%, signal=26%",505
"BB3_all","BB3_all","CRPCvsHSPC","CRPC vs HSPC","LRP5",0.130943052231337,911,TRUE,0.141052779917442,0.961953958507263,505,0.357991574923809,1.36162312968613,0.0450710479573712,0.0450710479573712,NA,"tags=32%, list=21%, signal=26%",505
"BB3_all","BB3_all","CRPCvsHSPC","CRPC vs HSPC","HES1",0.12779095533419,964,TRUE,0.325277182133369,0.961953958507263,505,0.357991574923809,1.36162312968613,0.0450710479573712,0.0450710479573712,NA,"tags=32%, list=21%, signal=26%",505
"BB3_all","BB3_all","CRPCvsHSPC","CRPC vs HSPC","TRRAP",0.12680441995335,988,TRUE,0.108599879206506,0.961953958507263,505,0.357991574923809,1.36162312968613,0.0450710479573712,0.0450710479573712,NA,"tags=32%, list=21%, signal=26%",505
"BB3_all","BB3_all","CRPCvsHSPC","CRPC vs HSPC","PPP2R2C",0.122707048603184,1061,TRUE,0.34710558475164,0.961953958507263,505,0.357991574923809,1.36162312968613,0.0450710479573712,0.0450710479573712,NA,"tags=32%, list=21%, signal=26%",505
"BB3_all","BB3_all","CRPCvsHSPC","CRPC vs HSPC","RREB1",0.121113401242994,1096,TRUE,0.0746149928421103,0.961953958507263,505,0.357991574923809,1.36162312968613,0.0450710479573712,0.0450710479573712,NA,"tags=32%, list=21%, signal=26%",505
"BB3_all","BB3_all","CRPCvsHSPC","CRPC vs HSPC","PRR15L",0.120962104521026,1104,TRUE,0.337688146471791,0.961953958507263,505,0.357991574923809,1.36162312968613,0.0450710479573712,0.0450710479573712,NA,"tags=32%, list=21%, signal=26%",505
"BB3_all","BB3_all","CRPCvsHSPC","CRPC vs HSPC","EARS2",0.120704056622816,1107,TRUE,0.0589176445713515,0.961953958507263,505,0.357991574923809,1.36162312968613,0.0450710479573712,0.0450710479573712,NA,"tags=32%, list=21%, signal=26%",505
"BB3_all","BB3_all","CRPCvsHSPC","CRPC vs HSPC","ALDH2",0.120177779575765,1117,TRUE,0.392785190634232,0.962613387123402,505,0.357991574923809,1.36162312968613,0.0450710479573712,0.0450710479573712,NA,"tags=32%, list=21%, signal=26%",505
"BB3_all","BB3_all","CRPCvsHSPC","CRPC vs HSPC","NCAPD3",0.119232774790787,1135,TRUE,0.554628160712382,0.972817794316773,505,0.357991574923809,1.36162312968613,0.0450710479573712,0.0450710479573712,NA,"tags=32%, list=21%, signal=26%",505
"BB3_all","BB3_all","CRPCvsHSPC","CRPC vs HSPC","ASAP2",0.119071641410266,1139,TRUE,0.183721169003327,0.961953958507263,505,0.357991574923809,1.36162312968613,0.0450710479573712,0.0450710479573712,NA,"tags=32%, list=21%, signal=26%",505
"BB3_all","BB3_all","CRPCvsHSPC","CRPC vs HSPC","FEM1A",0.1187322066837,1147,TRUE,0.00540521128443009,0.531018418281672,505,0.357991574923809,1.36162312968613,0.0450710479573712,0.0450710479573712,NA,"tags=32%, list=21%, signal=26%",505
"BB3_all","BB3_all","CRPCvsHSPC","CRPC vs HSPC","GATM",0.115306308828906,1228,TRUE,0.367380339131251,0.961953958507263,505,0.357991574923809,1.36162312968613,0.0450710479573712,0.0450710479573712,NA,"tags=32%, list=21%, signal=26%",505
"BB3_all","BB3_all","CRPCvsHSPC","CRPC vs HSPC","RTF1",0.11240994697679,1301,TRUE,0.0393051091519683,0.935185233768121,505,0.357991574923809,1.36162312968613,0.0450710479573712,0.0450710479573712,NA,"tags=32%, list=21%, signal=26%",505
"BB3_all","BB3_all","CRPCvsHSPC","CRPC vs HSPC","GEMIN5",0.111490672990819,1325,TRUE,0.0443635848899494,0.954822705704888,505,0.357991574923809,1.36162312968613,0.0450710479573712,0.0450710479573712,NA,"tags=32%, list=21%, signal=26%",505
"BB3_all","BB3_all","CRPCvsHSPC","CRPC vs HSPC","PRKDC",0.111177593720224,1333,TRUE,0.279505473233527,0.961953958507263,505,0.357991574923809,1.36162312968613,0.0450710479573712,0.0450710479573712,NA,"tags=32%, list=21%, signal=26%",505
"BB3_all","BB3_all","CRPCvsHSPC","CRPC vs HSPC","LMBRD2",0.106949952463511,1449,TRUE,0.157912268341892,0.961953958507263,505,0.357991574923809,1.36162312968613,0.0450710479573712,0.0450710479573712,NA,"tags=32%, list=21%, signal=26%",505
"BB3_all","BB3_all","CRPCvsHSPC","CRPC vs HSPC","DDX3X",0.106591905095215,1465,TRUE,0.102142532410702,0.961953958507263,505,0.357991574923809,1.36162312968613,0.0450710479573712,0.0450710479573712,NA,"tags=32%, list=21%, signal=26%",505
"BB3_all","BB3_all","CRPCvsHSPC","CRPC vs HSPC","PRIMA1",0.105882180590652,1485,TRUE,0.323693506325375,0.961953958507263,505,0.357991574923809,1.36162312968613,0.0450710479573712,0.0450710479573712,NA,"tags=32%, list=21%, signal=26%",505
"BB3_all","BB3_all","CRPCvsHSPC","CRPC vs HSPC","RIOX2",0.105625981798701,1493,TRUE,0.107111622692901,0.961953958507263,505,0.357991574923809,1.36162312968613,0.0450710479573712,0.0450710479573712,NA,"tags=32%, list=21%, signal=26%",505
"BB3_all","BB3_all","CRPCvsHSPC","CRPC vs HSPC","AMER1",0.104829997773372,1515,TRUE,0.109072971843876,0.961953958507263,505,0.357991574923809,1.36162312968613,0.0450710479573712,0.0450710479573712,NA,"tags=32%, list=21%, signal=26%",505
"BB3_all","BB3_all","CRPCvsHSPC","CRPC vs HSPC","UQCR11",0.104575155257366,1523,TRUE,0.274207846118616,0.961953958507263,505,0.357991574923809,1.36162312968613,0.0450710479573712,0.0450710479573712,NA,"tags=32%, list=21%, signal=26%",505
"BB3_all","BB3_all","CRPCvsHSPC","CRPC vs HSPC","EEF2",0.104237822694579,1530,TRUE,0.235955348181967,0.961953958507263,505,0.357991574923809,1.36162312968613,0.0450710479573712,0.0450710479573712,NA,"tags=32%, list=21%, signal=26%",505
"BB3_all","BB3_all","CRPCvsHSPC","CRPC vs HSPC","BLCAP",0.103973724414116,1540,TRUE,0.102841779558827,0.961953958507263,505,0.357991574923809,1.36162312968613,0.0450710479573712,0.0450710479573712,NA,"tags=32%, list=21%, signal=26%",505
"BB3_all","BB3_all","CRPCvsHSPC","CRPC vs HSPC","SBDS",0.103915837707927,1547,TRUE,0.0586121149224076,0.961953958507263,505,0.357991574923809,1.36162312968613,0.0450710479573712,0.0450710479573712,NA,"tags=32%, list=21%, signal=26%",505
"BB3_all","BB3_all","CRPCvsHSPC","CRPC vs HSPC","RNF144B",0.102893123333667,1583,TRUE,0.369213843669395,0.961953958507263,505,0.357991574923809,1.36162312968613,0.0450710479573712,0.0450710479573712,NA,"tags=32%, list=21%, signal=26%",505
"BB3_all","BB3_all","CRPCvsHSPC","CRPC vs HSPC","RPRD1A",0.102858495730692,1586,TRUE,0.169889221426407,0.961953958507263,505,0.357991574923809,1.36162312968613,0.0450710479573712,0.0450710479573712,NA,"tags=32%, list=21%, signal=26%",505
"BB3_all","BB3_all","CRPCvsHSPC","CRPC vs HSPC","DDX18",0.102746468570786,1589,TRUE,0.100643336511865,0.961953958507263,505,0.357991574923809,1.36162312968613,0.0450710479573712,0.0450710479573712,NA,"tags=32%, list=21%, signal=26%",505
"BB3_all","BB3_all","CRPCvsHSPC","CRPC vs HSPC","C2CD2",0.102322321917212,1600,TRUE,0.14351935426389,0.961953958507263,505,0.357991574923809,1.36162312968613,0.0450710479573712,0.0450710479573712,NA,"tags=32%, list=21%, signal=26%",505
"BB3_all","BB3_all","CRPCvsHSPC","CRPC vs HSPC","FLII",0.101147474631075,1647,TRUE,0.109963800920611,0.961953958507263,505,0.357991574923809,1.36162312968613,0.0450710479573712,0.0450710479573712,NA,"tags=32%, list=21%, signal=26%",505
"BB3_all","BB3_all","CRPCvsHSPC","CRPC vs HSPC","PIGN",0.100535730754368,1663,TRUE,0.117429009196145,0.961953958507263,505,0.357991574923809,1.36162312968613,0.0450710479573712,0.0450710479573712,NA,"tags=32%, list=21%, signal=26%",505
"BB3_all","BB3_all","CRPCvsHSPC","CRPC vs HSPC","PLXNB2",0.0992431093701693,1705,TRUE,0.20950938178514,0.961953958507263,505,0.357991574923809,1.36162312968613,0.0450710479573712,0.0450710479573712,NA,"tags=32%, list=21%, signal=26%",505
"BB3_all","BB3_all","CRPCvsHSPC","CRPC vs HSPC","IBTK",0.0976236348300192,1753,TRUE,0.180613979785943,0.961953958507263,505,0.357991574923809,1.36162312968613,0.0450710479573712,0.0450710479573712,NA,"tags=32%, list=21%, signal=26%",505
"BB3_all","BB3_all","CRPCvsHSPC","CRPC vs HSPC","SOWAHC",0.0958528609857288,1816,TRUE,0.163661866413035,0.961953958507263,505,0.357991574923809,1.36162312968613,0.0450710479573712,0.0450710479573712,NA,"tags=32%, list=21%, signal=26%",505
"BB3_all","BB3_all","CRPCvsHSPC","CRPC vs HSPC","HMGCS2",0.0942019713530939,1869,TRUE,0.72823796260956,0.986064874486454,505,0.357991574923809,1.36162312968613,0.0450710479573712,0.0450710479573712,NA,"tags=32%, list=21%, signal=26%",505
"BB3_all","BB3_all","CRPCvsHSPC","CRPC vs HSPC","WASF2",0.0935326879853733,1903,TRUE,0.185820729150905,0.961953958507263,505,0.357991574923809,1.36162312968613,0.0450710479573712,0.0450710479573712,NA,"tags=32%, list=21%, signal=26%",505
"BB3_all","BB3_all","CRPCvsHSPC","CRPC vs HSPC","FAM169A",0.0933429391365077,1910,TRUE,0.144224366042065,0.961953958507263,505,0.357991574923809,1.36162312968613,0.0450710479573712,0.0450710479573712,NA,"tags=32%, list=21%, signal=26%",505
"BB3_all","BB3_all","CRPCvsHSPC","CRPC vs HSPC","TSPYL4",0.0930844538094231,1916,TRUE,0.313115247689248,0.961953958507263,505,0.357991574923809,1.36162312968613,0.0450710479573712,0.0450710479573712,NA,"tags=32%, list=21%, signal=26%",505
"BB3_all","BB3_all","CRPCvsHSPC","CRPC vs HSPC","ATG9A",0.0929994938611372,1920,TRUE,0.27011829923721,0.961953958507263,505,0.357991574923809,1.36162312968613,0.0450710479573712,0.0450710479573712,NA,"tags=32%, list=21%, signal=26%",505
"BB3_all","BB3_all","CRPCvsHSPC","CRPC vs HSPC","DYNLT3",0.09280903561298,1931,TRUE,0.236414747758761,0.961953958507263,505,0.357991574923809,1.36162312968613,0.0450710479573712,0.0450710479573712,NA,"tags=32%, list=21%, signal=26%",505
"BB3_all","BB3_all","CRPCvsHSPC","CRPC vs HSPC","MEAF6",0.0927964402525676,1933,TRUE,0.34166143554673,0.961953958507263,505,0.357991574923809,1.36162312968613,0.0450710479573712,0.0450710479573712,NA,"tags=32%, list=21%, signal=26%",505
"BB3_all","BB3_all","CRPCvsHSPC","CRPC vs HSPC","EMB",0.0912785437387926,1994,TRUE,0.422538459045125,0.962613387123402,505,0.357991574923809,1.36162312968613,0.0450710479573712,0.0450710479573712,NA,"tags=32%, list=21%, signal=26%",505
"BB3_all","BB3_all","CRPCvsHSPC","CRPC vs HSPC","SHANK2",0.0911239352988036,2003,TRUE,0.278776809027812,0.961953958507263,505,0.357991574923809,1.36162312968613,0.0450710479573712,0.0450710479573712,NA,"tags=32%, list=21%, signal=26%",505
"BB3_all","BB3_all","CRPCvsHSPC","CRPC vs HSPC","LCN2",0.090352154280827,2029,TRUE,0.764012439101842,0.988070096138049,505,0.357991574923809,1.36162312968613,0.0450710479573712,0.0450710479573712,NA,"tags=32%, list=21%, signal=26%",505
"BB3_all","BB3_all","CRPCvsHSPC","CRPC vs HSPC","RBAK",0.0900990599228635,2048,TRUE,0.102809017927148,0.961953958507263,505,0.357991574923809,1.36162312968613,0.0450710479573712,0.0450710479573712,NA,"tags=32%, list=21%, signal=26%",505
"BB3_all","BB3_all","CRPCvsHSPC","CRPC vs HSPC","SAPCD2",0.0899899823230301,2054,TRUE,0.378220457874005,0.961953958507263,505,0.357991574923809,1.36162312968613,0.0450710479573712,0.0450710479573712,NA,"tags=32%, list=21%, signal=26%",505
"BB3_all","BB3_all","CRPCvsHSPC","CRPC vs HSPC","WIZ",0.0893618975561843,2090,TRUE,0.190275904295032,0.961953958507263,505,0.357991574923809,1.36162312968613,0.0450710479573712,0.0450710479573712,NA,"tags=32%, list=21%, signal=26%",505
"BB3_all","BB3_all","CRPCvsHSPC","CRPC vs HSPC","NOS1AP",0.0892556299792493,2096,TRUE,0.105693901801545,0.961953958507263,505,0.357991574923809,1.36162312968613,0.0450710479573712,0.0450710479573712,NA,"tags=32%, list=21%, signal=26%",505
"BB3_all","BB3_all","CRPCvsHSPC","CRPC vs HSPC","FASTKD2",0.0889652826903076,2111,TRUE,0.353653557836782,0.961953958507263,505,0.357991574923809,1.36162312968613,0.0450710479573712,0.0450710479573712,NA,"tags=32%, list=21%, signal=26%",505
"BB3_all","BB3_all","CRPCvsHSPC","CRPC vs HSPC","WDR35",0.0888464758455143,2115,TRUE,0.128297198526072,0.961953958507263,505,0.357991574923809,1.36162312968613,0.0450710479573712,0.0450710479573712,NA,"tags=32%, list=21%, signal=26%",505
"BB3_all","BB3_all","CRPCvsHSPC","CRPC vs HSPC","IPO5",0.0886315962571604,2125,TRUE,0.16315634712707,0.961953958507263,505,0.357991574923809,1.36162312968613,0.0450710479573712,0.0450710479573712,NA,"tags=32%, list=21%, signal=26%",505
"BB3_all","BB3_all","CRPCvsHSPC","CRPC vs HSPC","PTGER4",0.0880576575831504,2148,TRUE,0.430344715415176,0.962613387123402,505,0.357991574923809,1.36162312968613,0.0450710479573712,0.0450710479573712,NA,"tags=32%, list=21%, signal=26%",505
"BB3_all","BB3_all","CRPCvsHSPC","CRPC vs HSPC","PSMD10",0.087860088896238,2155,TRUE,0.240204502121769,0.961953958507263,505,0.357991574923809,1.36162312968613,0.0450710479573712,0.0450710479573712,NA,"tags=32%, list=21%, signal=26%",505
"BB3_all","BB3_all","CRPCvsHSPC","CRPC vs HSPC","HSBP1L1",0.0869950380975903,2185,TRUE,0.425034219143876,0.962613387123402,505,0.357991574923809,1.36162312968613,0.0450710479573712,0.0450710479573712,NA,"tags=32%, list=21%, signal=26%",505
"BB3_all","BB3_all","CRPCvsHSPC","CRPC vs HSPC","TMA7",0.0866353409000729,2201,TRUE,0.387329152982517,0.961953958507263,505,0.357991574923809,1.36162312968613,0.0450710479573712,0.0450710479573712,NA,"tags=32%, list=21%, signal=26%",505
"BB3_all","BB3_all","CRPCvsHSPC","CRPC vs HSPC","MYO1C",0.0866062231260161,2205,TRUE,0.278581326228182,0.961953958507263,505,0.357991574923809,1.36162312968613,0.0450710479573712,0.0450710479573712,NA,"tags=32%, list=21%, signal=26%",505
"BB3_all","BB3_all","CRPCvsHSPC","CRPC vs HSPC","NAA15",0.0864620418663686,2212,TRUE,0.15081154277849,0.961953958507263,505,0.357991574923809,1.36162312968613,0.0450710479573712,0.0450710479573712,NA,"tags=32%, list=21%, signal=26%",505
"BB3_all","BB3_all","CRPCvsHSPC","CRPC vs HSPC","ISCU",0.0857526223361225,2243,TRUE,0.143654750617375,0.961953958507263,505,0.357991574923809,1.36162312968613,0.0450710479573712,0.0450710479573712,NA,"tags=32%, list=21%, signal=26%",505
"BB3_all","BB3_all","CRPCvsHSPC","CRPC vs HSPC","KTN1",0.0851629172652375,2277,TRUE,0.173297077115283,0.961953958507263,505,0.357991574923809,1.36162312968613,0.0450710479573712,0.0450710479573712,NA,"tags=32%, list=21%, signal=26%",505
"BB3_all","BB3_all","CRPCvsHSPC","CRPC vs HSPC","OSCP1",0.0847891745322875,2293,TRUE,0.195148659598651,0.961953958507263,505,0.357991574923809,1.36162312968613,0.0450710479573712,0.0450710479573712,NA,"tags=32%, list=21%, signal=26%",505
"BB3_all","BB3_all","CRPCvsHSPC","CRPC vs HSPC","DGAT2",0.0844438622788304,2309,TRUE,0.431849225447126,0.962613387123402,505,0.357991574923809,1.36162312968613,0.0450710479573712,0.0450710479573712,NA,"tags=32%, list=21%, signal=26%",505
"BB3_all","BB3_all","CRPCvsHSPC","CRPC vs HSPC","NOP9",0.083787865901757,2332,TRUE,0.187459822553918,0.961953958507263,505,0.357991574923809,1.36162312968613,0.0450710479573712,0.0450710479573712,NA,"tags=32%, list=21%, signal=26%",505
"BB3_all","BB3_all","CRPCvsHSPC","CRPC vs HSPC","MORC4",0.0830824473613427,2364,TRUE,0.264911907719953,0.961953958507263,505,0.357991574923809,1.36162312968613,0.0450710479573712,0.0450710479573712,NA,"tags=32%, list=21%, signal=26%",505
"BB3_all","BB3_all","CRPCvsHSPC","CRPC vs HSPC","MECP2",0.0820338233445024,2409,TRUE,0.160650768519286,0.961953958507263,505,0.357991574923809,1.36162312968613,0.0450710479573712,0.0450710479573712,NA,"tags=32%, list=21%, signal=26%",505
"BB3_all","BB3_all","CRPCvsHSPC","CRPC vs HSPC","ZFR",0.0815544605915868,2432,TRUE,0.18709044237131,0.961953958507263,505,0.357991574923809,1.36162312968613,0.0450710479573712,0.0450710479573712,NA,"tags=32%, list=21%, signal=26%",505
"BB3_all","BB3_all","CRPCvsHSPC","CRPC vs HSPC","SNX17",0.0810795476868593,2464,TRUE,0.147854654064754,0.961953958507263,505,0.357991574923809,1.36162312968613,0.0450710479573712,0.0450710479573712,NA,"tags=32%, list=21%, signal=26%",505
"BB3_all","BB3_all","CRPCvsHSPC","CRPC vs HSPC","POLR3E",0.0806072696372873,2484,TRUE,0.164219095503319,0.961953958507263,505,0.357991574923809,1.36162312968613,0.0450710479573712,0.0450710479573712,NA,"tags=32%, list=21%, signal=26%",505
"BB3_all","BB3_all","CRPCvsHSPC","CRPC vs HSPC","UQCRQ",0.0804129565459517,2493,TRUE,0.469720858285052,0.962613387123402,505,0.357991574923809,1.36162312968613,0.0450710479573712,0.0450710479573712,NA,"tags=32%, list=21%, signal=26%",505
"BB3_all","BB3_all","CRPCvsHSPC","CRPC vs HSPC","KBTBD11",0.0803890104351503,2496,TRUE,0.461910735877704,0.962613387123402,505,0.357991574923809,1.36162312968613,0.0450710479573712,0.0450710479573712,NA,"tags=32%, list=21%, signal=26%",505
"BB3_all","BB3_all","CRPCvsHSPC","CRPC vs HSPC","RB1CC1",0.0799641178266612,2521,TRUE,0.325199831091799,0.961953958507263,505,0.357991574923809,1.36162312968613,0.0450710479573712,0.0450710479573712,NA,"tags=32%, list=21%, signal=26%",505
"BB3_all","BB3_all","CRPCvsHSPC","CRPC vs HSPC","GPR27",0.0799096840090323,2524,TRUE,0.432814655493018,0.962613387123402,505,0.357991574923809,1.36162312968613,0.0450710479573712,0.0450710479573712,NA,"tags=32%, list=21%, signal=26%",505
"BB3_all","BB3_all","CRPCvsHSPC","CRPC vs HSPC","AVL9",0.0796867631811358,2534,TRUE,0.256550036002823,0.961953958507263,505,0.357991574923809,1.36162312968613,0.0450710479573712,0.0450710479573712,NA,"tags=32%, list=21%, signal=26%",505
"BB3_all","BB3_all","CRPCvsHSPC","CRPC vs HSPC","ANXA6",0.0795833312606096,2537,TRUE,0.493954570540558,0.965346771222386,505,0.357991574923809,1.36162312968613,0.0450710479573712,0.0450710479573712,NA,"tags=32%, list=21%, signal=26%",505
"BB3_all","BB3_all","CRPCvsHSPC","CRPC vs HSPC","C1orf210",0.0793169783919776,2548,TRUE,0.358498079663721,0.961953958507263,505,0.357991574923809,1.36162312968613,0.0450710479573712,0.0450710479573712,NA,"tags=32%, list=21%, signal=26%",505
"BB3_all","BB3_all","CRPCvsHSPC","CRPC vs HSPC","CSDE1",0.0787574320236724,2575,TRUE,0.164527904461379,0.961953958507263,505,0.357991574923809,1.36162312968613,0.0450710479573712,0.0450710479573712,NA,"tags=32%, list=21%, signal=26%",505
"BB3_all","BB3_all","CRPCvsHSPC","CRPC vs HSPC","ZNF561",0.0786080618357192,2583,TRUE,0.15077096541723,0.961953958507263,505,0.357991574923809,1.36162312968613,0.0450710479573712,0.0450710479573712,NA,"tags=32%, list=21%, signal=26%",505
"BB3_all","BB3_all","CRPCvsHSPC","CRPC vs HSPC","PREPL",0.0779986360032603,2622,TRUE,0.248315856932057,0.961953958507263,505,0.357991574923809,1.36162312968613,0.0450710479573712,0.0450710479573712,NA,"tags=32%, list=21%, signal=26%",505
"BB3_all","BB3_all","CRPCvsHSPC","CRPC vs HSPC","KIF3B",0.0779024557050114,2624,TRUE,0.179890836858652,0.961953958507263,505,0.357991574923809,1.36162312968613,0.0450710479573712,0.0450710479573712,NA,"tags=32%, list=21%, signal=26%",505
"BB3_all","BB3_all","CRPCvsHSPC","CRPC vs HSPC","CLTB",0.0775386342527664,2643,TRUE,0.378692196676704,0.961953958507263,505,0.357991574923809,1.36162312968613,0.0450710479573712,0.0450710479573712,NA,"tags=32%, list=21%, signal=26%",505
"BB3_all","BB3_all","CRPCvsHSPC","CRPC vs HSPC","MPRIP",0.0774316367060921,2650,TRUE,0.229521556994124,0.961953958507263,505,0.357991574923809,1.36162312968613,0.0450710479573712,0.0450710479573712,NA,"tags=32%, list=21%, signal=26%",505
"BB3_all","BB3_all","CRPCvsHSPC","CRPC vs HSPC","COG5",0.0770312051342064,2664,TRUE,0.34662263885074,0.961953958507263,505,0.357991574923809,1.36162312968613,0.0450710479573712,0.0450710479573712,NA,"tags=32%, list=21%, signal=26%",505
"BB3_all","BB3_all","CRPCvsHSPC","CRPC vs HSPC","ATRX",0.0761389248279847,2705,TRUE,0.33499883806649,0.961953958507263,505,0.357991574923809,1.36162312968613,0.0450710479573712,0.0450710479573712,NA,"tags=32%, list=21%, signal=26%",505
"BB3_all","BB3_all","CRPCvsHSPC","CRPC vs HSPC","ABHD12",0.0756748845244415,2728,TRUE,0.488902028615613,0.963535743091324,505,0.357991574923809,1.36162312968613,0.0450710479573712,0.0450710479573712,NA,"tags=32%, list=21%, signal=26%",505
"BB3_all","BB3_all","CRPCvsHSPC","CRPC vs HSPC","NDUFAB1",0.0756675350421636,2729,TRUE,0.358856630319939,0.961953958507263,505,0.357991574923809,1.36162312968613,0.0450710479573712,0.0450710479573712,NA,"tags=32%, list=21%, signal=26%",505
"BB3_all","BB3_all","CRPCvsHSPC","CRPC vs HSPC","ARHGEF17",0.0756288056193499,2731,TRUE,0.421949562032225,0.962613387123402,505,0.357991574923809,1.36162312968613,0.0450710479573712,0.0450710479573712,NA,"tags=32%, list=21%, signal=26%",505
"BB3_all","BB3_all","CRPCvsHSPC","CRPC vs HSPC","NUP88",0.074887223520852,2778,TRUE,0.192908143594346,0.961953958507263,505,0.357991574923809,1.36162312968613,0.0450710479573712,0.0450710479573712,NA,"tags=32%, list=21%, signal=26%",505
"BB3_all","BB3_all","CRPCvsHSPC","CRPC vs HSPC","EXOC4",0.0739692435452555,2822,TRUE,0.136364300672121,0.961953958507263,505,0.357991574923809,1.36162312968613,0.0450710479573712,0.0450710479573712,NA,"tags=32%, list=21%, signal=26%",505
"BB3_all","BB3_all","CRPCvsHSPC","CRPC vs HSPC","ENPP3",0.0736249593457556,2842,TRUE,0.580706568394786,0.974889403904491,505,0.357991574923809,1.36162312968613,0.0450710479573712,0.0450710479573712,NA,"tags=32%, list=21%, signal=26%",505
"BB3_all","BB3_all","CRPCvsHSPC","CRPC vs HSPC","PIFO",0.0732645859999104,2860,TRUE,0.568290011187463,0.973952866602945,505,0.357991574923809,1.36162312968613,0.0450710479573712,0.0450710479573712,NA,"tags=32%, list=21%, signal=26%",505
"BB3_all","BB3_all","CRPCvsHSPC","CRPC vs HSPC","ARPC1B",0.072821406440027,2889,TRUE,0.276325995065411,0.961953958507263,505,0.357991574923809,1.36162312968613,0.0450710479573712,0.0450710479573712,NA,"tags=32%, list=21%, signal=26%",505
"BB3_all","BB3_all","CRPCvsHSPC","CRPC vs HSPC","BEX2",0.0706710867838845,2991,TRUE,0.595882277413649,0.974889403904491,505,0.357991574923809,1.36162312968613,0.0450710479573712,0.0450710479573712,NA,"tags=32%, list=21%, signal=26%",505
"BB3_all","BB3_all","CRPCvsHSPC","CRPC vs HSPC","FKTN",0.0694172565683904,3067,TRUE,0.199257315682765,0.961953958507263,505,0.357991574923809,1.36162312968613,0.0450710479573712,0.0450710479573712,NA,"tags=32%, list=21%, signal=26%",505
"BB3_all","BB3_all","CRPCvsHSPC","CRPC vs HSPC","TGFBRAP1",0.0689118181342869,3088,TRUE,0.285947006781624,0.961953958507263,505,0.357991574923809,1.36162312968613,0.0450710479573712,0.0450710479573712,NA,"tags=32%, list=21%, signal=26%",505
"BB3_all","BB3_all","CRPCvsHSPC","CRPC vs HSPC","SMIM4",0.0680633914124771,3118,TRUE,0.46975849993187,0.962613387123402,505,0.357991574923809,1.36162312968613,0.0450710479573712,0.0450710479573712,NA,"tags=32%, list=21%, signal=26%",505
"BB3_all","BB3_all","CRPCvsHSPC","CRPC vs HSPC","DCAF1",0.0677739554391645,3134,TRUE,0.241828862731755,0.961953958507263,505,0.357991574923809,1.36162312968613,0.0450710479573712,0.0450710479573712,NA,"tags=32%, list=21%, signal=26%",505
"BB3_all","BB3_all","CRPCvsHSPC","CRPC vs HSPC","TIPARP",0.0666369018527884,3193,TRUE,0.516092068019042,0.968868653437711,505,0.357991574923809,1.36162312968613,0.0450710479573712,0.0450710479573712,NA,"tags=32%, list=21%, signal=26%",505
"BB3_all","BB3_all","CRPCvsHSPC","CRPC vs HSPC","ACACA",0.0662302499637173,3206,TRUE,0.553441305580392,0.972817794316773,505,0.357991574923809,1.36162312968613,0.0450710479573712,0.0450710479573712,NA,"tags=32%, list=21%, signal=26%",505
"BB3_all","BB3_all","CRPCvsHSPC","CRPC vs HSPC","ERCC6",0.0658524910656195,3224,TRUE,0.217000244718671,0.961953958507263,505,0.357991574923809,1.36162312968613,0.0450710479573712,0.0450710479573712,NA,"tags=32%, list=21%, signal=26%",505
"BB3_all","BB3_all","CRPCvsHSPC","CRPC vs HSPC","MYO9A",0.0656826474783194,3237,TRUE,0.31499975129326,0.961953958507263,505,0.357991574923809,1.36162312968613,0.0450710479573712,0.0450710479573712,NA,"tags=32%, list=21%, signal=26%",505
"BB3_all","BB3_all","CRPCvsHSPC","CRPC vs HSPC","TAF4B",0.0652075537562864,3266,TRUE,0.343412122515655,0.961953958507263,505,0.357991574923809,1.36162312968613,0.0450710479573712,0.0450710479573712,NA,"tags=32%, list=21%, signal=26%",505
"BB3_all","BB3_all","CRPCvsHSPC","CRPC vs HSPC","NDUFC2",0.0646708896279105,3306,TRUE,0.396899143534099,0.962613387123402,505,0.357991574923809,1.36162312968613,0.0450710479573712,0.0450710479573712,NA,"tags=32%, list=21%, signal=26%",505
"BB3_all","BB3_all","CRPCvsHSPC","CRPC vs HSPC","PSMA7",0.0646045971697218,3311,TRUE,0.375957281648292,0.961953958507263,505,0.357991574923809,1.36162312968613,0.0450710479573712,0.0450710479573712,NA,"tags=32%, list=21%, signal=26%",505
"BB3_all","BB3_all","CRPCvsHSPC","CRPC vs HSPC","SP1",0.0644439994852792,3324,TRUE,0.300679878151867,0.961953958507263,505,0.357991574923809,1.36162312968613,0.0450710479573712,0.0450710479573712,NA,"tags=32%, list=21%, signal=26%",505
"BB3_all","BB3_all","CRPCvsHSPC","CRPC vs HSPC","HIGD1A",0.0643416932882985,3332,TRUE,0.454894500006973,0.962613387123402,505,0.357991574923809,1.36162312968613,0.0450710479573712,0.0450710479573712,NA,"tags=32%, list=21%, signal=26%",505
"BB3_all","BB3_all","CRPCvsHSPC","CRPC vs HSPC","PDCD7",0.0617881578070079,3480,TRUE,0.172849726849099,0.961953958507263,505,0.357991574923809,1.36162312968613,0.0450710479573712,0.0450710479573712,NA,"tags=32%, list=21%, signal=26%",505
"BB3_all","BB3_all","CRPCvsHSPC","CRPC vs HSPC","PEX2",0.0614478632255606,3501,TRUE,0.371498814220023,0.961953958507263,505,0.357991574923809,1.36162312968613,0.0450710479573712,0.0450710479573712,NA,"tags=32%, list=21%, signal=26%",505
"BB3_all","BB3_all","CRPCvsHSPC","CRPC vs HSPC","RALGAPA1",0.0605833064231227,3565,TRUE,0.380712312394614,0.961953958507263,505,0.357991574923809,1.36162312968613,0.0450710479573712,0.0450710479573712,NA,"tags=32%, list=21%, signal=26%",505
"BB3_all","BB3_all","CRPCvsHSPC","CRPC vs HSPC","P4HA1",0.0602719575226116,3583,TRUE,0.566114370838579,0.973952866602945,505,0.357991574923809,1.36162312968613,0.0450710479573712,0.0450710479573712,NA,"tags=32%, list=21%, signal=26%",505
"BB3_all","BB3_all","CRPCvsHSPC","CRPC vs HSPC","FBXO11",0.0601241659777179,3588,TRUE,0.436034381089441,0.962613387123402,505,0.357991574923809,1.36162312968613,0.0450710479573712,0.0450710479573712,NA,"tags=32%, list=21%, signal=26%",505
"BB3_all","BB3_all","CRPCvsHSPC","CRPC vs HSPC","COX6A1",0.0598146255812937,3608,TRUE,0.551843371520807,0.972817794316773,505,0.357991574923809,1.36162312968613,0.0450710479573712,0.0450710479573712,NA,"tags=32%, list=21%, signal=26%",505
"BB3_all","BB3_all","CRPCvsHSPC","CRPC vs HSPC","DAZAP2",0.0597573991220255,3613,TRUE,0.326365645772502,0.961953958507263,505,0.357991574923809,1.36162312968613,0.0450710479573712,0.0450710479573712,NA,"tags=32%, list=21%, signal=26%",505
"BB3_all","BB3_all","CRPCvsHSPC","CRPC vs HSPC","RABL3",0.0595228538824761,3634,TRUE,0.329293433931679,0.961953958507263,505,0.357991574923809,1.36162312968613,0.0450710479573712,0.0450710479573712,NA,"tags=32%, list=21%, signal=26%",505
"BB3_all","BB3_all","CRPCvsHSPC","CRPC vs HSPC","ADAR",0.0593861735982051,3649,TRUE,0.409063877241966,0.962613387123402,505,0.357991574923809,1.36162312968613,0.0450710479573712,0.0450710479573712,NA,"tags=32%, list=21%, signal=26%",505
"BB3_all","BB3_all","CRPCvsHSPC","CRPC vs HSPC","CREB1",0.0584850883608947,3700,TRUE,0.291553313530997,0.961953958507263,505,0.357991574923809,1.36162312968613,0.0450710479573712,0.0450710479573712,NA,"tags=32%, list=21%, signal=26%",505
"BB3_all","BB3_all","CRPCvsHSPC","CRPC vs HSPC","RPTOR",0.0584805054697477,3702,TRUE,0.327946742101709,0.961953958507263,505,0.357991574923809,1.36162312968613,0.0450710479573712,0.0450710479573712,NA,"tags=32%, list=21%, signal=26%",505
"BB3_all","BB3_all","CRPCvsHSPC","CRPC vs HSPC","BEX3",0.0574523209602376,3762,TRUE,0.555663009392745,0.973067620760511,505,0.357991574923809,1.36162312968613,0.0450710479573712,0.0450710479573712,NA,"tags=32%, list=21%, signal=26%",505
"BB3_all","BB3_all","CRPCvsHSPC","CRPC vs HSPC","SLC25A16",0.0568247245229312,3807,TRUE,0.491134519881672,0.963826724588285,505,0.357991574923809,1.36162312968613,0.0450710479573712,0.0450710479573712,NA,"tags=32%, list=21%, signal=26%",505
"BB3_all","BB3_all","CRPCvsHSPC","CRPC vs HSPC","FARP1",0.0562876403437471,3837,TRUE,0.488731447368643,0.963535743091324,505,0.357991574923809,1.36162312968613,0.0450710479573712,0.0450710479573712,NA,"tags=32%, list=21%, signal=26%",505
"BB3_all","BB3_all","CRPCvsHSPC","CRPC vs HSPC","MAPT",0.05628270266538,3838,TRUE,0.647167051335487,0.981426416621404,505,0.357991574923809,1.36162312968613,0.0450710479573712,0.0450710479573712,NA,"tags=32%, list=21%, signal=26%",505
"BB3_all","BB3_all","CRPCvsHSPC","CRPC vs HSPC","KDM4C",0.0561727574718582,3851,TRUE,0.339046829212457,0.961953958507263,505,0.357991574923809,1.36162312968613,0.0450710479573712,0.0450710479573712,NA,"tags=32%, list=21%, signal=26%",505
"BB3_all","BB3_all","CRPCvsHSPC","CRPC vs HSPC","PLOD1",0.0559909996793824,3861,TRUE,0.451181484365436,0.962613387123402,505,0.357991574923809,1.36162312968613,0.0450710479573712,0.0450710479573712,NA,"tags=32%, list=21%, signal=26%",505
"BB3_all","BB3_all","CRPCvsHSPC","CRPC vs HSPC","LMAN1",0.0551231662723657,3915,FALSE,0.548148748044493,0.972817794316773,505,0.357991574923809,1.36162312968613,0.0450710479573712,0.0450710479573712,NA,"tags=32%, list=21%, signal=26%",505
"BB3_all","BB3_all","CRPCvsHSPC","CRPC vs HSPC","ZBTB2",0.0542248194453414,3977,FALSE,0.256823564685208,0.961953958507263,505,0.357991574923809,1.36162312968613,0.0450710479573712,0.0450710479573712,NA,"tags=32%, list=21%, signal=26%",505
"BB3_all","BB3_all","CRPCvsHSPC","CRPC vs HSPC","HSP90AA1",0.0540494435766217,3989,FALSE,0.474910312916965,0.962613387123402,505,0.357991574923809,1.36162312968613,0.0450710479573712,0.0450710479573712,NA,"tags=32%, list=21%, signal=26%",505
"BB3_all","BB3_all","CRPCvsHSPC","CRPC vs HSPC","RNF38",0.0534678007099969,4022,FALSE,0.418009679157465,0.962613387123402,505,0.357991574923809,1.36162312968613,0.0450710479573712,0.0450710479573712,NA,"tags=32%, list=21%, signal=26%",505
"BB3_all","BB3_all","CRPCvsHSPC","CRPC vs HSPC","PKP4",0.0533310680533066,4028,FALSE,0.375226502340488,0.961953958507263,505,0.357991574923809,1.36162312968613,0.0450710479573712,0.0450710479573712,NA,"tags=32%, list=21%, signal=26%",505
"BB3_all","BB3_all","CRPCvsHSPC","CRPC vs HSPC","AZI2",0.0517969895284756,4112,FALSE,0.331917304925791,0.961953958507263,505,0.357991574923809,1.36162312968613,0.0450710479573712,0.0450710479573712,NA,"tags=32%, list=21%, signal=26%",505
"BB3_all","BB3_all","CRPCvsHSPC","CRPC vs HSPC","CENPH",0.051365080846077,4139,FALSE,0.522392901541545,0.968868653437711,505,0.357991574923809,1.36162312968613,0.0450710479573712,0.0450710479573712,NA,"tags=32%, list=21%, signal=26%",505
"BB3_all","BB3_all","CRPCvsHSPC","CRPC vs HSPC","PARP4",0.0512825535028418,4146,FALSE,0.510668465786552,0.967933027026925,505,0.357991574923809,1.36162312968613,0.0450710479573712,0.0450710479573712,NA,"tags=32%, list=21%, signal=26%",505
"BB3_all","BB3_all","CRPCvsHSPC","CRPC vs HSPC","ZNF468",0.0512180193591019,4150,FALSE,0.44844742652991,0.962613387123402,505,0.357991574923809,1.36162312968613,0.0450710479573712,0.0450710479573712,NA,"tags=32%, list=21%, signal=26%",505
"BB3_all","BB3_all","CRPCvsHSPC","CRPC vs HSPC","CDC42SE1",0.0511031592138149,4160,FALSE,0.509604568447377,0.967933027026925,505,0.357991574923809,1.36162312968613,0.0450710479573712,0.0450710479573712,NA,"tags=32%, list=21%, signal=26%",505
"BB3_all","BB3_all","CRPCvsHSPC","CRPC vs HSPC","BANP",0.0491619643928123,4298,FALSE,0.313411226216244,0.961953958507263,505,0.357991574923809,1.36162312968613,0.0450710479573712,0.0450710479573712,NA,"tags=32%, list=21%, signal=26%",505
"BB3_all","BB3_all","CRPCvsHSPC","CRPC vs HSPC","MICAL3",0.048726318786485,4335,FALSE,0.47272411849628,0.962613387123402,505,0.357991574923809,1.36162312968613,0.0450710479573712,0.0450710479573712,NA,"tags=32%, list=21%, signal=26%",505
"BB3_all","BB3_all","CRPCvsHSPC","CRPC vs HSPC","PSMD2",0.0477784985009739,4416,FALSE,0.451211546539882,0.962613387123402,505,0.357991574923809,1.36162312968613,0.0450710479573712,0.0450710479573712,NA,"tags=32%, list=21%, signal=26%",505
"BB3_all","BB3_all","CRPCvsHSPC","CRPC vs HSPC","MTX2",0.0477044551314671,4421,FALSE,0.543950408957666,0.972817794316773,505,0.357991574923809,1.36162312968613,0.0450710479573712,0.0450710479573712,NA,"tags=32%, list=21%, signal=26%",505
"BB3_all","BB3_all","CRPCvsHSPC","CRPC vs HSPC","PODXL",0.0473204376546108,4438,FALSE,0.668728955268346,0.982112758884219,505,0.357991574923809,1.36162312968613,0.0450710479573712,0.0450710479573712,NA,"tags=32%, list=21%, signal=26%",505
"BB3_all","BB3_all","CRPCvsHSPC","CRPC vs HSPC","EPM2AIP1",0.0473120020471245,4439,FALSE,0.47386207728864,0.962613387123402,505,0.357991574923809,1.36162312968613,0.0450710479573712,0.0450710479573712,NA,"tags=32%, list=21%, signal=26%",505
"BB3_all","BB3_all","CRPCvsHSPC","CRPC vs HSPC","ZFAT",0.0464896616096646,4496,FALSE,0.376757605396961,0.961953958507263,505,0.357991574923809,1.36162312968613,0.0450710479573712,0.0450710479573712,NA,"tags=32%, list=21%, signal=26%",505
"BB3_all","BB3_all","CRPCvsHSPC","CRPC vs HSPC","IGIP",0.0445968471098892,4639,FALSE,0.481658356323555,0.962718731948181,505,0.357991574923809,1.36162312968613,0.0450710479573712,0.0450710479573712,NA,"tags=32%, list=21%, signal=26%",505
"BB3_all","BB3_all","CRPCvsHSPC","CRPC vs HSPC","ZNF644",0.0445325865520525,4643,FALSE,0.496967210700772,0.965425622265064,505,0.357991574923809,1.36162312968613,0.0450710479573712,0.0450710479573712,NA,"tags=32%, list=21%, signal=26%",505
"BB3_all","BB3_all","CRPCvsHSPC","CRPC vs HSPC","SKP1",0.0445233358727357,4644,FALSE,0.483371433779053,0.963200917764286,505,0.357991574923809,1.36162312968613,0.0450710479573712,0.0450710479573712,NA,"tags=32%, list=21%, signal=26%",505
"BB3_all","BB3_all","CRPCvsHSPC","CRPC vs HSPC","MEX3A",0.0438493052837794,4700,FALSE,0.757514275774211,0.988070096138049,505,0.357991574923809,1.36162312968613,0.0450710479573712,0.0450710479573712,NA,"tags=32%, list=21%, signal=26%",505
"BB3_all","BB3_all","CRPCvsHSPC","CRPC vs HSPC","FLNA",0.04221795326945,4818,FALSE,0.796371129750385,0.988741473863441,505,0.357991574923809,1.36162312968613,0.0450710479573712,0.0450710479573712,NA,"tags=32%, list=21%, signal=26%",505
"BB3_all","BB3_all","CRPCvsHSPC","CRPC vs HSPC","CABIN1",0.042150513476408,4821,FALSE,0.481957234177811,0.962718731948181,505,0.357991574923809,1.36162312968613,0.0450710479573712,0.0450710479573712,NA,"tags=32%, list=21%, signal=26%",505
"BB3_all","BB3_all","CRPCvsHSPC","CRPC vs HSPC","SLC12A8",0.042109285113789,4824,FALSE,0.601437248349583,0.974889403904491,505,0.357991574923809,1.36162312968613,0.0450710479573712,0.0450710479573712,NA,"tags=32%, list=21%, signal=26%",505
"BB3_all","BB3_all","CRPCvsHSPC","CRPC vs HSPC","FAM177A1",0.0420126884203889,4832,FALSE,0.521880679076775,0.968868653437711,505,0.357991574923809,1.36162312968613,0.0450710479573712,0.0450710479573712,NA,"tags=32%, list=21%, signal=26%",505
"BB3_all","BB3_all","CRPCvsHSPC","CRPC vs HSPC","NEK9",0.0418875836365027,4842,FALSE,0.470612350604017,0.962613387123402,505,0.357991574923809,1.36162312968613,0.0450710479573712,0.0450710479573712,NA,"tags=32%, list=21%, signal=26%",505
"BB3_all","BB3_all","CRPCvsHSPC","CRPC vs HSPC","SELENOK",0.0418817805156451,4844,FALSE,0.635556263473167,0.979880563677205,505,0.357991574923809,1.36162312968613,0.0450710479573712,0.0450710479573712,NA,"tags=32%, list=21%, signal=26%",505
"BB3_all","BB3_all","CRPCvsHSPC","CRPC vs HSPC","RBPJ",0.0417443951680294,4853,FALSE,0.419976850887344,0.962613387123402,505,0.357991574923809,1.36162312968613,0.0450710479573712,0.0450710479573712,NA,"tags=32%, list=21%, signal=26%",505
"BB3_all","BB3_all","CRPCvsHSPC","CRPC vs HSPC","ACLY",0.0417146933055479,4859,FALSE,0.681686218600967,0.98263152052947,505,0.357991574923809,1.36162312968613,0.0450710479573712,0.0450710479573712,NA,"tags=32%, list=21%, signal=26%",505
"BB3_all","BB3_all","CRPCvsHSPC","CRPC vs HSPC","TBC1D8B",0.0415740297583937,4869,FALSE,0.565069089536585,0.973952866602945,505,0.357991574923809,1.36162312968613,0.0450710479573712,0.0450710479573712,NA,"tags=32%, list=21%, signal=26%",505
"BB3_all","BB3_all","CRPCvsHSPC","CRPC vs HSPC","TM9SF4",0.0410284696346661,4894,FALSE,0.484361413908372,0.963535743091324,505,0.357991574923809,1.36162312968613,0.0450710479573712,0.0450710479573712,NA,"tags=32%, list=21%, signal=26%",505
"BB3_all","BB3_all","CRPCvsHSPC","CRPC vs HSPC","CHST3",0.0410172047379322,4895,FALSE,0.659973994632525,0.981791940588791,505,0.357991574923809,1.36162312968613,0.0450710479573712,0.0450710479573712,NA,"tags=32%, list=21%, signal=26%",505
"BB3_all","BB3_all","CRPCvsHSPC","CRPC vs HSPC","BRPF3",0.0407369410684812,4916,FALSE,0.624359003347728,0.978425777047414,505,0.357991574923809,1.36162312968613,0.0450710479573712,0.0450710479573712,NA,"tags=32%, list=21%, signal=26%",505
"BB3_all","BB3_all","CRPCvsHSPC","CRPC vs HSPC","ATP6V0E1",0.0406237373791809,4926,FALSE,0.595044512736821,0.974889403904491,505,0.357991574923809,1.36162312968613,0.0450710479573712,0.0450710479573712,NA,"tags=32%, list=21%, signal=26%",505
"BB3_all","BB3_all","CRPCvsHSPC","CRPC vs HSPC","RAPGEF6",0.0404954019220307,4942,FALSE,0.40811543998908,0.962613387123402,505,0.357991574923809,1.36162312968613,0.0450710479573712,0.0450710479573712,NA,"tags=32%, list=21%, signal=26%",505
"BB3_all","BB3_all","CRPCvsHSPC","CRPC vs HSPC","POGK",0.0399190914417558,4983,FALSE,0.485408494345651,0.963535743091324,505,0.357991574923809,1.36162312968613,0.0450710479573712,0.0450710479573712,NA,"tags=32%, list=21%, signal=26%",505
"BB3_all","BB3_all","CRPCvsHSPC","CRPC vs HSPC","OAZ3",0.0392960995435827,5036,FALSE,0.578287988277532,0.974889403904491,505,0.357991574923809,1.36162312968613,0.0450710479573712,0.0450710479573712,NA,"tags=32%, list=21%, signal=26%",505
"BB3_all","BB3_all","CRPCvsHSPC","CRPC vs HSPC","COX14",0.0392318042067741,5040,FALSE,0.657128595563689,0.981791940588791,505,0.357991574923809,1.36162312968613,0.0450710479573712,0.0450710479573712,NA,"tags=32%, list=21%, signal=26%",505
"BB3_all","BB3_all","CRPCvsHSPC","CRPC vs HSPC","ARNT2",0.0387368079141472,5079,FALSE,0.665712529293804,0.981929873817129,505,0.357991574923809,1.36162312968613,0.0450710479573712,0.0450710479573712,NA,"tags=32%, list=21%, signal=26%",505
"BB3_all","BB3_all","CRPCvsHSPC","CRPC vs HSPC","EIF2A",0.0386308156621009,5091,FALSE,0.521672231213413,0.968868653437711,505,0.357991574923809,1.36162312968613,0.0450710479573712,0.0450710479573712,NA,"tags=32%, list=21%, signal=26%",505
"BB3_all","BB3_all","CRPCvsHSPC","CRPC vs HSPC","MED12",0.0383328068721531,5119,FALSE,0.623625047157458,0.978425777047414,505,0.357991574923809,1.36162312968613,0.0450710479573712,0.0450710479573712,NA,"tags=32%, list=21%, signal=26%",505
"BB3_all","BB3_all","CRPCvsHSPC","CRPC vs HSPC","MSRA",0.0380299643557289,5141,FALSE,0.613506513086113,0.975456911772315,505,0.357991574923809,1.36162312968613,0.0450710479573712,0.0450710479573712,NA,"tags=32%, list=21%, signal=26%",505
"BB3_all","BB3_all","CRPCvsHSPC","CRPC vs HSPC","MUC1",0.0380045458921101,5146,FALSE,0.853633279556792,0.993371139928155,505,0.357991574923809,1.36162312968613,0.0450710479573712,0.0450710479573712,NA,"tags=32%, list=21%, signal=26%",505
"BB3_all","BB3_all","CRPCvsHSPC","CRPC vs HSPC","CCNE1",0.0375596565397722,5198,FALSE,0.684035251872507,0.98263152052947,505,0.357991574923809,1.36162312968613,0.0450710479573712,0.0450710479573712,NA,"tags=32%, list=21%, signal=26%",505
"BB3_all","BB3_all","CRPCvsHSPC","CRPC vs HSPC","BICD2",0.0374318502713709,5209,FALSE,0.549025492854093,0.972817794316773,505,0.357991574923809,1.36162312968613,0.0450710479573712,0.0450710479573712,NA,"tags=32%, list=21%, signal=26%",505
"BB3_all","BB3_all","CRPCvsHSPC","CRPC vs HSPC","ABL2",0.0373404806305953,5220,FALSE,0.461090347628894,0.962613387123402,505,0.357991574923809,1.36162312968613,0.0450710479573712,0.0450710479573712,NA,"tags=32%, list=21%, signal=26%",505
"BB3_all","BB3_all","CRPCvsHSPC","CRPC vs HSPC","SERINC2",0.0371491196877107,5236,FALSE,0.737819555812986,0.986318354041964,505,0.357991574923809,1.36162312968613,0.0450710479573712,0.0450710479573712,NA,"tags=32%, list=21%, signal=26%",505
"BB3_all","BB3_all","CRPCvsHSPC","CRPC vs HSPC","SERBP1",0.0368749194004714,5265,FALSE,0.513260362052704,0.968247522012059,505,0.357991574923809,1.36162312968613,0.0450710479573712,0.0450710479573712,NA,"tags=32%, list=21%, signal=26%",505
"BB3_all","BB3_all","CRPCvsHSPC","CRPC vs HSPC","EBF2",0.0368599569515277,5271,FALSE,0.635149435686082,0.979880563677205,505,0.357991574923809,1.36162312968613,0.0450710479573712,0.0450710479573712,NA,"tags=32%, list=21%, signal=26%",505
"BB3_all","BB3_all","CRPCvsHSPC","CRPC vs HSPC","COX7C",0.0365116614964567,5303,FALSE,0.676114419350608,0.982229109568959,505,0.357991574923809,1.36162312968613,0.0450710479573712,0.0450710479573712,NA,"tags=32%, list=21%, signal=26%",505
"BB3_all","BB3_all","CRPCvsHSPC","CRPC vs HSPC","HDLBP",0.0363677394719,5312,FALSE,0.62872084998926,0.978960116744788,505,0.357991574923809,1.36162312968613,0.0450710479573712,0.0450710479573712,NA,"tags=32%, list=21%, signal=26%",505
"BB3_all","BB3_all","CRPCvsHSPC","CRPC vs HSPC","LYRM9",0.0358985571115173,5351,FALSE,0.578173480688738,0.974889403904491,505,0.357991574923809,1.36162312968613,0.0450710479573712,0.0450710479573712,NA,"tags=32%, list=21%, signal=26%",505
"BB3_all","BB3_all","CRPCvsHSPC","CRPC vs HSPC","EMC10",0.0354016611736823,5396,FALSE,0.576785594843961,0.974889403904491,505,0.357991574923809,1.36162312968613,0.0450710479573712,0.0450710479573712,NA,"tags=32%, list=21%, signal=26%",505
"BB3_all","BB3_all","CRPCvsHSPC","CRPC vs HSPC","ZNF614",0.0350433288978107,5438,FALSE,0.736873484049016,0.986318354041964,505,0.357991574923809,1.36162312968613,0.0450710479573712,0.0450710479573712,NA,"tags=32%, list=21%, signal=26%",505
"BB3_all","BB3_all","CRPCvsHSPC","CRPC vs HSPC","NCBP1",0.0349608478417944,5450,FALSE,0.539761988198391,0.971231526571388,505,0.357991574923809,1.36162312968613,0.0450710479573712,0.0450710479573712,NA,"tags=32%, list=21%, signal=26%",505
"BB3_all","BB3_all","CRPCvsHSPC","CRPC vs HSPC","TRAPPC10",0.0348056711578126,5461,FALSE,0.611680526641172,0.974932181681848,505,0.357991574923809,1.36162312968613,0.0450710479573712,0.0450710479573712,NA,"tags=32%, list=21%, signal=26%",505
"BB3_all","BB3_all","CRPCvsHSPC","CRPC vs HSPC","HMGB1",0.034685209405505,5470,FALSE,0.594906543451144,0.974889403904491,505,0.357991574923809,1.36162312968613,0.0450710479573712,0.0450710479573712,NA,"tags=32%, list=21%, signal=26%",505
"BB3_all","BB3_all","CRPCvsHSPC","CRPC vs HSPC","ZC3H12C",0.0343207618175141,5498,FALSE,0.530302887279651,0.970119659454904,505,0.357991574923809,1.36162312968613,0.0450710479573712,0.0450710479573712,NA,"tags=32%, list=21%, signal=26%",505
"BB3_all","BB3_all","CRPCvsHSPC","CRPC vs HSPC","BCL9",0.033298147852499,5573,FALSE,0.711944930402431,0.985753432058228,505,0.357991574923809,1.36162312968613,0.0450710479573712,0.0450710479573712,NA,"tags=32%, list=21%, signal=26%",505
"BB3_all","BB3_all","CRPCvsHSPC","CRPC vs HSPC","NDUFC1",0.0325639058883951,5631,FALSE,0.672598703889451,0.982229028624857,505,0.357991574923809,1.36162312968613,0.0450710479573712,0.0450710479573712,NA,"tags=32%, list=21%, signal=26%",505
"BB3_all","BB3_all","CRPCvsHSPC","CRPC vs HSPC","CHTF8",0.0317488434039579,5693,FALSE,0.470024308982262,0.962613387123402,505,0.357991574923809,1.36162312968613,0.0450710479573712,0.0450710479573712,NA,"tags=32%, list=21%, signal=26%",505
"BB3_all","BB3_all","CRPCvsHSPC","CRPC vs HSPC","MIA3",0.0314426940607468,5720,FALSE,0.780209198753186,0.988741473863441,505,0.357991574923809,1.36162312968613,0.0450710479573712,0.0450710479573712,NA,"tags=32%, list=21%, signal=26%",505
"BB3_all","BB3_all","CRPCvsHSPC","CRPC vs HSPC","DYNC2H1",0.030614668537073,5795,FALSE,0.658025181388696,0.981791940588791,505,0.357991574923809,1.36162312968613,0.0450710479573712,0.0450710479573712,NA,"tags=32%, list=21%, signal=26%",505
"BB3_all","BB3_all","CRPCvsHSPC","CRPC vs HSPC","RORC",0.0304806257875714,5806,FALSE,0.825186650588492,0.993371139928155,505,0.357991574923809,1.36162312968613,0.0450710479573712,0.0450710479573712,NA,"tags=32%, list=21%, signal=26%",505
"BB3_all","BB3_all","CRPCvsHSPC","CRPC vs HSPC","MAST3",0.0304670546240302,5807,FALSE,0.658703317182638,0.981791940588791,505,0.357991574923809,1.36162312968613,0.0450710479573712,0.0450710479573712,NA,"tags=32%, list=21%, signal=26%",505
"BB3_all","BB3_all","CRPCvsHSPC","CRPC vs HSPC","U2SURP",0.0302012599611055,5834,FALSE,0.607487361878077,0.974889403904491,505,0.357991574923809,1.36162312968613,0.0450710479573712,0.0450710479573712,NA,"tags=32%, list=21%, signal=26%",505
"BB3_all","BB3_all","CRPCvsHSPC","CRPC vs HSPC","SHANK3",0.0299624448568985,5854,FALSE,0.721388797623276,0.98595061929778,505,0.357991574923809,1.36162312968613,0.0450710479573712,0.0450710479573712,NA,"tags=32%, list=21%, signal=26%",505
"BB3_all","BB3_all","CRPCvsHSPC","CRPC vs HSPC","LTN1",0.0296064126690321,5893,FALSE,0.695505566383612,0.98263152052947,505,0.357991574923809,1.36162312968613,0.0450710479573712,0.0450710479573712,NA,"tags=32%, list=21%, signal=26%",505
"BB3_all","BB3_all","CRPCvsHSPC","CRPC vs HSPC","ZNF384",0.0294514211843997,5907,FALSE,0.693044812242065,0.98263152052947,505,0.357991574923809,1.36162312968613,0.0450710479573712,0.0450710479573712,NA,"tags=32%, list=21%, signal=26%",505
"BB3_all","BB3_all","CRPCvsHSPC","CRPC vs HSPC","GNG10",0.0286329517184118,5966,FALSE,0.662603443702237,0.981791940588791,505,0.357991574923809,1.36162312968613,0.0450710479573712,0.0450710479573712,NA,"tags=32%, list=21%, signal=26%",505
"BB3_all","BB3_all","CRPCvsHSPC","CRPC vs HSPC","DAP3",0.0281704761676647,6001,FALSE,0.606322074992967,0.974889403904491,505,0.357991574923809,1.36162312968613,0.0450710479573712,0.0450710479573712,NA,"tags=32%, list=21%, signal=26%",505
"BB3_all","BB3_all","CRPCvsHSPC","CRPC vs HSPC","PLXNA1",0.0279297659925839,6018,FALSE,0.73737646995858,0.986318354041964,505,0.357991574923809,1.36162312968613,0.0450710479573712,0.0450710479573712,NA,"tags=32%, list=21%, signal=26%",505
"BB3_all","BB3_all","CRPCvsHSPC","CRPC vs HSPC","TMEM42",0.0278997606502545,6021,FALSE,0.801858057627438,0.988741473863441,505,0.357991574923809,1.36162312968613,0.0450710479573712,0.0450710479573712,NA,"tags=32%, list=21%, signal=26%",505
"BB3_all","BB3_all","CRPCvsHSPC","CRPC vs HSPC","SH3PXD2B",0.0276560310597058,6045,FALSE,0.753868264825957,0.988070096138049,505,0.357991574923809,1.36162312968613,0.0450710479573712,0.0450710479573712,NA,"tags=32%, list=21%, signal=26%",505
"BB3_all","BB3_all","CRPCvsHSPC","CRPC vs HSPC","ZNF292",0.0274510086615998,6064,FALSE,0.736586448541593,0.986318354041964,505,0.357991574923809,1.36162312968613,0.0450710479573712,0.0450710479573712,NA,"tags=32%, list=21%, signal=26%",505
"BB3_all","BB3_all","CRPCvsHSPC","CRPC vs HSPC","CDK12",0.0265466692944241,6140,FALSE,0.727746491675646,0.986064874486454,505,0.357991574923809,1.36162312968613,0.0450710479573712,0.0450710479573712,NA,"tags=32%, list=21%, signal=26%",505
"BB3_all","BB3_all","CRPCvsHSPC","CRPC vs HSPC","PRKX",0.0264310090306985,6153,FALSE,0.734599910247796,0.986318354041964,505,0.357991574923809,1.36162312968613,0.0450710479573712,0.0450710479573712,NA,"tags=32%, list=21%, signal=26%",505
"BB3_all","BB3_all","CRPCvsHSPC","CRPC vs HSPC","UTP14A",0.0263856782018768,6154,FALSE,0.597471041770807,0.974889403904491,505,0.357991574923809,1.36162312968613,0.0450710479573712,0.0450710479573712,NA,"tags=32%, list=21%, signal=26%",505
"BB3_all","BB3_all","CRPCvsHSPC","CRPC vs HSPC","BTBD9",0.0259318560387212,6186,FALSE,0.64875631303065,0.981645905462157,505,0.357991574923809,1.36162312968613,0.0450710479573712,0.0450710479573712,NA,"tags=32%, list=21%, signal=26%",505
"BB3_all","BB3_all","CRPCvsHSPC","CRPC vs HSPC","ZNF500",0.0256276757077389,6211,FALSE,0.597311182942265,0.974889403904491,505,0.357991574923809,1.36162312968613,0.0450710479573712,0.0450710479573712,NA,"tags=32%, list=21%, signal=26%",505
"BB3_all","BB3_all","CRPCvsHSPC","CRPC vs HSPC","DIS3L",0.0248894534986492,6280,FALSE,0.664360386656838,0.981791940588791,505,0.357991574923809,1.36162312968613,0.0450710479573712,0.0450710479573712,NA,"tags=32%, list=21%, signal=26%",505
"BB3_all","BB3_all","CRPCvsHSPC","CRPC vs HSPC","RBM3",0.0248016748867155,6289,FALSE,0.760020880436478,0.988070096138049,505,0.357991574923809,1.36162312968613,0.0450710479573712,0.0450710479573712,NA,"tags=32%, list=21%, signal=26%",505
"BB3_all","BB3_all","CRPCvsHSPC","CRPC vs HSPC","EPC2",0.0247797908507019,6293,FALSE,0.707540808990736,0.98478031303419,505,0.357991574923809,1.36162312968613,0.0450710479573712,0.0450710479573712,NA,"tags=32%, list=21%, signal=26%",505
"BB3_all","BB3_all","CRPCvsHSPC","CRPC vs HSPC","NOL8",0.024742752432299,6300,FALSE,0.5997399208527,0.974889403904491,505,0.357991574923809,1.36162312968613,0.0450710479573712,0.0450710479573712,NA,"tags=32%, list=21%, signal=26%",505
"BB3_all","BB3_all","CRPCvsHSPC","CRPC vs HSPC","HSP90B1",0.0246401886946082,6306,FALSE,0.766865077798937,0.988070096138049,505,0.357991574923809,1.36162312968613,0.0450710479573712,0.0450710479573712,NA,"tags=32%, list=21%, signal=26%",505
"BB3_all","BB3_all","CRPCvsHSPC","CRPC vs HSPC","MTMR4",0.0243528120611307,6333,FALSE,0.693908665993502,0.98263152052947,505,0.357991574923809,1.36162312968613,0.0450710479573712,0.0450710479573712,NA,"tags=32%, list=21%, signal=26%",505
"BB3_all","BB3_all","CRPCvsHSPC","CRPC vs HSPC","ATP13A2",0.0239453544662216,6367,FALSE,0.740242549161098,0.986791821456713,505,0.357991574923809,1.36162312968613,0.0450710479573712,0.0450710479573712,NA,"tags=32%, list=21%, signal=26%",505
"BB3_all","BB3_all","CRPCvsHSPC","CRPC vs HSPC","PFAS",0.0239378390023082,6369,FALSE,0.731295137908968,0.986318354041964,505,0.357991574923809,1.36162312968613,0.0450710479573712,0.0450710479573712,NA,"tags=32%, list=21%, signal=26%",505
"BB3_all","BB3_all","CRPCvsHSPC","CRPC vs HSPC","FOXO4",0.0237000209979343,6392,FALSE,0.775395642192911,0.988741473863441,505,0.357991574923809,1.36162312968613,0.0450710479573712,0.0450710479573712,NA,"tags=32%, list=21%, signal=26%",505
"BB3_all","BB3_all","CRPCvsHSPC","CRPC vs HSPC","NUMBL",0.0225785938052945,6505,FALSE,0.759014219558114,0.988070096138049,505,0.357991574923809,1.36162312968613,0.0450710479573712,0.0450710479573712,NA,"tags=32%, list=21%, signal=26%",505
"BB3_all","BB3_all","CRPCvsHSPC","CRPC vs HSPC","LRRC32",0.0223602569174313,6523,FALSE,0.8561128718142,0.993371139928155,505,0.357991574923809,1.36162312968613,0.0450710479573712,0.0450710479573712,NA,"tags=32%, list=21%, signal=26%",505
"BB3_all","BB3_all","CRPCvsHSPC","CRPC vs HSPC","MORN2",0.0212131140840865,6625,FALSE,0.817819157577156,0.99175790744336,505,0.357991574923809,1.36162312968613,0.0450710479573712,0.0450710479573712,NA,"tags=32%, list=21%, signal=26%",505
"BB3_all","BB3_all","CRPCvsHSPC","CRPC vs HSPC","PPP2R5D",0.0211391871014683,6629,FALSE,0.778382397805836,0.988741473863441,505,0.357991574923809,1.36162312968613,0.0450710479573712,0.0450710479573712,NA,"tags=32%, list=21%, signal=26%",505
"BB3_all","BB3_all","CRPCvsHSPC","CRPC vs HSPC","GPN2",0.0210190327117123,6642,FALSE,0.596784537846171,0.974889403904491,505,0.357991574923809,1.36162312968613,0.0450710479573712,0.0450710479573712,NA,"tags=32%, list=21%, signal=26%",505
"BB3_all","BB3_all","CRPCvsHSPC","CRPC vs HSPC","GDPGP1",0.019145954076091,6824,FALSE,0.620053687530364,0.977735671808662,505,0.357991574923809,1.36162312968613,0.0450710479573712,0.0450710479573712,NA,"tags=32%, list=21%, signal=26%",505
"BB3_all","BB3_all","CRPCvsHSPC","CRPC vs HSPC","NSMAF",0.018887152668976,6843,FALSE,0.77841021122703,0.988741473863441,505,0.357991574923809,1.36162312968613,0.0450710479573712,0.0450710479573712,NA,"tags=32%, list=21%, signal=26%",505
"BB3_all","BB3_all","CRPCvsHSPC","CRPC vs HSPC","ATP6V1E1",0.0188850470461821,6844,FALSE,0.766784690854942,0.988070096138049,505,0.357991574923809,1.36162312968613,0.0450710479573712,0.0450710479573712,NA,"tags=32%, list=21%, signal=26%",505
"BB3_all","BB3_all","CRPCvsHSPC","CRPC vs HSPC","CASP7",0.0185300217619613,6882,FALSE,0.844716040557964,0.993371139928155,505,0.357991574923809,1.36162312968613,0.0450710479573712,0.0450710479573712,NA,"tags=32%, list=21%, signal=26%",505
"BB3_all","BB3_all","CRPCvsHSPC","CRPC vs HSPC","PRR13",0.0185213893933698,6884,FALSE,0.789619189422026,0.988741473863441,505,0.357991574923809,1.36162312968613,0.0450710479573712,0.0450710479573712,NA,"tags=32%, list=21%, signal=26%",505
"BB3_all","BB3_all","CRPCvsHSPC","CRPC vs HSPC","PSENEN",0.0184596622895392,6891,FALSE,0.829440309456113,0.993371139928155,505,0.357991574923809,1.36162312968613,0.0450710479573712,0.0450710479573712,NA,"tags=32%, list=21%, signal=26%",505
"BB3_all","BB3_all","CRPCvsHSPC","CRPC vs HSPC","PCSK7",0.0180375069385177,6928,FALSE,0.75096088428476,0.988070096138049,505,0.357991574923809,1.36162312968613,0.0450710479573712,0.0450710479573712,NA,"tags=32%, list=21%, signal=26%",505
"BB3_all","BB3_all","CRPCvsHSPC","CRPC vs HSPC","ANKH",0.0178160963762526,6959,FALSE,0.876508799857999,0.995379202197669,505,0.357991574923809,1.36162312968613,0.0450710479573712,0.0450710479573712,NA,"tags=32%, list=21%, signal=26%",505
"BB3_all","BB3_all","CRPCvsHSPC","CRPC vs HSPC","ZNF728",0.0176177413042788,6981,FALSE,0.365817751057281,0.961953958507263,505,0.357991574923809,1.36162312968613,0.0450710479573712,0.0450710479573712,NA,"tags=32%, list=21%, signal=26%",505
"BB3_all","BB3_all","CRPCvsHSPC","CRPC vs HSPC","PCDHGB5",0.0174658473245395,6995,FALSE,0.865989666647865,0.994615736889418,505,0.357991574923809,1.36162312968613,0.0450710479573712,0.0450710479573712,NA,"tags=32%, list=21%, signal=26%",505
"BB3_all","BB3_all","CRPCvsHSPC","CRPC vs HSPC","PSMB2",0.017056018032326,7039,FALSE,0.730535714851477,0.986318354041964,505,0.357991574923809,1.36162312968613,0.0450710479573712,0.0450710479573712,NA,"tags=32%, list=21%, signal=26%",505
"BB3_all","BB3_all","CRPCvsHSPC","CRPC vs HSPC","USP48",0.0163654326325195,7103,FALSE,0.719115291651868,0.98595061929778,505,0.357991574923809,1.36162312968613,0.0450710479573712,0.0450710479573712,NA,"tags=32%, list=21%, signal=26%",505
"BB3_all","BB3_all","CRPCvsHSPC","CRPC vs HSPC","ZCCHC10",0.0162477398740695,7113,FALSE,0.772233505502356,0.988741473863441,505,0.357991574923809,1.36162312968613,0.0450710479573712,0.0450710479573712,NA,"tags=32%, list=21%, signal=26%",505
"BB3_all","BB3_all","CRPCvsHSPC","CRPC vs HSPC","HYKK",0.0159241795778231,7144,FALSE,0.660636545485616,0.981791940588791,505,0.357991574923809,1.36162312968613,0.0450710479573712,0.0450710479573712,NA,"tags=32%, list=21%, signal=26%",505
"BB3_all","BB3_all","CRPCvsHSPC","CRPC vs HSPC","MEGF8",0.0156969793435957,7165,FALSE,0.832199778981099,0.993371139928155,505,0.357991574923809,1.36162312968613,0.0450710479573712,0.0450710479573712,NA,"tags=32%, list=21%, signal=26%",505
"BB3_all","BB3_all","CRPCvsHSPC","CRPC vs HSPC","PHKB",0.0152429813651858,7194,FALSE,0.843187091358416,0.993371139928155,505,0.357991574923809,1.36162312968613,0.0450710479573712,0.0450710479573712,NA,"tags=32%, list=21%, signal=26%",505
"BB3_all","BB3_all","CRPCvsHSPC","CRPC vs HSPC","TTC7B",0.014518242763518,7256,FALSE,0.8031067248095,0.988741473863441,505,0.357991574923809,1.36162312968613,0.0450710479573712,0.0450710479573712,NA,"tags=32%, list=21%, signal=26%",505
"BB3_all","BB3_all","CRPCvsHSPC","CRPC vs HSPC","DCTN3",0.014266579478817,7283,FALSE,0.844460491827599,0.993371139928155,505,0.357991574923809,1.36162312968613,0.0450710479573712,0.0450710479573712,NA,"tags=32%, list=21%, signal=26%",505
"BB3_all","BB3_all","CRPCvsHSPC","CRPC vs HSPC","TRIM14",0.014250733622676,7285,FALSE,0.879515585830867,0.995379202197669,505,0.357991574923809,1.36162312968613,0.0450710479573712,0.0450710479573712,NA,"tags=32%, list=21%, signal=26%",505
"BB3_all","BB3_all","CRPCvsHSPC","CRPC vs HSPC","AKTIP",0.0141540262894777,7296,FALSE,0.805276287706261,0.988741473863441,505,0.357991574923809,1.36162312968613,0.0450710479573712,0.0450710479573712,NA,"tags=32%, list=21%, signal=26%",505
"BB3_all","BB3_all","CRPCvsHSPC","CRPC vs HSPC","DLG1",0.0140048316304098,7318,FALSE,0.809516199887466,0.988741473863441,505,0.357991574923809,1.36162312968613,0.0450710479573712,0.0450710479573712,NA,"tags=32%, list=21%, signal=26%",505
"BB3_all","BB3_all","CRPCvsHSPC","CRPC vs HSPC","WIPF2",0.0134469885834694,7364,FALSE,0.807981102235881,0.988741473863441,505,0.357991574923809,1.36162312968613,0.0450710479573712,0.0450710479573712,NA,"tags=32%, list=21%, signal=26%",505
"BB3_all","BB3_all","CRPCvsHSPC","CRPC vs HSPC","EMC7",0.0133127529199788,7378,FALSE,0.858800744528826,0.993371139928155,505,0.357991574923809,1.36162312968613,0.0450710479573712,0.0450710479573712,NA,"tags=32%, list=21%, signal=26%",505
"BB3_all","BB3_all","CRPCvsHSPC","CRPC vs HSPC","ARPC3",0.0131072411068924,7402,FALSE,0.852706097615161,0.993371139928155,505,0.357991574923809,1.36162312968613,0.0450710479573712,0.0450710479573712,NA,"tags=32%, list=21%, signal=26%",505
"BB3_all","BB3_all","CRPCvsHSPC","CRPC vs HSPC","SLC46A1",0.0127207473561639,7441,FALSE,0.806389129707739,0.988741473863441,505,0.357991574923809,1.36162312968613,0.0450710479573712,0.0450710479573712,NA,"tags=32%, list=21%, signal=26%",505
"BB3_all","BB3_all","CRPCvsHSPC","CRPC vs HSPC","MGME1",0.0115009976110825,7560,FALSE,0.850173746675294,0.993371139928155,505,0.357991574923809,1.36162312968613,0.0450710479573712,0.0450710479573712,NA,"tags=32%, list=21%, signal=26%",505
"BB3_all","BB3_all","CRPCvsHSPC","CRPC vs HSPC","NDUFAF6",0.0110191363929721,7613,FALSE,0.870305253299033,0.995118942329703,505,0.357991574923809,1.36162312968613,0.0450710479573712,0.0450710479573712,NA,"tags=32%, list=21%, signal=26%",505
"BB3_all","BB3_all","CRPCvsHSPC","CRPC vs HSPC","ZBTB45",0.0109140412326791,7624,FALSE,0.878129156905645,0.995379202197669,505,0.357991574923809,1.36162312968613,0.0450710479573712,0.0450710479573712,NA,"tags=32%, list=21%, signal=26%",505
"BB3_all","BB3_all","CRPCvsHSPC","CRPC vs HSPC","MTCH2",0.0108513975995654,7629,FALSE,0.86256321476118,0.99360887747154,505,0.357991574923809,1.36162312968613,0.0450710479573712,0.0450710479573712,NA,"tags=32%, list=21%, signal=26%",505
"BB3_all","BB3_all","CRPCvsHSPC","CRPC vs HSPC","INPP5J",0.0105518879744158,7668,FALSE,0.915972240813304,0.996396890482989,505,0.357991574923809,1.36162312968613,0.0450710479573712,0.0450710479573712,NA,"tags=32%, list=21%, signal=26%",505
"BB3_all","BB3_all","CRPCvsHSPC","CRPC vs HSPC","ISYNA1",0.0103781412141157,7684,FALSE,0.928588334632728,0.996624672772691,505,0.357991574923809,1.36162312968613,0.0450710479573712,0.0450710479573712,NA,"tags=32%, list=21%, signal=26%",505
"BB3_all","BB3_all","CRPCvsHSPC","CRPC vs HSPC","SLC35E2B",0.00999901813020099,7724,FALSE,0.906806358007455,0.996396890482989,505,0.357991574923809,1.36162312968613,0.0450710479573712,0.0450710479573712,NA,"tags=32%, list=21%, signal=26%",505
"BB3_all","BB3_all","CRPCvsHSPC","CRPC vs HSPC","PANX1",0.00915680673291597,7806,FALSE,0.883913201418162,0.995443154842405,505,0.357991574923809,1.36162312968613,0.0450710479573712,0.0450710479573712,NA,"tags=32%, list=21%, signal=26%",505
"BB3_all","BB3_all","CRPCvsHSPC","CRPC vs HSPC","NDUFB6",0.00907571410174057,7811,FALSE,0.91781495061212,0.996396890482989,505,0.357991574923809,1.36162312968613,0.0450710479573712,0.0450710479573712,NA,"tags=32%, list=21%, signal=26%",505
"BB3_all","BB3_all","CRPCvsHSPC","CRPC vs HSPC","VAMP5",0.0090348311784032,7815,FALSE,0.943770906557888,0.996725389280917,505,0.357991574923809,1.36162312968613,0.0450710479573712,0.0450710479573712,NA,"tags=32%, list=21%, signal=26%",505
"BB3_all","BB3_all","CRPCvsHSPC","CRPC vs HSPC","COX8A",0.00878132215118832,7847,FALSE,0.923957878671394,0.996624672772691,505,0.357991574923809,1.36162312968613,0.0450710479573712,0.0450710479573712,NA,"tags=32%, list=21%, signal=26%",505
"BB3_all","BB3_all","CRPCvsHSPC","CRPC vs HSPC","TAMM41",0.00803247187069078,7930,FALSE,0.852320224824836,0.993371139928155,505,0.357991574923809,1.36162312968613,0.0450710479573712,0.0450710479573712,NA,"tags=32%, list=21%, signal=26%",505
"BB3_all","BB3_all","CRPCvsHSPC","CRPC vs HSPC","TXNL1",0.00778362034571911,7954,FALSE,0.896003325935654,0.995443154842405,505,0.357991574923809,1.36162312968613,0.0450710479573712,0.0450710479573712,NA,"tags=32%, list=21%, signal=26%",505
"BB3_all","BB3_all","CRPCvsHSPC","CRPC vs HSPC","TRIM44",0.00748919882602062,7976,FALSE,0.901857103030088,0.996346865179718,505,0.357991574923809,1.36162312968613,0.0450710479573712,0.0450710479573712,NA,"tags=32%, list=21%, signal=26%",505
"BB3_all","BB3_all","CRPCvsHSPC","CRPC vs HSPC","TICRR",0.00728283687193154,7996,FALSE,0.892708104461177,0.995443154842405,505,0.357991574923809,1.36162312968613,0.0450710479573712,0.0450710479573712,NA,"tags=32%, list=21%, signal=26%",505
"BB3_all","BB3_all","CRPCvsHSPC","CRPC vs HSPC","LSM8",0.00723045099684771,8002,FALSE,0.88233962962461,0.995430762001019,505,0.357991574923809,1.36162312968613,0.0450710479573712,0.0450710479573712,NA,"tags=32%, list=21%, signal=26%",505
"BB3_all","BB3_all","CRPCvsHSPC","CRPC vs HSPC","IDH3B",0.00659217180138949,8073,FALSE,0.909820992479775,0.996396890482989,505,0.357991574923809,1.36162312968613,0.0450710479573712,0.0450710479573712,NA,"tags=32%, list=21%, signal=26%",505
"BB3_all","BB3_all","CRPCvsHSPC","CRPC vs HSPC","ZNF747",0.00657453842441935,8076,FALSE,0.904360711605532,0.996396890482989,505,0.357991574923809,1.36162312968613,0.0450710479573712,0.0450710479573712,NA,"tags=32%, list=21%, signal=26%",505
"BB3_all","BB3_all","CRPCvsHSPC","CRPC vs HSPC","CHCHD7",0.0057146656055882,8167,FALSE,0.935500092644654,0.996624672772691,505,0.357991574923809,1.36162312968613,0.0450710479573712,0.0450710479573712,NA,"tags=32%, list=21%, signal=26%",505
"BB3_all","BB3_all","CRPCvsHSPC","CRPC vs HSPC","MYPOP",0.0051906576127867,8221,FALSE,0.92966678345648,0.996624672772691,505,0.357991574923809,1.36162312968613,0.0450710479573712,0.0450710479573712,NA,"tags=32%, list=21%, signal=26%",505
"BB3_all","BB3_all","CRPCvsHSPC","CRPC vs HSPC","ORMDL1",0.00514708656042773,8226,FALSE,0.927672506082386,0.996624672772691,505,0.357991574923809,1.36162312968613,0.0450710479573712,0.0450710479573712,NA,"tags=32%, list=21%, signal=26%",505
"BB3_all","BB3_all","CRPCvsHSPC","CRPC vs HSPC","SRRM2",0.0046033825976064,8283,FALSE,0.961790412984906,0.997640234022407,505,0.357991574923809,1.36162312968613,0.0450710479573712,0.0450710479573712,NA,"tags=32%, list=21%, signal=26%",505
"BB3_all","BB3_all","CRPCvsHSPC","CRPC vs HSPC","GEMIN4",0.0040570535338782,8347,FALSE,0.955491657175132,0.996785741696802,505,0.357991574923809,1.36162312968613,0.0450710479573712,0.0450710479573712,NA,"tags=32%, list=21%, signal=26%",505
"BB3_all","BB3_all","CRPCvsHSPC","CRPC vs HSPC","TWNK",0.003983792188333,8354,FALSE,0.957350686184524,0.997215746486835,505,0.357991574923809,1.36162312968613,0.0450710479573712,0.0450710479573712,NA,"tags=32%, list=21%, signal=26%",505
"BB3_all","BB3_all","CRPCvsHSPC","CRPC vs HSPC","NECAP1",0.00381392842017592,8377,FALSE,0.949372225346101,0.996725389280917,505,0.357991574923809,1.36162312968613,0.0450710479573712,0.0450710479573712,NA,"tags=32%, list=21%, signal=26%",505
"BB3_all","BB3_all","CRPCvsHSPC","CRPC vs HSPC","ELOC",0.00367648907450757,8398,FALSE,0.963407474900753,0.997726456533199,505,0.357991574923809,1.36162312968613,0.0450710479573712,0.0450710479573712,NA,"tags=32%, list=21%, signal=26%",505
"BB3_all","BB3_all","CRPCvsHSPC","CRPC vs HSPC","GCA",0.00328146563361198,8441,FALSE,0.972897938610398,0.997726456533199,505,0.357991574923809,1.36162312968613,0.0450710479573712,0.0450710479573712,NA,"tags=32%, list=21%, signal=26%",505
"BB3_all","BB3_all","CRPCvsHSPC","CRPC vs HSPC","HMGXB4",0.00268337473442548,8522,FALSE,0.968033577844381,0.997726456533199,505,0.357991574923809,1.36162312968613,0.0450710479573712,0.0450710479573712,NA,"tags=32%, list=21%, signal=26%",505
"BB3_all","BB3_all","CRPCvsHSPC","CRPC vs HSPC","IMPDH2",0.00253476355237225,8540,FALSE,0.978631589412428,0.997885184331778,505,0.357991574923809,1.36162312968613,0.0450710479573712,0.0450710479573712,NA,"tags=32%, list=21%, signal=26%",505
"BB3_all","BB3_all","CRPCvsHSPC","CRPC vs HSPC","CCAR2",0.00248303781450998,8546,FALSE,0.965665404947049,0.997726456533199,505,0.357991574923809,1.36162312968613,0.0450710479573712,0.0450710479573712,NA,"tags=32%, list=21%, signal=26%",505
"BB3_all","BB3_all","CRPCvsHSPC","CRPC vs HSPC","RALGAPA2",0.00222446313737112,8578,FALSE,0.986858321470503,0.998713329255063,505,0.357991574923809,1.36162312968613,0.0450710479573712,0.0450710479573712,NA,"tags=32%, list=21%, signal=26%",505
"BB3_all","BB3_all","CRPCvsHSPC","CRPC vs HSPC","NEU1",0.0018545306964306,8626,FALSE,0.990064651548616,0.998927071480386,505,0.357991574923809,1.36162312968613,0.0450710479573712,0.0450710479573712,NA,"tags=32%, list=21%, signal=26%",505
"BB3_all","BB3_all","CRPCvsHSPC","CRPC vs HSPC","CRAMP1",0.00153817602688111,8656,FALSE,0.979481448704818,0.997885184331778,505,0.357991574923809,1.36162312968613,0.0450710479573712,0.0450710479573712,NA,"tags=32%, list=21%, signal=26%",505
"BB3_all","BB3_all","CRPCvsHSPC","CRPC vs HSPC","SDCBP2",0.00140363226257456,8678,FALSE,0.988364229303607,0.998927071480386,505,0.357991574923809,1.36162312968613,0.0450710479573712,0.0450710479573712,NA,"tags=32%, list=21%, signal=26%",505
"BB3_all","BB3_all","CRPCvsHSPC","CRPC vs HSPC","ANKS1B",0.0012457646414139,8691,FALSE,0.978486145028003,0.997885184331778,505,0.357991574923809,1.36162312968613,0.0450710479573712,0.0450710479573712,NA,"tags=32%, list=21%, signal=26%",505
"BB3_all","BB3_all","CRPCvsHSPC","CRPC vs HSPC","C8orf76",-0.000292726193653614,8885,FALSE,0.996387596824515,0.999759670996926,505,0.357991574923809,1.36162312968613,0.0450710479573712,0.0450710479573712,NA,"tags=32%, list=21%, signal=26%",505
"BB3_all","BB3_all","CRPCvsHSPC","CRPC vs HSPC","CHTOP",-0.000756253534523132,8951,FALSE,0.986446486825545,0.998713329255063,505,0.357991574923809,1.36162312968613,0.0450710479573712,0.0450710479573712,NA,"tags=32%, list=21%, signal=26%",505
"BB3_all","BB3_all","CRPCvsHSPC","CRPC vs HSPC","MIPOL1",-0.00109194959540915,9015,FALSE,0.985660560325042,0.998667891256972,505,0.357991574923809,1.36162312968613,0.0450710479573712,0.0450710479573712,NA,"tags=32%, list=21%, signal=26%",505
"BB3_all","BB3_all","CRPCvsHSPC","CRPC vs HSPC","ZNF143",-0.00112520600710875,9026,FALSE,0.979483485673072,0.997885184331778,505,0.357991574923809,1.36162312968613,0.0450710479573712,0.0450710479573712,NA,"tags=32%, list=21%, signal=26%",505
"BB3_all","BB3_all","CRPCvsHSPC","CRPC vs HSPC","TARDBP",-0.00131815963391446,9057,FALSE,0.975191082202319,0.997726456533199,505,0.357991574923809,1.36162312968613,0.0450710479573712,0.0450710479573712,NA,"tags=32%, list=21%, signal=26%",505
"BB3_all","BB3_all","CRPCvsHSPC","CRPC vs HSPC","LRBA",-0.00226144299635544,9169,FALSE,0.981744216885848,0.998277135193488,505,0.357991574923809,1.36162312968613,0.0450710479573712,0.0450710479573712,NA,"tags=32%, list=21%, signal=26%",505
"BB3_all","BB3_all","CRPCvsHSPC","CRPC vs HSPC","SGPP1",-0.00227097465579895,9170,FALSE,0.982325285820089,0.998402600007147,505,0.357991574923809,1.36162312968613,0.0450710479573712,0.0450710479573712,NA,"tags=32%, list=21%, signal=26%",505
"BB3_all","BB3_all","CRPCvsHSPC","CRPC vs HSPC","TMEM128",-0.00286631951288152,9272,FALSE,0.968373013462865,0.997726456533199,505,0.357991574923809,1.36162312968613,0.0450710479573712,0.0450710479573712,NA,"tags=32%, list=21%, signal=26%",505
"BB3_all","BB3_all","CRPCvsHSPC","CRPC vs HSPC","TMTC4",-0.0031973761966122,9322,FALSE,0.973882093086814,0.997726456533199,505,0.357991574923809,1.36162312968613,0.0450710479573712,0.0450710479573712,NA,"tags=32%, list=21%, signal=26%",505
"BB3_all","BB3_all","CRPCvsHSPC","CRPC vs HSPC","TUBGCP4",-0.00334010879027447,9340,FALSE,0.940845927621657,0.996725389280917,505,0.357991574923809,1.36162312968613,0.0450710479573712,0.0450710479573712,NA,"tags=32%, list=21%, signal=26%",505
"BB3_all","BB3_all","CRPCvsHSPC","CRPC vs HSPC","VKORC1",-0.00388745592620188,9414,FALSE,0.965588997289612,0.997726456533199,505,0.357991574923809,1.36162312968613,0.0450710479573712,0.0450710479573712,NA,"tags=32%, list=21%, signal=26%",505
"BB3_all","BB3_all","CRPCvsHSPC","CRPC vs HSPC","INVS",-0.00431082193078836,9485,FALSE,0.929363354433622,0.996624672772691,505,0.357991574923809,1.36162312968613,0.0450710479573712,0.0450710479573712,NA,"tags=32%, list=21%, signal=26%",505
"BB3_all","BB3_all","CRPCvsHSPC","CRPC vs HSPC","ENSA",-0.00494453548044405,9615,FALSE,0.940836215791497,0.996725389280917,505,0.357991574923809,1.36162312968613,0.0450710479573712,0.0450710479573712,NA,"tags=32%, list=21%, signal=26%",505
"BB3_all","BB3_all","CRPCvsHSPC","CRPC vs HSPC","IKBIP",-0.0049809913791814,9627,FALSE,0.937173264608582,0.996725389280917,505,0.357991574923809,1.36162312968613,0.0450710479573712,0.0450710479573712,NA,"tags=32%, list=21%, signal=26%",505
"BB3_all","BB3_all","CRPCvsHSPC","CRPC vs HSPC","STT3A",-0.00550942707675883,9725,FALSE,0.938850492884673,0.996725389280917,505,0.357991574923809,1.36162312968613,0.0450710479573712,0.0450710479573712,NA,"tags=32%, list=21%, signal=26%",505
"BB3_all","BB3_all","CRPCvsHSPC","CRPC vs HSPC","CNIH4",-0.00577479834225114,9765,FALSE,0.931578727470078,0.996624672772691,505,0.357991574923809,1.36162312968613,0.0450710479573712,0.0450710479573712,NA,"tags=32%, list=21%, signal=26%",505
"BB3_all","BB3_all","CRPCvsHSPC","CRPC vs HSPC","SLC35D2",-0.00593976932460638,9792,FALSE,0.911378383425921,0.996396890482989,505,0.357991574923809,1.36162312968613,0.0450710479573712,0.0450710479573712,NA,"tags=32%, list=21%, signal=26%",505
"BB3_all","BB3_all","CRPCvsHSPC","CRPC vs HSPC","TM7SF3",-0.00618395748501932,9834,FALSE,0.938826470443329,0.996725389280917,505,0.357991574923809,1.36162312968613,0.0450710479573712,0.0450710479573712,NA,"tags=32%, list=21%, signal=26%",505
"BB3_all","BB3_all","CRPCvsHSPC","CRPC vs HSPC","CTSL",-0.00628867848868797,9849,FALSE,0.940094762103399,0.996725389280917,505,0.357991574923809,1.36162312968613,0.0450710479573712,0.0450710479573712,NA,"tags=32%, list=21%, signal=26%",505
"BB3_all","BB3_all","CRPCvsHSPC","CRPC vs HSPC","CKS1B",-0.00636708687271215,9865,FALSE,0.941262204070327,0.996725389280917,505,0.357991574923809,1.36162312968613,0.0450710479573712,0.0450710479573712,NA,"tags=32%, list=21%, signal=26%",505
"BB3_all","BB3_all","CRPCvsHSPC","CRPC vs HSPC","CNEP1R1",-0.00727346588852273,10023,FALSE,0.891652995668966,0.995443154842405,505,0.357991574923809,1.36162312968613,0.0450710479573712,0.0450710479573712,NA,"tags=32%, list=21%, signal=26%",505
"BB3_all","BB3_all","CRPCvsHSPC","CRPC vs HSPC","BAK1",-0.00780258548167412,10115,FALSE,0.902338442475045,0.996358573510895,505,0.357991574923809,1.36162312968613,0.0450710479573712,0.0450710479573712,NA,"tags=32%, list=21%, signal=26%",505
"BB3_all","BB3_all","CRPCvsHSPC","CRPC vs HSPC","MTHFD2L",-0.00793823170938857,10133,FALSE,0.902611547686245,0.996358573510895,505,0.357991574923809,1.36162312968613,0.0450710479573712,0.0450710479573712,NA,"tags=32%, list=21%, signal=26%",505
"BB3_all","BB3_all","CRPCvsHSPC","CRPC vs HSPC","PHYH",-0.0080060661717507,10144,FALSE,0.933854687601129,0.996624672772691,505,0.357991574923809,1.36162312968613,0.0450710479573712,0.0450710479573712,NA,"tags=32%, list=21%, signal=26%",505
"BB3_all","BB3_all","CRPCvsHSPC","CRPC vs HSPC","DNTTIP1",-0.00855393645995628,10248,FALSE,0.881054926199144,0.995379202197669,505,0.357991574923809,1.36162312968613,0.0450710479573712,0.0450710479573712,NA,"tags=32%, list=21%, signal=26%",505
"BB3_all","BB3_all","CRPCvsHSPC","CRPC vs HSPC","TEX19",-0.0086755877320575,10271,FALSE,0.669379440277007,0.982112758884219,505,0.357991574923809,1.36162312968613,0.0450710479573712,0.0450710479573712,NA,"tags=32%, list=21%, signal=26%",505
"BB3_all","BB3_all","CRPCvsHSPC","CRPC vs HSPC","TANC2",-0.00894028858740148,10334,FALSE,0.909205311178682,0.996396890482989,505,0.357991574923809,1.36162312968613,0.0450710479573712,0.0450710479573712,NA,"tags=32%, list=21%, signal=26%",505
"BB3_all","BB3_all","CRPCvsHSPC","CRPC vs HSPC","TSGA13",-0.00903979797457004,10355,FALSE,0.379615889425191,0.961953958507263,505,0.357991574923809,1.36162312968613,0.0450710479573712,0.0450710479573712,NA,"tags=32%, list=21%, signal=26%",505
"BB3_all","BB3_all","CRPCvsHSPC","CRPC vs HSPC","MYL6",-0.00905897598969219,10360,FALSE,0.919891639321812,0.99644262950454,505,0.357991574923809,1.36162312968613,0.0450710479573712,0.0450710479573712,NA,"tags=32%, list=21%, signal=26%",505
"BB3_all","BB3_all","CRPCvsHSPC","CRPC vs HSPC","ANKRD13B",-0.00917497533935174,10375,FALSE,0.929667614562525,0.996624672772691,505,0.357991574923809,1.36162312968613,0.0450710479573712,0.0450710479573712,NA,"tags=32%, list=21%, signal=26%",505
"BB3_all","BB3_all","CRPCvsHSPC","CRPC vs HSPC","DOCK1",-0.00924476367593741,10388,FALSE,0.909847520752463,0.996396890482989,505,0.357991574923809,1.36162312968613,0.0450710479573712,0.0450710479573712,NA,"tags=32%, list=21%, signal=26%",505
"BB3_all","BB3_all","CRPCvsHSPC","CRPC vs HSPC","PHRF1",-0.00928950286655761,10396,FALSE,0.885382917449798,0.995443154842405,505,0.357991574923809,1.36162312968613,0.0450710479573712,0.0450710479573712,NA,"tags=32%, list=21%, signal=26%",505
"BB3_all","BB3_all","CRPCvsHSPC","CRPC vs HSPC","BBS9",-0.00939638851784252,10429,FALSE,0.835588944812775,0.993371139928155,505,0.357991574923809,1.36162312968613,0.0450710479573712,0.0450710479573712,NA,"tags=32%, list=21%, signal=26%",505
"BB3_all","BB3_all","CRPCvsHSPC","CRPC vs HSPC","PDCD2L",-0.00940851680802668,10432,FALSE,0.881107788536228,0.995379202197669,505,0.357991574923809,1.36162312968613,0.0450710479573712,0.0450710479573712,NA,"tags=32%, list=21%, signal=26%",505
"BB3_all","BB3_all","CRPCvsHSPC","CRPC vs HSPC","UBE2E3",-0.00980936400442367,10510,FALSE,0.928961509964425,0.996624672772691,505,0.357991574923809,1.36162312968613,0.0450710479573712,0.0450710479573712,NA,"tags=32%, list=21%, signal=26%",505
"BB3_all","BB3_all","CRPCvsHSPC","CRPC vs HSPC","GINS1",-0.0100337026059489,10547,FALSE,0.90685768988638,0.996396890482989,505,0.357991574923809,1.36162312968613,0.0450710479573712,0.0450710479573712,NA,"tags=32%, list=21%, signal=26%",505
"BB3_all","BB3_all","CRPCvsHSPC","CRPC vs HSPC","ZNF350",-0.0100570261060184,10557,FALSE,0.920633060671705,0.99644262950454,505,0.357991574923809,1.36162312968613,0.0450710479573712,0.0450710479573712,NA,"tags=32%, list=21%, signal=26%",505
"BB3_all","BB3_all","CRPCvsHSPC","CRPC vs HSPC","PCDHB12",-0.0104078058861095,10628,FALSE,0.856449313013123,0.993371139928155,505,0.357991574923809,1.36162312968613,0.0450710479573712,0.0450710479573712,NA,"tags=32%, list=21%, signal=26%",505
"BB3_all","BB3_all","CRPCvsHSPC","CRPC vs HSPC","PAAF1",-0.0105423897805812,10656,FALSE,0.815154630489834,0.990428074519632,505,0.357991574923809,1.36162312968613,0.0450710479573712,0.0450710479573712,NA,"tags=32%, list=21%, signal=26%",505
"BB3_all","BB3_all","CRPCvsHSPC","CRPC vs HSPC","SAP18",-0.0107946593489121,10703,FALSE,0.869842415075377,0.995033822473618,505,0.357991574923809,1.36162312968613,0.0450710479573712,0.0450710479573712,NA,"tags=32%, list=21%, signal=26%",505
"BB3_all","BB3_all","CRPCvsHSPC","CRPC vs HSPC","ZCRB1",-0.0113054765669274,10802,FALSE,0.85015969088577,0.993371139928155,505,0.357991574923809,1.36162312968613,0.0450710479573712,0.0450710479573712,NA,"tags=32%, list=21%, signal=26%",505
"BB3_all","BB3_all","CRPCvsHSPC","CRPC vs HSPC","DDX3Y",-0.0116757118380852,10878,FALSE,0.89719860253859,0.995687038583709,505,0.357991574923809,1.36162312968613,0.0450710479573712,0.0450710479573712,NA,"tags=32%, list=21%, signal=26%",505
"BB3_all","BB3_all","CRPCvsHSPC","CRPC vs HSPC","OARD1",-0.0116774574046317,10879,FALSE,0.821631737832963,0.992836711111078,505,0.357991574923809,1.36162312968613,0.0450710479573712,0.0450710479573712,NA,"tags=32%, list=21%, signal=26%",505
"BB3_all","BB3_all","CRPCvsHSPC","CRPC vs HSPC","CARD9",-0.0121264751903745,10970,FALSE,0.852197234345709,0.993371139928155,505,0.357991574923809,1.36162312968613,0.0450710479573712,0.0450710479573712,NA,"tags=32%, list=21%, signal=26%",505
"BB3_all","BB3_all","CRPCvsHSPC","CRPC vs HSPC","SULT1A1",-0.0126183697912285,11057,FALSE,0.868941863114734,0.994935438604896,505,0.357991574923809,1.36162312968613,0.0450710479573712,0.0450710479573712,NA,"tags=32%, list=21%, signal=26%",505
"BB3_all","BB3_all","CRPCvsHSPC","CRPC vs HSPC","RPL21",-0.0131414697353023,11150,FALSE,0.908188948095171,0.996396890482989,505,0.357991574923809,1.36162312968613,0.0450710479573712,0.0450710479573712,NA,"tags=32%, list=21%, signal=26%",505
"BB3_all","BB3_all","CRPCvsHSPC","CRPC vs HSPC","CDC5L",-0.0134751608130412,11224,FALSE,0.794671999406654,0.988741473863441,505,0.357991574923809,1.36162312968613,0.0450710479573712,0.0450710479573712,NA,"tags=32%, list=21%, signal=26%",505
"BB3_all","BB3_all","CRPCvsHSPC","CRPC vs HSPC","TRAPPC1",-0.0137709088424796,11284,FALSE,0.85681139282346,0.993371139928155,505,0.357991574923809,1.36162312968613,0.0450710479573712,0.0450710479573712,NA,"tags=32%, list=21%, signal=26%",505
"BB3_all","BB3_all","CRPCvsHSPC","CRPC vs HSPC","CCDC88C",-0.0138351915156685,11294,FALSE,0.876198363709258,0.995379202197669,505,0.357991574923809,1.36162312968613,0.0450710479573712,0.0450710479573712,NA,"tags=32%, list=21%, signal=26%",505
"BB3_all","BB3_all","CRPCvsHSPC","CRPC vs HSPC","KRTCAP2",-0.0141154518621085,11350,FALSE,0.848507505770613,0.993371139928155,505,0.357991574923809,1.36162312968613,0.0450710479573712,0.0450710479573712,NA,"tags=32%, list=21%, signal=26%",505
"BB3_all","BB3_all","CRPCvsHSPC","CRPC vs HSPC","MORN3",-0.0152357567529436,11557,FALSE,0.651645499523252,0.981791940588791,505,0.357991574923809,1.36162312968613,0.0450710479573712,0.0450710479573712,NA,"tags=32%, list=21%, signal=26%",505
"BB3_all","BB3_all","CRPCvsHSPC","CRPC vs HSPC","ITGAE",-0.0163325739400193,11751,FALSE,0.795587044037338,0.988741473863441,505,0.357991574923809,1.36162312968613,0.0450710479573712,0.0450710479573712,NA,"tags=32%, list=21%, signal=26%",505
"BB3_all","BB3_all","CRPCvsHSPC","CRPC vs HSPC","LRRC8D",-0.0163462366198499,11752,FALSE,0.807295155925374,0.988741473863441,505,0.357991574923809,1.36162312968613,0.0450710479573712,0.0450710479573712,NA,"tags=32%, list=21%, signal=26%",505
"BB3_all","BB3_all","CRPCvsHSPC","CRPC vs HSPC","C19orf25",-0.0174296789727473,11926,FALSE,0.776885195756396,0.988741473863441,505,0.357991574923809,1.36162312968613,0.0450710479573712,0.0450710479573712,NA,"tags=32%, list=21%, signal=26%",505
"BB3_all","BB3_all","CRPCvsHSPC","CRPC vs HSPC","PLEKHH1",-0.0174733714818269,11928,FALSE,0.901666259140863,0.99632022454381,505,0.357991574923809,1.36162312968613,0.0450710479573712,0.0450710479573712,NA,"tags=32%, list=21%, signal=26%",505
"BB3_all","BB3_all","CRPCvsHSPC","CRPC vs HSPC","AXDND1",-0.0178006327639688,11978,FALSE,0.170985508176925,0.961953958507263,505,0.357991574923809,1.36162312968613,0.0450710479573712,0.0450710479573712,NA,"tags=32%, list=21%, signal=26%",505
"BB3_all","BB3_all","CRPCvsHSPC","CRPC vs HSPC","ZNF517",-0.0181529220837673,12038,FALSE,0.783296184406653,0.988741473863441,505,0.357991574923809,1.36162312968613,0.0450710479573712,0.0450710479573712,NA,"tags=32%, list=21%, signal=26%",505
"BB3_all","BB3_all","CRPCvsHSPC","CRPC vs HSPC","C15orf40",-0.0181545931343168,12039,FALSE,0.598633219567176,0.974889403904491,505,0.357991574923809,1.36162312968613,0.0450710479573712,0.0450710479573712,NA,"tags=32%, list=21%, signal=26%",505
"BB3_all","BB3_all","CRPCvsHSPC","CRPC vs HSPC","KRT10",-0.0182019259895716,12050,FALSE,0.839920792410718,0.993371139928155,505,0.357991574923809,1.36162312968613,0.0450710479573712,0.0450710479573712,NA,"tags=32%, list=21%, signal=26%",505
"BB3_all","BB3_all","CRPCvsHSPC","CRPC vs HSPC","ADRA2A",-0.0183868964354708,12083,FALSE,0.916666254591698,0.996396890482989,505,0.357991574923809,1.36162312968613,0.0450710479573712,0.0450710479573712,NA,"tags=32%, list=21%, signal=26%",505
"BB3_all","BB3_all","CRPCvsHSPC","CRPC vs HSPC","ZMYND19",-0.018570727669545,12105,FALSE,0.789024834054492,0.988741473863441,505,0.357991574923809,1.36162312968613,0.0450710479573712,0.0450710479573712,NA,"tags=32%, list=21%, signal=26%",505
"BB3_all","BB3_all","CRPCvsHSPC","CRPC vs HSPC","MFSD11",-0.0197958618116574,12309,FALSE,0.670449796652186,0.982112758884219,505,0.357991574923809,1.36162312968613,0.0450710479573712,0.0450710479573712,NA,"tags=32%, list=21%, signal=26%",505
"BB3_all","BB3_all","CRPCvsHSPC","CRPC vs HSPC","FCHSD1",-0.0202587864158246,12384,FALSE,0.794809303438288,0.988741473863441,505,0.357991574923809,1.36162312968613,0.0450710479573712,0.0450710479573712,NA,"tags=32%, list=21%, signal=26%",505
"BB3_all","BB3_all","CRPCvsHSPC","CRPC vs HSPC","CALML6",-0.0216932772154159,12576,FALSE,0.718087103007657,0.98595061929778,505,0.357991574923809,1.36162312968613,0.0450710479573712,0.0450710479573712,NA,"tags=32%, list=21%, signal=26%",505
"BB3_all","BB3_all","CRPCvsHSPC","CRPC vs HSPC","NDUFB3",-0.0217106870264896,12578,FALSE,0.789184340093565,0.988741473863441,505,0.357991574923809,1.36162312968613,0.0450710479573712,0.0450710479573712,NA,"tags=32%, list=21%, signal=26%",505
"BB3_all","BB3_all","CRPCvsHSPC","CRPC vs HSPC","POLR2K",-0.0217132979297272,12579,FALSE,0.793874975482448,0.988741473863441,505,0.357991574923809,1.36162312968613,0.0450710479573712,0.0450710479573712,NA,"tags=32%, list=21%, signal=26%",505
"BB3_all","BB3_all","CRPCvsHSPC","CRPC vs HSPC","NRDE2",-0.0221065455880776,12646,FALSE,0.471800438039722,0.962613387123402,505,0.357991574923809,1.36162312968613,0.0450710479573712,0.0450710479573712,NA,"tags=32%, list=21%, signal=26%",505
"BB3_all","BB3_all","CRPCvsHSPC","CRPC vs HSPC","AARS2",-0.022907913994159,12761,FALSE,0.621018293094641,0.978202949438983,505,0.357991574923809,1.36162312968613,0.0450710479573712,0.0450710479573712,NA,"tags=32%, list=21%, signal=26%",505
"BB3_all","BB3_all","CRPCvsHSPC","CRPC vs HSPC","PSMG4",-0.0242573458473083,12927,FALSE,0.659903643542117,0.981791940588791,505,0.357991574923809,1.36162312968613,0.0450710479573712,0.0450710479573712,NA,"tags=32%, list=21%, signal=26%",505
"BB3_all","BB3_all","CRPCvsHSPC","CRPC vs HSPC","SLC6A16",-0.0251652055829626,13042,FALSE,0.668206773050824,0.982112758884219,505,0.357991574923809,1.36162312968613,0.0450710479573712,0.0450710479573712,NA,"tags=32%, list=21%, signal=26%",505
"BB3_all","BB3_all","CRPCvsHSPC","CRPC vs HSPC","SURF2",-0.025920688238366,13134,FALSE,0.786878133464092,0.988741473863441,505,0.357991574923809,1.36162312968613,0.0450710479573712,0.0450710479573712,NA,"tags=32%, list=21%, signal=26%",505
"BB3_all","BB3_all","CRPCvsHSPC","CRPC vs HSPC","MRPS6",-0.0259903788962088,13140,FALSE,0.729861562489244,0.986318354041964,505,0.357991574923809,1.36162312968613,0.0450710479573712,0.0450710479573712,NA,"tags=32%, list=21%, signal=26%",505
"BB3_all","BB3_all","CRPCvsHSPC","CRPC vs HSPC","TTYH2",-0.026781348801945,13226,FALSE,0.662623449289216,0.981791940588791,505,0.357991574923809,1.36162312968613,0.0450710479573712,0.0450710479573712,NA,"tags=32%, list=21%, signal=26%",505
"BB3_all","BB3_all","CRPCvsHSPC","CRPC vs HSPC","SEM1",-0.0277113791652934,13316,FALSE,0.76025675525602,0.988070096138049,505,0.357991574923809,1.36162312968613,0.0450710479573712,0.0450710479573712,NA,"tags=32%, list=21%, signal=26%",505
"BB3_all","BB3_all","CRPCvsHSPC","CRPC vs HSPC","ZNF354C",-0.0281813162468971,13367,FALSE,0.639025669370564,0.980271327308636,505,0.357991574923809,1.36162312968613,0.0450710479573712,0.0450710479573712,NA,"tags=32%, list=21%, signal=26%",505
"BB3_all","BB3_all","CRPCvsHSPC","CRPC vs HSPC","GCNT1",-0.0289283546431163,13448,FALSE,0.855282171700725,0.993371139928155,505,0.357991574923809,1.36162312968613,0.0450710479573712,0.0450710479573712,NA,"tags=32%, list=21%, signal=26%",505
"BB3_all","BB3_all","CRPCvsHSPC","CRPC vs HSPC","MAP3K21",-0.0292247739780513,13476,FALSE,0.641044892727968,0.98072784032302,505,0.357991574923809,1.36162312968613,0.0450710479573712,0.0450710479573712,NA,"tags=32%, list=21%, signal=26%",505
"BB3_all","BB3_all","CRPCvsHSPC","CRPC vs HSPC","FKBP6",-0.0295098295379263,13504,FALSE,0.160714486428042,0.961953958507263,505,0.357991574923809,1.36162312968613,0.0450710479573712,0.0450710479573712,NA,"tags=32%, list=21%, signal=26%",505
"BB3_all","BB3_all","CRPCvsHSPC","CRPC vs HSPC","HMGB2",-0.0310555749330783,13650,FALSE,0.790482381404912,0.988741473863441,505,0.357991574923809,1.36162312968613,0.0450710479573712,0.0450710479573712,NA,"tags=32%, list=21%, signal=26%",505
"BB3_all","BB3_all","CRPCvsHSPC","CRPC vs HSPC","SRP14",-0.031618664385352,13709,FALSE,0.66308142598502,0.981791940588791,505,0.357991574923809,1.36162312968613,0.0450710479573712,0.0450710479573712,NA,"tags=32%, list=21%, signal=26%",505
"BB3_all","BB3_all","CRPCvsHSPC","CRPC vs HSPC","GPHN",-0.0320497516117313,13762,FALSE,0.565027702325137,0.973952866602945,505,0.357991574923809,1.36162312968613,0.0450710479573712,0.0450710479573712,NA,"tags=32%, list=21%, signal=26%",505
"BB3_all","BB3_all","CRPCvsHSPC","CRPC vs HSPC","DHRS1",-0.0336459186626161,13918,FALSE,0.611663562488531,0.974932181681848,505,0.357991574923809,1.36162312968613,0.0450710479573712,0.0450710479573712,NA,"tags=32%, list=21%, signal=26%",505
"BB3_all","BB3_all","CRPCvsHSPC","CRPC vs HSPC","KISS1",-0.0336814387455261,13923,FALSE,0.530633293668158,0.970119659454904,505,0.357991574923809,1.36162312968613,0.0450710479573712,0.0450710479573712,NA,"tags=32%, list=21%, signal=26%",505
"BB3_all","BB3_all","CRPCvsHSPC","CRPC vs HSPC","ZCCHC17",-0.0347618950758637,14020,FALSE,0.5495992963033,0.972817794316773,505,0.357991574923809,1.36162312968613,0.0450710479573712,0.0450710479573712,NA,"tags=32%, list=21%, signal=26%",505
"BB3_all","BB3_all","CRPCvsHSPC","CRPC vs HSPC","SRA1",-0.0348158392233344,14031,FALSE,0.612238372280982,0.974932181681848,505,0.357991574923809,1.36162312968613,0.0450710479573712,0.0450710479573712,NA,"tags=32%, list=21%, signal=26%",505
"BB3_all","BB3_all","CRPCvsHSPC","CRPC vs HSPC","RBX1",-0.0349587391769317,14043,FALSE,0.663461157296618,0.981791940588791,505,0.357991574923809,1.36162312968613,0.0450710479573712,0.0450710479573712,NA,"tags=32%, list=21%, signal=26%",505
"BB3_all","BB3_all","CRPCvsHSPC","CRPC vs HSPC","RAD51C",-0.0350108914599865,14049,FALSE,0.463927480441209,0.962613387123402,505,0.357991574923809,1.36162312968613,0.0450710479573712,0.0450710479573712,NA,"tags=32%, list=21%, signal=26%",505
"BB3_all","BB3_all","CRPCvsHSPC","CRPC vs HSPC","CTIF",-0.0354406491215848,14077,FALSE,0.580070471834164,0.974889403904491,505,0.357991574923809,1.36162312968613,0.0450710479573712,0.0450710479573712,NA,"tags=32%, list=21%, signal=26%",505
"BB3_all","BB3_all","CRPCvsHSPC","CRPC vs HSPC","HDAC8",-0.0363581225724647,14171,FALSE,0.420896899847001,0.962613387123402,505,0.357991574923809,1.36162312968613,0.0450710479573712,0.0450710479573712,NA,"tags=32%, list=21%, signal=26%",505
"BB3_all","BB3_all","CRPCvsHSPC","CRPC vs HSPC","EFHB",-0.0366156563208288,14193,FALSE,0.356350766683117,0.961953958507263,505,0.357991574923809,1.36162312968613,0.0450710479573712,0.0450710479573712,NA,"tags=32%, list=21%, signal=26%",505
"BB3_all","BB3_all","CRPCvsHSPC","CRPC vs HSPC","PRDM1",-0.037014747308914,14226,FALSE,0.696234533662338,0.98263152052947,505,0.357991574923809,1.36162312968613,0.0450710479573712,0.0450710479573712,NA,"tags=32%, list=21%, signal=26%",505
"BB3_all","BB3_all","CRPCvsHSPC","CRPC vs HSPC","LAMTOR5",-0.0380390381205338,14306,FALSE,0.640598264531163,0.980620198624705,505,0.357991574923809,1.36162312968613,0.0450710479573712,0.0450710479573712,NA,"tags=32%, list=21%, signal=26%",505
"BB3_all","BB3_all","CRPCvsHSPC","CRPC vs HSPC","DGUOK",-0.0390641740961026,14392,FALSE,0.540866415716655,0.971231526571388,505,0.357991574923809,1.36162312968613,0.0450710479573712,0.0450710479573712,NA,"tags=32%, list=21%, signal=26%",505
"BB3_all","BB3_all","CRPCvsHSPC","CRPC vs HSPC","GLOD4",-0.04015741159674,14476,FALSE,0.518575034234006,0.968868653437711,505,0.357991574923809,1.36162312968613,0.0450710479573712,0.0450710479573712,NA,"tags=32%, list=21%, signal=26%",505
"BB3_all","BB3_all","CRPCvsHSPC","CRPC vs HSPC","ZNF226",-0.0407313934094589,14518,FALSE,0.402056519432392,0.962613387123402,505,0.357991574923809,1.36162312968613,0.0450710479573712,0.0450710479573712,NA,"tags=32%, list=21%, signal=26%",505
"BB3_all","BB3_all","CRPCvsHSPC","CRPC vs HSPC","SPATA33",-0.0407547248796576,14522,FALSE,0.373828673570513,0.961953958507263,505,0.357991574923809,1.36162312968613,0.0450710479573712,0.0450710479573712,NA,"tags=32%, list=21%, signal=26%",505
"BB3_all","BB3_all","CRPCvsHSPC","CRPC vs HSPC","LTB4R",-0.0411771238456657,14556,FALSE,0.68628157974498,0.98263152052947,505,0.357991574923809,1.36162312968613,0.0450710479573712,0.0450710479573712,NA,"tags=32%, list=21%, signal=26%",505
"BB3_all","BB3_all","CRPCvsHSPC","CRPC vs HSPC","SLC26A1",-0.0413134828314417,14566,FALSE,0.59490186283597,0.974889403904491,505,0.357991574923809,1.36162312968613,0.0450710479573712,0.0450710479573712,NA,"tags=32%, list=21%, signal=26%",505
"BB3_all","BB3_all","CRPCvsHSPC","CRPC vs HSPC","FADS1",-0.0424417105358552,14648,FALSE,0.699188939018469,0.982941951275926,505,0.357991574923809,1.36162312968613,0.0450710479573712,0.0450710479573712,NA,"tags=32%, list=21%, signal=26%",505
"BB3_all","BB3_all","CRPCvsHSPC","CRPC vs HSPC","DLGAP2",-0.0431400883073433,14697,FALSE,0.0920984970402406,0.961953958507263,505,0.357991574923809,1.36162312968613,0.0450710479573712,0.0450710479573712,NA,"tags=32%, list=21%, signal=26%",505
"BB3_all","BB3_all","CRPCvsHSPC","CRPC vs HSPC","KCND3",-0.0438341360376642,14743,FALSE,0.707220299200551,0.9844940117282,505,0.357991574923809,1.36162312968613,0.0450710479573712,0.0450710479573712,NA,"tags=32%, list=21%, signal=26%",505
"BB3_all","BB3_all","CRPCvsHSPC","CRPC vs HSPC","NHLRC3",-0.0440679795488159,14757,FALSE,0.496546833221678,0.965425622265064,505,0.357991574923809,1.36162312968613,0.0450710479573712,0.0450710479573712,NA,"tags=32%, list=21%, signal=26%",505
"BB3_all","BB3_all","CRPCvsHSPC","CRPC vs HSPC","C17orf75",-0.044162638308467,14769,FALSE,0.408768973070657,0.962613387123402,505,0.357991574923809,1.36162312968613,0.0450710479573712,0.0450710479573712,NA,"tags=32%, list=21%, signal=26%",505
"BB3_all","BB3_all","CRPCvsHSPC","CRPC vs HSPC","LSM3",-0.0452489749636245,14852,FALSE,0.499613291313685,0.965425622265064,505,0.357991574923809,1.36162312968613,0.0450710479573712,0.0450710479573712,NA,"tags=32%, list=21%, signal=26%",505
"BB3_all","BB3_all","CRPCvsHSPC","CRPC vs HSPC","PPIA",-0.046263221201241,14917,FALSE,0.517870404693422,0.968868653437711,505,0.357991574923809,1.36162312968613,0.0450710479573712,0.0450710479573712,NA,"tags=32%, list=21%, signal=26%",505
"BB3_all","BB3_all","CRPCvsHSPC","CRPC vs HSPC","PSD3",-0.047839470499442,15030,FALSE,0.627426924338926,0.978684211817327,505,0.357991574923809,1.36162312968613,0.0450710479573712,0.0450710479573712,NA,"tags=32%, list=21%, signal=26%",505
"BB3_all","BB3_all","CRPCvsHSPC","CRPC vs HSPC","CYSTM1",-0.0489965755738062,15095,FALSE,0.595466636925604,0.974889403904491,505,0.357991574923809,1.36162312968613,0.0450710479573712,0.0450710479573712,NA,"tags=32%, list=21%, signal=26%",505
"BB3_all","BB3_all","CRPCvsHSPC","CRPC vs HSPC","C1QTNF12",-0.0493026855629974,15114,FALSE,0.386316289129974,0.961953958507263,505,0.357991574923809,1.36162312968613,0.0450710479573712,0.0450710479573712,NA,"tags=32%, list=21%, signal=26%",505
"BB3_all","BB3_all","CRPCvsHSPC","CRPC vs HSPC","SNRPN",-0.0493366579273258,15118,FALSE,0.664035972484334,0.981791940588791,505,0.357991574923809,1.36162312968613,0.0450710479573712,0.0450710479573712,NA,"tags=32%, list=21%, signal=26%",505
"BB3_all","BB3_all","CRPCvsHSPC","CRPC vs HSPC","MAGEF1",-0.0495875422222145,15136,FALSE,0.500985151212549,0.965425622265064,505,0.357991574923809,1.36162312968613,0.0450710479573712,0.0450710479573712,NA,"tags=32%, list=21%, signal=26%",505
"BB3_all","BB3_all","CRPCvsHSPC","CRPC vs HSPC","IKZF4",-0.0499212671473448,15158,FALSE,0.28334443241073,0.961953958507263,505,0.357991574923809,1.36162312968613,0.0450710479573712,0.0450710479573712,NA,"tags=32%, list=21%, signal=26%",505
"BB3_all","BB3_all","CRPCvsHSPC","CRPC vs HSPC","UROD",-0.0510683263098271,15222,FALSE,0.532546362074272,0.970119659454904,505,0.357991574923809,1.36162312968613,0.0450710479573712,0.0450710479573712,NA,"tags=32%, list=21%, signal=26%",505
"BB3_all","BB3_all","CRPCvsHSPC","CRPC vs HSPC","RENBP",-0.0522135691648269,15286,FALSE,0.666257100546991,0.982041103739494,505,0.357991574923809,1.36162312968613,0.0450710479573712,0.0450710479573712,NA,"tags=32%, list=21%, signal=26%",505
"BB3_all","BB3_all","CRPCvsHSPC","CRPC vs HSPC","DCHS1",-0.0522515943515909,15290,FALSE,0.615312187762487,0.975717644309519,505,0.357991574923809,1.36162312968613,0.0450710479573712,0.0450710479573712,NA,"tags=32%, list=21%, signal=26%",505
"BB3_all","BB3_all","CRPCvsHSPC","CRPC vs HSPC","SPATA6L",-0.0530972414728838,15349,FALSE,0.37104227436436,0.961953958507263,505,0.357991574923809,1.36162312968613,0.0450710479573712,0.0450710479573712,NA,"tags=32%, list=21%, signal=26%",505
"BB3_all","BB3_all","CRPCvsHSPC","CRPC vs HSPC","ZNF684",-0.0534501900857945,15368,FALSE,0.185715133392125,0.961953958507263,505,0.357991574923809,1.36162312968613,0.0450710479573712,0.0450710479573712,NA,"tags=32%, list=21%, signal=26%",505
"BB3_all","BB3_all","CRPCvsHSPC","CRPC vs HSPC","EID2B",-0.0541335320726575,15411,FALSE,0.306353322164851,0.961953958507263,505,0.357991574923809,1.36162312968613,0.0450710479573712,0.0450710479573712,NA,"tags=32%, list=21%, signal=26%",505
"BB3_all","BB3_all","CRPCvsHSPC","CRPC vs HSPC","LRR1",-0.0565372555469068,15535,FALSE,0.358412650702265,0.961953958507263,505,0.357991574923809,1.36162312968613,0.0450710479573712,0.0450710479573712,NA,"tags=32%, list=21%, signal=26%",505
"BB3_all","BB3_all","CRPCvsHSPC","CRPC vs HSPC","ATP2C1",-0.0580472235680594,15625,FALSE,0.549868687172054,0.972817794316773,505,0.357991574923809,1.36162312968613,0.0450710479573712,0.0450710479573712,NA,"tags=32%, list=21%, signal=26%",505
"BB3_all","BB3_all","CRPCvsHSPC","CRPC vs HSPC","DNASE1L3",-0.0583204196663833,15642,FALSE,0.530011525940262,0.970119659454904,505,0.357991574923809,1.36162312968613,0.0450710479573712,0.0450710479573712,NA,"tags=32%, list=21%, signal=26%",505
"BB3_all","BB3_all","CRPCvsHSPC","CRPC vs HSPC","PRPF3",-0.0585501738268079,15654,FALSE,0.403262793646741,0.962613387123402,505,0.357991574923809,1.36162312968613,0.0450710479573712,0.0450710479573712,NA,"tags=32%, list=21%, signal=26%",505
"BB3_all","BB3_all","CRPCvsHSPC","CRPC vs HSPC","RPA2",-0.0590775111852624,15682,FALSE,0.343087646165202,0.961953958507263,505,0.357991574923809,1.36162312968613,0.0450710479573712,0.0450710479573712,NA,"tags=32%, list=21%, signal=26%",505
"BB3_all","BB3_all","CRPCvsHSPC","CRPC vs HSPC","ABTB1",-0.0592261204065552,15691,FALSE,0.545330671115143,0.972817794316773,505,0.357991574923809,1.36162312968613,0.0450710479573712,0.0450710479573712,NA,"tags=32%, list=21%, signal=26%",505
"BB3_all","BB3_all","CRPCvsHSPC","CRPC vs HSPC","PLPP5",-0.0607136120338581,15765,FALSE,0.569719055706085,0.973952866602945,505,0.357991574923809,1.36162312968613,0.0450710479573712,0.0450710479573712,NA,"tags=32%, list=21%, signal=26%",505
"BB3_all","BB3_all","CRPCvsHSPC","CRPC vs HSPC","BCAS3",-0.0607446016039312,15769,FALSE,0.278810133086806,0.961953958507263,505,0.357991574923809,1.36162312968613,0.0450710479573712,0.0450710479573712,NA,"tags=32%, list=21%, signal=26%",505
"BB3_all","BB3_all","CRPCvsHSPC","CRPC vs HSPC","PHF1",-0.0613195839490119,15798,FALSE,0.341770289656211,0.961953958507263,505,0.357991574923809,1.36162312968613,0.0450710479573712,0.0450710479573712,NA,"tags=32%, list=21%, signal=26%",505
"BB3_all","BB3_all","CRPCvsHSPC","CRPC vs HSPC","IL3RA",-0.0620391554441493,15833,FALSE,0.41044963067872,0.962613387123402,505,0.357991574923809,1.36162312968613,0.0450710479573712,0.0450710479573712,NA,"tags=32%, list=21%, signal=26%",505
"BB3_all","BB3_all","CRPCvsHSPC","CRPC vs HSPC","SLC25A42",-0.0621927481065709,15840,FALSE,0.48714984408789,0.963535743091324,505,0.357991574923809,1.36162312968613,0.0450710479573712,0.0450710479573712,NA,"tags=32%, list=21%, signal=26%",505
"BB3_all","BB3_all","CRPCvsHSPC","CRPC vs HSPC","ATP8B2",-0.0628711263228556,15878,FALSE,0.60553587502753,0.974889403904491,505,0.357991574923809,1.36162312968613,0.0450710479573712,0.0450710479573712,NA,"tags=32%, list=21%, signal=26%",505
"BB3_all","BB3_all","CRPCvsHSPC","CRPC vs HSPC","STEAP3",-0.0631305842459962,15891,FALSE,0.593976150373677,0.974889403904491,505,0.357991574923809,1.36162312968613,0.0450710479573712,0.0450710479573712,NA,"tags=32%, list=21%, signal=26%",505
"BB3_all","BB3_all","CRPCvsHSPC","CRPC vs HSPC","MON1B",-0.0656166327835717,16003,FALSE,0.706587289288418,0.984389346126369,505,0.357991574923809,1.36162312968613,0.0450710479573712,0.0450710479573712,NA,"tags=32%, list=21%, signal=26%",505
"BB3_all","BB3_all","CRPCvsHSPC","CRPC vs HSPC","AGBL3",-0.0667954763976079,16057,FALSE,0.0919239028342531,0.961953958507263,505,0.357991574923809,1.36162312968613,0.0450710479573712,0.0450710479573712,NA,"tags=32%, list=21%, signal=26%",505
"BB3_all","BB3_all","CRPCvsHSPC","CRPC vs HSPC","BLOC1S1",-0.0672027134773887,16074,FALSE,0.488746967132103,0.963535743091324,505,0.357991574923809,1.36162312968613,0.0450710479573712,0.0450710479573712,NA,"tags=32%, list=21%, signal=26%",505
"BB3_all","BB3_all","CRPCvsHSPC","CRPC vs HSPC","GRB7",-0.0673906963146611,16085,FALSE,0.475506715243804,0.962613387123402,505,0.357991574923809,1.36162312968613,0.0450710479573712,0.0450710479573712,NA,"tags=32%, list=21%, signal=26%",505
"BB3_all","BB3_all","CRPCvsHSPC","CRPC vs HSPC","PDCD5",-0.0684398766275773,16129,FALSE,0.310695348273638,0.961953958507263,505,0.357991574923809,1.36162312968613,0.0450710479573712,0.0450710479573712,NA,"tags=32%, list=21%, signal=26%",505
"BB3_all","BB3_all","CRPCvsHSPC","CRPC vs HSPC","DDB2",-0.0700298163641078,16198,FALSE,0.362048108464721,0.961953958507263,505,0.357991574923809,1.36162312968613,0.0450710479573712,0.0450710479573712,NA,"tags=32%, list=21%, signal=26%",505
"BB3_all","BB3_all","CRPCvsHSPC","CRPC vs HSPC","TMEM63C",-0.0702613478751836,16206,FALSE,0.460637800474853,0.962613387123402,505,0.357991574923809,1.36162312968613,0.0450710479573712,0.0450710479573712,NA,"tags=32%, list=21%, signal=26%",505
"BB3_all","BB3_all","CRPCvsHSPC","CRPC vs HSPC","SPRED1",-0.0712410434989292,16255,FALSE,0.393822290901937,0.962613387123402,505,0.357991574923809,1.36162312968613,0.0450710479573712,0.0450710479573712,NA,"tags=32%, list=21%, signal=26%",505
"BB3_all","BB3_all","CRPCvsHSPC","CRPC vs HSPC","SHC3",-0.0717232901784659,16273,FALSE,0.0103277142686164,0.70417284638219,505,0.357991574923809,1.36162312968613,0.0450710479573712,0.0450710479573712,NA,"tags=32%, list=21%, signal=26%",505
"BB3_all","BB3_all","CRPCvsHSPC","CRPC vs HSPC","CDKN2D",-0.0722831512175066,16292,FALSE,0.447665245184695,0.962613387123402,505,0.357991574923809,1.36162312968613,0.0450710479573712,0.0450710479573712,NA,"tags=32%, list=21%, signal=26%",505
"BB3_all","BB3_all","CRPCvsHSPC","CRPC vs HSPC","HELLS",-0.0743933323764036,16381,FALSE,0.305622897820187,0.961953958507263,505,0.357991574923809,1.36162312968613,0.0450710479573712,0.0450710479573712,NA,"tags=32%, list=21%, signal=26%",505
"BB3_all","BB3_all","CRPCvsHSPC","CRPC vs HSPC","MMP10",-0.0744381467124935,16383,FALSE,0.636250936086361,0.979880563677205,505,0.357991574923809,1.36162312968613,0.0450710479573712,0.0450710479573712,NA,"tags=32%, list=21%, signal=26%",505
"BB3_all","BB3_all","CRPCvsHSPC","CRPC vs HSPC","ERH",-0.0744911925413225,16386,FALSE,0.369397118353272,0.961953958507263,505,0.357991574923809,1.36162312968613,0.0450710479573712,0.0450710479573712,NA,"tags=32%, list=21%, signal=26%",505
"BB3_all","BB3_all","CRPCvsHSPC","CRPC vs HSPC","TRAPPC4",-0.075011039004,16406,FALSE,0.270407200543711,0.961953958507263,505,0.357991574923809,1.36162312968613,0.0450710479573712,0.0450710479573712,NA,"tags=32%, list=21%, signal=26%",505
"BB3_all","BB3_all","CRPCvsHSPC","CRPC vs HSPC","TMEM14B",-0.0756704049588217,16424,FALSE,0.288539866525207,0.961953958507263,505,0.357991574923809,1.36162312968613,0.0450710479573712,0.0450710479573712,NA,"tags=32%, list=21%, signal=26%",505
"BB3_all","BB3_all","CRPCvsHSPC","CRPC vs HSPC","SNCAIP",-0.0768123473214392,16477,FALSE,0.288349631220868,0.961953958507263,505,0.357991574923809,1.36162312968613,0.0450710479573712,0.0450710479573712,NA,"tags=32%, list=21%, signal=26%",505
"BB3_all","BB3_all","CRPCvsHSPC","CRPC vs HSPC","GOLT1A",-0.0769404157705562,16484,FALSE,0.586136602166189,0.974889403904491,505,0.357991574923809,1.36162312968613,0.0450710479573712,0.0450710479573712,NA,"tags=32%, list=21%, signal=26%",505
"BB3_all","BB3_all","CRPCvsHSPC","CRPC vs HSPC","PCLAF",-0.0778546837773433,16508,FALSE,0.427251896875121,0.962613387123402,505,0.357991574923809,1.36162312968613,0.0450710479573712,0.0450710479573712,NA,"tags=32%, list=21%, signal=26%",505
"BB3_all","BB3_all","CRPCvsHSPC","CRPC vs HSPC","TNC",-0.0781682785326647,16513,FALSE,0.634543105992585,0.979880563677205,505,0.357991574923809,1.36162312968613,0.0450710479573712,0.0450710479573712,NA,"tags=32%, list=21%, signal=26%",505
"BB3_all","BB3_all","CRPCvsHSPC","CRPC vs HSPC","HR",-0.0809797508896417,16602,FALSE,0.245936211612542,0.961953958507263,505,0.357991574923809,1.36162312968613,0.0450710479573712,0.0450710479573712,NA,"tags=32%, list=21%, signal=26%",505
"BB3_all","BB3_all","CRPCvsHSPC","CRPC vs HSPC","DSN1",-0.0827973243701412,16658,FALSE,0.222579641217175,0.961953958507263,505,0.357991574923809,1.36162312968613,0.0450710479573712,0.0450710479573712,NA,"tags=32%, list=21%, signal=26%",505
"BB3_all","BB3_all","CRPCvsHSPC","CRPC vs HSPC","PKIB",-0.0844468997263621,16695,FALSE,0.602680731636346,0.974889403904491,505,0.357991574923809,1.36162312968613,0.0450710479573712,0.0450710479573712,NA,"tags=32%, list=21%, signal=26%",505
"BB3_all","BB3_all","CRPCvsHSPC","CRPC vs HSPC","TRNAU1AP",-0.0850926334677022,16719,FALSE,0.0988984311876978,0.961953958507263,505,0.357991574923809,1.36162312968613,0.0450710479573712,0.0450710479573712,NA,"tags=32%, list=21%, signal=26%",505
"BB3_all","BB3_all","CRPCvsHSPC","CRPC vs HSPC","IGBP1",-0.0864821481641824,16751,FALSE,0.228871764622029,0.961953958507263,505,0.357991574923809,1.36162312968613,0.0450710479573712,0.0450710479573712,NA,"tags=32%, list=21%, signal=26%",505
"BB3_all","BB3_all","CRPCvsHSPC","CRPC vs HSPC","HMGN2",-0.0899302068404149,16839,FALSE,0.240878208720834,0.961953958507263,505,0.357991574923809,1.36162312968613,0.0450710479573712,0.0450710479573712,NA,"tags=32%, list=21%, signal=26%",505
"BB3_all","BB3_all","CRPCvsHSPC","CRPC vs HSPC","PCNX2",-0.0990545337323243,17071,FALSE,0.1027058151152,0.961953958507263,505,0.357991574923809,1.36162312968613,0.0450710479573712,0.0450710479573712,NA,"tags=32%, list=21%, signal=26%",505
"BB3_all","BB3_all","CRPCvsHSPC","CRPC vs HSPC","NDUFB1",-0.09998146640286,17086,FALSE,0.323951660028938,0.961953958507263,505,0.357991574923809,1.36162312968613,0.0450710479573712,0.0450710479573712,NA,"tags=32%, list=21%, signal=26%",505
"BB3_all","BB3_all","CRPCvsHSPC","CRPC vs HSPC","GALT",-0.103274363561797,17171,FALSE,0.200220992709669,0.961953958507263,505,0.357991574923809,1.36162312968613,0.0450710479573712,0.0450710479573712,NA,"tags=32%, list=21%, signal=26%",505
"BB3_all","BB3_all","CRPCvsHSPC","CRPC vs HSPC","POLG2",-0.105645362301326,17215,FALSE,0.0862355789429539,0.961953958507263,505,0.357991574923809,1.36162312968613,0.0450710479573712,0.0450710479573712,NA,"tags=32%, list=21%, signal=26%",505
"BB3_all","BB3_all","CRPCvsHSPC","CRPC vs HSPC","DENND2A",-0.105679748482896,17216,FALSE,0.193230147190698,0.961953958507263,505,0.357991574923809,1.36162312968613,0.0450710479573712,0.0450710479573712,NA,"tags=32%, list=21%, signal=26%",505
"BB3_all","BB3_all","CRPCvsHSPC","CRPC vs HSPC","OCIAD2",-0.106587053012642,17231,FALSE,0.217355408231289,0.961953958507263,505,0.357991574923809,1.36162312968613,0.0450710479573712,0.0450710479573712,NA,"tags=32%, list=21%, signal=26%",505
"BB3_all","BB3_all","CRPCvsHSPC","CRPC vs HSPC","GDF11",-0.109808859293056,17288,FALSE,0.443133437806637,0.962613387123402,505,0.357991574923809,1.36162312968613,0.0450710479573712,0.0450710479573712,NA,"tags=32%, list=21%, signal=26%",505
"BB3_all","BB3_all","CRPCvsHSPC","CRPC vs HSPC","BMF",-0.109912061357847,17291,FALSE,0.217079509648914,0.961953958507263,505,0.357991574923809,1.36162312968613,0.0450710479573712,0.0450710479573712,NA,"tags=32%, list=21%, signal=26%",505
"BB3_all","BB3_all","CRPCvsHSPC","CRPC vs HSPC","PMEL",-0.114040701150438,17364,FALSE,0.031738629292155,0.899604244252604,505,0.357991574923809,1.36162312968613,0.0450710479573712,0.0450710479573712,NA,"tags=32%, list=21%, signal=26%",505
"BB3_all","BB3_all","CRPCvsHSPC","CRPC vs HSPC","HOXB7",-0.119439986026678,17426,FALSE,0.245984826402431,0.961953958507263,505,0.357991574923809,1.36162312968613,0.0450710479573712,0.0450710479573712,NA,"tags=32%, list=21%, signal=26%",505
"BB3_all","BB3_all","CRPCvsHSPC","CRPC vs HSPC","SMPDL3B",-0.123549576912209,17482,FALSE,0.279442443440703,0.961953958507263,505,0.357991574923809,1.36162312968613,0.0450710479573712,0.0450710479573712,NA,"tags=32%, list=21%, signal=26%",505
"BB3_all","BB3_all","CRPCvsHSPC","CRPC vs HSPC","KCNAB3",-0.126739191991666,17516,FALSE,0.0383158190281915,0.929807385261811,505,0.357991574923809,1.36162312968613,0.0450710479573712,0.0450710479573712,NA,"tags=32%, list=21%, signal=26%",505
"BB3_all","BB3_all","CRPCvsHSPC","CRPC vs HSPC","CIRBP",-0.132135678241161,17584,FALSE,0.0961931160212084,0.961953958507263,505,0.357991574923809,1.36162312968613,0.0450710479573712,0.0450710479573712,NA,"tags=32%, list=21%, signal=26%",505
"BB3_all","BB3_all","CRPCvsHSPC","CRPC vs HSPC","BTN3A2",-0.132601003573235,17592,FALSE,0.211924381910476,0.961953958507263,505,0.357991574923809,1.36162312968613,0.0450710479573712,0.0450710479573712,NA,"tags=32%, list=21%, signal=26%",505
"BB3_all","BB3_all","CRPCvsHSPC","CRPC vs HSPC","DUSP4",-0.135540044196889,17626,FALSE,0.28070558167878,0.961953958507263,505,0.357991574923809,1.36162312968613,0.0450710479573712,0.0450710479573712,NA,"tags=32%, list=21%, signal=26%",505
"BB3_all","BB3_all","CRPCvsHSPC","CRPC vs HSPC","ENTPD5",-0.136055544025146,17633,FALSE,0.411169232518301,0.962613387123402,505,0.357991574923809,1.36162312968613,0.0450710479573712,0.0450710479573712,NA,"tags=32%, list=21%, signal=26%",505
"BB3_all","BB3_all","CRPCvsHSPC","CRPC vs HSPC","ULBP2",-0.149919478472069,17772,FALSE,0.124276578491562,0.961953958507263,505,0.357991574923809,1.36162312968613,0.0450710479573712,0.0450710479573712,NA,"tags=32%, list=21%, signal=26%",505
"BB3_all","BB3_all","CRPCvsHSPC","CRPC vs HSPC","HERC6",-0.152868171262096,17796,FALSE,0.142450958602647,0.961953958507263,505,0.357991574923809,1.36162312968613,0.0450710479573712,0.0450710479573712,NA,"tags=32%, list=21%, signal=26%",505
"BB3_all","BB3_all","CRPCvsHSPC","CRPC vs HSPC","BMP6",-0.156249054948761,17820,FALSE,0.308430827125897,0.961953958507263,505,0.357991574923809,1.36162312968613,0.0450710479573712,0.0450710479573712,NA,"tags=32%, list=21%, signal=26%",505
"BB3_all","BB3_all","CRPCvsHSPC","CRPC vs HSPC","HLA-B",-0.157914131986109,17835,FALSE,0.28228970453279,0.961953958507263,505,0.357991574923809,1.36162312968613,0.0450710479573712,0.0450710479573712,NA,"tags=32%, list=21%, signal=26%",505
"BB3_all","BB3_all","CRPCvsHSPC","CRPC vs HSPC","HMGN3",-0.159812768988638,17847,FALSE,0.0832131481941102,0.961953958507263,505,0.357991574923809,1.36162312968613,0.0450710479573712,0.0450710479573712,NA,"tags=32%, list=21%, signal=26%",505
"BB3_all","BB3_all","CRPCvsHSPC","CRPC vs HSPC","HEXA",-0.160609324855593,17851,FALSE,0.10200315274567,0.961953958507263,505,0.357991574923809,1.36162312968613,0.0450710479573712,0.0450710479573712,NA,"tags=32%, list=21%, signal=26%",505
"BB3_all","BB3_all","CRPCvsHSPC","CRPC vs HSPC","IGFBP5",-0.164407990656633,17876,FALSE,0.367316111598062,0.961953958507263,505,0.357991574923809,1.36162312968613,0.0450710479573712,0.0450710479573712,NA,"tags=32%, list=21%, signal=26%",505
"BB3_all","BB3_all","CRPCvsHSPC","CRPC vs HSPC","THBS2",-0.16983251844955,17917,FALSE,0.3037496282397,0.961953958507263,505,0.357991574923809,1.36162312968613,0.0450710479573712,0.0450710479573712,NA,"tags=32%, list=21%, signal=26%",505
"BB3_all","BB3_all","CRPCvsHSPC","CRPC vs HSPC","LPXN",-0.173713052364625,17939,FALSE,0.164401827858792,0.961953958507263,505,0.357991574923809,1.36162312968613,0.0450710479573712,0.0450710479573712,NA,"tags=32%, list=21%, signal=26%",505
"BB3_all","BB3_all","CRPCvsHSPC","CRPC vs HSPC","SAT1",-0.178817092225385,17965,FALSE,0.139507679367404,0.961953958507263,505,0.357991574923809,1.36162312968613,0.0450710479573712,0.0450710479573712,NA,"tags=32%, list=21%, signal=26%",505
"BB3_all","BB3_all","CRPCvsHSPC","CRPC vs HSPC","CEACAM19",-0.183964993288944,17998,FALSE,0.0471857412147054,0.958027832462569,505,0.357991574923809,1.36162312968613,0.0450710479573712,0.0450710479573712,NA,"tags=32%, list=21%, signal=26%",505
"BB3_all","BB3_all","CRPCvsHSPC","CRPC vs HSPC","ABCC4",-0.188947565220106,18020,FALSE,0.308921227475809,0.961953958507263,505,0.357991574923809,1.36162312968613,0.0450710479573712,0.0450710479573712,NA,"tags=32%, list=21%, signal=26%",505
"BB3_all","BB3_all","CRPCvsHSPC","CRPC vs HSPC","SLC51A",-0.192999577565544,18030,FALSE,0.0586430598529745,0.961953958507263,505,0.357991574923809,1.36162312968613,0.0450710479573712,0.0450710479573712,NA,"tags=32%, list=21%, signal=26%",505
"BB3_all","BB3_all","CRPCvsHSPC","CRPC vs HSPC","C19orf18",-0.203653836884063,18065,FALSE,0.0327005222673493,0.905798340597689,505,0.357991574923809,1.36162312968613,0.0450710479573712,0.0450710479573712,NA,"tags=32%, list=21%, signal=26%",505
"BB3_all","BB3_all","CRPCvsHSPC","CRPC vs HSPC","CAPN5",-0.212635647494008,18089,FALSE,0.184500003914514,0.961953958507263,505,0.357991574923809,1.36162312968613,0.0450710479573712,0.0450710479573712,NA,"tags=32%, list=21%, signal=26%",505
"BB3_all","BB3_all","CRPCvsHSPC","CRPC vs HSPC","AGER",-0.228669326830099,18126,FALSE,0.0322708086371599,0.90165823582083,505,0.357991574923809,1.36162312968613,0.0450710479573712,0.0450710479573712,NA,"tags=32%, list=21%, signal=26%",505
"BB3_all","BB3_all","CRPCvsHSPC","CRPC vs HSPC","HLA-A",-0.240769639897812,18148,FALSE,0.112797851052316,0.961953958507263,505,0.357991574923809,1.36162312968613,0.0450710479573712,0.0450710479573712,NA,"tags=32%, list=21%, signal=26%",505
"BB3_all","BB3_all","CRPCvsHSPC","CRPC vs HSPC","MSMB",-0.275152381008504,18195,FALSE,0.408452868478919,0.962613387123402,505,0.357991574923809,1.36162312968613,0.0450710479573712,0.0450710479573712,NA,"tags=32%, list=21%, signal=26%",505
"BB3_all","BB3_all","CRPCvsHSPC","CRPC vs HSPC","HOXC4",-0.298718225800662,18224,FALSE,0.0122899504851871,0.748745972802155,505,0.357991574923809,1.36162312968613,0.0450710479573712,0.0450710479573712,NA,"tags=32%, list=21%, signal=26%",505
