"GSEA_ID","Description","background","background_label","Gene","log2FC","rank","core_enrichment","是否为core gene","background_pvalue","background_p.adjust","setSize","enrichmentScore","NES","GSEA_pvalue","GSEA_p.adjust","qvalue","leading_edge","matched_genes"
"BB3_all","BB3_all","CRPCvsHSPCcouple","CRPC vs HSPC couple","TNNC1",0.720226315409867,54,TRUE,"Yes",0.0406363688133743,0.186181226263834,505,0.3080317528887,1.15444151683529,0.122994109282958,0.122994109282958,NA,"tags=28%, list=18%, signal=23%",505
"BB3_all","BB3_all","CRPCvsHSPCcouple","CRPC vs HSPC couple","UPK3A",0.641261772400343,84,TRUE,"Yes",0.0251444682993394,0.141327385361241,505,0.3080317528887,1.15444151683529,0.122994109282958,0.122994109282958,NA,"tags=28%, list=18%, signal=23%",505
"BB3_all","BB3_all","CRPCvsHSPCcouple","CRPC vs HSPC couple","BEX2",0.608020784540513,104,TRUE,"Yes",0.00103960695233313,0.0204301711223375,505,0.3080317528887,1.15444151683529,0.122994109282958,0.122994109282958,NA,"tags=28%, list=18%, signal=23%",505
"BB3_all","BB3_all","CRPCvsHSPCcouple","CRPC vs HSPC couple","UQCRQ",0.60109570858735,112,TRUE,"Yes",0.000130293899409092,0.00581926322862073,505,0.3080317528887,1.15444151683529,0.122994109282958,0.122994109282958,NA,"tags=28%, list=18%, signal=23%",505
"BB3_all","BB3_all","CRPCvsHSPCcouple","CRPC vs HSPC couple","RPL21",0.593023064143078,116,TRUE,"Yes",8.71835318161022e-05,0.00457638383817454,505,0.3080317528887,1.15444151683529,0.122994109282958,0.122994109282958,NA,"tags=28%, list=18%, signal=23%",505
"BB3_all","BB3_all","CRPCvsHSPCcouple","CRPC vs HSPC couple","NDUFAB1",0.589663063607334,119,TRUE,"Yes",1.96893337869458e-07,7.65014463569811e-05,505,0.3080317528887,1.15444151683529,0.122994109282958,0.122994109282958,NA,"tags=28%, list=18%, signal=23%",505
"BB3_all","BB3_all","CRPCvsHSPCcouple","CRPC vs HSPC couple","COX6A1",0.572947640171866,130,TRUE,"Yes",5.65624483551093e-05,0.00340120899853836,505,0.3080317528887,1.15444151683529,0.122994109282958,0.122994109282958,NA,"tags=28%, list=18%, signal=23%",505
"BB3_all","BB3_all","CRPCvsHSPCcouple","CRPC vs HSPC couple","BEX3",0.563561269667542,138,TRUE,"Yes",0.000161679380019422,0.00653406467879375,505,0.3080317528887,1.15444151683529,0.122994109282958,0.122994109282958,NA,"tags=28%, list=18%, signal=23%",505
"BB3_all","BB3_all","CRPCvsHSPCcouple","CRPC vs HSPC couple","SMIM4",0.555031712704064,151,TRUE,"Yes",1.13870762933511e-05,0.00117518487373245,505,0.3080317528887,1.15444151683529,0.122994109282958,0.122994109282958,NA,"tags=28%, list=18%, signal=23%",505
"BB3_all","BB3_all","CRPCvsHSPCcouple","CRPC vs HSPC couple","COX7C",0.518891805952397,208,TRUE,"Yes",0.000358402704919275,0.0107151263678566,505,0.3080317528887,1.15444151683529,0.122994109282958,0.122994109282958,NA,"tags=28%, list=18%, signal=23%",505
"BB3_all","BB3_all","CRPCvsHSPCcouple","CRPC vs HSPC couple","SNRPN",0.504374815006761,225,TRUE,"Yes",0.00182775761868796,0.0292874108952394,505,0.3080317528887,1.15444151683529,0.122994109282958,0.122994109282958,NA,"tags=28%, list=18%, signal=23%",505
"BB3_all","BB3_all","CRPCvsHSPCcouple","CRPC vs HSPC couple","NDUFB6",0.493152098988655,257,TRUE,"Yes",0.00232594715260002,0.0339361634477193,505,0.3080317528887,1.15444151683529,0.122994109282958,0.122994109282958,NA,"tags=28%, list=18%, signal=23%",505
"BB3_all","BB3_all","CRPCvsHSPCcouple","CRPC vs HSPC couple","NDUFB3",0.489076047888091,270,TRUE,"Yes",0.00013544176237746,0.00591893462523701,505,0.3080317528887,1.15444151683529,0.122994109282958,0.122994109282958,NA,"tags=28%, list=18%, signal=23%",505
"BB3_all","BB3_all","CRPCvsHSPCcouple","CRPC vs HSPC couple","UQCR11",0.479959205592606,294,TRUE,"Yes",6.60288638591407e-05,0.00385063186753388,505,0.3080317528887,1.15444151683529,0.122994109282958,0.122994109282958,NA,"tags=28%, list=18%, signal=23%",505
"BB3_all","BB3_all","CRPCvsHSPCcouple","CRPC vs HSPC couple","COX14",0.476399082222855,310,TRUE,"Yes",9.46755641098349e-06,0.00104814456339052,505,0.3080317528887,1.15444151683529,0.122994109282958,0.122994109282958,NA,"tags=28%, list=18%, signal=23%",505
"BB3_all","BB3_all","CRPCvsHSPCcouple","CRPC vs HSPC couple","VKORC1",0.469905781888586,326,TRUE,"Yes",6.35508545831838e-05,0.00373274424653061,505,0.3080317528887,1.15444151683529,0.122994109282958,0.122994109282958,NA,"tags=28%, list=18%, signal=23%",505
"BB3_all","BB3_all","CRPCvsHSPCcouple","CRPC vs HSPC couple","CLTB",0.456871508099482,368,TRUE,"Yes",0.00022821272661338,0.00822241001389866,505,0.3080317528887,1.15444151683529,0.122994109282958,0.122994109282958,NA,"tags=28%, list=18%, signal=23%",505
"BB3_all","BB3_all","CRPCvsHSPCcouple","CRPC vs HSPC couple","KRT10",0.455811208612257,371,TRUE,"Yes",0.000157848311964359,0.00644707197465497,505,0.3080317528887,1.15444151683529,0.122994109282958,0.122994109282958,NA,"tags=28%, list=18%, signal=23%",505
"BB3_all","BB3_all","CRPCvsHSPCcouple","CRPC vs HSPC couple","PSMA7",0.449228542719379,400,TRUE,"Yes",0.000218047535493741,0.00806290350377362,505,0.3080317528887,1.15444151683529,0.122994109282958,0.122994109282958,NA,"tags=28%, list=18%, signal=23%",505
"BB3_all","BB3_all","CRPCvsHSPCcouple","CRPC vs HSPC couple","NDUFB1",0.444373822614338,416,TRUE,"Yes",0.00256521268137515,0.0358237183807417,505,0.3080317528887,1.15444151683529,0.122994109282958,0.122994109282958,NA,"tags=28%, list=18%, signal=23%",505
"BB3_all","BB3_all","CRPCvsHSPCcouple","CRPC vs HSPC couple","FBXO2",0.441964211549711,422,TRUE,"Yes",0.0150789880471319,0.106023046442247,505,0.3080317528887,1.15444151683529,0.122994109282958,0.122994109282958,NA,"tags=28%, list=18%, signal=23%",505
"BB3_all","BB3_all","CRPCvsHSPCcouple","CRPC vs HSPC couple","COX8A",0.430871121987837,457,TRUE,"Yes",0.00118510826285837,0.0220227595499836,505,0.3080317528887,1.15444151683529,0.122994109282958,0.122994109282958,NA,"tags=28%, list=18%, signal=23%",505
"BB3_all","BB3_all","CRPCvsHSPCcouple","CRPC vs HSPC couple","NDUFC2",0.428658689916518,468,TRUE,"Yes",4.87418028417428e-05,0.00313509335390886,505,0.3080317528887,1.15444151683529,0.122994109282958,0.122994109282958,NA,"tags=28%, list=18%, signal=23%",505
"BB3_all","BB3_all","CRPCvsHSPCcouple","CRPC vs HSPC couple","LAMTOR5",0.42306502709933,484,TRUE,"Yes",0.000374973609962978,0.0110835646168183,505,0.3080317528887,1.15444151683529,0.122994109282958,0.122994109282958,NA,"tags=28%, list=18%, signal=23%",505
"BB3_all","BB3_all","CRPCvsHSPCcouple","CRPC vs HSPC couple","ABTB1",0.417462471952291,517,TRUE,"Yes",0.000890984486128246,0.0186861235454704,505,0.3080317528887,1.15444151683529,0.122994109282958,0.122994109282958,NA,"tags=28%, list=18%, signal=23%",505
"BB3_all","BB3_all","CRPCvsHSPCcouple","CRPC vs HSPC couple","HSBP1L1",0.414611938759382,528,TRUE,"Yes",0.0055403065079813,0.0584998722435228,505,0.3080317528887,1.15444151683529,0.122994109282958,0.122994109282958,NA,"tags=28%, list=18%, signal=23%",505
"BB3_all","BB3_all","CRPCvsHSPCcouple","CRPC vs HSPC couple","RENBP",0.411629672314634,552,TRUE,"Yes",0.00626679144324203,0.0631549822014496,505,0.3080317528887,1.15444151683529,0.122994109282958,0.122994109282958,NA,"tags=28%, list=18%, signal=23%",505
"BB3_all","BB3_all","CRPCvsHSPCcouple","CRPC vs HSPC couple","SEM1",0.410833832646806,555,TRUE,"Yes",0.00136423719536641,0.0241244151478783,505,0.3080317528887,1.15444151683529,0.122994109282958,0.122994109282958,NA,"tags=28%, list=18%, signal=23%",505
"BB3_all","BB3_all","CRPCvsHSPCcouple","CRPC vs HSPC couple","SURF2",0.404597130636579,583,TRUE,"Yes",0.00337313396789483,0.0425806937142693,505,0.3080317528887,1.15444151683529,0.122994109282958,0.122994109282958,NA,"tags=28%, list=18%, signal=23%",505
"BB3_all","BB3_all","CRPCvsHSPCcouple","CRPC vs HSPC couple","MYL6",0.40316984643671,591,TRUE,"Yes",9.03295647309691e-05,0.00467436305648899,505,0.3080317528887,1.15444151683529,0.122994109282958,0.122994109282958,NA,"tags=28%, list=18%, signal=23%",505
"BB3_all","BB3_all","CRPCvsHSPCcouple","CRPC vs HSPC couple","CDKN2D",0.401664840548358,601,TRUE,"Yes",0.000180719217514247,0.00702426124912605,505,0.3080317528887,1.15444151683529,0.122994109282958,0.122994109282958,NA,"tags=28%, list=18%, signal=23%",505
"BB3_all","BB3_all","CRPCvsHSPCcouple","CRPC vs HSPC couple","DCTN3",0.399147293684196,610,TRUE,"Yes",0.000315152613123038,0.00991681087315339,505,0.3080317528887,1.15444151683529,0.122994109282958,0.122994109282958,NA,"tags=28%, list=18%, signal=23%",505
"BB3_all","BB3_all","CRPCvsHSPCcouple","CRPC vs HSPC couple","ELOC",0.392068799676454,646,TRUE,"Yes",0.000202676240358679,0.00764935306328924,505,0.3080317528887,1.15444151683529,0.122994109282958,0.122994109282958,NA,"tags=28%, list=18%, signal=23%",505
"BB3_all","BB3_all","CRPCvsHSPCcouple","CRPC vs HSPC couple","MORN2",0.388705452996552,665,TRUE,"Yes",0.00305375474622604,0.040102759129627,505,0.3080317528887,1.15444151683529,0.122994109282958,0.122994109282958,NA,"tags=28%, list=18%, signal=23%",505
"BB3_all","BB3_all","CRPCvsHSPCcouple","CRPC vs HSPC couple","NDUFC1",0.388120140783144,670,TRUE,"Yes",0.000978242830096294,0.0196906817436924,505,0.3080317528887,1.15444151683529,0.122994109282958,0.122994109282958,NA,"tags=28%, list=18%, signal=23%",505
"BB3_all","BB3_all","CRPCvsHSPCcouple","CRPC vs HSPC couple","LTB4R",0.372606326417494,768,TRUE,"Yes",0.0043052856463122,0.0501560286359599,505,0.3080317528887,1.15444151683529,0.122994109282958,0.122994109282958,NA,"tags=28%, list=18%, signal=23%",505
"BB3_all","BB3_all","CRPCvsHSPCcouple","CRPC vs HSPC couple","LSM3",0.367960401125084,792,TRUE,"Yes",7.06151920803837e-05,0.00403102410541365,505,0.3080317528887,1.15444151683529,0.122994109282958,0.122994109282958,NA,"tags=28%, list=18%, signal=23%",505
"BB3_all","BB3_all","CRPCvsHSPCcouple","CRPC vs HSPC couple","ABHD12",0.358017628246087,855,TRUE,"Yes",0.0255235447132367,0.142384961260601,505,0.3080317528887,1.15444151683529,0.122994109282958,0.122994109282958,NA,"tags=28%, list=18%, signal=23%",505
"BB3_all","BB3_all","CRPCvsHSPCcouple","CRPC vs HSPC couple","PRR13",0.357357533375955,864,TRUE,"Yes",1.03211046434237e-05,0.00111559537586639,505,0.3080317528887,1.15444151683529,0.122994109282958,0.122994109282958,NA,"tags=28%, list=18%, signal=23%",505
"BB3_all","BB3_all","CRPCvsHSPCcouple","CRPC vs HSPC couple","HIGD1A",0.356940556298358,867,TRUE,"Yes",0.00140341674276936,0.0246739303562733,505,0.3080317528887,1.15444151683529,0.122994109282958,0.122994109282958,NA,"tags=28%, list=18%, signal=23%",505
"BB3_all","BB3_all","CRPCvsHSPCcouple","CRPC vs HSPC couple","UROD",0.35159580965467,908,TRUE,"Yes",0.00164059331592044,0.0273762116636525,505,0.3080317528887,1.15444151683529,0.122994109282958,0.122994109282958,NA,"tags=28%, list=18%, signal=23%",505
"BB3_all","BB3_all","CRPCvsHSPCcouple","CRPC vs HSPC couple","ATP6V0E1",0.348199875487479,927,TRUE,"Yes",0.00312100223572753,0.0405829407057409,505,0.3080317528887,1.15444151683529,0.122994109282958,0.122994109282958,NA,"tags=28%, list=18%, signal=23%",505
"BB3_all","BB3_all","CRPCvsHSPCcouple","CRPC vs HSPC couple","ITGAE",0.347306407072812,936,TRUE,"Yes",2.6371022306405e-07,9.44547969551177e-05,505,0.3080317528887,1.15444151683529,0.122994109282958,0.122994109282958,NA,"tags=28%, list=18%, signal=23%",505
"BB3_all","BB3_all","CRPCvsHSPCcouple","CRPC vs HSPC couple","VAMP5",0.343160326021127,964,TRUE,"Yes",0.0177444653874578,0.116012222345272,505,0.3080317528887,1.15444151683529,0.122994109282958,0.122994109282958,NA,"tags=28%, list=18%, signal=23%",505
"BB3_all","BB3_all","CRPCvsHSPCcouple","CRPC vs HSPC couple","SRP14",0.340947631637882,978,TRUE,"Yes",0.00732905698154091,0.0692083881691114,505,0.3080317528887,1.15444151683529,0.122994109282958,0.122994109282958,NA,"tags=28%, list=18%, signal=23%",505
"BB3_all","BB3_all","CRPCvsHSPCcouple","CRPC vs HSPC couple","TMA7",0.33889576940229,999,TRUE,"Yes",0.0172845650181617,0.114149367023413,505,0.3080317528887,1.15444151683529,0.122994109282958,0.122994109282958,NA,"tags=28%, list=18%, signal=23%",505
"BB3_all","BB3_all","CRPCvsHSPCcouple","CRPC vs HSPC couple","C8orf76",0.337114365729091,1020,TRUE,"Yes",1.74445647738717e-05,0.00160308809157951,505,0.3080317528887,1.15444151683529,0.122994109282958,0.122994109282958,NA,"tags=28%, list=18%, signal=23%",505
"BB3_all","BB3_all","CRPCvsHSPCcouple","CRPC vs HSPC couple","ENSA",0.335449575856294,1027,TRUE,"Yes",7.19391324305684e-05,0.00407257919298693,505,0.3080317528887,1.15444151683529,0.122994109282958,0.122994109282958,NA,"tags=28%, list=18%, signal=23%",505
"BB3_all","BB3_all","CRPCvsHSPCcouple","CRPC vs HSPC couple","ISYNA1",0.333991772903296,1040,TRUE,"Yes",0.0285439032688106,0.152148083166432,505,0.3080317528887,1.15444151683529,0.122994109282958,0.122994109282958,NA,"tags=28%, list=18%, signal=23%",505
"BB3_all","BB3_all","CRPCvsHSPCcouple","CRPC vs HSPC couple","RBX1",0.333622603094098,1042,TRUE,"Yes",0.00312999670734804,0.0405829407057409,505,0.3080317528887,1.15444151683529,0.122994109282958,0.122994109282958,NA,"tags=28%, list=18%, signal=23%",505
"BB3_all","BB3_all","CRPCvsHSPCcouple","CRPC vs HSPC couple","CTSL",0.333578761009442,1044,TRUE,"Yes",0.00546513929081963,0.0578399185546942,505,0.3080317528887,1.15444151683529,0.122994109282958,0.122994109282958,NA,"tags=28%, list=18%, signal=23%",505
"BB3_all","BB3_all","CRPCvsHSPCcouple","CRPC vs HSPC couple","FASN",0.332214046059049,1059,TRUE,"Yes",0.167755563269316,0.400341133511957,505,0.3080317528887,1.15444151683529,0.122994109282958,0.122994109282958,NA,"tags=28%, list=18%, signal=23%",505
"BB3_all","BB3_all","CRPCvsHSPCcouple","CRPC vs HSPC couple","BLOC1S1",0.326842634749511,1096,TRUE,"Yes",0.00755482305311755,0.0703742747125438,505,0.3080317528887,1.15444151683529,0.122994109282958,0.122994109282958,NA,"tags=28%, list=18%, signal=23%",505
"BB3_all","BB3_all","CRPCvsHSPCcouple","CRPC vs HSPC couple","KRTCAP2",0.322283638151808,1123,TRUE,"Yes",0.000794592080930858,0.017452174708572,505,0.3080317528887,1.15444151683529,0.122994109282958,0.122994109282958,NA,"tags=28%, list=18%, signal=23%",505
"BB3_all","BB3_all","CRPCvsHSPCcouple","CRPC vs HSPC couple","CKS1B",0.322173231437506,1126,TRUE,"Yes",0.00491345944223025,0.0541666648347737,505,0.3080317528887,1.15444151683529,0.122994109282958,0.122994109282958,NA,"tags=28%, list=18%, signal=23%",505
"BB3_all","BB3_all","CRPCvsHSPCcouple","CRPC vs HSPC couple","HMGN3",0.319724596644255,1151,TRUE,"Yes",0.00766076837999554,0.0708133459187231,505,0.3080317528887,1.15444151683529,0.122994109282958,0.122994109282958,NA,"tags=28%, list=18%, signal=23%",505
"BB3_all","BB3_all","CRPCvsHSPCcouple","CRPC vs HSPC couple","PKIB",0.313030197847904,1206,TRUE,"Yes",0.120651407381835,0.337420240213818,505,0.3080317528887,1.15444151683529,0.122994109282958,0.122994109282958,NA,"tags=28%, list=18%, signal=23%",505
"BB3_all","BB3_all","CRPCvsHSPCcouple","CRPC vs HSPC couple","ISCU",0.307731562366375,1255,TRUE,"Yes",3.84793826371873e-05,0.00263259506604307,505,0.3080317528887,1.15444151683529,0.122994109282958,0.122994109282958,NA,"tags=28%, list=18%, signal=23%",505
"BB3_all","BB3_all","CRPCvsHSPCcouple","CRPC vs HSPC couple","ARPC1B",0.307435307949278,1259,TRUE,"Yes",0.00159164304312229,0.0268959699063042,505,0.3080317528887,1.15444151683529,0.122994109282958,0.122994109282958,NA,"tags=28%, list=18%, signal=23%",505
"BB3_all","BB3_all","CRPCvsHSPCcouple","CRPC vs HSPC couple","MYPOP",0.306465147907039,1266,TRUE,"Yes",1.5425161857316e-05,0.00146853855465881,505,0.3080317528887,1.15444151683529,0.122994109282958,0.122994109282958,NA,"tags=28%, list=18%, signal=23%",505
"BB3_all","BB3_all","CRPCvsHSPCcouple","CRPC vs HSPC couple","ZMYND19",0.30570503479957,1273,TRUE,"Yes",0.000822687893324233,0.0178048825935508,505,0.3080317528887,1.15444151683529,0.122994109282958,0.122994109282958,NA,"tags=28%, list=18%, signal=23%",505
"BB3_all","BB3_all","CRPCvsHSPCcouple","CRPC vs HSPC couple","IDH3B",0.305652852671719,1275,TRUE,"Yes",0.000386931472324119,0.0111888435148221,505,0.3080317528887,1.15444151683529,0.122994109282958,0.122994109282958,NA,"tags=28%, list=18%, signal=23%",505
"BB3_all","BB3_all","CRPCvsHSPCcouple","CRPC vs HSPC couple","RHBDD2",0.305529648597836,1276,TRUE,"Yes",0.0142767119825432,0.10283623729697,505,0.3080317528887,1.15444151683529,0.122994109282958,0.122994109282958,NA,"tags=28%, list=18%, signal=23%",505
"BB3_all","BB3_all","CRPCvsHSPCcouple","CRPC vs HSPC couple","LYRM9",0.302479227858964,1309,TRUE,"Yes",3.01386512684574e-05,0.00230959113098838,505,0.3080317528887,1.15444151683529,0.122994109282958,0.122994109282958,NA,"tags=28%, list=18%, signal=23%",505
"BB3_all","BB3_all","CRPCvsHSPCcouple","CRPC vs HSPC couple","MUC1",0.300977747134512,1320,TRUE,"Yes",0.254625153353358,0.499274117250514,505,0.3080317528887,1.15444151683529,0.122994109282958,0.122994109282958,NA,"tags=28%, list=18%, signal=23%",505
"BB3_all","BB3_all","CRPCvsHSPCcouple","CRPC vs HSPC couple","ARPC3",0.296514749463507,1369,TRUE,"Yes",0.00413299888417336,0.0487395033035473,505,0.3080317528887,1.15444151683529,0.122994109282958,0.122994109282958,NA,"tags=28%, list=18%, signal=23%",505
"BB3_all","BB3_all","CRPCvsHSPCcouple","CRPC vs HSPC couple","PDCD5",0.294159079145481,1393,TRUE,"Yes",0.00130829094110374,0.0235287545962809,505,0.3080317528887,1.15444151683529,0.122994109282958,0.122994109282958,NA,"tags=28%, list=18%, signal=23%",505
"BB3_all","BB3_all","CRPCvsHSPCcouple","CRPC vs HSPC couple","SKP1",0.28062649771706,1554,TRUE,"Yes",0.00122814525265726,0.0224794883069039,505,0.3080317528887,1.15444151683529,0.122994109282958,0.122994109282958,NA,"tags=28%, list=18%, signal=23%",505
"BB3_all","BB3_all","CRPCvsHSPCcouple","CRPC vs HSPC couple","SNX17",0.2802205903341,1558,TRUE,"Yes",0.00254483969280305,0.0357039836163082,505,0.3080317528887,1.15444151683529,0.122994109282958,0.122994109282958,NA,"tags=28%, list=18%, signal=23%",505
"BB3_all","BB3_all","CRPCvsHSPCcouple","CRPC vs HSPC couple","CIRBP",0.277268323701353,1580,TRUE,"Yes",0.00579034250156285,0.0602690521231046,505,0.3080317528887,1.15444151683529,0.122994109282958,0.122994109282958,NA,"tags=28%, list=18%, signal=23%",505
"BB3_all","BB3_all","CRPCvsHSPCcouple","CRPC vs HSPC couple","SRA1",0.277023732472713,1582,TRUE,"Yes",0.002254324533944,0.0332900131459621,505,0.3080317528887,1.15444151683529,0.122994109282958,0.122994109282958,NA,"tags=28%, list=18%, signal=23%",505
"BB3_all","BB3_all","CRPCvsHSPCcouple","CRPC vs HSPC couple","SAT1",0.273413287219033,1624,TRUE,"Yes",0.0447732408346484,0.196000746113259,505,0.3080317528887,1.15444151683529,0.122994109282958,0.122994109282958,NA,"tags=28%, list=18%, signal=23%",505
"BB3_all","BB3_all","CRPCvsHSPCcouple","CRPC vs HSPC couple","NDUFAF6",0.273403611169988,1625,TRUE,"Yes",0.00167599435306656,0.0277313304777779,505,0.3080317528887,1.15444151683529,0.122994109282958,0.122994109282958,NA,"tags=28%, list=18%, signal=23%",505
"BB3_all","BB3_all","CRPCvsHSPCcouple","CRPC vs HSPC couple","POLR2K",0.270188854829431,1667,TRUE,"Yes",0.0197047155852523,0.12360784326779,505,0.3080317528887,1.15444151683529,0.122994109282958,0.122994109282958,NA,"tags=28%, list=18%, signal=23%",505
"BB3_all","BB3_all","CRPCvsHSPCcouple","CRPC vs HSPC couple","AGER",0.270186761783915,1668,TRUE,"Yes",0.032382434030583,0.163994988199795,505,0.3080317528887,1.15444151683529,0.122994109282958,0.122994109282958,NA,"tags=28%, list=18%, signal=23%",505
"BB3_all","BB3_all","CRPCvsHSPCcouple","CRPC vs HSPC couple","MRPS6",0.268784880386933,1687,TRUE,"Yes",0.00744927496852478,0.0697467482573255,505,0.3080317528887,1.15444151683529,0.122994109282958,0.122994109282958,NA,"tags=28%, list=18%, signal=23%",505
"BB3_all","BB3_all","CRPCvsHSPCcouple","CRPC vs HSPC couple","PRR15L",0.265248270221916,1731,TRUE,"Yes",0.0912945369261679,0.292216104088016,505,0.3080317528887,1.15444151683529,0.122994109282958,0.122994109282958,NA,"tags=28%, list=18%, signal=23%",505
"BB3_all","BB3_all","CRPCvsHSPCcouple","CRPC vs HSPC couple","ZBTB45",0.265091633806424,1733,TRUE,"Yes",0.0239925139828597,0.138038189897606,505,0.3080317528887,1.15444151683529,0.122994109282958,0.122994109282958,NA,"tags=28%, list=18%, signal=23%",505
"BB3_all","BB3_all","CRPCvsHSPCcouple","CRPC vs HSPC couple","GNG10",0.263159830232083,1757,TRUE,"Yes",0.000163247339933436,0.00655149207432982,505,0.3080317528887,1.15444151683529,0.122994109282958,0.122994109282958,NA,"tags=28%, list=18%, signal=23%",505
"BB3_all","BB3_all","CRPCvsHSPCcouple","CRPC vs HSPC couple","C1QTNF12",0.263118450773174,1758,TRUE,"Yes",1.47537845151384e-05,0.00144896441794641,505,0.3080317528887,1.15444151683529,0.122994109282958,0.122994109282958,NA,"tags=28%, list=18%, signal=23%",505
"BB3_all","BB3_all","CRPCvsHSPCcouple","CRPC vs HSPC couple","DGAT2",0.261116852024222,1781,TRUE,"Yes",0.0398362070266181,0.184085044126109,505,0.3080317528887,1.15444151683529,0.122994109282958,0.122994109282958,NA,"tags=28%, list=18%, signal=23%",505
"BB3_all","BB3_all","CRPCvsHSPCcouple","CRPC vs HSPC couple","PLXNB3",0.257158573880532,1838,TRUE,"Yes",0.083823208760804,0.280186030272508,505,0.3080317528887,1.15444151683529,0.122994109282958,0.122994109282958,NA,"tags=28%, list=18%, signal=23%",505
"BB3_all","BB3_all","CRPCvsHSPCcouple","CRPC vs HSPC couple","SELENOK",0.256682966864441,1844,TRUE,"Yes",0.0756584606291652,0.265422143328781,505,0.3080317528887,1.15444151683529,0.122994109282958,0.122994109282958,NA,"tags=28%, list=18%, signal=23%",505
"BB3_all","BB3_all","CRPCvsHSPCcouple","CRPC vs HSPC couple","CCNE1",0.25565452690224,1861,TRUE,"Yes",0.0397188439489669,0.183914859927954,505,0.3080317528887,1.15444151683529,0.122994109282958,0.122994109282958,NA,"tags=28%, list=18%, signal=23%",505
"BB3_all","BB3_all","CRPCvsHSPCcouple","CRPC vs HSPC couple","CHTOP",0.25488035634656,1873,TRUE,"Yes",2.19653948781785e-05,0.00189265032188531,505,0.3080317528887,1.15444151683529,0.122994109282958,0.122994109282958,NA,"tags=28%, list=18%, signal=23%",505
"BB3_all","BB3_all","CRPCvsHSPCcouple","CRPC vs HSPC couple","INPP5J",0.254724253985861,1877,TRUE,"Yes",0.0687194395897871,0.25090905516423,505,0.3080317528887,1.15444151683529,0.122994109282958,0.122994109282958,NA,"tags=28%, list=18%, signal=23%",505
"BB3_all","BB3_all","CRPCvsHSPCcouple","CRPC vs HSPC couple","RBM3",0.254168297314204,1884,TRUE,"Yes",0.0368565021794471,0.176847314240074,505,0.3080317528887,1.15444151683529,0.122994109282958,0.122994109282958,NA,"tags=28%, list=18%, signal=23%",505
"BB3_all","BB3_all","CRPCvsHSPCcouple","CRPC vs HSPC couple","HMGB1",0.24873287424246,1951,TRUE,"Yes",0.0104778627698774,0.0856262768926777,505,0.3080317528887,1.15444151683529,0.122994109282958,0.122994109282958,NA,"tags=28%, list=18%, signal=23%",505
"BB3_all","BB3_all","CRPCvsHSPCcouple","CRPC vs HSPC couple","PHYH",0.245676453620313,1993,TRUE,"Yes",0.0742416875335565,0.262520799116117,505,0.3080317528887,1.15444151683529,0.122994109282958,0.122994109282958,NA,"tags=28%, list=18%, signal=23%",505
"BB3_all","BB3_all","CRPCvsHSPCcouple","CRPC vs HSPC couple","RPL3L",0.242637494490634,2028,TRUE,"Yes",0.0797669488821151,0.272700436787537,505,0.3080317528887,1.15444151683529,0.122994109282958,0.122994109282958,NA,"tags=28%, list=18%, signal=23%",505
"BB3_all","BB3_all","CRPCvsHSPCcouple","CRPC vs HSPC couple","KCNH2",0.237389065455684,2106,TRUE,"Yes",0.161956434473869,0.39341199315614,505,0.3080317528887,1.15444151683529,0.122994109282958,0.122994109282958,NA,"tags=28%, list=18%, signal=23%",505
"BB3_all","BB3_all","CRPCvsHSPCcouple","CRPC vs HSPC couple","PPIA",0.234700169875524,2140,TRUE,"Yes",0.0177151284487281,0.115996510611998,505,0.3080317528887,1.15444151683529,0.122994109282958,0.122994109282958,NA,"tags=28%, list=18%, signal=23%",505
"BB3_all","BB3_all","CRPCvsHSPCcouple","CRPC vs HSPC couple","PSMD10",0.231036578437552,2192,TRUE,"Yes",0.0942679143604036,0.29697046842841,505,0.3080317528887,1.15444151683529,0.122994109282958,0.122994109282958,NA,"tags=28%, list=18%, signal=23%",505
"BB3_all","BB3_all","CRPCvsHSPCcouple","CRPC vs HSPC couple","CALML6",0.228553780214522,2222,TRUE,"Yes",0.00107747012606743,0.0208497317721121,505,0.3080317528887,1.15444151683529,0.122994109282958,0.122994109282958,NA,"tags=28%, list=18%, signal=23%",505
"BB3_all","BB3_all","CRPCvsHSPCcouple","CRPC vs HSPC couple","PRPF3",0.227745724953277,2231,TRUE,"Yes",0.00964977484965252,0.0817605917319977,505,0.3080317528887,1.15444151683529,0.122994109282958,0.122994109282958,NA,"tags=28%, list=18%, signal=23%",505
"BB3_all","BB3_all","CRPCvsHSPCcouple","CRPC vs HSPC couple","HMGB2",0.226072776029477,2253,TRUE,"Yes",0.12981977170186,0.350347118100709,505,0.3080317528887,1.15444151683529,0.122994109282958,0.122994109282958,NA,"tags=28%, list=18%, signal=23%",505
"BB3_all","BB3_all","CRPCvsHSPCcouple","CRPC vs HSPC couple","HES1",0.22490849241886,2264,TRUE,"Yes",0.155713461927789,0.386099688512871,505,0.3080317528887,1.15444151683529,0.122994109282958,0.122994109282958,NA,"tags=28%, list=18%, signal=23%",505
"BB3_all","BB3_all","CRPCvsHSPCcouple","CRPC vs HSPC couple","TARDBP",0.221759450149861,2307,TRUE,"Yes",0.000687629311188984,0.016030384172669,505,0.3080317528887,1.15444151683529,0.122994109282958,0.122994109282958,NA,"tags=28%, list=18%, signal=23%",505
"BB3_all","BB3_all","CRPCvsHSPCcouple","CRPC vs HSPC couple","GALT",0.219545412715039,2343,TRUE,"Yes",0.0172175449618426,0.113871431505423,505,0.3080317528887,1.15444151683529,0.122994109282958,0.122994109282958,NA,"tags=28%, list=18%, signal=23%",505
"BB3_all","BB3_all","CRPCvsHSPCcouple","CRPC vs HSPC couple","ZNF517",0.218567834858014,2359,TRUE,"Yes",0.0155863333873503,0.10787384691654,505,0.3080317528887,1.15444151683529,0.122994109282958,0.122994109282958,NA,"tags=28%, list=18%, signal=23%",505
"BB3_all","BB3_all","CRPCvsHSPCcouple","CRPC vs HSPC couple","SERINC2",0.218211228098701,2363,TRUE,"Yes",0.212747299869553,0.453049070496285,505,0.3080317528887,1.15444151683529,0.122994109282958,0.122994109282958,NA,"tags=28%, list=18%, signal=23%",505
"BB3_all","BB3_all","CRPCvsHSPCcouple","CRPC vs HSPC couple","SDCBP2",0.218102224659185,2365,TRUE,"Yes",0.0257188462572729,0.142968206119122,505,0.3080317528887,1.15444151683529,0.122994109282958,0.122994109282958,NA,"tags=28%, list=18%, signal=23%",505
"BB3_all","BB3_all","CRPCvsHSPCcouple","CRPC vs HSPC couple","ANKRD13B",0.218021307557667,2366,TRUE,"Yes",0.097224811584315,0.301659545870687,505,0.3080317528887,1.15444151683529,0.122994109282958,0.122994109282958,NA,"tags=28%, list=18%, signal=23%",505
"BB3_all","BB3_all","CRPCvsHSPCcouple","CRPC vs HSPC couple","MTX2",0.215605303525044,2396,TRUE,"Yes",0.0644432954029578,0.241721904953969,505,0.3080317528887,1.15444151683529,0.122994109282958,0.122994109282958,NA,"tags=28%, list=18%, signal=23%",505
"BB3_all","BB3_all","CRPCvsHSPCcouple","CRPC vs HSPC couple","ALDH1B1",0.214843588472491,2410,TRUE,"Yes",0.0449786857770731,0.196539319326384,505,0.3080317528887,1.15444151683529,0.122994109282958,0.122994109282958,NA,"tags=28%, list=18%, signal=23%",505
"BB3_all","BB3_all","CRPCvsHSPCcouple","CRPC vs HSPC couple","FKBP4",0.213493380022341,2429,TRUE,"Yes",0.080246421957739,0.273532634801646,505,0.3080317528887,1.15444151683529,0.122994109282958,0.122994109282958,NA,"tags=28%, list=18%, signal=23%",505
"BB3_all","BB3_all","CRPCvsHSPCcouple","CRPC vs HSPC couple","CENPH",0.211524835285158,2453,TRUE,"Yes",0.0303100628965577,0.157607150279368,505,0.3080317528887,1.15444151683529,0.122994109282958,0.122994109282958,NA,"tags=28%, list=18%, signal=23%",505
"BB3_all","BB3_all","CRPCvsHSPCcouple","CRPC vs HSPC couple","OAZ3",0.210969931682954,2467,TRUE,"Yes",0.0249606322174722,0.140828770494903,505,0.3080317528887,1.15444151683529,0.122994109282958,0.122994109282958,NA,"tags=28%, list=18%, signal=23%",505
"BB3_all","BB3_all","CRPCvsHSPCcouple","CRPC vs HSPC couple","C19orf25",0.210092013046618,2484,TRUE,"Yes",0.00919334002461873,0.0796271466354038,505,0.3080317528887,1.15444151683529,0.122994109282958,0.122994109282958,NA,"tags=28%, list=18%, signal=23%",505
"BB3_all","BB3_all","CRPCvsHSPCcouple","CRPC vs HSPC couple","PSMD2",0.209350876877182,2493,TRUE,"Yes",0.0275120059870696,0.149446224085383,505,0.3080317528887,1.15444151683529,0.122994109282958,0.122994109282958,NA,"tags=28%, list=18%, signal=23%",505
"BB3_all","BB3_all","CRPCvsHSPCcouple","CRPC vs HSPC couple","LSM8",0.209277059151605,2495,TRUE,"Yes",0.00148576187447498,0.0257011478797675,505,0.3080317528887,1.15444151683529,0.122994109282958,0.122994109282958,NA,"tags=28%, list=18%, signal=23%",505
"BB3_all","BB3_all","CRPCvsHSPCcouple","CRPC vs HSPC couple","DGUOK",0.209052759093777,2500,TRUE,"Yes",0.0193672193863977,0.12220414387956,505,0.3080317528887,1.15444151683529,0.122994109282958,0.122994109282958,NA,"tags=28%, list=18%, signal=23%",505
"BB3_all","BB3_all","CRPCvsHSPCcouple","CRPC vs HSPC couple","SULT1A1",0.208907499624293,2504,TRUE,"Yes",0.038661796873309,0.181272274493153,505,0.3080317528887,1.15444151683529,0.122994109282958,0.122994109282958,NA,"tags=28%, list=18%, signal=23%",505
"BB3_all","BB3_all","CRPCvsHSPCcouple","CRPC vs HSPC couple","CHCHD7",0.208897635941274,2506,TRUE,"Yes",0.0224624315959071,0.132789125427785,505,0.3080317528887,1.15444151683529,0.122994109282958,0.122994109282958,NA,"tags=28%, list=18%, signal=23%",505
"BB3_all","BB3_all","CRPCvsHSPCcouple","CRPC vs HSPC couple","OCIAD2",0.206534465089699,2543,TRUE,"Yes",0.0689224483633465,0.251449243909177,505,0.3080317528887,1.15444151683529,0.122994109282958,0.122994109282958,NA,"tags=28%, list=18%, signal=23%",505
"BB3_all","BB3_all","CRPCvsHSPCcouple","CRPC vs HSPC couple","GRB7",0.200346599843453,2642,TRUE,"Yes",0.0996657569280115,0.305269051022348,505,0.3080317528887,1.15444151683529,0.122994109282958,0.122994109282958,NA,"tags=28%, list=18%, signal=23%",505
"BB3_all","BB3_all","CRPCvsHSPCcouple","CRPC vs HSPC couple","BLCAP",0.199930184732021,2647,TRUE,"Yes",0.00634743631737135,0.0637430561898968,505,0.3080317528887,1.15444151683529,0.122994109282958,0.122994109282958,NA,"tags=28%, list=18%, signal=23%",505
"BB3_all","BB3_all","CRPCvsHSPCcouple","CRPC vs HSPC couple","FEM1A",0.197075440669528,2696,TRUE,"Yes",0.000277808327097977,0.0092604465530999,505,0.3080317528887,1.15444151683529,0.122994109282958,0.122994109282958,NA,"tags=28%, list=18%, signal=23%",505
"BB3_all","BB3_all","CRPCvsHSPCcouple","CRPC vs HSPC couple","ATP6V1E1",0.19652552223334,2707,TRUE,"Yes",0.0171786274137765,0.11382008957833,505,0.3080317528887,1.15444151683529,0.122994109282958,0.122994109282958,NA,"tags=28%, list=18%, signal=23%",505
"BB3_all","BB3_all","CRPCvsHSPCcouple","CRPC vs HSPC couple","TMEM42",0.19638327001242,2711,TRUE,"Yes",0.131225209747624,0.352296771194977,505,0.3080317528887,1.15444151683529,0.122994109282958,0.122994109282958,NA,"tags=28%, list=18%, signal=23%",505
"BB3_all","BB3_all","CRPCvsHSPCcouple","CRPC vs HSPC couple","CARD9",0.194752058944182,2735,TRUE,"Yes",0.013917242531539,0.101458264630871,505,0.3080317528887,1.15444151683529,0.122994109282958,0.122994109282958,NA,"tags=28%, list=18%, signal=23%",505
"BB3_all","BB3_all","CRPCvsHSPCcouple","CRPC vs HSPC couple","TRAPPC1",0.191556190727066,2781,TRUE,"Yes",0.0901497487675275,0.290731160885648,505,0.3080317528887,1.15444151683529,0.122994109282958,0.122994109282958,NA,"tags=28%, list=18%, signal=23%",505
"BB3_all","BB3_all","CRPCvsHSPCcouple","CRPC vs HSPC couple","ZCCHC17",0.188152885447584,2841,TRUE,"Yes",0.0204261419809724,0.126335934045551,505,0.3080317528887,1.15444151683529,0.122994109282958,0.122994109282958,NA,"tags=28%, list=18%, signal=23%",505
"BB3_all","BB3_all","CRPCvsHSPCcouple","CRPC vs HSPC couple","FLII",0.183658508969997,2916,TRUE,"Yes",0.0476639664885174,0.203191989695624,505,0.3080317528887,1.15444151683529,0.122994109282958,0.122994109282958,NA,"tags=28%, list=18%, signal=23%",505
"BB3_all","BB3_all","CRPCvsHSPCcouple","CRPC vs HSPC couple","GPN2",0.183555800446115,2918,TRUE,"Yes",0.000932500315654364,0.0191393070405149,505,0.3080317528887,1.15444151683529,0.122994109282958,0.122994109282958,NA,"tags=28%, list=18%, signal=23%",505
"BB3_all","BB3_all","CRPCvsHSPCcouple","CRPC vs HSPC couple","EMC10",0.182795582730949,2928,TRUE,"Yes",0.0336085825729861,0.167785727756419,505,0.3080317528887,1.15444151683529,0.122994109282958,0.122994109282958,NA,"tags=28%, list=18%, signal=23%",505
"BB3_all","BB3_all","CRPCvsHSPCcouple","CRPC vs HSPC couple","FASTKD2",0.181810927485098,2950,TRUE,"Yes",0.176907526610559,0.412190024055496,505,0.3080317528887,1.15444151683529,0.122994109282958,0.122994109282958,NA,"tags=28%, list=18%, signal=23%",505
"BB3_all","BB3_all","CRPCvsHSPCcouple","CRPC vs HSPC couple","TMEM128",0.177736102229701,3018,TRUE,"Yes",0.102962492815156,0.310718420139658,505,0.3080317528887,1.15444151683529,0.122994109282958,0.122994109282958,NA,"tags=28%, list=18%, signal=23%",505
"BB3_all","BB3_all","CRPCvsHSPCcouple","CRPC vs HSPC couple","ERH",0.175440902886484,3047,TRUE,"Yes",0.180587487484457,0.416303840721678,505,0.3080317528887,1.15444151683529,0.122994109282958,0.122994109282958,NA,"tags=28%, list=18%, signal=23%",505
"BB3_all","BB3_all","CRPCvsHSPCcouple","CRPC vs HSPC couple","BAK1",0.175174484068543,3050,TRUE,"Yes",0.0340820899368882,0.169564125684055,505,0.3080317528887,1.15444151683529,0.122994109282958,0.122994109282958,NA,"tags=28%, list=18%, signal=23%",505
"BB3_all","BB3_all","CRPCvsHSPCcouple","CRPC vs HSPC couple","GOLT1A",0.174373275508025,3064,TRUE,"Yes",0.287042963366854,0.533789454527367,505,0.3080317528887,1.15444151683529,0.122994109282958,0.122994109282958,NA,"tags=28%, list=18%, signal=23%",505
"BB3_all","BB3_all","CRPCvsHSPCcouple","CRPC vs HSPC couple","RPA2",0.174174736344647,3067,TRUE,"Yes",0.0332861251312542,0.166813810204743,505,0.3080317528887,1.15444151683529,0.122994109282958,0.122994109282958,NA,"tags=28%, list=18%, signal=23%",505
"BB3_all","BB3_all","CRPCvsHSPCcouple","CRPC vs HSPC couple","AR",0.17321224046027,3088,TRUE,"Yes",0.476699285115729,0.698529266902698,505,0.3080317528887,1.15444151683529,0.122994109282958,0.122994109282958,NA,"tags=28%, list=18%, signal=23%",505
"BB3_all","BB3_all","CRPCvsHSPCcouple","CRPC vs HSPC couple","HOXC4",0.172766399204266,3096,TRUE,"Yes",0.197676050368765,0.436552143547229,505,0.3080317528887,1.15444151683529,0.122994109282958,0.122994109282958,NA,"tags=28%, list=18%, signal=23%",505
"BB3_all","BB3_all","CRPCvsHSPCcouple","CRPC vs HSPC couple","ORMDL1",0.171045032316322,3128,TRUE,"Yes",0.0117180056987846,0.0917893696825461,505,0.3080317528887,1.15444151683529,0.122994109282958,0.122994109282958,NA,"tags=28%, list=18%, signal=23%",505
"BB3_all","BB3_all","CRPCvsHSPCcouple","CRPC vs HSPC couple","DNTTIP1",0.17098551081375,3130,TRUE,"Yes",0.0784191506858724,0.270688326828955,505,0.3080317528887,1.15444151683529,0.122994109282958,0.122994109282958,NA,"tags=28%, list=18%, signal=23%",505
"BB3_all","BB3_all","CRPCvsHSPCcouple","CRPC vs HSPC couple","MAGEF1",0.170006399612025,3152,TRUE,"Yes",0.110088106591239,0.321653781686205,505,0.3080317528887,1.15444151683529,0.122994109282958,0.122994109282958,NA,"tags=28%, list=18%, signal=23%",505
"BB3_all","BB3_all","CRPCvsHSPCcouple","CRPC vs HSPC couple","PDCD2L",0.167608830967026,3187,TRUE,"Yes",0.0388751618794916,0.181598392674179,505,0.3080317528887,1.15444151683529,0.122994109282958,0.122994109282958,NA,"tags=28%, list=18%, signal=23%",505
"BB3_all","BB3_all","CRPCvsHSPCcouple","CRPC vs HSPC couple","CYSTM1",0.166375105088227,3218,TRUE,"Yes",0.157840172002529,0.388342120112863,505,0.3080317528887,1.15444151683529,0.122994109282958,0.122994109282958,NA,"tags=28%, list=18%, signal=23%",505
"BB3_all","BB3_all","CRPCvsHSPCcouple","CRPC vs HSPC couple","SAP18",0.162574397722504,3292,FALSE,"No",0.0561416085739832,0.223819023094926,505,0.3080317528887,1.15444151683529,0.122994109282958,0.122994109282958,NA,"tags=28%, list=18%, signal=23%",505
"BB3_all","BB3_all","CRPCvsHSPCcouple","CRPC vs HSPC couple","ENPP3",0.161720739684659,3316,FALSE,"No",0.36629068368548,0.604101834496449,505,0.3080317528887,1.15444151683529,0.122994109282958,0.122994109282958,NA,"tags=28%, list=18%, signal=23%",505
"BB3_all","BB3_all","CRPCvsHSPCcouple","CRPC vs HSPC couple","MEAF6",0.159793609450878,3350,FALSE,"No",0.204269757741673,0.443829160509824,505,0.3080317528887,1.15444151683529,0.122994109282958,0.122994109282958,NA,"tags=28%, list=18%, signal=23%",505
"BB3_all","BB3_all","CRPCvsHSPCcouple","CRPC vs HSPC couple","CRAMP1",0.157310177973011,3405,FALSE,"No",0.0389313148140624,0.181689115919135,505,0.3080317528887,1.15444151683529,0.122994109282958,0.122994109282958,NA,"tags=28%, list=18%, signal=23%",505
"BB3_all","BB3_all","CRPCvsHSPCcouple","CRPC vs HSPC couple","ZNF500",0.157169319771387,3409,FALSE,"No",0.0143272029320089,0.103099956363725,505,0.3080317528887,1.15444151683529,0.122994109282958,0.122994109282958,NA,"tags=28%, list=18%, signal=23%",505
"BB3_all","BB3_all","CRPCvsHSPCcouple","CRPC vs HSPC couple","NUMBL",0.154813283247643,3457,FALSE,"No",0.106432161933046,0.316438200200351,505,0.3080317528887,1.15444151683529,0.122994109282958,0.122994109282958,NA,"tags=28%, list=18%, signal=23%",505
"BB3_all","BB3_all","CRPCvsHSPCcouple","CRPC vs HSPC couple","ZNF226",0.154752937087136,3463,FALSE,"No",0.0255878682943833,0.142581337355863,505,0.3080317528887,1.15444151683529,0.122994109282958,0.122994109282958,NA,"tags=28%, list=18%, signal=23%",505
"BB3_all","BB3_all","CRPCvsHSPCcouple","CRPC vs HSPC couple","DHRS1",0.153451246466803,3491,FALSE,"No",0.0717174935508351,0.257430429297132,505,0.3080317528887,1.15444151683529,0.122994109282958,0.122994109282958,NA,"tags=28%, list=18%, signal=23%",505
"BB3_all","BB3_all","CRPCvsHSPCcouple","CRPC vs HSPC couple","SLC35D2",0.149029269357365,3583,FALSE,"No",0.0182617796790165,0.117958956646604,505,0.3080317528887,1.15444151683529,0.122994109282958,0.122994109282958,NA,"tags=28%, list=18%, signal=23%",505
"BB3_all","BB3_all","CRPCvsHSPCcouple","CRPC vs HSPC couple","TRAPPC4",0.148421941477248,3599,FALSE,"No",0.12672844428431,0.346134642903932,505,0.3080317528887,1.15444151683529,0.122994109282958,0.122994109282958,NA,"tags=28%, list=18%, signal=23%",505
"BB3_all","BB3_all","CRPCvsHSPCcouple","CRPC vs HSPC couple","SAPCD2",0.145373311267562,3682,FALSE,"No",0.312225645923394,0.557410660094082,505,0.3080317528887,1.15444151683529,0.122994109282958,0.122994109282958,NA,"tags=28%, list=18%, signal=23%",505
"BB3_all","BB3_all","CRPCvsHSPCcouple","CRPC vs HSPC couple","PSENEN",0.144838799413693,3695,FALSE,"No",0.247966549050265,0.492022866467408,505,0.3080317528887,1.15444151683529,0.122994109282958,0.122994109282958,NA,"tags=28%, list=18%, signal=23%",505
"BB3_all","BB3_all","CRPCvsHSPCcouple","CRPC vs HSPC couple","SBDS",0.144474253612043,3702,FALSE,"No",0.0435025151427937,0.193337141811986,505,0.3080317528887,1.15444151683529,0.122994109282958,0.122994109282958,NA,"tags=28%, list=18%, signal=23%",505
"BB3_all","BB3_all","CRPCvsHSPCcouple","CRPC vs HSPC couple","ALDH2",0.142850411607794,3734,FALSE,"No",0.416727322700401,0.646929757831315,505,0.3080317528887,1.15444151683529,0.122994109282958,0.122994109282958,NA,"tags=28%, list=18%, signal=23%",505
"BB3_all","BB3_all","CRPCvsHSPCcouple","CRPC vs HSPC couple","DYNLT3",0.141298264711776,3764,FALSE,"No",0.175923149836618,0.410997337007994,505,0.3080317528887,1.15444151683529,0.122994109282958,0.122994109282958,NA,"tags=28%, list=18%, signal=23%",505
"BB3_all","BB3_all","CRPCvsHSPCcouple","CRPC vs HSPC couple","KLK15",0.139652632700317,3796,FALSE,"No",0.489043093545102,0.708953674695372,505,0.3080317528887,1.15444151683529,0.122994109282958,0.122994109282958,NA,"tags=28%, list=18%, signal=23%",505
"BB3_all","BB3_all","CRPCvsHSPCcouple","CRPC vs HSPC couple","MEX3A",0.136664836299581,3859,FALSE,"No",0.447720180599734,0.673959994974483,505,0.3080317528887,1.15444151683529,0.122994109282958,0.122994109282958,NA,"tags=28%, list=18%, signal=23%",505
"BB3_all","BB3_all","CRPCvsHSPCcouple","CRPC vs HSPC couple","PSMG4",0.131961226644848,3977,FALSE,"No",0.0989078918735324,0.303910926972888,505,0.3080317528887,1.15444151683529,0.122994109282958,0.122994109282958,NA,"tags=28%, list=18%, signal=23%",505
"BB3_all","BB3_all","CRPCvsHSPCcouple","CRPC vs HSPC couple","EMC7",0.13081444837253,4004,FALSE,"No",0.271640919069535,0.516935583773643,505,0.3080317528887,1.15444151683529,0.122994109282958,0.122994109282958,NA,"tags=28%, list=18%, signal=23%",505
"BB3_all","BB3_all","CRPCvsHSPCcouple","CRPC vs HSPC couple","BMI1",0.130461343760729,4016,FALSE,"No",0.176696657686333,0.411915479448348,505,0.3080317528887,1.15444151683529,0.122994109282958,0.122994109282958,NA,"tags=28%, list=18%, signal=23%",505
"BB3_all","BB3_all","CRPCvsHSPCcouple","CRPC vs HSPC couple","PHF1",0.130021742166049,4028,FALSE,"No",0.132173602146561,0.353699163658011,505,0.3080317528887,1.15444151683529,0.122994109282958,0.122994109282958,NA,"tags=28%, list=18%, signal=23%",505
"BB3_all","BB3_all","CRPCvsHSPCcouple","CRPC vs HSPC couple","OSCP1",0.127777343142066,4080,FALSE,"No",0.13103825653442,0.352184963334851,505,0.3080317528887,1.15444151683529,0.122994109282958,0.122994109282958,NA,"tags=28%, list=18%, signal=23%",505
"BB3_all","BB3_all","CRPCvsHSPCcouple","CRPC vs HSPC couple","POLG2",0.127130658301373,4088,FALSE,"No",0.12102480734729,0.337770717515296,505,0.3080317528887,1.15444151683529,0.122994109282958,0.122994109282958,NA,"tags=28%, list=18%, signal=23%",505
"BB3_all","BB3_all","CRPCvsHSPCcouple","CRPC vs HSPC couple","UBE2E3",0.123556572348634,4171,FALSE,"No",0.394738388399945,0.628601354799215,505,0.3080317528887,1.15444151683529,0.122994109282958,0.122994109282958,NA,"tags=28%, list=18%, signal=23%",505
"BB3_all","BB3_all","CRPCvsHSPCcouple","CRPC vs HSPC couple","ANXA6",0.122878868493014,4187,FALSE,"No",0.397468570624803,0.631009131912193,505,0.3080317528887,1.15444151683529,0.122994109282958,0.122994109282958,NA,"tags=28%, list=18%, signal=23%",505
"BB3_all","BB3_all","CRPCvsHSPCcouple","CRPC vs HSPC couple","MTHFD2L",0.119807871481224,4260,FALSE,"No",0.180944487943363,0.416758663631499,505,0.3080317528887,1.15444151683529,0.122994109282958,0.122994109282958,NA,"tags=28%, list=18%, signal=23%",505
"BB3_all","BB3_all","CRPCvsHSPCcouple","CRPC vs HSPC couple","DAP3",0.119715412608468,4265,FALSE,"No",0.142221012942342,0.368086036188404,505,0.3080317528887,1.15444151683529,0.122994109282958,0.122994109282958,NA,"tags=28%, list=18%, signal=23%",505
"BB3_all","BB3_all","CRPCvsHSPCcouple","CRPC vs HSPC couple","BANP",0.119191341601874,4273,FALSE,"No",0.102259445318877,0.309236330921834,505,0.3080317528887,1.15444151683529,0.122994109282958,0.122994109282958,NA,"tags=28%, list=18%, signal=23%",505
"BB3_all","BB3_all","CRPCvsHSPCcouple","CRPC vs HSPC couple","KISS1",0.117605427055412,4305,FALSE,"No",0.057331177862791,0.226583432717353,505,0.3080317528887,1.15444151683529,0.122994109282958,0.122994109282958,NA,"tags=28%, list=18%, signal=23%",505
"BB3_all","BB3_all","CRPCvsHSPCcouple","CRPC vs HSPC couple","WIZ",0.115827367103675,4348,FALSE,"No",0.19259110692143,0.431029373944347,505,0.3080317528887,1.15444151683529,0.122994109282958,0.122994109282958,NA,"tags=28%, list=18%, signal=23%",505
"BB3_all","BB3_all","CRPCvsHSPCcouple","CRPC vs HSPC couple","C19orf18",0.113043948624497,4419,FALSE,"No",0.339988777511416,0.581514512996351,505,0.3080317528887,1.15444151683529,0.122994109282958,0.122994109282958,NA,"tags=28%, list=18%, signal=23%",505
"BB3_all","BB3_all","CRPCvsHSPCcouple","CRPC vs HSPC couple","PSMB2",0.111888628008733,4452,FALSE,"No",0.109425668332439,0.320692873965772,505,0.3080317528887,1.15444151683529,0.122994109282958,0.122994109282958,NA,"tags=28%, list=18%, signal=23%",505
"BB3_all","BB3_all","CRPCvsHSPCcouple","CRPC vs HSPC couple","TWNK",0.11105097735482,4466,FALSE,"No",0.318371012111767,0.562480337201044,505,0.3080317528887,1.15444151683529,0.122994109282958,0.122994109282958,NA,"tags=28%, list=18%, signal=23%",505
"BB3_all","BB3_all","CRPCvsHSPCcouple","CRPC vs HSPC couple","IL3RA",0.108469218297841,4522,FALSE,"No",0.275051463203767,0.520767524703899,505,0.3080317528887,1.15444151683529,0.122994109282958,0.122994109282958,NA,"tags=28%, list=18%, signal=23%",505
"BB3_all","BB3_all","CRPCvsHSPCcouple","CRPC vs HSPC couple","RAD51C",0.108240393730771,4529,FALSE,"No",0.0960462109388436,0.299654335648139,505,0.3080317528887,1.15444151683529,0.122994109282958,0.122994109282958,NA,"tags=28%, list=18%, signal=23%",505
"BB3_all","BB3_all","CRPCvsHSPCcouple","CRPC vs HSPC couple","ZCCHC10",0.10789413289065,4537,FALSE,"No",0.209512448865015,0.44993697430252,505,0.3080317528887,1.15444151683529,0.122994109282958,0.122994109282958,NA,"tags=28%, list=18%, signal=23%",505
"BB3_all","BB3_all","CRPCvsHSPCcouple","CRPC vs HSPC couple","MAOA",0.106381860492687,4577,FALSE,"No",0.629565825151944,0.809593729535415,505,0.3080317528887,1.15444151683529,0.122994109282958,0.122994109282958,NA,"tags=28%, list=18%, signal=23%",505
"BB3_all","BB3_all","CRPCvsHSPCcouple","CRPC vs HSPC couple","TRNAU1AP",0.105676183244541,4591,FALSE,"No",0.0879346084536127,0.287198550442007,505,0.3080317528887,1.15444151683529,0.122994109282958,0.122994109282958,NA,"tags=28%, list=18%, signal=23%",505
"BB3_all","BB3_all","CRPCvsHSPCcouple","CRPC vs HSPC couple","GPR27",0.105372830658007,4602,FALSE,"No",0.443069856565394,0.669885537980472,505,0.3080317528887,1.15444151683529,0.122994109282958,0.122994109282958,NA,"tags=28%, list=18%, signal=23%",505
"BB3_all","BB3_all","CRPCvsHSPCcouple","CRPC vs HSPC couple","IGBP1",0.103941226501122,4642,FALSE,"No",0.344090922390167,0.584377523900391,505,0.3080317528887,1.15444151683529,0.122994109282958,0.122994109282958,NA,"tags=28%, list=18%, signal=23%",505
"BB3_all","BB3_all","CRPCvsHSPCcouple","CRPC vs HSPC couple","DSN1",0.103709926524378,4645,FALSE,"No",0.241682106556923,0.485887074925331,505,0.3080317528887,1.15444151683529,0.122994109282958,0.122994109282958,NA,"tags=28%, list=18%, signal=23%",505
"BB3_all","BB3_all","CRPCvsHSPCcouple","CRPC vs HSPC couple","PCLAF",0.103509371155548,4649,FALSE,"No",0.419510577802911,0.648928759820964,505,0.3080317528887,1.15444151683529,0.122994109282958,0.122994109282958,NA,"tags=28%, list=18%, signal=23%",505
"BB3_all","BB3_all","CRPCvsHSPCcouple","CRPC vs HSPC couple","OARD1",0.101218060689046,4714,FALSE,"No",0.134282924694708,0.356388902187666,505,0.3080317528887,1.15444151683529,0.122994109282958,0.122994109282958,NA,"tags=28%, list=18%, signal=23%",505
"BB3_all","BB3_all","CRPCvsHSPCcouple","CRPC vs HSPC couple","NEU1",0.0997291074792521,4746,FALSE,"No",0.621486765505067,0.804174344884697,505,0.3080317528887,1.15444151683529,0.122994109282958,0.122994109282958,NA,"tags=28%, list=18%, signal=23%",505
"BB3_all","BB3_all","CRPCvsHSPCcouple","CRPC vs HSPC couple","FCHSD1",0.0965676552316879,4806,FALSE,"No",0.324986979420815,0.568258988333048,505,0.3080317528887,1.15444151683529,0.122994109282958,0.122994109282958,NA,"tags=28%, list=18%, signal=23%",505
"BB3_all","BB3_all","CRPCvsHSPCcouple","CRPC vs HSPC couple","GCA",0.0961915909160909,4814,FALSE,"No",0.506010491721666,0.721963106481268,505,0.3080317528887,1.15444151683529,0.122994109282958,0.122994109282958,NA,"tags=28%, list=18%, signal=23%",505
"BB3_all","BB3_all","CRPCvsHSPCcouple","CRPC vs HSPC couple","AARS2",0.0960721197877086,4816,FALSE,"No",0.155262623842446,0.385560406434198,505,0.3080317528887,1.15444151683529,0.122994109282958,0.122994109282958,NA,"tags=28%, list=18%, signal=23%",505
"BB3_all","BB3_all","CRPCvsHSPCcouple","CRPC vs HSPC couple","C15orf40",0.092328730444228,4928,FALSE,"No",0.0585382889040903,0.229172508232108,505,0.3080317528887,1.15444151683529,0.122994109282958,0.122994109282958,NA,"tags=28%, list=18%, signal=23%",505
"BB3_all","BB3_all","CRPCvsHSPCcouple","CRPC vs HSPC couple","MGME1",0.0906218645026042,4967,FALSE,"No",0.256798573086914,0.50143661513401,505,0.3080317528887,1.15444151683529,0.122994109282958,0.122994109282958,NA,"tags=28%, list=18%, signal=23%",505
"BB3_all","BB3_all","CRPCvsHSPCcouple","CRPC vs HSPC couple","GATM",0.0905014910775519,4970,FALSE,"No",0.603253582152405,0.791078169604625,505,0.3080317528887,1.15444151683529,0.122994109282958,0.122994109282958,NA,"tags=28%, list=18%, signal=23%",505
"BB3_all","BB3_all","CRPCvsHSPCcouple","CRPC vs HSPC couple","PEX2",0.0897484135452364,4992,FALSE,"No",0.36351960566898,0.601864387966751,505,0.3080317528887,1.15444151683529,0.122994109282958,0.122994109282958,NA,"tags=28%, list=18%, signal=23%",505
"BB3_all","BB3_all","CRPCvsHSPCcouple","CRPC vs HSPC couple","HMGN2",0.0893921200917065,5003,FALSE,"No",0.510105915429076,0.72421360722436,505,0.3080317528887,1.15444151683529,0.122994109282958,0.122994109282958,NA,"tags=28%, list=18%, signal=23%",505
"BB3_all","BB3_all","CRPCvsHSPCcouple","CRPC vs HSPC couple","POLR3E",0.087321375167277,5050,FALSE,"No",0.199891932536135,0.438745442964833,505,0.3080317528887,1.15444151683529,0.122994109282958,0.122994109282958,NA,"tags=28%, list=18%, signal=23%",505
"BB3_all","BB3_all","CRPCvsHSPCcouple","CRPC vs HSPC couple","TAMM41",0.0863790711529779,5076,FALSE,"No",0.243412644673701,0.487722766593772,505,0.3080317528887,1.15444151683529,0.122994109282958,0.122994109282958,NA,"tags=28%, list=18%, signal=23%",505
"BB3_all","BB3_all","CRPCvsHSPCcouple","CRPC vs HSPC couple","EID2B",0.0858289554724129,5097,FALSE,"No",0.163225589074139,0.394876085713765,505,0.3080317528887,1.15444151683529,0.122994109282958,0.122994109282958,NA,"tags=28%, list=18%, signal=23%",505
"BB3_all","BB3_all","CRPCvsHSPCcouple","CRPC vs HSPC couple","CCAR2",0.0847510523420922,5123,FALSE,"No",0.303357003748597,0.548916280344066,505,0.3080317528887,1.15444151683529,0.122994109282958,0.122994109282958,NA,"tags=28%, list=18%, signal=23%",505
"BB3_all","BB3_all","CRPCvsHSPCcouple","CRPC vs HSPC couple","CNIH4",0.0847307370037309,5124,FALSE,"No",0.340987745062363,0.58224183389925,505,0.3080317528887,1.15444151683529,0.122994109282958,0.122994109282958,NA,"tags=28%, list=18%, signal=23%",505
"BB3_all","BB3_all","CRPCvsHSPCcouple","CRPC vs HSPC couple","HOXB7",0.0827571519882933,5177,FALSE,"No",0.535645640373014,0.742892636298979,505,0.3080317528887,1.15444151683529,0.122994109282958,0.122994109282958,NA,"tags=28%, list=18%, signal=23%",505
"BB3_all","BB3_all","CRPCvsHSPCcouple","CRPC vs HSPC couple","SLC26A1",0.0825076835521938,5186,FALSE,"No",0.421640621850915,0.650900806165018,505,0.3080317528887,1.15444151683529,0.122994109282958,0.122994109282958,NA,"tags=28%, list=18%, signal=23%",505
"BB3_all","BB3_all","CRPCvsHSPCcouple","CRPC vs HSPC couple","ADRA2A",0.0780136967655136,5320,FALSE,"No",0.73100357587414,0.868391721300448,505,0.3080317528887,1.15444151683529,0.122994109282958,0.122994109282958,NA,"tags=28%, list=18%, signal=23%",505
"BB3_all","BB3_all","CRPCvsHSPCcouple","CRPC vs HSPC couple","C17orf75",0.0770388331785736,5352,FALSE,"No",0.32964237585639,0.572556554128428,505,0.3080317528887,1.15444151683529,0.122994109282958,0.122994109282958,NA,"tags=28%, list=18%, signal=23%",505
"BB3_all","BB3_all","CRPCvsHSPCcouple","CRPC vs HSPC couple","LRR1",0.0759869172365351,5377,FALSE,"No",0.346048813385098,0.58613347541142,505,0.3080317528887,1.15444151683529,0.122994109282958,0.122994109282958,NA,"tags=28%, list=18%, signal=23%",505
"BB3_all","BB3_all","CRPCvsHSPCcouple","CRPC vs HSPC couple","PAAF1",0.0737733166341927,5456,FALSE,"No",0.216547069396089,0.457428232896406,505,0.3080317528887,1.15444151683529,0.122994109282958,0.122994109282958,NA,"tags=28%, list=18%, signal=23%",505
"BB3_all","BB3_all","CRPCvsHSPCcouple","CRPC vs HSPC couple","SPATA33",0.0723351305191542,5495,FALSE,"No",0.181257884525756,0.416961598980192,505,0.3080317528887,1.15444151683529,0.122994109282958,0.122994109282958,NA,"tags=28%, list=18%, signal=23%",505
"BB3_all","BB3_all","CRPCvsHSPCcouple","CRPC vs HSPC couple","HLA-B",0.0714240824237145,5517,FALSE,"No",0.673723331101561,0.835839723528404,505,0.3080317528887,1.15444151683529,0.122994109282958,0.122994109282958,NA,"tags=28%, list=18%, signal=23%",505
"BB3_all","BB3_all","CRPCvsHSPCcouple","CRPC vs HSPC couple","ATP13A2",0.0694422562608858,5566,FALSE,"No",0.545354689513247,0.749642118544547,505,0.3080317528887,1.15444151683529,0.122994109282958,0.122994109282958,NA,"tags=28%, list=18%, signal=23%",505
"BB3_all","BB3_all","CRPCvsHSPCcouple","CRPC vs HSPC couple","C2CD2",0.0676951956360594,5611,FALSE,"No",0.458824655002598,0.682909636839604,505,0.3080317528887,1.15444151683529,0.122994109282958,0.122994109282958,NA,"tags=28%, list=18%, signal=23%",505
"BB3_all","BB3_all","CRPCvsHSPCcouple","CRPC vs HSPC couple","C1orf210",0.0669085954383282,5635,FALSE,"No",0.569299506221451,0.766577773857235,505,0.3080317528887,1.15444151683529,0.122994109282958,0.122994109282958,NA,"tags=28%, list=18%, signal=23%",505
"BB3_all","BB3_all","CRPCvsHSPCcouple","CRPC vs HSPC couple","AKAP12",0.0665774341080847,5644,FALSE,"No",0.749084874951013,0.879065489575366,505,0.3080317528887,1.15444151683529,0.122994109282958,0.122994109282958,NA,"tags=28%, list=18%, signal=23%",505
"BB3_all","BB3_all","CRPCvsHSPCcouple","CRPC vs HSPC couple","IGIP",0.0654194883151713,5682,FALSE,"No",0.412717656914521,0.6436534994329,505,0.3080317528887,1.15444151683529,0.122994109282958,0.122994109282958,NA,"tags=28%, list=18%, signal=23%",505
"BB3_all","BB3_all","CRPCvsHSPCcouple","CRPC vs HSPC couple","PHRF1",0.0621391656628782,5783,FALSE,"No",0.48526462279455,0.705861957360052,505,0.3080317528887,1.15444151683529,0.122994109282958,0.122994109282958,NA,"tags=28%, list=18%, signal=23%",505
"BB3_all","BB3_all","CRPCvsHSPCcouple","CRPC vs HSPC couple","MSRA",0.0605200747295778,5828,FALSE,"No",0.502040542353906,0.718456495223338,505,0.3080317528887,1.15444151683529,0.122994109282958,0.122994109282958,NA,"tags=28%, list=18%, signal=23%",505
"BB3_all","BB3_all","CRPCvsHSPCcouple","CRPC vs HSPC couple","DNASE1L3",0.0588456384492572,5885,FALSE,"No",0.624331155410115,0.806250892342184,505,0.3080317528887,1.15444151683529,0.122994109282958,0.122994109282958,NA,"tags=28%, list=18%, signal=23%",505
"BB3_all","BB3_all","CRPCvsHSPCcouple","CRPC vs HSPC couple","PDCD7",0.0584405748636931,5900,FALSE,"No",0.3401280493963,0.581589354893028,505,0.3080317528887,1.15444151683529,0.122994109282958,0.122994109282958,NA,"tags=28%, list=18%, signal=23%",505
"BB3_all","BB3_all","CRPCvsHSPCcouple","CRPC vs HSPC couple","MLEC",0.0583899249050539,5903,FALSE,"No",0.552493431383453,0.754108957359466,505,0.3080317528887,1.15444151683529,0.122994109282958,0.122994109282958,NA,"tags=28%, list=18%, signal=23%",505
"BB3_all","BB3_all","CRPCvsHSPCcouple","CRPC vs HSPC couple","TMEM14B",0.0549421131128462,6014,FALSE,"No",0.590515177280936,0.782198520359882,505,0.3080317528887,1.15444151683529,0.122994109282958,0.122994109282958,NA,"tags=28%, list=18%, signal=23%",505
"BB3_all","BB3_all","CRPCvsHSPCcouple","CRPC vs HSPC couple","SOWAHC",0.0538211117405671,6068,FALSE,"No",0.554870664109063,0.756178873992773,505,0.3080317528887,1.15444151683529,0.122994109282958,0.122994109282958,NA,"tags=28%, list=18%, signal=23%",505
"BB3_all","BB3_all","CRPCvsHSPCcouple","CRPC vs HSPC couple","TXNL1",0.0530139723143153,6096,FALSE,"No",0.544990529895847,0.749423517736181,505,0.3080317528887,1.15444151683529,0.122994109282958,0.122994109282958,NA,"tags=28%, list=18%, signal=23%",505
"BB3_all","BB3_all","CRPCvsHSPCcouple","CRPC vs HSPC couple","MPRIP",0.0490535347346523,6217,FALSE,"No",0.596365349303028,0.785956663386417,505,0.3080317528887,1.15444151683529,0.122994109282958,0.122994109282958,NA,"tags=28%, list=18%, signal=23%",505
"BB3_all","BB3_all","CRPCvsHSPCcouple","CRPC vs HSPC couple","EEF2",0.0481234294026986,6248,FALSE,"No",0.723346886215454,0.864353867370818,505,0.3080317528887,1.15444151683529,0.122994109282958,0.122994109282958,NA,"tags=28%, list=18%, signal=23%",505
"BB3_all","BB3_all","CRPCvsHSPCcouple","CRPC vs HSPC couple","RAPGEF6",0.0461999085938489,6310,FALSE,"No",0.481171405229828,0.702377981407484,505,0.3080317528887,1.15444151683529,0.122994109282958,0.122994109282958,NA,"tags=28%, list=18%, signal=23%",505
"BB3_all","BB3_all","CRPCvsHSPCcouple","CRPC vs HSPC couple","UTP14A",0.0441481755905055,6372,FALSE,"No",0.542045525656232,0.747552729119248,505,0.3080317528887,1.15444151683529,0.122994109282958,0.122994109282958,NA,"tags=28%, list=18%, signal=23%",505
"BB3_all","BB3_all","CRPCvsHSPCcouple","CRPC vs HSPC couple","GDPGP1",0.0434830209750849,6395,FALSE,"No",0.42267658461252,0.651783992159117,505,0.3080317528887,1.15444151683529,0.122994109282958,0.122994109282958,NA,"tags=28%, list=18%, signal=23%",505
"BB3_all","BB3_all","CRPCvsHSPCcouple","CRPC vs HSPC couple","AKTIP",0.0432758964968611,6404,FALSE,"No",0.58299196048181,0.776373415624496,505,0.3080317528887,1.15444151683529,0.122994109282958,0.122994109282958,NA,"tags=28%, list=18%, signal=23%",505
"BB3_all","BB3_all","CRPCvsHSPCcouple","CRPC vs HSPC couple","MORC4",0.0370615221534969,6651,FALSE,"No",0.73704156107377,0.872047295558945,505,0.3080317528887,1.15444151683529,0.122994109282958,0.122994109282958,NA,"tags=28%, list=18%, signal=23%",505
"BB3_all","BB3_all","CRPCvsHSPCcouple","CRPC vs HSPC couple","LRP5",0.0367497120899429,6662,FALSE,"No",0.771861952483638,0.891061387128715,505,0.3080317528887,1.15444151683529,0.122994109282958,0.122994109282958,NA,"tags=28%, list=18%, signal=23%",505
"BB3_all","BB3_all","CRPCvsHSPCcouple","CRPC vs HSPC couple","CHTF8",0.0352598860137985,6720,FALSE,"No",0.562292232671643,0.7612385840223,505,0.3080317528887,1.15444151683529,0.122994109282958,0.122994109282958,NA,"tags=28%, list=18%, signal=23%",505
"BB3_all","BB3_all","CRPCvsHSPCcouple","CRPC vs HSPC couple","HSP90AA1",0.0329941032402417,6812,FALSE,"No",0.764215383884951,0.886884897131646,505,0.3080317528887,1.15444151683529,0.122994109282958,0.122994109282958,NA,"tags=28%, list=18%, signal=23%",505
"BB3_all","BB3_all","CRPCvsHSPCcouple","CRPC vs HSPC couple","CNEP1R1",0.0326380197861382,6828,FALSE,"No",0.589576461322697,0.781162795994535,505,0.3080317528887,1.15444151683529,0.122994109282958,0.122994109282958,NA,"tags=28%, list=18%, signal=23%",505
"BB3_all","BB3_all","CRPCvsHSPCcouple","CRPC vs HSPC couple","KCNAB3",0.0324396990284072,6844,FALSE,"No",0.680591970913958,0.839854997817014,505,0.3080317528887,1.15444151683529,0.122994109282958,0.122994109282958,NA,"tags=28%, list=18%, signal=23%",505
"BB3_all","BB3_all","CRPCvsHSPCcouple","CRPC vs HSPC couple","EDA",0.0302025857494954,6936,FALSE,"No",0.843851365827849,0.926471504963176,505,0.3080317528887,1.15444151683529,0.122994109282958,0.122994109282958,NA,"tags=28%, list=18%, signal=23%",505
"BB3_all","BB3_all","CRPCvsHSPCcouple","CRPC vs HSPC couple","TMEM63C",0.0290310051799628,6974,FALSE,"No",0.796098068806235,0.9038112755055,505,0.3080317528887,1.15444151683529,0.122994109282958,0.122994109282958,NA,"tags=28%, list=18%, signal=23%",505
"BB3_all","BB3_all","CRPCvsHSPCcouple","CRPC vs HSPC couple","DDB2",0.0284053801267894,6998,FALSE,"No",0.775621644237707,0.893277887604199,505,0.3080317528887,1.15444151683529,0.122994109282958,0.122994109282958,NA,"tags=28%, list=18%, signal=23%",505
"BB3_all","BB3_all","CRPCvsHSPCcouple","CRPC vs HSPC couple","PLXNB2",0.0276090803804818,7027,FALSE,"No",0.830005125004894,0.920152201172764,505,0.3080317528887,1.15444151683529,0.122994109282958,0.122994109282958,NA,"tags=28%, list=18%, signal=23%",505
"BB3_all","BB3_all","CRPCvsHSPCcouple","CRPC vs HSPC couple","GINS1",0.0254737004260579,7113,FALSE,"No",0.79344168476822,0.902892998563503,505,0.3080317528887,1.15444151683529,0.122994109282958,0.122994109282958,NA,"tags=28%, list=18%, signal=23%",505
"BB3_all","BB3_all","CRPCvsHSPCcouple","CRPC vs HSPC couple","MTCH2",0.025327026978502,7123,FALSE,"No",0.765295014966887,0.887652805790851,505,0.3080317528887,1.15444151683529,0.122994109282958,0.122994109282958,NA,"tags=28%, list=18%, signal=23%",505
"BB3_all","BB3_all","CRPCvsHSPCcouple","CRPC vs HSPC couple","RBAK",0.0252826967073321,7126,FALSE,"No",0.741674773137519,0.874978886650933,505,0.3080317528887,1.15444151683529,0.122994109282958,0.122994109282958,NA,"tags=28%, list=18%, signal=23%",505
"BB3_all","BB3_all","CRPCvsHSPCcouple","CRPC vs HSPC couple","ACSL3",0.0251313688655435,7134,FALSE,"No",0.89183072492759,0.949622462203959,505,0.3080317528887,1.15444151683529,0.122994109282958,0.122994109282958,NA,"tags=28%, list=18%, signal=23%",505
"BB3_all","BB3_all","CRPCvsHSPCcouple","CRPC vs HSPC couple","RAB10",0.023176023476605,7213,FALSE,"No",0.795195661183111,0.903381882897675,505,0.3080317528887,1.15444151683529,0.122994109282958,0.122994109282958,NA,"tags=28%, list=18%, signal=23%",505
"BB3_all","BB3_all","CRPCvsHSPCcouple","CRPC vs HSPC couple","EFHB",0.0220346161244708,7266,FALSE,"No",0.64760001422319,0.820083844701214,505,0.3080317528887,1.15444151683529,0.122994109282958,0.122994109282958,NA,"tags=28%, list=18%, signal=23%",505
"BB3_all","BB3_all","CRPCvsHSPCcouple","CRPC vs HSPC couple","TRIM14",0.0198148063347272,7372,FALSE,"No",0.877318928093532,0.941984650531038,505,0.3080317528887,1.15444151683529,0.122994109282958,0.122994109282958,NA,"tags=28%, list=18%, signal=23%",505
"BB3_all","BB3_all","CRPCvsHSPCcouple","CRPC vs HSPC couple","MORN3",0.0184975833755311,7429,FALSE,"No",0.634026424770761,0.812185182418477,505,0.3080317528887,1.15444151683529,0.122994109282958,0.122994109282958,NA,"tags=28%, list=18%, signal=23%",505
"BB3_all","BB3_all","CRPCvsHSPCcouple","CRPC vs HSPC couple","DAZAP2",0.0166257068514009,7513,FALSE,"No",0.844782723467444,0.927048300467368,505,0.3080317528887,1.15444151683529,0.122994109282958,0.122994109282958,NA,"tags=28%, list=18%, signal=23%",505
"BB3_all","BB3_all","CRPCvsHSPCcouple","CRPC vs HSPC couple","RORC",0.01626470568059,7525,FALSE,"No",0.917188614861255,0.962115793480565,505,0.3080317528887,1.15444151683529,0.122994109282958,0.122994109282958,NA,"tags=28%, list=18%, signal=23%",505
"BB3_all","BB3_all","CRPCvsHSPCcouple","CRPC vs HSPC couple","RNF144B",0.015912845104725,7548,FALSE,"No",0.914308913039278,0.959977061414443,505,0.3080317528887,1.15444151683529,0.122994109282958,0.122994109282958,NA,"tags=28%, list=18%, signal=23%",505
"BB3_all","BB3_all","CRPCvsHSPCcouple","CRPC vs HSPC couple","ZBTB2",0.0143473387886193,7633,FALSE,"No",0.81384584883193,0.912057128773773,505,0.3080317528887,1.15444151683529,0.122994109282958,0.122994109282958,NA,"tags=28%, list=18%, signal=23%",505
"BB3_all","BB3_all","CRPCvsHSPCcouple","CRPC vs HSPC couple","BICD2",0.0121812096823151,7743,FALSE,"No",0.880699520889585,0.943949900140236,505,0.3080317528887,1.15444151683529,0.122994109282958,0.122994109282958,NA,"tags=28%, list=18%, signal=23%",505
"BB3_all","BB3_all","CRPCvsHSPCcouple","CRPC vs HSPC couple","CEACAM19",0.0119052491993001,7762,FALSE,"No",0.915688688816022,0.961078004250253,505,0.3080317528887,1.15444151683529,0.122994109282958,0.122994109282958,NA,"tags=28%, list=18%, signal=23%",505
"BB3_all","BB3_all","CRPCvsHSPCcouple","CRPC vs HSPC couple","SLC25A23",0.0117348442542653,7776,FALSE,"No",0.909900300743906,0.957635722202613,505,0.3080317528887,1.15444151683529,0.122994109282958,0.122994109282958,NA,"tags=28%, list=18%, signal=23%",505
"BB3_all","BB3_all","CRPCvsHSPCcouple","CRPC vs HSPC couple","CDC42SE1",0.00958287564757487,7894,FALSE,"No",0.923534303402655,0.965832777251749,505,0.3080317528887,1.15444151683529,0.122994109282958,0.122994109282958,NA,"tags=28%, list=18%, signal=23%",505
"BB3_all","BB3_all","CRPCvsHSPCcouple","CRPC vs HSPC couple","GLOD4",0.00947578244074432,7903,FALSE,"No",0.904090855506909,0.955233249901365,505,0.3080317528887,1.15444151683529,0.122994109282958,0.122994109282958,NA,"tags=28%, list=18%, signal=23%",505
"BB3_all","BB3_all","CRPCvsHSPCcouple","CRPC vs HSPC couple","TEX19",0.00710653810664422,8013,FALSE,"No",0.732686696844846,0.86931591915204,505,0.3080317528887,1.15444151683529,0.122994109282958,0.122994109282958,NA,"tags=28%, list=18%, signal=23%",505
"BB3_all","BB3_all","CRPCvsHSPCcouple","CRPC vs HSPC couple","EARS2",0.00661882635041344,8038,FALSE,"No",0.934598698660682,0.972061403429635,505,0.3080317528887,1.15444151683529,0.122994109282958,0.122994109282958,NA,"tags=28%, list=18%, signal=23%",505
"BB3_all","BB3_all","CRPCvsHSPCcouple","CRPC vs HSPC couple","PIFO",0.00281876173625806,8284,FALSE,"No",0.986858352189402,0.994041440278125,505,0.3080317528887,1.15444151683529,0.122994109282958,0.122994109282958,NA,"tags=28%, list=18%, signal=23%",505
"BB3_all","BB3_all","CRPCvsHSPCcouple","CRPC vs HSPC couple","ME2",0.00246303748355103,8310,FALSE,"No",0.972552099761497,0.988736042205213,505,0.3080317528887,1.15444151683529,0.122994109282958,0.122994109282958,NA,"tags=28%, list=18%, signal=23%",505
"BB3_all","BB3_all","CRPCvsHSPCcouple","CRPC vs HSPC couple","SHANK3",0.00241797339362004,8313,FALSE,"No",0.982305435445584,0.992923255349109,505,0.3080317528887,1.15444151683529,0.122994109282958,0.122994109282958,NA,"tags=28%, list=18%, signal=23%",505
"BB3_all","BB3_all","CRPCvsHSPCcouple","CRPC vs HSPC couple","PLOD1",-0.00185181727194017,8650,FALSE,"No",0.987068182541072,0.99407002246888,505,0.3080317528887,1.15444151683529,0.122994109282958,0.122994109282958,NA,"tags=28%, list=18%, signal=23%",505
"BB3_all","BB3_all","CRPCvsHSPCcouple","CRPC vs HSPC couple","FAM177A1",-0.00199908999109955,8665,FALSE,"No",0.982495609250765,0.993041957294512,505,0.3080317528887,1.15444151683529,0.122994109282958,0.122994109282958,NA,"tags=28%, list=18%, signal=23%",505
"BB3_all","BB3_all","CRPCvsHSPCcouple","CRPC vs HSPC couple","HSP90B1",-0.00214466387236634,8678,FALSE,"No",0.98497966592767,0.993724953670082,505,0.3080317528887,1.15444151683529,0.122994109282958,0.122994109282958,NA,"tags=28%, list=18%, signal=23%",505
"BB3_all","BB3_all","CRPCvsHSPCcouple","CRPC vs HSPC couple","FKBP6",-0.00244260872172609,8699,FALSE,"No",0.903287074874552,0.954936338719453,505,0.3080317528887,1.15444151683529,0.122994109282958,0.122994109282958,NA,"tags=28%, list=18%, signal=23%",505
"BB3_all","BB3_all","CRPCvsHSPCcouple","CRPC vs HSPC couple","NEK9",-0.00303539883123394,8744,FALSE,"No",0.969821253757738,0.987498597680746,505,0.3080317528887,1.15444151683529,0.122994109282958,0.122994109282958,NA,"tags=28%, list=18%, signal=23%",505
"BB3_all","BB3_all","CRPCvsHSPCcouple","CRPC vs HSPC couple","HDAC8",-0.00445083682417979,8873,FALSE,"No",0.965024573343356,0.985250608163597,505,0.3080317528887,1.15444151683529,0.122994109282958,0.122994109282958,NA,"tags=28%, list=18%, signal=23%",505
"BB3_all","BB3_all","CRPCvsHSPCcouple","CRPC vs HSPC couple","ZNF747",-0.00464638534043749,8890,FALSE,"No",0.943440561721842,0.975547076536152,505,0.3080317528887,1.15444151683529,0.122994109282958,0.122994109282958,NA,"tags=28%, list=18%, signal=23%",505
"BB3_all","BB3_all","CRPCvsHSPCcouple","CRPC vs HSPC couple","TICRR",-0.00599671081521358,9019,FALSE,"No",0.938363460746379,0.973497280282318,505,0.3080317528887,1.15444151683529,0.122994109282958,0.122994109282958,NA,"tags=28%, list=18%, signal=23%",505
"BB3_all","BB3_all","CRPCvsHSPCcouple","CRPC vs HSPC couple","PRIMA1",-0.00608644461959429,9030,FALSE,"No",0.967704340611279,0.986674274690618,505,0.3080317528887,1.15444151683529,0.122994109282958,0.122994109282958,NA,"tags=28%, list=18%, signal=23%",505
"BB3_all","BB3_all","CRPCvsHSPCcouple","CRPC vs HSPC couple","IMPDH2",-0.0168565896587101,9996,FALSE,"No",0.902431275691481,0.954473517054964,505,0.3080317528887,1.15444151683529,0.122994109282958,0.122994109282958,NA,"tags=28%, list=18%, signal=23%",505
"BB3_all","BB3_all","CRPCvsHSPCcouple","CRPC vs HSPC couple","AXDND1",-0.0176290602075171,10058,FALSE,"No",0.199670269474231,0.438703008477962,505,0.3080317528887,1.15444151683529,0.122994109282958,0.122994109282958,NA,"tags=28%, list=18%, signal=23%",505
"BB3_all","BB3_all","CRPCvsHSPCcouple","CRPC vs HSPC couple","NOL8",-0.017833142922393,10072,FALSE,"No",0.772281005990104,0.891237972120649,505,0.3080317528887,1.15444151683529,0.122994109282958,0.122994109282958,NA,"tags=28%, list=18%, signal=23%",505
"BB3_all","BB3_all","CRPCvsHSPCcouple","CRPC vs HSPC couple","DDX3Y",-0.019886349214516,10238,FALSE,"No",0.88196205728335,0.944689298509484,505,0.3080317528887,1.15444151683529,0.122994109282958,0.122994109282958,NA,"tags=28%, list=18%, signal=23%",505
"BB3_all","BB3_all","CRPCvsHSPCcouple","CRPC vs HSPC couple","PPP2R2C",-0.0202355532338905,10271,FALSE,"No",0.903459280052054,0.95500785074422,505,0.3080317528887,1.15444151683529,0.122994109282958,0.122994109282958,NA,"tags=28%, list=18%, signal=23%",505
"BB3_all","BB3_all","CRPCvsHSPCcouple","CRPC vs HSPC couple","SLC46A1",-0.0212343961257131,10341,FALSE,"No",0.766672588418068,0.88842868181102,505,0.3080317528887,1.15444151683529,0.122994109282958,0.122994109282958,NA,"tags=28%, list=18%, signal=23%",505
"BB3_all","BB3_all","CRPCvsHSPCcouple","CRPC vs HSPC couple","NHLRC3",-0.021515761166123,10359,FALSE,"No",0.809104277019945,0.910036809822261,505,0.3080317528887,1.15444151683529,0.122994109282958,0.122994109282958,NA,"tags=28%, list=18%, signal=23%",505
"BB3_all","BB3_all","CRPCvsHSPCcouple","CRPC vs HSPC couple","MAPT",-0.0217974647150316,10379,FALSE,"No",0.885367847899722,0.946288366835424,505,0.3080317528887,1.15444151683529,0.122994109282958,0.122994109282958,NA,"tags=28%, list=18%, signal=23%",505
"BB3_all","BB3_all","CRPCvsHSPCcouple","CRPC vs HSPC couple","NOP9",-0.022873220429473,10472,FALSE,"No",0.794119314283569,0.902972469137929,505,0.3080317528887,1.15444151683529,0.122994109282958,0.122994109282958,NA,"tags=28%, list=18%, signal=23%",505
"BB3_all","BB3_all","CRPCvsHSPCcouple","CRPC vs HSPC couple","PKP4",-0.0229330585156053,10478,FALSE,"No",0.759355626645483,0.884702464322716,505,0.3080317528887,1.15444151683529,0.122994109282958,0.122994109282958,NA,"tags=28%, list=18%, signal=23%",505
"BB3_all","BB3_all","CRPCvsHSPCcouple","CRPC vs HSPC couple","HYKK",-0.0240947605547481,10569,FALSE,"No",0.63882168805964,0.815110380502681,505,0.3080317528887,1.15444151683529,0.122994109282958,0.122994109282958,NA,"tags=28%, list=18%, signal=23%",505
"BB3_all","BB3_all","CRPCvsHSPCcouple","CRPC vs HSPC couple","RIOX2",-0.0294296276387973,10944,FALSE,"No",0.719569644985947,0.862378867927982,505,0.3080317528887,1.15444151683529,0.122994109282958,0.122994109282958,NA,"tags=28%, list=18%, signal=23%",505
"BB3_all","BB3_all","CRPCvsHSPCcouple","CRPC vs HSPC couple","AGBL3",-0.0305519935652382,11037,FALSE,"No",0.597918033524969,0.786789160057672,505,0.3080317528887,1.15444151683529,0.122994109282958,0.122994109282958,NA,"tags=28%, list=18%, signal=23%",505
"BB3_all","BB3_all","CRPCvsHSPCcouple","CRPC vs HSPC couple","PCDHB12",-0.031515823647008,11108,FALSE,"No",0.678842852926216,0.839109162688555,505,0.3080317528887,1.15444151683529,0.122994109282958,0.122994109282958,NA,"tags=28%, list=18%, signal=23%",505
"BB3_all","BB3_all","CRPCvsHSPCcouple","CRPC vs HSPC couple","KDM4C",-0.0320226248653488,11130,FALSE,"No",0.713746701621973,0.859122756839756,505,0.3080317528887,1.15444151683529,0.122994109282958,0.122994109282958,NA,"tags=28%, list=18%, signal=23%",505
"BB3_all","BB3_all","CRPCvsHSPCcouple","CRPC vs HSPC couple","CASP7",-0.0334318756689433,11222,FALSE,"No",0.784501076010166,0.898082698236339,505,0.3080317528887,1.15444151683529,0.122994109282958,0.122994109282958,NA,"tags=28%, list=18%, signal=23%",505
"BB3_all","BB3_all","CRPCvsHSPCcouple","CRPC vs HSPC couple","FOXO4",-0.0337424458187963,11252,FALSE,"No",0.764244548406922,0.886884897131646,505,0.3080317528887,1.15444151683529,0.122994109282958,0.122994109282958,NA,"tags=28%, list=18%, signal=23%",505
"BB3_all","BB3_all","CRPCvsHSPCcouple","CRPC vs HSPC couple","RABL3",-0.0338994700842998,11272,FALSE,"No",0.685266478938105,0.842946987930125,505,0.3080317528887,1.15444151683529,0.122994109282958,0.122994109282958,NA,"tags=28%, list=18%, signal=23%",505
"BB3_all","BB3_all","CRPCvsHSPCcouple","CRPC vs HSPC couple","ARHGEF17",-0.035060867128923,11341,FALSE,"No",0.783088258213908,0.897225083679386,505,0.3080317528887,1.15444151683529,0.122994109282958,0.122994109282958,NA,"tags=28%, list=18%, signal=23%",505
"BB3_all","BB3_all","CRPCvsHSPCcouple","CRPC vs HSPC couple","GEMIN4",-0.0351198241883561,11343,FALSE,"No",0.72599738286492,0.865048209135744,505,0.3080317528887,1.15444151683529,0.122994109282958,0.122994109282958,NA,"tags=28%, list=18%, signal=23%",505
"BB3_all","BB3_all","CRPCvsHSPCcouple","CRPC vs HSPC couple","HELLS",-0.0355977671162864,11370,FALSE,"No",0.646522405952324,0.819344025914465,505,0.3080317528887,1.15444151683529,0.122994109282958,0.122994109282958,NA,"tags=28%, list=18%, signal=23%",505
"BB3_all","BB3_all","CRPCvsHSPCcouple","CRPC vs HSPC couple","LPXN",-0.0363108257562055,11415,FALSE,"No",0.815678904362897,0.912859224195971,505,0.3080317528887,1.15444151683529,0.122994109282958,0.122994109282958,NA,"tags=28%, list=18%, signal=23%",505
"BB3_all","BB3_all","CRPCvsHSPCcouple","CRPC vs HSPC couple","WDR43",-0.0364076804094298,11424,FALSE,"No",0.624515557224539,0.806298271017027,505,0.3080317528887,1.15444151683529,0.122994109282958,0.122994109282958,NA,"tags=28%, list=18%, signal=23%",505
"BB3_all","BB3_all","CRPCvsHSPCcouple","CRPC vs HSPC couple","SGPP1",-0.0364796291364136,11429,FALSE,"No",0.778513997504489,0.894803699264739,505,0.3080317528887,1.15444151683529,0.122994109282958,0.122994109282958,NA,"tags=28%, list=18%, signal=23%",505
"BB3_all","BB3_all","CRPCvsHSPCcouple","CRPC vs HSPC couple","PLXNA1",-0.0364895420370859,11431,FALSE,"No",0.732302856095458,0.868973383935022,505,0.3080317528887,1.15444151683529,0.122994109282958,0.122994109282958,NA,"tags=28%, list=18%, signal=23%",505
"BB3_all","BB3_all","CRPCvsHSPCcouple","CRPC vs HSPC couple","GEMIN5",-0.037596436978812,11494,FALSE,"No",0.59363979845685,0.78392381973623,505,0.3080317528887,1.15444151683529,0.122994109282958,0.122994109282958,NA,"tags=28%, list=18%, signal=23%",505
"BB3_all","BB3_all","CRPCvsHSPCcouple","CRPC vs HSPC couple","ZCRB1",-0.0382645145655149,11530,FALSE,"No",0.581544412993255,0.775292222384407,505,0.3080317528887,1.15444151683529,0.122994109282958,0.122994109282958,NA,"tags=28%, list=18%, signal=23%",505
"BB3_all","BB3_all","CRPCvsHSPCcouple","CRPC vs HSPC couple","DDX3X",-0.0397159715111632,11629,FALSE,"No",0.640430192014058,0.815868492748504,505,0.3080317528887,1.15444151683529,0.122994109282958,0.122994109282958,NA,"tags=28%, list=18%, signal=23%",505
"BB3_all","BB3_all","CRPCvsHSPCcouple","CRPC vs HSPC couple","SRRM2",-0.0403528835970262,11667,FALSE,"No",0.763848873128055,0.886803128367202,505,0.3080317528887,1.15444151683529,0.122994109282958,0.122994109282958,NA,"tags=28%, list=18%, signal=23%",505
"BB3_all","BB3_all","CRPCvsHSPCcouple","CRPC vs HSPC couple","CABIN1",-0.0418617195347566,11757,FALSE,"No",0.623197710775992,0.805601343340531,505,0.3080317528887,1.15444151683529,0.122994109282958,0.122994109282958,NA,"tags=28%, list=18%, signal=23%",505
"BB3_all","BB3_all","CRPCvsHSPCcouple","CRPC vs HSPC couple","DDX18",-0.0421189263925204,11780,FALSE,"No",0.608301534941998,0.794384906878226,505,0.3080317528887,1.15444151683529,0.122994109282958,0.122994109282958,NA,"tags=28%, list=18%, signal=23%",505
"BB3_all","BB3_all","CRPCvsHSPCcouple","CRPC vs HSPC couple","MFSD11",-0.0423491712009607,11794,FALSE,"No",0.50002645993915,0.717290980344625,505,0.3080317528887,1.15444151683529,0.122994109282958,0.122994109282958,NA,"tags=28%, list=18%, signal=23%",505
"BB3_all","BB3_all","CRPCvsHSPCcouple","CRPC vs HSPC couple","LRRC32",-0.0431644009790095,11847,FALSE,"No",0.78899393047232,0.900615642563136,505,0.3080317528887,1.15444151683529,0.122994109282958,0.122994109282958,NA,"tags=28%, list=18%, signal=23%",505
"BB3_all","BB3_all","CRPCvsHSPCcouple","CRPC vs HSPC couple","CSDE1",-0.0436451973160406,11868,FALSE,"No",0.562786893794873,0.761535614300766,505,0.3080317528887,1.15444151683529,0.122994109282958,0.122994109282958,NA,"tags=28%, list=18%, signal=23%",505
"BB3_all","BB3_all","CRPCvsHSPCcouple","CRPC vs HSPC couple","ZNF684",-0.0445196780586887,11917,FALSE,"No",0.329376878140794,0.572367525970119,505,0.3080317528887,1.15444151683529,0.122994109282958,0.122994109282958,NA,"tags=28%, list=18%, signal=23%",505
"BB3_all","BB3_all","CRPCvsHSPCcouple","CRPC vs HSPC couple","PTPRF",-0.0448113458433559,11936,FALSE,"No",0.7545343700729,0.882034406272193,505,0.3080317528887,1.15444151683529,0.122994109282958,0.122994109282958,NA,"tags=28%, list=18%, signal=23%",505
"BB3_all","BB3_all","CRPCvsHSPCcouple","CRPC vs HSPC couple","GTF2I",-0.0452065814212417,11958,FALSE,"No",0.68770508789575,0.844638528917613,505,0.3080317528887,1.15444151683529,0.122994109282958,0.122994109282958,NA,"tags=28%, list=18%, signal=23%",505
"BB3_all","BB3_all","CRPCvsHSPCcouple","CRPC vs HSPC couple","CTIF",-0.0461769038608937,12011,FALSE,"No",0.595546368585395,0.785306108059583,505,0.3080317528887,1.15444151683529,0.122994109282958,0.122994109282958,NA,"tags=28%, list=18%, signal=23%",505
"BB3_all","BB3_all","CRPCvsHSPCcouple","CRPC vs HSPC couple","IKBIP",-0.0476216327278647,12092,FALSE,"No",0.615555316027248,0.799626579282445,505,0.3080317528887,1.15444151683529,0.122994109282958,0.122994109282958,NA,"tags=28%, list=18%, signal=23%",505
"BB3_all","BB3_all","CRPCvsHSPCcouple","CRPC vs HSPC couple","RMND5A",-0.0484427242988676,12153,FALSE,"No",0.563212481425398,0.761863329250426,505,0.3080317528887,1.15444151683529,0.122994109282958,0.122994109282958,NA,"tags=28%, list=18%, signal=23%",505
"BB3_all","BB3_all","CRPCvsHSPCcouple","CRPC vs HSPC couple","MEGF8",-0.049000405591678,12183,FALSE,"No",0.654896777002155,0.824579502722523,505,0.3080317528887,1.15444151683529,0.122994109282958,0.122994109282958,NA,"tags=28%, list=18%, signal=23%",505
"BB3_all","BB3_all","CRPCvsHSPCcouple","CRPC vs HSPC couple","DLGAP2",-0.0538206786516957,12446,FALSE,"No",0.0713160176254089,0.256543854659973,505,0.3080317528887,1.15444151683529,0.122994109282958,0.122994109282958,NA,"tags=28%, list=18%, signal=23%",505
"BB3_all","BB3_all","CRPCvsHSPCcouple","CRPC vs HSPC couple","BMF",-0.0549524115240896,12514,FALSE,"No",0.610278577677159,0.79520356504948,505,0.3080317528887,1.15444151683529,0.122994109282958,0.122994109282958,NA,"tags=28%, list=18%, signal=23%",505
"BB3_all","BB3_all","CRPCvsHSPCcouple","CRPC vs HSPC couple","NUP88",-0.0554006160138103,12544,FALSE,"No",0.454324082436541,0.679589711218505,505,0.3080317528887,1.15444151683529,0.122994109282958,0.122994109282958,NA,"tags=28%, list=18%, signal=23%",505
"BB3_all","BB3_all","CRPCvsHSPCcouple","CRPC vs HSPC couple","KTN1",-0.0563923507882125,12589,FALSE,"No",0.50714512399133,0.722960822533918,505,0.3080317528887,1.15444151683529,0.122994109282958,0.122994109282958,NA,"tags=28%, list=18%, signal=23%",505
"BB3_all","BB3_all","CRPCvsHSPCcouple","CRPC vs HSPC couple","EXOC4",-0.0594730340167979,12732,FALSE,"No",0.43618916255623,0.663270409757318,505,0.3080317528887,1.15444151683529,0.122994109282958,0.122994109282958,NA,"tags=28%, list=18%, signal=23%",505
"BB3_all","BB3_all","CRPCvsHSPCcouple","CRPC vs HSPC couple","ZFAT",-0.0602703972032639,12775,FALSE,"No",0.375552050990367,0.611971288638506,505,0.3080317528887,1.15444151683529,0.122994109282958,0.122994109282958,NA,"tags=28%, list=18%, signal=23%",505
"BB3_all","BB3_all","CRPCvsHSPCcouple","CRPC vs HSPC couple","TSGA13",-0.0606460562012193,12798,FALSE,"No",0.0168817674848954,0.112794164830499,505,0.3080317528887,1.15444151683529,0.122994109282958,0.122994109282958,NA,"tags=28%, list=18%, signal=23%",505
"BB3_all","BB3_all","CRPCvsHSPCcouple","CRPC vs HSPC couple","ZNF468",-0.0607998868622577,12803,FALSE,"No",0.417938028111039,0.647882656424767,505,0.3080317528887,1.15444151683529,0.122994109282958,0.122994109282958,NA,"tags=28%, list=18%, signal=23%",505
"BB3_all","BB3_all","CRPCvsHSPCcouple","CRPC vs HSPC couple","TSPYL4",-0.0609430877693788,12808,FALSE,"No",0.606312659420001,0.793090823460448,505,0.3080317528887,1.15444151683529,0.122994109282958,0.122994109282958,NA,"tags=28%, list=18%, signal=23%",505
"BB3_all","BB3_all","CRPCvsHSPCcouple","CRPC vs HSPC couple","MAST3",-0.0623861424422509,12881,FALSE,"No",0.515784543492597,0.727779720066373,505,0.3080317528887,1.15444151683529,0.122994109282958,0.122994109282958,NA,"tags=28%, list=18%, signal=23%",505
"BB3_all","BB3_all","CRPCvsHSPCcouple","CRPC vs HSPC couple","USP48",-0.0633607330460131,12920,FALSE,"No",0.304939370398836,0.550447220109723,505,0.3080317528887,1.15444151683529,0.122994109282958,0.122994109282958,NA,"tags=28%, list=18%, signal=23%",505
"BB3_all","BB3_all","CRPCvsHSPCcouple","CRPC vs HSPC couple","HLA-A",-0.0649621426412921,12991,FALSE,"No",0.720513673478329,0.862683400913676,505,0.3080317528887,1.15444151683529,0.122994109282958,0.122994109282958,NA,"tags=28%, list=18%, signal=23%",505
"BB3_all","BB3_all","CRPCvsHSPCcouple","CRPC vs HSPC couple","CADPS2",-0.0656078138467673,13019,FALSE,"No",0.592373039264116,0.783308496613444,505,0.3080317528887,1.15444151683529,0.122994109282958,0.122994109282958,NA,"tags=28%, list=18%, signal=23%",505
"BB3_all","BB3_all","CRPCvsHSPCcouple","CRPC vs HSPC couple","SLC25A16",-0.0663917273625145,13053,FALSE,"No",0.491794859911693,0.711066701441104,505,0.3080317528887,1.15444151683529,0.122994109282958,0.122994109282958,NA,"tags=28%, list=18%, signal=23%",505
"BB3_all","BB3_all","CRPCvsHSPCcouple","CRPC vs HSPC couple","DENND2A",-0.0679385256293288,13130,FALSE,"No",0.511863560465711,0.725779062254687,505,0.3080317528887,1.15444151683529,0.122994109282958,0.122994109282958,NA,"tags=28%, list=18%, signal=23%",505
"BB3_all","BB3_all","CRPCvsHSPCcouple","CRPC vs HSPC couple","TTYH2",-0.0693505910581595,13199,FALSE,"No",0.390554289096981,0.624278543833966,505,0.3080317528887,1.15444151683529,0.122994109282958,0.122994109282958,NA,"tags=28%, list=18%, signal=23%",505
"BB3_all","BB3_all","CRPCvsHSPCcouple","CRPC vs HSPC couple","FKBP5",-0.070083850751721,13232,FALSE,"No",0.681715376435878,0.840446431892704,505,0.3080317528887,1.15444151683529,0.122994109282958,0.122994109282958,NA,"tags=28%, list=18%, signal=23%",505
"BB3_all","BB3_all","CRPCvsHSPCcouple","CRPC vs HSPC couple","HR",-0.0700974207555577,13234,FALSE,"No",0.340644422479966,0.581982011358169,505,0.3080317528887,1.15444151683529,0.122994109282958,0.122994109282958,NA,"tags=28%, list=18%, signal=23%",505
"BB3_all","BB3_all","CRPCvsHSPCcouple","CRPC vs HSPC couple","ARNT2",-0.0703867088922387,13248,FALSE,"No",0.538581864593536,0.745267397964557,505,0.3080317528887,1.15444151683529,0.122994109282958,0.122994109282958,NA,"tags=28%, list=18%, signal=23%",505
"BB3_all","BB3_all","CRPCvsHSPCcouple","CRPC vs HSPC couple","AMER1",-0.0728444185961574,13347,FALSE,"No",0.454272186432267,0.679589711218505,505,0.3080317528887,1.15444151683529,0.122994109282958,0.122994109282958,NA,"tags=28%, list=18%, signal=23%",505
"BB3_all","BB3_all","CRPCvsHSPCcouple","CRPC vs HSPC couple","BBS9",-0.0729208001339912,13350,FALSE,"No",0.286933011569688,0.533674655485314,505,0.3080317528887,1.15444151683529,0.122994109282958,0.122994109282958,NA,"tags=28%, list=18%, signal=23%",505
"BB3_all","BB3_all","CRPCvsHSPCcouple","CRPC vs HSPC couple","EIF2A",-0.0752690489769305,13453,FALSE,"No",0.31443344212144,0.559438559192787,505,0.3080317528887,1.15444151683529,0.122994109282958,0.122994109282958,NA,"tags=28%, list=18%, signal=23%",505
"BB3_all","BB3_all","CRPCvsHSPCcouple","CRPC vs HSPC couple","IBTK",-0.0760789613927413,13488,FALSE,"No",0.384530088049652,0.619566280508367,505,0.3080317528887,1.15444151683529,0.122994109282958,0.122994109282958,NA,"tags=28%, list=18%, signal=23%",505
"BB3_all","BB3_all","CRPCvsHSPCcouple","CRPC vs HSPC couple","RPRD1A",-0.0765135420434468,13510,FALSE,"No",0.422178213191288,0.651402984282551,505,0.3080317528887,1.15444151683529,0.122994109282958,0.122994109282958,NA,"tags=28%, list=18%, signal=23%",505
"BB3_all","BB3_all","CRPCvsHSPCcouple","CRPC vs HSPC couple","NEK6",-0.0771975719464986,13536,FALSE,"No",0.536800468948171,0.743887559379229,505,0.3080317528887,1.15444151683529,0.122994109282958,0.122994109282958,NA,"tags=28%, list=18%, signal=23%",505
"BB3_all","BB3_all","CRPCvsHSPCcouple","CRPC vs HSPC couple","TGFBRAP1",-0.078007632762628,13572,FALSE,"No",0.387153284104253,0.62210058152437,505,0.3080317528887,1.15444151683529,0.122994109282958,0.122994109282958,NA,"tags=28%, list=18%, signal=23%",505
"BB3_all","BB3_all","CRPCvsHSPCcouple","CRPC vs HSPC couple","ZNF561",-0.078971019748999,13606,FALSE,"No",0.24243169741694,0.486808817930664,505,0.3080317528887,1.15444151683529,0.122994109282958,0.122994109282958,NA,"tags=28%, list=18%, signal=23%",505
"BB3_all","BB3_all","CRPCvsHSPCcouple","CRPC vs HSPC couple","NCBP1",-0.0797233400538491,13641,FALSE,"No",0.285171120634087,0.531918700741286,505,0.3080317528887,1.15444151683529,0.122994109282958,0.122994109282958,NA,"tags=28%, list=18%, signal=23%",505
"BB3_all","BB3_all","CRPCvsHSPCcouple","CRPC vs HSPC couple","PFAS",-0.0804180256700753,13664,FALSE,"No",0.371820987478396,0.608825204219062,505,0.3080317528887,1.15444151683529,0.122994109282958,0.122994109282958,NA,"tags=28%, list=18%, signal=23%",505
"BB3_all","BB3_all","CRPCvsHSPCcouple","CRPC vs HSPC couple","SLC6A16",-0.081498588764402,13692,FALSE,"No",0.403212177514067,0.63610647263576,505,0.3080317528887,1.15444151683529,0.122994109282958,0.122994109282958,NA,"tags=28%, list=18%, signal=23%",505
"BB3_all","BB3_all","CRPCvsHSPCcouple","CRPC vs HSPC couple","PCDHGB5",-0.0823315400289468,13728,FALSE,"No",0.550548275536488,0.753065441713679,505,0.3080317528887,1.15444151683529,0.122994109282958,0.122994109282958,NA,"tags=28%, list=18%, signal=23%",505
"BB3_all","BB3_all","CRPCvsHSPCcouple","CRPC vs HSPC couple","SERBP1",-0.0825675653565456,13748,FALSE,"No",0.29625090473158,0.541649011783783,505,0.3080317528887,1.15444151683529,0.122994109282958,0.122994109282958,NA,"tags=28%, list=18%, signal=23%",505
"BB3_all","BB3_all","CRPCvsHSPCcouple","CRPC vs HSPC couple","FKTN",-0.0834242922956432,13782,FALSE,"No",0.235430923805703,0.479604849465683,505,0.3080317528887,1.15444151683529,0.122994109282958,0.122994109282958,NA,"tags=28%, list=18%, signal=23%",505
"BB3_all","BB3_all","CRPCvsHSPCcouple","CRPC vs HSPC couple","POGK",-0.0837159762161526,13795,FALSE,"No",0.248814584244918,0.492907061099872,505,0.3080317528887,1.15444151683529,0.122994109282958,0.122994109282958,NA,"tags=28%, list=18%, signal=23%",505
"BB3_all","BB3_all","CRPCvsHSPCcouple","CRPC vs HSPC couple","MYO1C",-0.0850251635677974,13838,FALSE,"No",0.429805444600813,0.658275849461143,505,0.3080317528887,1.15444151683529,0.122994109282958,0.122994109282958,NA,"tags=28%, list=18%, signal=23%",505
"BB3_all","BB3_all","CRPCvsHSPCcouple","CRPC vs HSPC couple","ADAR",-0.0873416186161728,13931,FALSE,"No",0.318926536579958,0.562948234134664,505,0.3080317528887,1.15444151683529,0.122994109282958,0.122994109282958,NA,"tags=28%, list=18%, signal=23%",505
"BB3_all","BB3_all","CRPCvsHSPCcouple","CRPC vs HSPC couple","NSMAF",-0.0885704154811693,13982,FALSE,"No",0.308444899220963,0.553691329998951,505,0.3080317528887,1.15444151683529,0.122994109282958,0.122994109282958,NA,"tags=28%, list=18%, signal=23%",505
"BB3_all","BB3_all","CRPCvsHSPCcouple","CRPC vs HSPC couple","NOS1AP",-0.0890336728574671,13994,FALSE,"No",0.338195760802097,0.579823041626901,505,0.3080317528887,1.15444151683529,0.122994109282958,0.122994109282958,NA,"tags=28%, list=18%, signal=23%",505
"BB3_all","BB3_all","CRPCvsHSPCcouple","CRPC vs HSPC couple","DDX21",-0.0899434122917606,14022,FALSE,"No",0.447488455514944,0.67377774619943,505,0.3080317528887,1.15444151683529,0.122994109282958,0.122994109282958,NA,"tags=28%, list=18%, signal=23%",505
"BB3_all","BB3_all","CRPCvsHSPCcouple","CRPC vs HSPC couple","WDR35",-0.0917906327138769,14085,FALSE,"No",0.252281515790939,0.497070120309283,505,0.3080317528887,1.15444151683529,0.122994109282958,0.122994109282958,NA,"tags=28%, list=18%, signal=23%",505
"BB3_all","BB3_all","CRPCvsHSPCcouple","CRPC vs HSPC couple","U2SURP",-0.091947420612934,14091,FALSE,"No",0.165194788323103,0.396835217240371,505,0.3080317528887,1.15444151683529,0.122994109282958,0.122994109282958,NA,"tags=28%, list=18%, signal=23%",505
"BB3_all","BB3_all","CRPCvsHSPCcouple","CRPC vs HSPC couple","IPO5",-0.0929560558323725,14127,FALSE,"No",0.30077142150359,0.545654142080255,505,0.3080317528887,1.15444151683529,0.122994109282958,0.122994109282958,NA,"tags=28%, list=18%, signal=23%",505
"BB3_all","BB3_all","CRPCvsHSPCcouple","CRPC vs HSPC couple","SPATA6L",-0.0941019185673673,14170,FALSE,"No",0.381678331991027,0.617188907650061,505,0.3080317528887,1.15444151683529,0.122994109282958,0.122994109282958,NA,"tags=28%, list=18%, signal=23%",505
"BB3_all","BB3_all","CRPCvsHSPCcouple","CRPC vs HSPC couple","ZNF728",-0.096187619379757,14270,FALSE,"No",0.0202914223856239,0.125691221674531,505,0.3080317528887,1.15444151683529,0.122994109282958,0.122994109282958,NA,"tags=28%, list=18%, signal=23%",505
"BB3_all","BB3_all","CRPCvsHSPCcouple","CRPC vs HSPC couple","PIGN",-0.0972325988963831,14311,FALSE,"No",0.254263617481444,0.498779370761764,505,0.3080317528887,1.15444151683529,0.122994109282958,0.122994109282958,NA,"tags=28%, list=18%, signal=23%",505
"BB3_all","BB3_all","CRPCvsHSPCcouple","CRPC vs HSPC couple","NAA15",-0.0986619901750303,14349,FALSE,"No",0.213004051842306,0.45337495531379,505,0.3080317528887,1.15444151683529,0.122994109282958,0.122994109282958,NA,"tags=28%, list=18%, signal=23%",505
"BB3_all","BB3_all","CRPCvsHSPCcouple","CRPC vs HSPC couple","PMEL",-0.098959940731327,14359,FALSE,"No",0.0253139511052525,0.141721298974309,505,0.3080317528887,1.15444151683529,0.122994109282958,0.122994109282958,NA,"tags=28%, list=18%, signal=23%",505
"BB3_all","BB3_all","CRPCvsHSPCcouple","CRPC vs HSPC couple","DUSP4",-0.0996770936449407,14389,FALSE,"No",0.519922903767477,0.730852765149711,505,0.3080317528887,1.15444151683529,0.122994109282958,0.122994109282958,NA,"tags=28%, list=18%, signal=23%",505
"BB3_all","BB3_all","CRPCvsHSPCcouple","CRPC vs HSPC couple","EBF2",-0.100403724621027,14411,FALSE,"No",0.364301525245869,0.602671251735762,505,0.3080317528887,1.15444151683529,0.122994109282958,0.122994109282958,NA,"tags=28%, list=18%, signal=23%",505
"BB3_all","BB3_all","CRPCvsHSPCcouple","CRPC vs HSPC couple","NRDE2",-0.102849309410734,14496,FALSE,"No",0.031434232360014,0.16062786642538,505,0.3080317528887,1.15444151683529,0.122994109282958,0.122994109282958,NA,"tags=28%, list=18%, signal=23%",505
"BB3_all","BB3_all","CRPCvsHSPCcouple","CRPC vs HSPC couple","INVS",-0.104129594523698,14541,FALSE,"No",0.143428657898316,0.369640406177729,505,0.3080317528887,1.15444151683529,0.122994109282958,0.122994109282958,NA,"tags=28%, list=18%, signal=23%",505
"BB3_all","BB3_all","CRPCvsHSPCcouple","CRPC vs HSPC couple","PCSK7",-0.104302367589589,14547,FALSE,"No",0.293979856031411,0.539874336998671,505,0.3080317528887,1.15444151683529,0.122994109282958,0.122994109282958,NA,"tags=28%, list=18%, signal=23%",505
"BB3_all","BB3_all","CRPCvsHSPCcouple","CRPC vs HSPC couple","ATG9A",-0.10465189428152,14565,FALSE,"No",0.314316607196027,0.559400684194952,505,0.3080317528887,1.15444151683529,0.122994109282958,0.122994109282958,NA,"tags=28%, list=18%, signal=23%",505
"BB3_all","BB3_all","CRPCvsHSPCcouple","CRPC vs HSPC couple","TM9SF4",-0.106419419300235,14639,FALSE,"No",0.115880429890336,0.330386735259366,505,0.3080317528887,1.15444151683529,0.122994109282958,0.122994109282958,NA,"tags=28%, list=18%, signal=23%",505
"BB3_all","BB3_all","CRPCvsHSPCcouple","CRPC vs HSPC couple","SLC51A",-0.10677670622006,14650,FALSE,"No",0.383695656350965,0.618729568729085,505,0.3080317528887,1.15444151683529,0.122994109282958,0.122994109282958,NA,"tags=28%, list=18%, signal=23%",505
"BB3_all","BB3_all","CRPCvsHSPCcouple","CRPC vs HSPC couple","RTF1",-0.107531136876151,14673,FALSE,"No",0.121077498127232,0.337770717515296,505,0.3080317528887,1.15444151683529,0.122994109282958,0.122994109282958,NA,"tags=28%, list=18%, signal=23%",505
"BB3_all","BB3_all","CRPCvsHSPCcouple","CRPC vs HSPC couple","PRKX",-0.108250933384842,14694,FALSE,"No",0.338279095805108,0.579893416204195,505,0.3080317528887,1.15444151683529,0.122994109282958,0.122994109282958,NA,"tags=28%, list=18%, signal=23%",505
"BB3_all","BB3_all","CRPCvsHSPCcouple","CRPC vs HSPC couple","TAF4B",-0.10901619415022,14712,FALSE,"No",0.222541087847333,0.465166987950952,505,0.3080317528887,1.15444151683529,0.122994109282958,0.122994109282958,NA,"tags=28%, list=18%, signal=23%",505
"BB3_all","BB3_all","CRPCvsHSPCcouple","CRPC vs HSPC couple","FAM169A",-0.109372652373735,14727,FALSE,"No",0.200675302524303,0.439780786149953,505,0.3080317528887,1.15444151683529,0.122994109282958,0.122994109282958,NA,"tags=28%, list=18%, signal=23%",505
"BB3_all","BB3_all","CRPCvsHSPCcouple","CRPC vs HSPC couple","PANX1",-0.109727866285416,14741,FALSE,"No",0.204308916686025,0.443829160509824,505,0.3080317528887,1.15444151683529,0.122994109282958,0.122994109282958,NA,"tags=28%, list=18%, signal=23%",505
"BB3_all","BB3_all","CRPCvsHSPCcouple","CRPC vs HSPC couple","SLC12A8",-0.109891509433113,14747,FALSE,"No",0.278034132457476,0.52429539564372,505,0.3080317528887,1.15444151683529,0.122994109282958,0.122994109282958,NA,"tags=28%, list=18%, signal=23%",505
"BB3_all","BB3_all","CRPCvsHSPCcouple","CRPC vs HSPC couple","LRRC8D",-0.110175838194069,14753,FALSE,"No",0.179988822934228,0.415658132558727,505,0.3080317528887,1.15444151683529,0.122994109282958,0.122994109282958,NA,"tags=28%, list=18%, signal=23%",505
"BB3_all","BB3_all","CRPCvsHSPCcouple","CRPC vs HSPC couple","SHC3",-0.111307540716573,14792,FALSE,"No",0.00722142344744827,0.0687270762787399,505,0.3080317528887,1.15444151683529,0.122994109282958,0.122994109282958,NA,"tags=28%, list=18%, signal=23%",505
"BB3_all","BB3_all","CRPCvsHSPCcouple","CRPC vs HSPC couple","ANKH",-0.112327196694173,14821,FALSE,"No",0.451135717634646,0.677101537207143,505,0.3080317528887,1.15444151683529,0.122994109282958,0.122994109282958,NA,"tags=28%, list=18%, signal=23%",505
"BB3_all","BB3_all","CRPCvsHSPCcouple","CRPC vs HSPC couple","MGST1",-0.113951320233658,14879,FALSE,"No",0.637086307642246,0.814163675787107,505,0.3080317528887,1.15444151683529,0.122994109282958,0.122994109282958,NA,"tags=28%, list=18%, signal=23%",505
"BB3_all","BB3_all","CRPCvsHSPCcouple","CRPC vs HSPC couple","SLC35E2B",-0.114726033181763,14905,FALSE,"No",0.279015914164804,0.525627157964687,505,0.3080317528887,1.15444151683529,0.122994109282958,0.122994109282958,NA,"tags=28%, list=18%, signal=23%",505
"BB3_all","BB3_all","CRPCvsHSPCcouple","CRPC vs HSPC couple","ZNF143",-0.114982553291089,14921,FALSE,"No",0.0365573634754792,0.175920273605526,505,0.3080317528887,1.15444151683529,0.122994109282958,0.122994109282958,NA,"tags=28%, list=18%, signal=23%",505
"BB3_all","BB3_all","CRPCvsHSPCcouple","CRPC vs HSPC couple","RPTOR",-0.115936816409078,14946,FALSE,"No",0.150947101921127,0.379759668105527,505,0.3080317528887,1.15444151683529,0.122994109282958,0.122994109282958,NA,"tags=28%, list=18%, signal=23%",505
"BB3_all","BB3_all","CRPCvsHSPCcouple","CRPC vs HSPC couple","P4HA1",-0.116415955364079,14962,FALSE,"No",0.429205718117465,0.657798544580228,505,0.3080317528887,1.15444151683529,0.122994109282958,0.122994109282958,NA,"tags=28%, list=18%, signal=23%",505
"BB3_all","BB3_all","CRPCvsHSPCcouple","CRPC vs HSPC couple","PLPP5",-0.117735607304623,15001,FALSE,"No",0.380788976894307,0.616636410317287,505,0.3080317528887,1.15444151683529,0.122994109282958,0.122994109282958,NA,"tags=28%, list=18%, signal=23%",505
"BB3_all","BB3_all","CRPCvsHSPCcouple","CRPC vs HSPC couple","AZI2",-0.118235955521603,15016,FALSE,"No",0.0812734678651946,0.275456450559148,505,0.3080317528887,1.15444151683529,0.122994109282958,0.122994109282958,NA,"tags=28%, list=18%, signal=23%",505
"BB3_all","BB3_all","CRPCvsHSPCcouple","CRPC vs HSPC couple","HEXA",-0.121464234287558,15118,FALSE,"No",0.403417656643205,0.636375676502714,505,0.3080317528887,1.15444151683529,0.122994109282958,0.122994109282958,NA,"tags=28%, list=18%, signal=23%",505
"BB3_all","BB3_all","CRPCvsHSPCcouple","CRPC vs HSPC couple","MECP2",-0.122006292483624,15139,FALSE,"No",0.225894693419843,0.46917967442811,505,0.3080317528887,1.15444151683529,0.122994109282958,0.122994109282958,NA,"tags=28%, list=18%, signal=23%",505
"BB3_all","BB3_all","CRPCvsHSPCcouple","CRPC vs HSPC couple","RBPJ",-0.123674454264496,15192,FALSE,"No",0.086963439953154,0.285714020656441,505,0.3080317528887,1.15444151683529,0.122994109282958,0.122994109282958,NA,"tags=28%, list=18%, signal=23%",505
"BB3_all","BB3_all","CRPCvsHSPCcouple","CRPC vs HSPC couple","ZNF350",-0.124410964656511,15215,FALSE,"No",0.318485853046645,0.562480337201044,505,0.3080317528887,1.15444151683529,0.122994109282958,0.122994109282958,NA,"tags=28%, list=18%, signal=23%",505
"BB3_all","BB3_all","CRPCvsHSPCcouple","CRPC vs HSPC couple","CREB1",-0.125151764020771,15237,FALSE,"No",0.0811684200058992,0.275288438219042,505,0.3080317528887,1.15444151683529,0.122994109282958,0.122994109282958,NA,"tags=28%, list=18%, signal=23%",505
"BB3_all","BB3_all","CRPCvsHSPCcouple","CRPC vs HSPC couple","HERC6",-0.125173582124221,15238,FALSE,"No",0.346122614510483,0.58613347541142,505,0.3080317528887,1.15444151683529,0.122994109282958,0.122994109282958,NA,"tags=28%, list=18%, signal=23%",505
"BB3_all","BB3_all","CRPCvsHSPCcouple","CRPC vs HSPC couple","NECAP1",-0.12581429210459,15256,FALSE,"No",0.104901399044201,0.31398228024585,505,0.3080317528887,1.15444151683529,0.122994109282958,0.122994109282958,NA,"tags=28%, list=18%, signal=23%",505
"BB3_all","BB3_all","CRPCvsHSPCcouple","CRPC vs HSPC couple","TTC7B",-0.125887764285129,15259,FALSE,"No",0.145879638420882,0.372892026211852,505,0.3080317528887,1.15444151683529,0.122994109282958,0.122994109282958,NA,"tags=28%, list=18%, signal=23%",505
"BB3_all","BB3_all","CRPCvsHSPCcouple","CRPC vs HSPC couple","PLEKHH1",-0.127898136196953,15326,FALSE,"No",0.489671408583176,0.709231495447897,505,0.3080317528887,1.15444151683529,0.122994109282958,0.122994109282958,NA,"tags=28%, list=18%, signal=23%",505
"BB3_all","BB3_all","CRPCvsHSPCcouple","CRPC vs HSPC couple","KBTBD11",-0.129924484577754,15388,FALSE,"No",0.38302655138956,0.618100968600925,505,0.3080317528887,1.15444151683529,0.122994109282958,0.122994109282958,NA,"tags=28%, list=18%, signal=23%",505
"BB3_all","BB3_all","CRPCvsHSPCcouple","CRPC vs HSPC couple","RB1CC1",-0.131472288316324,15424,FALSE,"No",0.161267643784376,0.392783473201226,505,0.3080317528887,1.15444151683529,0.122994109282958,0.122994109282958,NA,"tags=28%, list=18%, signal=23%",505
"BB3_all","BB3_all","CRPCvsHSPCcouple","CRPC vs HSPC couple","ULBP2",-0.132843216051394,15456,FALSE,"No",0.237922276565793,0.482009107448543,505,0.3080317528887,1.15444151683529,0.122994109282958,0.122994109282958,NA,"tags=28%, list=18%, signal=23%",505
"BB3_all","BB3_all","CRPCvsHSPCcouple","CRPC vs HSPC couple","MMP10",-0.133579426478591,15477,FALSE,"No",0.540823926137015,0.746842354002483,505,0.3080317528887,1.15444151683529,0.122994109282958,0.122994109282958,NA,"tags=28%, list=18%, signal=23%",505
"BB3_all","BB3_all","CRPCvsHSPCcouple","CRPC vs HSPC couple","ZFR",-0.133870574143765,15482,FALSE,"No",0.0715136193200705,0.256951078701756,505,0.3080317528887,1.15444151683529,0.122994109282958,0.122994109282958,NA,"tags=28%, list=18%, signal=23%",505
"BB3_all","BB3_all","CRPCvsHSPCcouple","CRPC vs HSPC couple","ASAP2",-0.134361989387663,15498,FALSE,"No",0.23825041207663,0.482229393618149,505,0.3080317528887,1.15444151683529,0.122994109282958,0.122994109282958,NA,"tags=28%, list=18%, signal=23%",505
"BB3_all","BB3_all","CRPCvsHSPCcouple","CRPC vs HSPC couple","DIAPH2",-0.13480937142061,15505,FALSE,"No",0.199871538804397,0.438745442964833,505,0.3080317528887,1.15444151683529,0.122994109282958,0.122994109282958,NA,"tags=28%, list=18%, signal=23%",505
"BB3_all","BB3_all","CRPCvsHSPCcouple","CRPC vs HSPC couple","CHST3",-0.135967019032928,15527,FALSE,"No",0.255675278947889,0.500473673439893,505,0.3080317528887,1.15444151683529,0.122994109282958,0.122994109282958,NA,"tags=28%, list=18%, signal=23%",505
"BB3_all","BB3_all","CRPCvsHSPCcouple","CRPC vs HSPC couple","DCAF1",-0.136636801125674,15550,FALSE,"No",0.0576275803850095,0.22708964229862,505,0.3080317528887,1.15444151683529,0.122994109282958,0.122994109282958,NA,"tags=28%, list=18%, signal=23%",505
"BB3_all","BB3_all","CRPCvsHSPCcouple","CRPC vs HSPC couple","AVL9",-0.137037407671184,15566,FALSE,"No",0.140085087929052,0.364728378164195,505,0.3080317528887,1.15444151683529,0.122994109282958,0.122994109282958,NA,"tags=28%, list=18%, signal=23%",505
"BB3_all","BB3_all","CRPCvsHSPCcouple","CRPC vs HSPC couple","BCAS3",-0.13904219184737,15611,FALSE,"No",0.106608298641782,0.316682692314344,505,0.3080317528887,1.15444151683529,0.122994109282958,0.122994109282958,NA,"tags=28%, list=18%, signal=23%",505
"BB3_all","BB3_all","CRPCvsHSPCcouple","CRPC vs HSPC couple","PREPL",-0.140507848069781,15651,FALSE,"No",0.10175167387793,0.308350378134742,505,0.3080317528887,1.15444151683529,0.122994109282958,0.122994109282958,NA,"tags=28%, list=18%, signal=23%",505
"BB3_all","BB3_all","CRPCvsHSPCcouple","CRPC vs HSPC couple","DIS3L",-0.142993310587399,15709,FALSE,"No",0.0541585752391812,0.218971822464392,505,0.3080317528887,1.15444151683529,0.122994109282958,0.122994109282958,NA,"tags=28%, list=18%, signal=23%",505
"BB3_all","BB3_all","CRPCvsHSPCcouple","CRPC vs HSPC couple","IKZF4",-0.144719522717559,15752,FALSE,"No",0.0275986865564409,0.149669186679434,505,0.3080317528887,1.15444151683529,0.122994109282958,0.122994109282958,NA,"tags=28%, list=18%, signal=23%",505
"BB3_all","BB3_all","CRPCvsHSPCcouple","CRPC vs HSPC couple","LMBRD2",-0.145441338390327,15767,FALSE,"No",0.138764423478297,0.362737510543511,505,0.3080317528887,1.15444151683529,0.122994109282958,0.122994109282958,NA,"tags=28%, list=18%, signal=23%",505
"BB3_all","BB3_all","CRPCvsHSPCcouple","CRPC vs HSPC couple","ANKS1B",-0.146348998945452,15784,FALSE,"No",0.0927373488190837,0.294512022058102,505,0.3080317528887,1.15444151683529,0.122994109282958,0.122994109282958,NA,"tags=28%, list=18%, signal=23%",505
"BB3_all","BB3_all","CRPCvsHSPCcouple","CRPC vs HSPC couple","TM7SF3",-0.146822259045448,15792,FALSE,"No",0.192131218157878,0.430433341124922,505,0.3080317528887,1.15444151683529,0.122994109282958,0.122994109282958,NA,"tags=28%, list=18%, signal=23%",505
"BB3_all","BB3_all","CRPCvsHSPCcouple","CRPC vs HSPC couple","KIAA1549",-0.148453245934723,15829,FALSE,"No",0.255297525481175,0.500109372435884,505,0.3080317528887,1.15444151683529,0.122994109282958,0.122994109282958,NA,"tags=28%, list=18%, signal=23%",505
"BB3_all","BB3_all","CRPCvsHSPCcouple","CRPC vs HSPC couple","HDLBP",-0.149322175603035,15849,FALSE,"No",0.111370204967932,0.323605929247157,505,0.3080317528887,1.15444151683529,0.122994109282958,0.122994109282958,NA,"tags=28%, list=18%, signal=23%",505
"BB3_all","BB3_all","CRPCvsHSPCcouple","CRPC vs HSPC couple","GDF11",-0.150021240667525,15864,FALSE,"No",0.445404063560794,0.672046637174682,505,0.3080317528887,1.15444151683529,0.122994109282958,0.122994109282958,NA,"tags=28%, list=18%, signal=23%",505
"BB3_all","BB3_all","CRPCvsHSPCcouple","CRPC vs HSPC couple","ERCC6",-0.151616697352352,15891,FALSE,"No",0.057872210851963,0.227589165905879,505,0.3080317528887,1.15444151683529,0.122994109282958,0.122994109282958,NA,"tags=28%, list=18%, signal=23%",505
"BB3_all","BB3_all","CRPCvsHSPCcouple","CRPC vs HSPC couple","KIF3B",-0.153664807555284,15945,FALSE,"No",0.0380359842274346,0.179540030736789,505,0.3080317528887,1.15444151683529,0.122994109282958,0.122994109282958,NA,"tags=28%, list=18%, signal=23%",505
"BB3_all","BB3_all","CRPCvsHSPCcouple","CRPC vs HSPC couple","TBC1D8B",-0.153914098323711,15952,FALSE,"No",0.0985297098783051,0.303431150111962,505,0.3080317528887,1.15444151683529,0.122994109282958,0.122994109282958,NA,"tags=28%, list=18%, signal=23%",505
"BB3_all","BB3_all","CRPCvsHSPCcouple","CRPC vs HSPC couple","DLG1",-0.154108247249724,15957,FALSE,"No",0.036424375879263,0.175559411374262,505,0.3080317528887,1.15444151683529,0.122994109282958,0.122994109282958,NA,"tags=28%, list=18%, signal=23%",505
"BB3_all","BB3_all","CRPCvsHSPCcouple","CRPC vs HSPC couple","BTBD9",-0.156303729241201,16011,FALSE,"No",0.063742395451213,0.240297989983881,505,0.3080317528887,1.15444151683529,0.122994109282958,0.122994109282958,NA,"tags=28%, list=18%, signal=23%",505
"BB3_all","BB3_all","CRPCvsHSPCcouple","CRPC vs HSPC couple","PPP2R5D",-0.15706605775928,16027,FALSE,"No",0.11659372216922,0.331592328018861,505,0.3080317528887,1.15444151683529,0.122994109282958,0.122994109282958,NA,"tags=28%, list=18%, signal=23%",505
"BB3_all","BB3_all","CRPCvsHSPCcouple","CRPC vs HSPC couple","TUBGCP4",-0.161566184286404,16133,FALSE,"No",0.00896452948536041,0.078314232476843,505,0.3080317528887,1.15444151683529,0.122994109282958,0.122994109282958,NA,"tags=28%, list=18%, signal=23%",505
"BB3_all","BB3_all","CRPCvsHSPCcouple","CRPC vs HSPC couple","MTMR4",-0.162070828221462,16140,FALSE,"No",0.0377590291226319,0.179061314896967,505,0.3080317528887,1.15444151683529,0.122994109282958,0.122994109282958,NA,"tags=28%, list=18%, signal=23%",505
"BB3_all","BB3_all","CRPCvsHSPCcouple","CRPC vs HSPC couple","ZNF384",-0.163119029192329,16156,FALSE,"No",0.0730576268071494,0.260398764660722,505,0.3080317528887,1.15444151683529,0.122994109282958,0.122994109282958,NA,"tags=28%, list=18%, signal=23%",505
"BB3_all","BB3_all","CRPCvsHSPCcouple","CRPC vs HSPC couple","HLTF",-0.163880070791282,16175,FALSE,"No",0.231021938723322,0.474618191589179,505,0.3080317528887,1.15444151683529,0.122994109282958,0.122994109282958,NA,"tags=28%, list=18%, signal=23%",505
"BB3_all","BB3_all","CRPCvsHSPCcouple","CRPC vs HSPC couple","MIPOL1",-0.165850866179119,16214,FALSE,"No",0.03719165885099,0.177894745281758,505,0.3080317528887,1.15444151683529,0.122994109282958,0.122994109282958,NA,"tags=28%, list=18%, signal=23%",505
"BB3_all","BB3_all","CRPCvsHSPCcouple","CRPC vs HSPC couple","FARP1",-0.167202142486178,16239,FALSE,"No",0.127494127075397,0.346929125470919,505,0.3080317528887,1.15444151683529,0.122994109282958,0.122994109282958,NA,"tags=28%, list=18%, signal=23%",505
"BB3_all","BB3_all","CRPCvsHSPCcouple","CRPC vs HSPC couple","SLC25A42",-0.175053035522196,16365,FALSE,"No",0.139297693858236,0.363507281958343,505,0.3080317528887,1.15444151683529,0.122994109282958,0.122994109282958,NA,"tags=28%, list=18%, signal=23%",505
"BB3_all","BB3_all","CRPCvsHSPCcouple","CRPC vs HSPC couple","SPG11",-0.176043526829751,16391,FALSE,"No",0.0981536453717059,0.302901812576894,505,0.3080317528887,1.15444151683529,0.122994109282958,0.122994109282958,NA,"tags=28%, list=18%, signal=23%",505
"BB3_all","BB3_all","CRPCvsHSPCcouple","CRPC vs HSPC couple","FBXO11",-0.176577611763647,16401,FALSE,"No",0.0641890778439481,0.241190634884892,505,0.3080317528887,1.15444151683529,0.122994109282958,0.122994109282958,NA,"tags=28%, list=18%, signal=23%",505
"BB3_all","BB3_all","CRPCvsHSPCcouple","CRPC vs HSPC couple","CDC5L",-0.17765097541801,16420,FALSE,"No",0.0103880702341214,0.0853232369454566,505,0.3080317528887,1.15444151683529,0.122994109282958,0.122994109282958,NA,"tags=28%, list=18%, signal=23%",505
"BB3_all","BB3_all","CRPCvsHSPCcouple","CRPC vs HSPC couple","ZC3H12C",-0.178852007790134,16438,FALSE,"No",0.0187592719877021,0.119607546736249,505,0.3080317528887,1.15444151683529,0.122994109282958,0.122994109282958,NA,"tags=28%, list=18%, signal=23%",505
"BB3_all","BB3_all","CRPCvsHSPCcouple","CRPC vs HSPC couple","ZBTB16",-0.179330073712886,16448,FALSE,"No",0.356630987301814,0.595685764051916,505,0.3080317528887,1.15444151683529,0.122994109282958,0.122994109282958,NA,"tags=28%, list=18%, signal=23%",505
"BB3_all","BB3_all","CRPCvsHSPCcouple","CRPC vs HSPC couple","STEAP3",-0.180600666418966,16479,FALSE,"No",0.2499875343598,0.494479944791605,505,0.3080317528887,1.15444151683529,0.122994109282958,0.122994109282958,NA,"tags=28%, list=18%, signal=23%",505
"BB3_all","BB3_all","CRPCvsHSPCcouple","CRPC vs HSPC couple","ZNF644",-0.181265450451414,16496,FALSE,"No",0.0235664147127749,0.136682823784857,505,0.3080317528887,1.15444151683529,0.122994109282958,0.122994109282958,NA,"tags=28%, list=18%, signal=23%",505
"BB3_all","BB3_all","CRPCvsHSPCcouple","CRPC vs HSPC couple","ABL2",-0.181898098190218,16505,FALSE,"No",0.0179311084728202,0.11664799090919,505,0.3080317528887,1.15444151683529,0.122994109282958,0.122994109282958,NA,"tags=28%, list=18%, signal=23%",505
"BB3_all","BB3_all","CRPCvsHSPCcouple","CRPC vs HSPC couple","WASF2",-0.182577675189719,16515,FALSE,"No",0.0478400062099386,0.203302632026698,505,0.3080317528887,1.15444151683529,0.122994109282958,0.122994109282958,NA,"tags=28%, list=18%, signal=23%",505
"BB3_all","BB3_all","CRPCvsHSPCcouple","CRPC vs HSPC couple","NFIC",-0.1871754495799,16595,FALSE,"No",0.110173975352211,0.3217502810166,505,0.3080317528887,1.15444151683529,0.122994109282958,0.122994109282958,NA,"tags=28%, list=18%, signal=23%",505
"BB3_all","BB3_all","CRPCvsHSPCcouple","CRPC vs HSPC couple","SNCAIP",-0.189262699294328,16632,FALSE,"No",0.0402556128402964,0.185319878970185,505,0.3080317528887,1.15444151683529,0.122994109282958,0.122994109282958,NA,"tags=28%, list=18%, signal=23%",505
"BB3_all","BB3_all","CRPCvsHSPCcouple","CRPC vs HSPC couple","PODXL",-0.189549949054088,16639,FALSE,"No",0.236959408603748,0.480895180198273,505,0.3080317528887,1.15444151683529,0.122994109282958,0.122994109282958,NA,"tags=28%, list=18%, signal=23%",505
"BB3_all","BB3_all","CRPCvsHSPCcouple","CRPC vs HSPC couple","PRKAR2A",-0.189920601605905,16645,FALSE,"No",0.0178698100011305,0.116396684718563,505,0.3080317528887,1.15444151683529,0.122994109282958,0.122994109282958,NA,"tags=28%, list=18%, signal=23%",505
"BB3_all","BB3_all","CRPCvsHSPCcouple","CRPC vs HSPC couple","ZKSCAN1",-0.190582387692268,16659,FALSE,"No",0.0959747167170627,0.299562993285499,505,0.3080317528887,1.15444151683529,0.122994109282958,0.122994109282958,NA,"tags=28%, list=18%, signal=23%",505
"BB3_all","BB3_all","CRPCvsHSPCcouple","CRPC vs HSPC couple","RNF38",-0.193944203003531,16711,FALSE,"No",0.027556302309495,0.149580795276912,505,0.3080317528887,1.15444151683529,0.122994109282958,0.122994109282958,NA,"tags=28%, list=18%, signal=23%",505
"BB3_all","BB3_all","CRPCvsHSPCcouple","CRPC vs HSPC couple","EPC2",-0.195204281348984,16724,FALSE,"No",0.029299185226644,0.154647555598504,505,0.3080317528887,1.15444151683529,0.122994109282958,0.122994109282958,NA,"tags=28%, list=18%, signal=23%",505
"BB3_all","BB3_all","CRPCvsHSPCcouple","CRPC vs HSPC couple","ZNF354C",-0.196677344878136,16740,FALSE,"No",0.0254861226000981,0.142273304792098,505,0.3080317528887,1.15444151683529,0.122994109282958,0.122994109282958,NA,"tags=28%, list=18%, signal=23%",505
"BB3_all","BB3_all","CRPCvsHSPCcouple","CRPC vs HSPC couple","MAP3K21",-0.199553563945057,16776,FALSE,"No",0.0153016434089412,0.106685160363026,505,0.3080317528887,1.15444151683529,0.122994109282958,0.122994109282958,NA,"tags=28%, list=18%, signal=23%",505
"BB3_all","BB3_all","CRPCvsHSPCcouple","CRPC vs HSPC couple","PCNX2",-0.203000511841513,16823,FALSE,"No",0.0133552722509936,0.0990886791169019,505,0.3080317528887,1.15444151683529,0.122994109282958,0.122994109282958,NA,"tags=28%, list=18%, signal=23%",505
"BB3_all","BB3_all","CRPCvsHSPCcouple","CRPC vs HSPC couple","LTN1",-0.203833428053108,16832,FALSE,"No",0.0311532139272617,0.15992361351573,505,0.3080317528887,1.15444151683529,0.122994109282958,0.122994109282958,NA,"tags=28%, list=18%, signal=23%",505
"BB3_all","BB3_all","CRPCvsHSPCcouple","CRPC vs HSPC couple","LDLR",-0.204091855020693,16836,FALSE,"No",0.232229521804816,0.476002768717299,505,0.3080317528887,1.15444151683529,0.122994109282958,0.122994109282958,NA,"tags=28%, list=18%, signal=23%",505
"BB3_all","BB3_all","CRPCvsHSPCcouple","CRPC vs HSPC couple","PHKB",-0.205409161452648,16864,FALSE,"No",0.0236433518512263,0.136935037497257,505,0.3080317528887,1.15444151683529,0.122994109282958,0.122994109282958,NA,"tags=28%, list=18%, signal=23%",505
"BB3_all","BB3_all","CRPCvsHSPCcouple","CRPC vs HSPC couple","SP1",-0.207640077264552,16892,FALSE,"No",0.0117294227557866,0.091839419408467,505,0.3080317528887,1.15444151683529,0.122994109282958,0.122994109282958,NA,"tags=28%, list=18%, signal=23%",505
"BB3_all","BB3_all","CRPCvsHSPCcouple","CRPC vs HSPC couple","BCL9",-0.207979684400081,16898,FALSE,"No",0.0624371970306051,0.237662827047189,505,0.3080317528887,1.15444151683529,0.122994109282958,0.122994109282958,NA,"tags=28%, list=18%, signal=23%",505
"BB3_all","BB3_all","CRPCvsHSPCcouple","CRPC vs HSPC couple","RALGAPA1",-0.208643498681946,16905,FALSE,"No",0.0282399719605981,0.151426478732599,505,0.3080317528887,1.15444151683529,0.122994109282958,0.122994109282958,NA,"tags=28%, list=18%, signal=23%",505
"BB3_all","BB3_all","CRPCvsHSPCcouple","CRPC vs HSPC couple","ACACA",-0.209686184315708,16915,FALSE,"No",0.134021567208153,0.35600655466808,505,0.3080317528887,1.15444151683529,0.122994109282958,0.122994109282958,NA,"tags=28%, list=18%, signal=23%",505
"BB3_all","BB3_all","CRPCvsHSPCcouple","CRPC vs HSPC couple","DOCK1",-0.209835157784831,16920,FALSE,"No",0.0451319595556641,0.196760263771674,505,0.3080317528887,1.15444151683529,0.122994109282958,0.122994109282958,NA,"tags=28%, list=18%, signal=23%",505
"BB3_all","BB3_all","CRPCvsHSPCcouple","CRPC vs HSPC couple","RREB1",-0.213603384415812,16966,FALSE,"No",0.0175966153105381,0.115624953912805,505,0.3080317528887,1.15444151683529,0.122994109282958,0.122994109282958,NA,"tags=28%, list=18%, signal=23%",505
"BB3_all","BB3_all","CRPCvsHSPCcouple","CRPC vs HSPC couple","EMB",-0.214132555383341,16972,FALSE,"No",0.124514604352602,0.342229034841596,505,0.3080317528887,1.15444151683529,0.122994109282958,0.122994109282958,NA,"tags=28%, list=18%, signal=23%",505
"BB3_all","BB3_all","CRPCvsHSPCcouple","CRPC vs HSPC couple","BTN3A2",-0.216355107029541,16999,FALSE,"No",0.111158324102773,0.323295101913088,505,0.3080317528887,1.15444151683529,0.122994109282958,0.122994109282958,NA,"tags=28%, list=18%, signal=23%",505
"BB3_all","BB3_all","CRPCvsHSPCcouple","CRPC vs HSPC couple","KMT2E",-0.21762425908431,17006,FALSE,"No",0.0380632452739894,0.179540030736789,505,0.3080317528887,1.15444151683529,0.122994109282958,0.122994109282958,NA,"tags=28%, list=18%, signal=23%",505
"BB3_all","BB3_all","CRPCvsHSPCcouple","CRPC vs HSPC couple","PRKDC",-0.217630742687243,17007,FALSE,"No",0.106431059229356,0.316438200200351,505,0.3080317528887,1.15444151683529,0.122994109282958,0.122994109282958,NA,"tags=28%, list=18%, signal=23%",505
"BB3_all","BB3_all","CRPCvsHSPCcouple","CRPC vs HSPC couple","LMAN1",-0.219410497349057,17025,FALSE,"No",0.0393114805161671,0.182606347789136,505,0.3080317528887,1.15444151683529,0.122994109282958,0.122994109282958,NA,"tags=28%, list=18%, signal=23%",505
"BB3_all","BB3_all","CRPCvsHSPCcouple","CRPC vs HSPC couple","GPHN",-0.225138883606335,17101,FALSE,"No",0.00062207711275807,0.0150709318551083,505,0.3080317528887,1.15444151683529,0.122994109282958,0.122994109282958,NA,"tags=28%, list=18%, signal=23%",505
"BB3_all","BB3_all","CRPCvsHSPCcouple","CRPC vs HSPC couple","GCNT1",-0.225659838636278,17111,FALSE,"No",0.286908826373729,0.533674655485314,505,0.3080317528887,1.15444151683529,0.122994109282958,0.122994109282958,NA,"tags=28%, list=18%, signal=23%",505
"BB3_all","BB3_all","CRPCvsHSPCcouple","CRPC vs HSPC couple","TIPARP",-0.230841800342662,17163,FALSE,"No",0.0822714645873489,0.277227973366003,505,0.3080317528887,1.15444151683529,0.122994109282958,0.122994109282958,NA,"tags=28%, list=18%, signal=23%",505
"BB3_all","BB3_all","CRPCvsHSPCcouple","CRPC vs HSPC couple","HMGXB4",-0.231575146954202,17168,FALSE,"No",0.0032907375399829,0.0419687192363781,505,0.3080317528887,1.15444151683529,0.122994109282958,0.122994109282958,NA,"tags=28%, list=18%, signal=23%",505
"BB3_all","BB3_all","CRPCvsHSPCcouple","CRPC vs HSPC couple","PRDM1",-0.231986110752597,17173,FALSE,"No",0.111735506502274,0.324008886632108,505,0.3080317528887,1.15444151683529,0.122994109282958,0.122994109282958,NA,"tags=28%, list=18%, signal=23%",505
"BB3_all","BB3_all","CRPCvsHSPCcouple","CRPC vs HSPC couple","RALGAPA2",-0.232746148852586,17184,FALSE,"No",0.190200341728675,0.427954428227633,505,0.3080317528887,1.15444151683529,0.122994109282958,0.122994109282958,NA,"tags=28%, list=18%, signal=23%",505
"BB3_all","BB3_all","CRPCvsHSPCcouple","CRPC vs HSPC couple","TRAPPC10",-0.234082764626224,17205,FALSE,"No",0.00797726779840351,0.0723538981496708,505,0.3080317528887,1.15444151683529,0.122994109282958,0.122994109282958,NA,"tags=28%, list=18%, signal=23%",505
"BB3_all","BB3_all","CRPCvsHSPCcouple","CRPC vs HSPC couple","MED12",-0.235563163524933,17216,FALSE,"No",0.0134665892448927,0.0994719715877298,505,0.3080317528887,1.15444151683529,0.122994109282958,0.122994109282958,NA,"tags=28%, list=18%, signal=23%",505
"BB3_all","BB3_all","CRPCvsHSPCcouple","CRPC vs HSPC couple","EPM2AIP1",-0.23637652928669,17230,FALSE,"No",0.00162199375315298,0.0272826518313495,505,0.3080317528887,1.15444151683529,0.122994109282958,0.122994109282958,NA,"tags=28%, list=18%, signal=23%",505
"BB3_all","BB3_all","CRPCvsHSPCcouple","CRPC vs HSPC couple","FLNA",-0.238468554277681,17252,FALSE,"No",0.244112047388377,0.488411256258869,505,0.3080317528887,1.15444151683529,0.122994109282958,0.122994109282958,NA,"tags=28%, list=18%, signal=23%",505
"BB3_all","BB3_all","CRPCvsHSPCcouple","CRPC vs HSPC couple","TRIM44",-0.238720320896058,17260,FALSE,"No",0.00736442164565196,0.0693790047452936,505,0.3080317528887,1.15444151683529,0.122994109282958,0.122994109282958,NA,"tags=28%, list=18%, signal=23%",505
"BB3_all","BB3_all","CRPCvsHSPCcouple","CRPC vs HSPC couple","BMP6",-0.243847326045848,17324,FALSE,"No",0.249166029938206,0.493282309405139,505,0.3080317528887,1.15444151683529,0.122994109282958,0.122994109282958,NA,"tags=28%, list=18%, signal=23%",505
"BB3_all","BB3_all","CRPCvsHSPCcouple","CRPC vs HSPC couple","TRRAP",-0.245096663628323,17340,FALSE,"No",0.0201246076987635,0.125124645620596,505,0.3080317528887,1.15444151683529,0.122994109282958,0.122994109282958,NA,"tags=28%, list=18%, signal=23%",505
"BB3_all","BB3_all","CRPCvsHSPCcouple","CRPC vs HSPC couple","CCDC88C",-0.245542207813851,17345,FALSE,"No",0.026463342056275,0.145360866758017,505,0.3080317528887,1.15444151683529,0.122994109282958,0.122994109282958,NA,"tags=28%, list=18%, signal=23%",505
"BB3_all","BB3_all","CRPCvsHSPCcouple","CRPC vs HSPC couple","PARP4",-0.249919718317392,17385,FALSE,"No",0.0234323340113489,0.136231204769354,505,0.3080317528887,1.15444151683529,0.122994109282958,0.122994109282958,NA,"tags=28%, list=18%, signal=23%",505
"BB3_all","BB3_all","CRPCvsHSPCcouple","CRPC vs HSPC couple","TMTC4",-0.251339631321865,17402,FALSE,"No",0.0580290550712338,0.227911577937267,505,0.3080317528887,1.15444151683529,0.122994109282958,0.122994109282958,NA,"tags=28%, list=18%, signal=23%",505
"BB3_all","BB3_all","CRPCvsHSPCcouple","CRPC vs HSPC couple","MICAL3",-0.252598563486522,17412,FALSE,"No",0.0253231685472242,0.141721298974309,505,0.3080317528887,1.15444151683529,0.122994109282958,0.122994109282958,NA,"tags=28%, list=18%, signal=23%",505
"BB3_all","BB3_all","CRPCvsHSPCcouple","CRPC vs HSPC couple","ZNF292",-0.25328083605031,17419,FALSE,"No",0.0249950698715326,0.140828770494903,505,0.3080317528887,1.15444151683529,0.122994109282958,0.122994109282958,NA,"tags=28%, list=18%, signal=23%",505
"BB3_all","BB3_all","CRPCvsHSPCcouple","CRPC vs HSPC couple","SHANK2",-0.255112435163602,17433,FALSE,"No",0.0312516146095359,0.160132747285383,505,0.3080317528887,1.15444151683529,0.122994109282958,0.122994109282958,NA,"tags=28%, list=18%, signal=23%",505
"BB3_all","BB3_all","CRPCvsHSPCcouple","CRPC vs HSPC couple","STT3A",-0.256557481612544,17446,FALSE,"No",0.00727108180014015,0.0689107787343015,505,0.3080317528887,1.15444151683529,0.122994109282958,0.122994109282958,NA,"tags=28%, list=18%, signal=23%",505
"BB3_all","BB3_all","CRPCvsHSPCcouple","CRPC vs HSPC couple","SH3PXD2B",-0.25694866584158,17453,FALSE,"No",0.0232405810839277,0.135547795229919,505,0.3080317528887,1.15444151683529,0.122994109282958,0.122994109282958,NA,"tags=28%, list=18%, signal=23%",505
"BB3_all","BB3_all","CRPCvsHSPCcouple","CRPC vs HSPC couple","WIPF2",-0.25776078783984,17462,FALSE,"No",0.000163893358647391,0.00655149207432982,505,0.3080317528887,1.15444151683529,0.122994109282958,0.122994109282958,NA,"tags=28%, list=18%, signal=23%",505
"BB3_all","BB3_all","CRPCvsHSPCcouple","CRPC vs HSPC couple","TANC2",-0.261579452636517,17508,FALSE,"No",0.00744035472827846,0.0696989537545962,505,0.3080317528887,1.15444151683529,0.122994109282958,0.122994109282958,NA,"tags=28%, list=18%, signal=23%",505
"BB3_all","BB3_all","CRPCvsHSPCcouple","CRPC vs HSPC couple","BRPF3",-0.265042283893487,17537,FALSE,"No",0.00922860093758422,0.079766463878931,505,0.3080317528887,1.15444151683529,0.122994109282958,0.122994109282958,NA,"tags=28%, list=18%, signal=23%",505
"BB3_all","BB3_all","CRPCvsHSPCcouple","CRPC vs HSPC couple","SPRED1",-0.270704136332728,17581,FALSE,"No",0.0121735126277534,0.0940734186795467,505,0.3080317528887,1.15444151683529,0.122994109282958,0.122994109282958,NA,"tags=28%, list=18%, signal=23%",505
"BB3_all","BB3_all","CRPCvsHSPCcouple","CRPC vs HSPC couple","PTGER4",-0.272322835097285,17592,FALSE,"No",0.126951170475867,0.346323634863433,505,0.3080317528887,1.15444151683529,0.122994109282958,0.122994109282958,NA,"tags=28%, list=18%, signal=23%",505
"BB3_all","BB3_all","CRPCvsHSPCcouple","CRPC vs HSPC couple","DYNC2H1",-0.273348138267224,17604,FALSE,"No",0.00277724303482794,0.0376908607111457,505,0.3080317528887,1.15444151683529,0.122994109282958,0.122994109282958,NA,"tags=28%, list=18%, signal=23%",505
"BB3_all","BB3_all","CRPCvsHSPCcouple","CRPC vs HSPC couple","ATRX",-0.279892622892599,17648,FALSE,"No",0.00781160180710943,0.0714902455964269,505,0.3080317528887,1.15444151683529,0.122994109282958,0.122994109282958,NA,"tags=28%, list=18%, signal=23%",505
"BB3_all","BB3_all","CRPCvsHSPCcouple","CRPC vs HSPC couple","ACLY",-0.280973282525168,17658,FALSE,"No",0.0472023063626846,0.201990280251989,505,0.3080317528887,1.15444151683529,0.122994109282958,0.122994109282958,NA,"tags=28%, list=18%, signal=23%",505
"BB3_all","BB3_all","CRPCvsHSPCcouple","CRPC vs HSPC couple","COG5",-0.28406311348743,17681,FALSE,"No",0.00733114535071497,0.0692083881691114,505,0.3080317528887,1.15444151683529,0.122994109282958,0.122994109282958,NA,"tags=28%, list=18%, signal=23%",505
"BB3_all","BB3_all","CRPCvsHSPCcouple","CRPC vs HSPC couple","CDK12",-0.285987162034553,17693,FALSE,"No",0.00557130447497869,0.0586576477489543,505,0.3080317528887,1.15444151683529,0.122994109282958,0.122994109282958,NA,"tags=28%, list=18%, signal=23%",505
"BB3_all","BB3_all","CRPCvsHSPCcouple","CRPC vs HSPC couple","MYO9A",-0.292028134967622,17730,FALSE,"No",0.00433752755113356,0.0503918248393201,505,0.3080317528887,1.15444151683529,0.122994109282958,0.122994109282958,NA,"tags=28%, list=18%, signal=23%",505
"BB3_all","BB3_all","CRPCvsHSPCcouple","CRPC vs HSPC couple","LRBA",-0.293215226904099,17736,FALSE,"No",0.0161929897555874,0.109839340462426,505,0.3080317528887,1.15444151683529,0.122994109282958,0.122994109282958,NA,"tags=28%, list=18%, signal=23%",505
"BB3_all","BB3_all","CRPCvsHSPCcouple","CRPC vs HSPC couple","CAPN5",-0.293438697628002,17738,FALSE,"No",0.148839429975872,0.377146603879768,505,0.3080317528887,1.15444151683529,0.122994109282958,0.122994109282958,NA,"tags=28%, list=18%, signal=23%",505
"BB3_all","BB3_all","CRPCvsHSPCcouple","CRPC vs HSPC couple","ATP2C1",-0.293703789259371,17742,FALSE,"No",0.0159873955868203,0.109006820040144,505,0.3080317528887,1.15444151683529,0.122994109282958,0.122994109282958,NA,"tags=28%, list=18%, signal=23%",505
"BB3_all","BB3_all","CRPCvsHSPCcouple","CRPC vs HSPC couple","THBS2",-0.299419963647755,17775,FALSE,"No",0.187691042512171,0.425126021043492,505,0.3080317528887,1.15444151683529,0.122994109282958,0.122994109282958,NA,"tags=28%, list=18%, signal=23%",505
"BB3_all","BB3_all","CRPCvsHSPCcouple","CRPC vs HSPC couple","ZNF614",-0.300430460614338,17783,FALSE,"No",0.0240697516170298,0.138134512343161,505,0.3080317528887,1.15444151683529,0.122994109282958,0.122994109282958,NA,"tags=28%, list=18%, signal=23%",505
"BB3_all","BB3_all","CRPCvsHSPCcouple","CRPC vs HSPC couple","PSD3",-0.302461462152843,17797,FALSE,"No",0.0277150519820133,0.149926102518029,505,0.3080317528887,1.15444151683529,0.122994109282958,0.122994109282958,NA,"tags=28%, list=18%, signal=23%",505
"BB3_all","BB3_all","CRPCvsHSPCcouple","CRPC vs HSPC couple","MIA3",-0.308348122415711,17828,FALSE,"No",0.0455213796063792,0.197562138576795,505,0.3080317528887,1.15444151683529,0.122994109282958,0.122994109282958,NA,"tags=28%, list=18%, signal=23%",505
"BB3_all","BB3_all","CRPCvsHSPCcouple","CRPC vs HSPC couple","DCHS1",-0.309306641320715,17830,FALSE,"No",0.0256444307899288,0.142775622444263,505,0.3080317528887,1.15444151683529,0.122994109282958,0.122994109282958,NA,"tags=28%, list=18%, signal=23%",505
"BB3_all","BB3_all","CRPCvsHSPCcouple","CRPC vs HSPC couple","LCN2",-0.311492220835778,17839,FALSE,"No",0.449354178563803,0.675473401894748,505,0.3080317528887,1.15444151683529,0.122994109282958,0.122994109282958,NA,"tags=28%, list=18%, signal=23%",505
"BB3_all","BB3_all","CRPCvsHSPCcouple","CRPC vs HSPC couple","SMPDL3B",-0.348855059566052,17969,FALSE,"No",0.0289767319983693,0.153692788447797,505,0.3080317528887,1.15444151683529,0.122994109282958,0.122994109282958,NA,"tags=28%, list=18%, signal=23%",505
"BB3_all","BB3_all","CRPCvsHSPCcouple","CRPC vs HSPC couple","ZNF770",-0.353759617826139,17982,FALSE,"No",0.00820118046293729,0.0738230960536373,505,0.3080317528887,1.15444151683529,0.122994109282958,0.122994109282958,NA,"tags=28%, list=18%, signal=23%",505
"BB3_all","BB3_all","CRPCvsHSPCcouple","CRPC vs HSPC couple","FADS1",-0.385142235827572,18051,FALSE,"No",0.0157018498736831,0.108113717166442,505,0.3080317528887,1.15444151683529,0.122994109282958,0.122994109282958,NA,"tags=28%, list=18%, signal=23%",505
"BB3_all","BB3_all","CRPCvsHSPCcouple","CRPC vs HSPC couple","NCAPD3",-0.394897743531042,18076,FALSE,"No",0.156162061521562,0.386505455189091,505,0.3080317528887,1.15444151683529,0.122994109282958,0.122994109282958,NA,"tags=28%, list=18%, signal=23%",505
"BB3_all","BB3_all","CRPCvsHSPCcouple","CRPC vs HSPC couple","ATP8B2",-0.412116490135888,18115,FALSE,"No",0.00992768807028616,0.0828077981643458,505,0.3080317528887,1.15444151683529,0.122994109282958,0.122994109282958,NA,"tags=28%, list=18%, signal=23%",505
"BB3_all","BB3_all","CRPCvsHSPCcouple","CRPC vs HSPC couple","IGFBP5",-0.432049197287667,18143,FALSE,"No",0.0519636207421408,0.21334102753242,505,0.3080317528887,1.15444151683529,0.122994109282958,0.122994109282958,NA,"tags=28%, list=18%, signal=23%",505
"BB3_all","BB3_all","CRPCvsHSPCcouple","CRPC vs HSPC couple","HMGCS2",-0.44078040704664,18153,FALSE,"No",0.2203088613774,0.462140465697688,505,0.3080317528887,1.15444151683529,0.122994109282958,0.122994109282958,NA,"tags=28%, list=18%, signal=23%",505
"BB3_all","BB3_all","CRPCvsHSPCcouple","CRPC vs HSPC couple","TNC",-0.464000380507773,18174,FALSE,"No",0.0259786123571613,0.143716327052776,505,0.3080317528887,1.15444151683529,0.122994109282958,0.122994109282958,NA,"tags=28%, list=18%, signal=23%",505
"BB3_all","BB3_all","CRPCvsHSPCcouple","CRPC vs HSPC couple","MON1B",-0.530827759372233,18211,FALSE,"No",0.0341936565905319,0.169917172181514,505,0.3080317528887,1.15444151683529,0.122994109282958,0.122994109282958,NA,"tags=28%, list=18%, signal=23%",505
"BB3_all","BB3_all","CRPCvsHSPCcouple","CRPC vs HSPC couple","KCND3",-0.570295462787108,18222,FALSE,"No",0.000282467181439867,0.0093306112176529,505,0.3080317528887,1.15444151683529,0.122994109282958,0.122994109282958,NA,"tags=28%, list=18%, signal=23%",505
"BB3_all","BB3_all","CRPCvsHSPCcouple","CRPC vs HSPC couple","ENTPD5",-0.571733338059538,18223,FALSE,"No",0.00581538631010811,0.060426428741038,505,0.3080317528887,1.15444151683529,0.122994109282958,0.122994109282958,NA,"tags=28%, list=18%, signal=23%",505
"BB3_all","BB3_all","CRPCvsHSPCcouple","CRPC vs HSPC couple","ABCC4",-0.696412417742405,18241,FALSE,"No",0.00435113902358139,0.0504329038983257,505,0.3080317528887,1.15444151683529,0.122994109282958,0.122994109282958,NA,"tags=28%, list=18%, signal=23%",505
"BB3_all","BB3_all","CRPCvsHSPCcouple","CRPC vs HSPC couple","MSMB",-0.875800230454584,18261,FALSE,"No",0.0302802428701131,0.157541781973328,505,0.3080317528887,1.15444151683529,0.122994109282958,0.122994109282958,NA,"tags=28%, list=18%, signal=23%",505
